{"type":"FeatureCollection","features":[{"type":"Feature","id":"apt.1126010400103850000","geometry":{"type":"MultiPolygon","coordinates":[[[[127.07310170360661,37.609474961060656],[127.073072886144,37.60949277292505],[127.073072891944,37.60949882751894],[127.07306949129179,37.609909479032815],[127.07306902451973,37.609966060966066],[127.07309577855852,37.61007578431235],[127.07309357584667,37.61049546289558],[127.07306456647943,37.610597111209024],[127.07305789745767,37.61150944012994],[127.07305785785904,37.61151539564134],[127.07403617392768,37.61163138557843],[127.0740365459276,37.611629583387014],[127.07404979180771,37.611565866850334],[127.07404992711274,37.611565245090006],[127.07406038262779,37.61156715775451],[127.07408225652183,37.61157116268499],[127.07408251574446,37.61156985610258],[127.07408977316912,37.61153244289087],[127.0741014256765,37.61147244838051],[127.07412253266858,37.611363308523615],[127.07414746952465,37.61123276799384],[127.0741549068947,37.61119412032065],[127.07416854133608,37.611122528948485],[127.07418717962244,37.611025526814274],[127.07421942965034,37.610857032416234],[127.07422018646768,37.6108549777121],[127.07425223291719,37.6106869249066],[127.07428406530991,37.61052017864299],[127.0742849339208,37.61051662823996],[127.0743001525088,37.610432196879785],[127.07430190035015,37.61042437528156],[127.07430366977106,37.610415454472395],[127.07431585886894,37.61034859411869],[127.07431873256111,37.61033389733587],[127.07434062842712,37.610221396270845],[127.07434874212427,37.6101796668043],[127.07435604421462,37.6101418751276],[127.07437143872444,37.61006379556511],[127.07438143182786,37.61000984762357],[127.07439108742884,37.60995823343168],[127.07439136792902,37.609955530313435],[127.07439573293374,37.60993712056236],[127.07440222865021,37.60990866354953],[127.07440238584424,37.60990726693084],[127.0744031398689,37.6099023651248],[127.07440342123003,37.609900544968035],[127.0744197731968,37.60981723010105],[127.07442358110178,37.609796631307134],[127.07420866549963,37.60976979748488],[127.074218350325,37.60971320986785],[127.07412338553866,37.609700717650014],[127.07414942847366,37.609555175056485],[127.07406426247572,37.609544821096755],[127.07390427254757,37.60952605277093],[127.0735920395606,37.60948855578692],[127.07337244818746,37.609462182796],[127.0733229956884,37.60945623938344],[127.0731721123694,37.609438095211225],[127.07316727600441,37.60943766567607],[127.07316273411746,37.6094372539816],[127.07310170360661,37.609474961060656]]]]},"properties":{"name":"묵동 아이파크","building_count":6,"max_floors":24,"address":"중랑구 묵동 중랑천로 286","addresses":"중랑구 묵동 중랑천로 286","pnu":"1126010400103850000","has_inner_roads":true}},{"type":"Feature","id":"apt.1126010400103920000","geometry":{"type":"MultiPolygon","coordinates":[[[[127.07388152092558,37.61260174732154],[127.07385304079665,37.61257131161295],[127.0734497935536,37.61252407635749],[127.07341108090561,37.612546804674096],[127.07336420193484,37.61279289120609],[127.07305090157413,37.612754690701145],[127.07305097474173,37.61278378334156],[127.07305055495785,37.61280667752964],[127.07305050624554,37.61282676944104],[127.07307236096287,37.6129404690352],[127.07307125926035,37.61309093356673],[127.07304764649824,37.61319933591837],[127.07304753313554,37.613305660776426],[127.07304741832547,37.61333951971845],[127.07304719726113,37.61340434544722],[127.07305679128194,37.613405267642776],[127.0731200659851,37.61341315790603],[127.07319800938593,37.61342259792463],[127.0732383803108,37.613427790079456],[127.07325411371224,37.61342941129326],[127.07326128405798,37.613430425043475],[127.07327290593499,37.61343185954799],[127.07328400685033,37.61343333040742],[127.07330825850936,37.61343608167024],[127.07335779287303,37.613441970975174],[127.0733970081753,37.61344675833758],[127.07366261222029,37.61347928387299],[127.07366806816025,37.61347596492711],[127.07368654073663,37.61346406068171],[127.07371615078466,37.6134445723692],[127.07373483642598,37.61334848931624],[127.07373631348501,37.61334161392614],[127.07374152117073,37.61331583366818],[127.07374419213609,37.61330208306098],[127.07375410972466,37.61325111749598],[127.07376597559933,37.613188681246505],[127.07376731559013,37.61318061664454],[127.07376928977433,37.61317248858569],[127.07377243419772,37.61315644018562],[127.07377575824017,37.61313874287987],[127.07377901506621,37.613121811449155],[127.07378187739107,37.613106853408674],[127.07378443573579,37.61309377860492],[127.07378511153621,37.613089894962165],[127.07378756807691,37.61307695536782],[127.0737904859907,37.61306092512534],[127.07379375487703,37.61304475952064],[127.0737983751598,37.613020619404445],[127.07380171106537,37.613003489708454],[127.0738046096612,37.61299091023534],[127.07380806891987,37.61297251008004],[127.07381860699309,37.61291911147735],[127.07383552514203,37.61283432778748],[127.07384961405205,37.61276359212572],[127.07386152695872,37.612703101952214],[127.07386901057141,37.6126651210044],[127.07387212207433,37.612650207856895],[127.07388152092558,37.61260174732154]]]]},"properties":{"name":"묵동월드메르디앙아파트","building_count":4,"max_floors":12,"address":"중랑구 묵동 중랑천로 316","addresses":"중랑구 묵동 중랑천로 316","pnu":"1126010400103920000","has_inner_roads":true}},{"type":"Feature","id":"apt.1126010400103780000","geometry":{"type":"MultiPolygon","coordinates":[[[[127.0734597831307,37.61489932676913],[127.07368385304046,37.61482018295149],[127.07388232264334,37.6147500732265],[127.07398434826281,37.61471403445579],[127.07394905899923,37.61464729342971],[127.07398528920065,37.614633215885966],[127.07397496129403,37.61461150858578],[127.07394405222927,37.61462333040864],[127.0739357890858,37.61462847107075],[127.0739273054448,37.61463982863619],[127.073723421032,37.61427523644354],[127.07373503459912,37.614221080378066],[127.07368474002847,37.61421435378496],[127.07370873372327,37.61409056233553],[127.07373289644626,37.6139659598923],[127.07374458328155,37.61390564106763],[127.07361182634129,37.6138899820982],[127.07347029074411,37.61387329220339],[127.07335156852649,37.61385928218909],[127.07322576675827,37.61384444745434],[127.0730659602924,37.61382559680973],[127.0730841049047,37.613967670525355],[127.0731290269143,37.61415946214393],[127.07319628200247,37.61437241323119],[127.07324352204054,37.61450068422542],[127.07334429953323,37.61470965052182],[127.0734597831307,37.61489932676913]]]]},"properties":{"name":"묵동한국아파트","building_count":8,"max_floors":19,"address":"중랑구 묵동 중랑천로 332","addresses":"중랑구 묵동 중랑천로 332","pnu":"1126010400103780000","has_inner_roads":true}},{"type":"Feature","id":"apt.1126010400102350090","geometry":{"type":"MultiPolygon","coordinates":[[[[127.0737797499211,37.61530940195229],[127.07378532088285,37.61530776776576],[127.07382010336153,37.61529543906357],[127.07392801664122,37.615256522608526],[127.07368385304046,37.61482018295149],[127.0734597831307,37.61489932676913],[127.07349277679705,37.61494666220982],[127.07350961801085,37.61496920349033],[127.07355805355327,37.61503254893221],[127.07358936652344,37.61507519126022],[127.07361585898384,37.615110709765574],[127.073714875176,37.61522981296718],[127.0737797499211,37.61530940195229]]]]},"properties":{"name":"동원데쟈뷰","building_count":3,"max_floors":6,"address":"중랑구 묵동 중랑천로 342","addresses":"중랑구 묵동 중랑천로 342","pnu":"1126010400102350090","has_inner_roads":false}},{"type":"Feature","id":"apt.1129013800103170000","geometry":{"type":"MultiPolygon","coordinates":[[[[127.04650867569133,37.6201632147289],[127.04654677219601,37.62016927280622],[127.04684962187278,37.620353308211214],[127.04649901879772,37.62071692478899],[127.04640510860047,37.6206654334905],[127.04640570878757,37.620646341492886],[127.04620330213392,37.62062343430121],[127.04618438121895,37.620691429425705],[127.04611060295925,37.62081633317225],[127.04579225908398,37.6211121546984],[127.04577004683567,37.62117011406768],[127.04585593099107,37.621305904576566],[127.04597856468288,37.621504911958695],[127.04625536411368,37.62183762936288],[127.04634149011787,37.621920685054526],[127.04641190182844,37.62192258638748],[127.04701638400869,37.62129089404813],[127.04717792433055,37.6211289255427],[127.04722298348776,37.621091247133805],[127.04723566242993,37.62107898889377],[127.04724675771475,37.62107024508833],[127.04735293818851,37.620958662562856],[127.0474184840774,37.62089619916699],[127.04748662983015,37.620825175410346],[127.04750247734236,37.62080814071228],[127.04767567508665,37.62063418393386],[127.04785929372699,37.62046148417707],[127.04809531014595,37.6202155588201],[127.0482004733508,37.62011140900475],[127.04824563771322,37.620062648100635],[127.04832667436408,37.619977221080134],[127.04831026846902,37.61993408865168],[127.04809875791673,37.619804908685175],[127.04754594059011,37.619468366177735],[127.04735521617773,37.61935535836602],[127.04725211663389,37.619278283455955],[127.04719389869781,37.61928218021763],[127.04711161588916,37.61938672575483],[127.04704437867397,37.61946009151053],[127.04696989581021,37.61953958668394],[127.04693423888673,37.61957735148618],[127.04642772434653,37.62014944254451],[127.04639649249677,37.6201441296321],[127.04650867569133,37.6201632147289]]]]},"properties":{"name":"꿈의숲대명루첸아파트","building_count":10,"max_floors":21,"address":"성북구 장위동 월계로36길 27","addresses":"성북구 장위동 월계로36길 27","pnu":"1129013800103170000","has_inner_roads":true}},{"type":"Feature","id":"apt.1129013900101100002","geometry":{"type":"MultiPolygon","coordinates":[[[[127.0661828099886,37.61278418739714],[127.06628283579317,37.612569717020115],[127.06638134693536,37.612359364867864],[127.06649555243168,37.61210686508718],[127.0666434301014,37.61177802447262],[127.06677391031656,37.61148825082265],[127.06666039218263,37.61148783601254],[127.0665473283745,37.611501917635],[127.06642567606798,37.611511913416784],[127.06639148522649,37.61151368912913],[127.06628723793924,37.61149457349818],[127.06615084114115,37.611833660564685],[127.06605297264147,37.61207989828111],[127.06592151647546,37.61221426136343],[127.06584002562145,37.61234409216931],[127.0658822295224,37.61244044713561],[127.06607292627268,37.612706033365505],[127.06612982618495,37.61278288296289],[127.0661828099886,37.61278418739714]]],[[[127.0664235188604,37.61149275973684],[127.06645533222185,37.611492057491326],[127.06667286655066,37.61146730476851],[127.06678530282106,37.611460980823374],[127.06687047056604,37.61125193301561],[127.0669495568503,37.611043906619905],[127.0670001438235,37.61090929894839],[127.06703712536655,37.610783978916174],[127.06694557850605,37.61073013298222],[127.06684431130844,37.61067274248973],[127.06652838630202,37.61085805062871],[127.06643498374353,37.61091009768669],[127.06644128333396,37.610913013401856],[127.06640717019489,37.61122553761222],[127.0664013723361,37.61126567952654],[127.06641170755773,37.61136405201553],[127.06642291260428,37.61147283035977],[127.0664235188604,37.61149275973684]]]]},"properties":{"name":"중앙하이츠아파트","building_count":9,"max_floors":15,"address":"성북구 석관동 한천로76길 73","addresses":"성북구 석관동 한천로76길 73","pnu":"1129013900101100002,1129013900101160004","has_inner_roads":true}},{"type":"Feature","id":"apt.1129013800100600001","geometry":{"type":"MultiPolygon","coordinates":[[[[127.0573273587041,37.6132774894328],[127.0571109530765,37.61346041867774],[127.05711967059865,37.61351654570077],[127.05716371805592,37.61350201914382],[127.0572131647747,37.61349833783638],[127.05729632679251,37.61352191328021],[127.05737938129204,37.61356823849154],[127.05741765573035,37.613573229825086],[127.05749244308068,37.61359031302215],[127.05768808157067,37.6136704974986],[127.05770649850203,37.61365645144518],[127.0577223458842,37.61364436174173],[127.05782824571315,37.61355583490954],[127.05789845267638,37.61352162717479],[127.05787915311653,37.61352163639282],[127.0580228383818,37.6134060528875],[127.05806393979077,37.61339014890351],[127.05810778679007,37.61329077668717],[127.05812670493512,37.61326580142454],[127.05793384046922,37.61313873828847],[127.05788864982377,37.61310873918546],[127.05773704486981,37.61312981337179],[127.05763868977846,37.61312940969071],[127.05760482316313,37.613141904380186],[127.05759448326302,37.613157946759976],[127.05753006720778,37.613196323111005],[127.05752534550905,37.61319797414745],[127.05750538662043,37.613209750432425],[127.05747152602126,37.61323035391194],[127.05741740968833,37.613244497931824],[127.0573273587041,37.6132774894328]]]]},"properties":{"name":"삼익아파트","building_count":1,"max_floors":12,"address":"성북구 장위동 화랑로37길 42","addresses":"성북구 장위동 화랑로37길 42","pnu":"1129013800100600001","has_inner_roads":false}},{"type":"Feature","id":"apt.1129013800103160005","geometry":{"type":"MultiPolygon","coordinates":[[[[127.04837991451113,37.623303050454275],[127.04878071672029,37.623536514659406],[127.04937665147598,37.62387747549144],[127.0497445301292,37.62381236509709],[127.05055054224157,37.62303142414488],[127.05052227952169,37.62294413094394],[127.05007826463773,37.62280349134048],[127.04937752060921,37.62258267715255],[127.0491544386905,37.62251186029643],[127.04889034164906,37.62278171996544],[127.04837991451113,37.623303050454275]]]]},"properties":{"name":"참누리아파트","building_count":8,"max_floors":15,"address":"성북구 장위동 한천로101길 18","addresses":"성북구 장위동 한천로101길 18","pnu":"1129013800103160005","has_inner_roads":true}},{"type":"Feature","id":"apt.1129013800103160002","geometry":{"type":"MultiPolygon","coordinates":[[[[127.04775625906274,37.62190092132719],[127.0476309448059,37.6220289095104],[127.04711338225687,37.62255762541162],[127.04716075036387,37.62258959188591],[127.04746001537251,37.62276516683144],[127.04782330559279,37.62297882735321],[127.04784392902171,37.62299080229049],[127.04793363642979,37.62298085626449],[127.04853858731023,37.622362814913735],[127.04852088376377,37.62231065523087],[127.04825860303058,37.62222741876052],[127.04775625906274,37.62190092132719]]]]},"properties":{"name":"장월 에스에이치빌 1단지","building_count":3,"max_floors":15,"address":"성북구 장위동 한천로101길 54","addresses":"성북구 장위동 한천로101길 54","pnu":"1129013800103160002","has_inner_roads":true}},{"type":"Feature","id":"apt.1129013800102290005","geometry":{"type":"MultiPolygon","coordinates":[[[[127.04333195940099,37.614780158710445],[127.04336874533263,37.61489847151323],[127.04336808849128,37.61489861590312],[127.04340200393646,37.61500791089088],[127.04361081222967,37.61496294972923],[127.0435784093839,37.61486518681905],[127.04353972129465,37.61474858662234],[127.04352650458273,37.6147503482404],[127.04352417832887,37.614742564592],[127.04348433602657,37.6146275865514],[127.04347168221847,37.6146232483213],[127.04329443636445,37.61466002617292],[127.04333195940099,37.614780158710445]]]]},"properties":{"name":"동방라온가","building_count":2,"max_floors":6,"address":"성북구 장위동 장위로21길 17-14","addresses":"성북구 장위동 장위로21길 17-14","pnu":"1129013800102290005","has_inner_roads":false}},{"type":"Feature","id":"apt.1129013800103150000","geometry":{"type":"MultiPolygon","coordinates":[[[[127.04337089521674,37.61808791573761],[127.04344878554353,37.618142028010915],[127.04355935655175,37.61822141911867],[127.04360842159774,37.61825728768468],[127.04362046640183,37.61826520300719],[127.04362086298046,37.618265455140275],[127.04362104427966,37.61826558121284],[127.0436495181559,37.61824268614614],[127.04365205379766,37.61823993725031],[127.04365586856893,37.61823578236811],[127.04372254183487,37.61816269803277],[127.04378970103019,37.6180878655826],[127.04386317667418,37.618006462678785],[127.04368743715422,37.6179164996245],[127.04355987145632,37.617848403974484],[127.04347570542335,37.61795387568385],[127.04344080888676,37.61799610803429],[127.04343365584526,37.61800580512584],[127.04342813249393,37.61801308701032],[127.043408967341,37.61803266311228],[127.04339615597405,37.61805135399572],[127.04337089521674,37.61808791573761]]]]},"properties":{"name":"경헌그린아파트","building_count":1,"max_floors":11,"address":"성북구 장위동 월계로 154","addresses":"성북구 장위동 월계로 154","pnu":"1129013800103150000","has_inner_roads":false}},{"type":"Feature","id":"apt.1129013800103120000","geometry":{"type":"MultiPolygon","coordinates":[[[[127.05459419536461,37.6099843653868],[127.05449290530872,37.61010351167128],[127.05450498226402,37.610109083327],[127.05452906851468,37.61012063210699],[127.05453868715364,37.61012524081291],[127.0545333715456,37.610151605926376],[127.05453034695869,37.61016661764064],[127.05455074166676,37.61017895192819],[127.05475461910947,37.610299411498126],[127.05473223381037,37.610338659346546],[127.05501111177313,37.61043007302021],[127.05508849406898,37.61047004150966],[127.05537830285596,37.61060955276259],[127.05538260333861,37.61060505490153],[127.05539052528036,37.61059677126434],[127.05540919682404,37.61057503106249],[127.05545719962238,37.61051914827065],[127.05545628178214,37.61051849998331],[127.05542012331361,37.61049281149504],[127.05542408416291,37.610488512003464],[127.05547747640543,37.610430608541925],[127.05558152424214,37.61032085739546],[127.05557982441879,37.61031948868189],[127.0555594945225,37.61030310012514],[127.05556460608706,37.61029261936727],[127.05531504369526,37.61016132519929],[127.05501375062352,37.61000309658471],[127.05485209837767,37.6099191171546],[127.05476330569375,37.609870278983806],[127.05471285355762,37.609842533475025],[127.05465422610791,37.609912620227114],[127.05459419536461,37.6099843653868]]]]},"properties":{"name":"우방아파트","building_count":2,"max_floors":18,"address":"성북구 장위동 화랑로 235","addresses":"성북구 장위동 화랑로 235","pnu":"1129013800103120000","has_inner_roads":true}},{"type":"Feature","id":"apt.1129013800100500044","geometry":{"type":"MultiPolygon","coordinates":[[[[127.05817776011553,37.61202344979496],[127.05824126343875,37.61205262910987],[127.0582595474445,37.61196863083145],[127.05827082838829,37.611939406579175],[127.05831414286261,37.61184123282334],[127.05831340282982,37.611836160653766],[127.05830242754519,37.611820470837685],[127.0582787070671,37.6117999128409],[127.05829390532843,37.611753991514874],[127.05821687322984,37.61177652605369],[127.05822084397236,37.61178538079398],[127.05815004493314,37.611887793310814],[127.05808991136442,37.61195601743575],[127.05813213120287,37.611997226101956],[127.05817776011553,37.61202344979496]]]]},"properties":{"name":"H하우스 장위","building_count":1,"max_floors":16,"address":"성북구 장위동 화랑로 265","addresses":"성북구 장위동 화랑로 265","pnu":"1129013800100500044","has_inner_roads":false}},{"type":"Feature","id":"apt.1129013800100500050","geometry":{"type":"MultiPolygon","coordinates":[[[[127.05834552850952,37.61230519612111],[127.05841389819136,37.61232903918861],[127.05844431642637,37.612339944415275],[127.05849343878424,37.61235756192737],[127.05849592019833,37.61235893923095],[127.05856404195761,37.612384286969835],[127.05857750100286,37.61238941605754],[127.05865257966425,37.612403570192896],[127.05869431094447,37.61241243365997],[127.05877692106714,37.61241143857042],[127.05887875161056,37.61244049082184],[127.05889402925727,37.61240975993097],[127.05892660870383,37.6123442157126],[127.05893025547648,37.612344015722805],[127.05894404979855,37.61234327020704],[127.05905335949076,37.61221592631905],[127.05912366734185,37.61215335490426],[127.05910583260167,37.612143128458925],[127.05901682020576,37.61209546489153],[127.05873216695382,37.61194577902305],[127.05871312161612,37.6119370667537],[127.05870293616248,37.61193241361507],[127.05867766970444,37.611919433702],[127.05856764110159,37.612025172061315],[127.05838394875938,37.61220495244494],[127.05835481764184,37.61223332036206],[127.05834260610486,37.61224521018684],[127.05833466152053,37.612253304824605],[127.05834285722187,37.61229243050094],[127.05834552850952,37.61230519612111]]]]},"properties":{"name":"장위동 동원베네스트","building_count":1,"max_floors":15,"address":"성북구 장위동 화랑로 271","addresses":"성북구 장위동 화랑로 271","pnu":"1129013800100500050","has_inner_roads":false}},{"type":"Feature","id":"apt.1129013800100080007","geometry":{"type":"MultiPolygon","coordinates":[[[[127.06069617816804,37.6138384480229],[127.06090716068393,37.61373900887194],[127.06095619858458,37.613719775267285],[127.06083794121518,37.613574776795545],[127.06080150181307,37.61358461579994],[127.06073055981838,37.61363297103415],[127.06062699143486,37.61368648717264],[127.06058846882932,37.613711751951975],[127.06069617816804,37.6138384480229]]]]},"properties":{"name":"석계역 한일노벨리아시티","building_count":1,"max_floors":17,"address":"성북구 장위동 화랑로 299","addresses":"성북구 장위동 화랑로 299","pnu":"1129013800100080007","has_inner_roads":false}},{"type":"Feature","id":"apt.1129013900104040000","geometry":{"type":"MultiPolygon","coordinates":[[[[127.06568685180741,37.61065329458448],[127.06569992615186,37.61065864831596],[127.06585331477868,37.61070505545455],[127.06586099527084,37.61041781832424],[127.06590277138412,37.609874593679194],[127.06577283389328,37.609834841097786],[127.06571259229307,37.609846406445094],[127.06566356645413,37.60986211018253],[127.06548957212742,37.60995356416584],[127.06538875646334,37.61006407912485],[127.06536839535048,37.61009310175266],[127.06527855700566,37.610194150368166],[127.0652314740937,37.610230845748895],[127.06532622658372,37.6103139551694],[127.06534097435024,37.610342688510535],[127.06535401135983,37.61035745755924],[127.06539409269007,37.61042389228081],[127.06545426018322,37.61052361639],[127.06547638779814,37.61056029237313],[127.06557099550407,37.61060583073707],[127.06568685180741,37.61065329458448]]]]},"properties":{"name":"석관동삼성아파트","building_count":2,"max_floors":13,"address":"성북구 석관동 한천로68길 51","addresses":"성북구 석관동 한천로68길 51","pnu":"1129013900104040000","has_inner_roads":false}},{"type":"Feature","id":"apt.1129013800103140000","geometry":{"type":"MultiPolygon","coordinates":[[[[127.04308694511035,37.61788388092534],[127.04322887467717,37.617712167016755],[127.0432275543106,37.617680299799176],[127.0429617544728,37.61754299389119],[127.04291782610963,37.61751602493873],[127.04287934871508,37.61749415361003],[127.04278575885634,37.61743658667961],[127.04275932584618,37.617463156828926],[127.04269514715259,37.6175211933819],[127.04265168565857,37.61756021198934],[127.04264972561249,37.61755923961338],[127.04264023127199,37.61755450376376],[127.04262495027626,37.61755205841986],[127.04263378788323,37.61755718192117],[127.04271900922652,37.6176181035406],[127.0428064859906,37.61768133081915],[127.0428676735905,37.61772393478994],[127.04305827738565,37.61786379014237],[127.04306738776714,37.6178704722113],[127.04308694511035,37.61788388092534]]]]},"properties":{"name":"그린빌아파트","building_count":1,"max_floors":8,"address":"성북구 장위동 돌곶이로41가길 54","addresses":"성북구 장위동 돌곶이로41가길 54","pnu":"1129013800103140000","has_inner_roads":false}},{"type":"Feature","id":"apt.1129013900100100000","geometry":{"type":"MultiPolygon","coordinates":[[[[127.06805506133422,37.61410268772758],[127.06806947780537,37.61410079654865],[127.068473324458,37.61405290623168],[127.06878056038613,37.61400669139841],[127.06883367827102,37.61400494924946],[127.06891175261823,37.61397114493097],[127.06898213948041,37.61394066957557],[127.06899037033554,37.61393710599497],[127.06898979458883,37.61392665494339],[127.069036667178,37.6139073471419],[127.0692757094018,37.6137630441588],[127.06928570484965,37.61375701085612],[127.06954208719807,37.613588830381694],[127.06967947358163,37.61346630777718],[127.06968189457095,37.613463261062584],[127.0698797136675,37.61321436772096],[127.06997324932144,37.613072228767855],[127.07016713156327,37.612682621956736],[127.07017388184744,37.61211590077517],[127.07017414501657,37.61209416895137],[127.07017518587732,37.612006710083215],[127.07017691020332,37.61186191235948],[127.0701598362186,37.611522612681945],[127.07014847646585,37.611485588949954],[127.07015479626678,37.611460988480694],[127.07014726185275,37.61139630239209],[127.070173366665,37.61071757782],[127.07014803448689,37.610634792344776],[127.07016451139187,37.61057117346125],[127.06966477908367,37.610519296226606],[127.06957692319709,37.610677198899005],[127.06947194959274,37.610817902610826],[127.06932962731464,37.610987639296845],[127.06917799660863,37.61113449621248],[127.06841990610513,37.61169623983684],[127.06811907970368,37.61190890644757],[127.06809019448694,37.611929329973016],[127.06807264585622,37.61193645762334],[127.06807129623478,37.61194708996498],[127.06748783712875,37.612512062557094],[127.06723672551412,37.612750422108],[127.06722840600887,37.61282052308399],[127.06718558870674,37.61281451034069],[127.06687980049767,37.61321633752495],[127.06682429164417,37.613293852637405],[127.0667649704547,37.61337668561945],[127.0667362487291,37.61341679515733],[127.06663174763897,37.61359038183183],[127.06664420856289,37.61359298780174],[127.06658701316208,37.613724292302685],[127.06673053877691,37.61388188478243],[127.06679753988924,37.6139550074081],[127.06680932588239,37.61396283942405],[127.06697520976071,37.614042394266626],[127.06720989242787,37.614074464937],[127.06725790963323,37.61408103338184],[127.06744530026302,37.61410664285311],[127.0677081991389,37.614128659837824],[127.06786076169216,37.61412821378459],[127.06805506133422,37.61410268772758]]]]},"properties":{"name":"두산아파트","building_count":31,"max_floors":25,"address":"성북구 석관동 화랑로48길 16","addresses":"성북구 석관동 화랑로48길 16","pnu":"1129013900100100000","has_inner_roads":true}},{"type":"Feature","id":"apt.1129013800102330691","geometry":{"type":"MultiPolygon","coordinates":[[[[127.04780530315334,37.61166254441164],[127.04783671464565,37.61161609550041],[127.04795480883853,37.61161708522436],[127.04798078187639,37.61151282242838],[127.0478499174351,37.6114651398703],[127.04776485616514,37.61136548863092],[127.04766100184446,37.611571106240966],[127.04781619442758,37.611619383124506],[127.04780530315334,37.61166254441164]]]]},"properties":{"name":"세영아파트","building_count":1,"max_floors":5,"address":"성북구 장위동 장월로9길 14","addresses":"성북구 장위동 장월로9길 14","pnu":"1129013800102330691","has_inner_roads":false}},{"type":"Feature","id":"apt.1129013800102230057","geometry":{"type":"MultiPolygon","coordinates":[[[[127.04586169322778,37.616150366169826],[127.04589953773024,37.616307681216945],[127.04592057430118,37.61640853810588],[127.04596511210873,37.61643110892982],[127.04603539495437,37.61641554052128],[127.04609329356533,37.61639265177504],[127.04612945045389,37.616378357567626],[127.0461226021677,37.61634751057323],[127.046107932468,37.616287375647175],[127.04609319608099,37.61622933101933],[127.04608065086425,37.61617990794842],[127.0460931650079,37.61617727235857],[127.04609519218208,37.61617683912213],[127.04609316024852,37.61616929867996],[127.04608254650284,37.61612987576657],[127.04595826743709,37.616139761339504],[127.04586169322778,37.616150366169826]]]]},"properties":{"name":"덕산맨션","building_count":2,"max_floors":6,"address":"성북구 장위동 장위로21다길 59-3","addresses":"성북구 장위동 장위로21다길 59-3","pnu":"1129013800102230057","has_inner_roads":false}},{"type":"Feature","id":"apt.1130510200102420005","geometry":{"type":"MultiPolygon","coordinates":[[[[127.04803417873529,37.623634837866426],[127.04813288380328,37.62352055469464],[127.04780800632554,37.62333264810606],[127.04763402234049,37.623527057546475],[127.04773204119324,37.6235844116097],[127.04779146844858,37.62351591386608],[127.04802772667973,37.623642318540746],[127.04803417873529,37.623634837866426]]]]},"properties":{"name":"번동1단지주공아파트","building_count":1,"max_floors":2,"address":"강북구 번동 월계로 225","addresses":"강북구 번동 월계로 225","pnu":"1130510200102420005","has_inner_roads":false}},{"type":"Feature","id":"apt.1130510200102700002","geometry":{"type":"MultiPolygon","coordinates":[[[[127.04328819623943,37.628085514011545],[127.04333584533423,37.628049512034416],[127.0433653550531,37.6280286799486],[127.0434999613879,37.62789516110561],[127.04344920283194,37.62784033655755],[127.04343261339744,37.6278517218163],[127.04342192388717,37.627859419973575],[127.04341221669982,37.627841178594366],[127.04339391309793,37.62782594953509],[127.04335036729346,37.62780542265684],[127.04331512725709,37.62778877604077],[127.04310818464299,37.627993857926114],[127.0431944872849,37.62802160466229],[127.04315231023757,37.62805860473873],[127.04318695555304,37.628064962432326],[127.04322128206783,37.62806842808575],[127.0432347242478,37.628141555800845],[127.04328819623943,37.628085514011545]]]]},"properties":{"name":"현대아파트","building_count":1,"max_floors":8,"address":"강북구 번동 월계로37길 137-8","addresses":"강북구 번동 월계로37길 137-8","pnu":"1130510200102700002","has_inner_roads":false}},{"type":"Feature","id":"apt.1130510200102040000","geometry":{"type":"MultiPolygon","coordinates":[[[[127.0433855817542,37.62628176429082],[127.04344637869995,37.626220746407704],[127.04353275400209,37.62611935551583],[127.04357938219512,37.62604311605553],[127.04359796173466,37.62604617276172],[127.04364259100295,37.62604120145332],[127.04370013176782,37.626032081008795],[127.04376487298869,37.62593565306116],[127.0437810680865,37.625928889917326],[127.04378673240222,37.62592951857418],[127.04380076735363,37.62588891541709],[127.04380482741888,37.62587716519161],[127.04382882451041,37.625845261921285],[127.04386198384222,37.625789839797385],[127.04398011145625,37.625750514652395],[127.04399529026523,37.62574951811261],[127.04407548874791,37.62574426353832],[127.04387586158687,37.625691898359435],[127.04379430660656,37.62570210867064],[127.04374684802653,37.625711405750074],[127.04373699383716,37.62571330133254],[127.04372555048332,37.62570943121455],[127.0436411414287,37.62568053993559],[127.04362301692285,37.62568072659941],[127.04355720219552,37.62568120055251],[127.04344255914427,37.625672501835865],[127.04340981328406,37.62565773740258],[127.0433752545223,37.62564216272176],[127.04332109356268,37.62561767528004],[127.04323691827352,37.625601217144286],[127.04312018706209,37.62550404267514],[127.04292001715477,37.625491949848005],[127.04286097230668,37.6254436780511],[127.04282345062376,37.62539575908465],[127.04274596334555,37.62538695658208],[127.04270007030512,37.62535922243953],[127.04269021280648,37.62535508137365],[127.0426626798227,37.625343558439354],[127.04262098388912,37.625326274163925],[127.04261792884817,37.62533258208401],[127.04262896253542,37.62541555844643],[127.04266240543315,37.62546230762342],[127.04262640932376,37.62551034237052],[127.04262224753387,37.625563952094815],[127.04264012979743,37.62574098831477],[127.04272940405684,37.62575996783755],[127.04278779489756,37.625854370069625],[127.04274476776114,37.62588862232418],[127.04273007037393,37.62594097435778],[127.04276238829438,37.62600132868302],[127.04278564167574,37.62605763176192],[127.04280267035246,37.62612411807977],[127.04283179648924,37.6261481640345],[127.04295525789948,37.626124244796515],[127.04295843552623,37.626134695040754],[127.04296806298194,37.626132349113405],[127.04308712578901,37.626143209083786],[127.04316992988582,37.62613741361979],[127.04332971390066,37.62624436642812],[127.0433855817542,37.62628176429082]]]]},"properties":{"name":"신원아파트","building_count":5,"max_floors":20,"address":"강북구 번동 월계로37길 87-9","addresses":"강북구 번동 월계로37길 87-5, 강북구 번동 월계로37길 87-9","pnu":"1130510200102040000","has_inner_roads":false}},{"type":"Feature","id":"apt.1130510200102420004","geometry":{"type":"MultiPolygon","coordinates":[[[[127.04730626706778,37.62640212059331],[127.04746666510455,37.62620780711823],[127.04743448261752,37.626189800058576],[127.0467892495739,37.62582857644222],[127.0466111805924,37.62602550860288],[127.0472909772663,37.62640699181276],[127.04730626706778,37.62640212059331]]]]},"properties":{"name":"번동1단지주공아파트","building_count":1,"max_floors":2,"address":"강북구 번동 한천로105길 7","addresses":"강북구 번동 한천로105길 7","pnu":"1130510200102420004","has_inner_roads":false}},{"type":"Feature","id":"apt.1130510200102420000","geometry":{"type":"MultiPolygon","coordinates":[[[[127.04743448261752,37.626189800058576],[127.04880965472395,37.624692730196365],[127.04921580363694,37.62423865324111],[127.0491955720474,37.62413162504057],[127.04896825579416,37.62399999343864],[127.04868303568193,37.6238357690884],[127.0484396322201,37.62369801622759],[127.04825401909214,37.62359042280879],[127.04815837036868,37.62370119105195],[127.04803417873529,37.623634837866426],[127.04802772667973,37.623642318540746],[127.04779146844858,37.62351591386608],[127.04773204119324,37.6235844116097],[127.04763402234049,37.623527057546475],[127.04780800632554,37.62333264810606],[127.0476510639621,37.623241800705614],[127.04765583721698,37.62326720646834],[127.04710082881435,37.62388909813469],[127.04688326029077,37.62413289695992],[127.04618615019696,37.623743038691046],[127.04621761952275,37.623707347980584],[127.04604855318715,37.6236087546206],[127.04580562333818,37.62387805876251],[127.0457835275089,37.62386626421902],[127.04577391031444,37.6238852784966],[127.0457036396208,37.62400991031218],[127.04561241579583,37.624140045889725],[127.04542260705806,37.62440518485333],[127.04505340850336,37.62493789063105],[127.04502284605692,37.62497655392178],[127.04496647349504,37.62504486893446],[127.0449616094166,37.625056673556266],[127.04495923771178,37.62506892775017],[127.04499676206981,37.62511936878142],[127.04561614478398,37.625467007119575],[127.04574791231327,37.62531739522409],[127.04615879719226,37.62554798134012],[127.04639415633254,37.62568015584869],[127.0462725764153,37.62581615980504],[127.04624289888307,37.625818783896314],[127.04643123222102,37.62592448734499],[127.04642294018876,37.625886829564145],[127.04660632707402,37.6256793541925],[127.04681743718764,37.62579748183794],[127.0467892495739,37.62582857644222],[127.04743448261752,37.626189800058576]]],[[[127.0457835275089,37.62386626421902],[127.04580562333818,37.62387805876251],[127.04604855318715,37.6236087546206],[127.04621761952275,37.623707347980584],[127.04618615019696,37.623743038691046],[127.04688326029077,37.62413289695992],[127.04710082881435,37.62388909813469],[127.04605823278249,37.623314761286515],[127.04603198661644,37.623371262618605],[127.04602361450331,37.623388474489026],[127.04601501551338,37.623405145856495],[127.0459242676141,37.623571500892865],[127.0459111424849,37.62359646296847],[127.0458979046604,37.62362241616257],[127.04579936761147,37.62383499428242],[127.0457835275089,37.62386626421902]]]]},"properties":{"name":"번동1단지주공아파트","building_count":27,"max_floors":15,"address":"강북구 번동 한천로105길 23","addresses":"강북구 번동 한천로105길 23","pnu":"1130510200102420000,1130510200102440000","has_inner_roads":true}},{"type":"Feature","id":"apt.1130510200102410000","geometry":{"type":"MultiPolygon","coordinates":[[[[127.04434093103033,37.62816590946219],[127.04503061793208,37.627815807021115],[127.04527806914327,37.62769624569833],[127.04587261824595,37.62739203338719],[127.04603059528498,37.62730728186799],[127.0463983906316,37.62707063554036],[127.04678926828909,37.62679343514084],[127.04686421853748,37.626725202238674],[127.04713537837057,37.62648507686585],[127.04489986065188,37.625230405111466],[127.04482475323947,37.62522349515564],[127.04481399511168,37.62522917527357],[127.04480663569151,37.625235484829474],[127.04448061553302,37.62561933110208],[127.04434548698158,37.625839399381206],[127.04433122818723,37.62586445178101],[127.04432308180601,37.62588139314788],[127.04424988300602,37.62604350585834],[127.04412864234828,37.62638484065512],[127.04412615543647,37.626394031541615],[127.04412899130429,37.62659927359181],[127.04412631531314,37.62667414593225],[127.04412083183254,37.626791995993635],[127.04411692392999,37.62689173580191],[127.04411956028581,37.626945883699506],[127.04412547155538,37.62698210092854],[127.04413138375642,37.62701993991922],[127.04458227162253,37.62726844648957],[127.04472100042645,37.6275895948356],[127.04488712629582,37.6276840466058],[127.04489044649009,37.62774432088502],[127.04453439423378,37.62792861132577],[127.04444331326707,37.62792504057492],[127.04423470839232,37.62803161199013],[127.04426339055054,37.628069532820895],[127.04434093103033,37.62816590946219]]]]},"properties":{"name":"번동주공영구임대아파트","building_count":16,"max_floors":15,"address":"강북구 번동 한천로105길 24","addresses":"강북구 번동 한천로105길 24","pnu":"1130510200102410000","has_inner_roads":true}},{"type":"Feature","id":"apt.1130510200102420001","geometry":{"type":"MultiPolygon","coordinates":[[[[127.04602703008031,37.625697593688265],[127.04615879719226,37.62554798134012],[127.04574791231327,37.62531739522409],[127.04561614478398,37.625467007119575],[127.04602703008031,37.625697593688265]]]]},"properties":{"name":"주공아파트","building_count":1,"max_floors":4,"address":"강북구 번동 한천로105길 33","addresses":"강북구 번동 한천로105길 33","pnu":"1130510200102420001","has_inner_roads":false}},{"type":"Feature","id":"apt.1130510200101330001","geometry":{"type":"MultiPolygon","coordinates":[[[[127.04085235475067,37.62733966464084],[127.0408984378352,37.62721126875377],[127.04095704451285,37.62715894734206],[127.04103221628746,37.62709183528722],[127.04104945132653,37.627058502295455],[127.04106289121057,37.62704611833869],[127.04112374028755,37.626993201445075],[127.04118151049386,37.626944898567935],[127.04120598539863,37.62691406784113],[127.04123817031704,37.62687500857419],[127.04125635143785,37.626852937472655],[127.04129959701463,37.6268223797073],[127.04136948992,37.62690502096781],[127.04144127587263,37.62698972478764],[127.04145126713398,37.626968350180874],[127.04147265272393,37.62692261824838],[127.04150926897506,37.62684536489868],[127.04189569213064,37.62674141348138],[127.04194989446123,37.62671614948569],[127.04216288734011,37.62661778849538],[127.04226232550613,37.62657768765855],[127.04232153614102,37.62655528687628],[127.04222815474196,37.62642226250957],[127.04205378660765,37.62615784006102],[127.04201131627623,37.62609181285752],[127.04162161445917,37.62615903285201],[127.04134179299042,37.62620462706616],[127.04131901448838,37.626250927067275],[127.04130902482655,37.626275193808475],[127.04127072932029,37.626283396616465],[127.04124416813269,37.626288865495226],[127.0412248663619,37.6263335245248],[127.04121175217598,37.62636163048043],[127.04123037757317,37.62638704083974],[127.04124453637444,37.626406100795805],[127.04116554411091,37.62642333606482],[127.04112380479799,37.62643153097208],[127.04104506213726,37.62642820572964],[127.04110524425487,37.62637883892181],[127.04108746300396,37.62636442921674],[127.04108806227435,37.62636232973406],[127.04100101639337,37.62640206504581],[127.04095373335514,37.62642350614292],[127.0409337657145,37.62643035124642],[127.0408817173196,37.62645893867169],[127.04083758483803,37.62648311764811],[127.04080276120796,37.62650208584932],[127.04075243425152,37.6265516204119],[127.0407258833597,37.62657694675307],[127.04067831238525,37.62661131688706],[127.04062869243859,37.62664844467722],[127.04059077929043,37.626673459409936],[127.04052977557578,37.62671249199285],[127.04048695819044,37.62673917512462],[127.04043544201771,37.62672466833951],[127.04035596544485,37.62670473783231],[127.04036008300154,37.626671724597955],[127.04030412572756,37.62663428929532],[127.04019950262507,37.62659549142917],[127.04019180794546,37.62648045691936],[127.04017730240199,37.62646945170546],[127.0401283131177,37.626499713617555],[127.04010969448404,37.626530542208144],[127.04000060812967,37.62651320695049],[127.04001480799312,37.626568522445616],[127.04001624587893,37.62663292397326],[127.03999798724308,37.626659058326275],[127.03996522504106,37.62670006355974],[127.03990491751844,37.62679391116867],[127.03985975196653,37.62683683048178],[127.0399451829634,37.627024764974855],[127.04027351855649,37.62713838820583],[127.04033876611605,37.62715571961884],[127.0404356865999,37.6271938261441],[127.0408009093754,37.62733145583745],[127.04085235475067,37.62733966464084]]]]},"properties":{"name":"한양아파트","building_count":1,"max_floors":15,"address":"강북구 번동 한천로109길 69","addresses":"강북구 번동 한천로109길 69","pnu":"1130510200101330001","has_inner_roads":true}},{"type":"Feature","id":"apt.1130510200101180015","geometry":{"type":"MultiPolygon","coordinates":[[[[127.04538032912738,37.62428439723217],[127.04544701584157,37.624189364129016],[127.04545407837456,37.62417929755763],[127.0454707837889,37.62415517211296],[127.045450640633,37.62415076481326],[127.04549080536907,37.624126252218666],[127.04560998382419,37.62395412064259],[127.04561343579947,37.62394912792556],[127.04549106840616,37.62389970980183],[127.04539395771653,37.62386273370219],[127.04522005349959,37.62414821055806],[127.04521429002446,37.62421020008925],[127.04532593072122,37.62426009098903],[127.04534850135181,37.62427017357986],[127.04538032912738,37.62428439723217]]]]},"properties":{"name":"꿈의숲 수림채 아파트","building_count":1,"max_floors":10,"address":"강북구 번동 월계로37길 43","addresses":"강북구 번동 월계로37길 43","pnu":"1130510200101180015","has_inner_roads":false}},{"type":"Feature","id":"apt.1130510200106580000","geometry":{"type":"MultiPolygon","coordinates":[[[[127.0447490378163,37.62514468721423],[127.04480495759329,37.625076462570554],[127.0449398892407,37.62491207434277],[127.04538032912738,37.62428439723217],[127.04534850135181,37.62427017357986],[127.04532593072122,37.62426009098903],[127.04521429002446,37.62421020008925],[127.0451746053956,37.624339235054165],[127.04401217637209,37.624767714732144],[127.04397468933722,37.62478142311327],[127.04387400676022,37.624818579648206],[127.04426525653548,37.62499764339839],[127.04429777721663,37.62501502051807],[127.04429449432907,37.62501880582192],[127.04430027351003,37.625022317546936],[127.04431218973134,37.62506078505015],[127.04435549133974,37.62511212516981],[127.04440320360445,37.62515084995795],[127.04443059973639,37.625121017578955],[127.0444551576807,37.62508037447243],[127.04472718371944,37.6251399020072],[127.0447490378163,37.62514468721423]]]]},"properties":{"name":"번동한진아파트","building_count":4,"max_floors":19,"address":"강북구 번동 월계로37길 65","addresses":"강북구 번동 월계로37길 61, 강북구 번동 월계로37길 65","pnu":"1130510200106580000","has_inner_roads":false}},{"type":"Feature","id":"apt.1130510200101910000","geometry":{"type":"MultiPolygon","coordinates":[[[[127.04348125607594,37.62781024147355],[127.04362849578342,37.62796326536382],[127.04370839939456,37.628033332992125],[127.04374240469377,37.62806972038203],[127.04383457327918,37.62799329335672],[127.04388382791352,37.62795245232468],[127.04394349647168,37.62789756126523],[127.04403462754517,37.62779031196104],[127.04406246718808,37.627741649058514],[127.04407999290662,37.62768379988281],[127.04409185954626,37.62763478234062],[127.04407963545337,37.62745423053975],[127.04405473342175,37.62729035141644],[127.04402333292984,37.627053495311834],[127.04402120811388,37.627042143739594],[127.04401083403059,37.62698673725627],[127.04400434836212,37.626936374855084],[127.04387545169138,37.62696597330744],[127.04382117981099,37.626987616275024],[127.04375177699771,37.62701530119412],[127.04374634848833,37.62703116037023],[127.0437220957924,37.627012428679365],[127.04366011343429,37.62698100665644],[127.04355863416009,37.62701708201859],[127.04354957123759,37.62701627436561],[127.04345332297686,37.627088296842544],[127.04342195922965,37.62711515716258],[127.04337100314825,37.62715148470544],[127.0433577700223,37.627188519641074],[127.04332007269734,37.62723367205558],[127.04326184321168,37.62722837689051],[127.04323879988947,37.62724518830037],[127.04315619486982,37.62730544793046],[127.04320949160899,37.62740309525064],[127.0431371154363,37.62742222155522],[127.04306054405168,37.62743459194889],[127.04304672827482,37.62744279572149],[127.04308334196917,37.62748548924094],[127.04316693205256,37.62766754764362],[127.0432011682643,37.62771249441155],[127.04321907510607,37.62772735423982],[127.04329815691786,37.627747057709854],[127.0434266482706,37.627799809521875],[127.04343242433796,37.62779746492495],[127.04348125607594,37.62781024147355]]]]},"properties":{"name":"기산그린아파트","building_count":7,"max_floors":21,"address":"강북구 번동 월계로37길 137","addresses":"강북구 번동 월계로37길 129, 강북구 번동 월계로37길 137","pnu":"1130510200101910000","has_inner_roads":false}},{"type":"Feature","id":"apt.1130510200102370000","geometry":{"type":"MultiPolygon","coordinates":[[[[127.04152037280664,37.6304011465764],[127.04237426382313,37.62987990815114],[127.0424779944766,37.62980959585038],[127.04278563687586,37.62953252779472],[127.04324328732852,37.629092148613545],[127.04303633096609,37.62891274661598],[127.04325915195031,37.6284930821303],[127.04292903365115,37.62847256601682],[127.04289425391178,37.628469244594186],[127.04286819786671,37.62846754186704],[127.0426308334521,37.62840140284654],[127.04229420545148,37.62828358149486],[127.04228423401099,37.62827889984915],[127.04226519670709,37.62826827487198],[127.04210074916644,37.62813165302497],[127.04208000960439,37.62811535243526],[127.04203059853596,37.628078699562494],[127.04151542467665,37.62772073612551],[127.04142491769205,37.62773058743829],[127.0414138175094,37.62773329412868],[127.04140317107937,37.62773717193743],[127.04134281402231,37.62777881755441],[127.04121961353731,37.627873461867395],[127.04108371915623,37.62795684806893],[127.04096333554055,37.62802392120893],[127.04060626657174,37.62823468891325],[127.04155216968475,37.62906579516891],[127.04068417439797,37.62968758163076],[127.04065313405692,37.629687051341456],[127.04146146294842,37.63039900418221],[127.04152037280664,37.6304011465764]]]]},"properties":{"name":"번동주공상가아파트","building_count":5,"max_floors":15,"address":"강북구 번동 오현로 208","addresses":"강북구 번동 오현로 208","pnu":"1130510200102370000","has_inner_roads":true}},{"type":"Feature","id":"apt.1132010700108210000","geometry":{"type":"MultiPolygon","coordinates":[[[[127.04205628851,37.63303857812449],[127.04200376560946,37.633119053513475],[127.04189889214624,37.633075680315514],[127.04189384960942,37.63307359177141],[127.04188558694251,37.63308746966322],[127.0418778674607,37.633100230155605],[127.04199800394089,37.633148787771916],[127.04193510290288,37.63324906117998],[127.0418988472857,37.63330685332513],[127.0418959836763,37.633311728597114],[127.04173283866797,37.63336213097022],[127.04172154846748,37.63337115360908],[127.04174222297735,37.6334113301913],[127.04299718846303,37.6339018387357],[127.04304657799452,37.63389200070316],[127.04330883365151,37.633462952419585],[127.04329491103123,37.63342389994498],[127.04324203773851,37.63340259249795],[127.04211135831947,37.632954425843664],[127.04205628851,37.63303857812449]]]]},"properties":{"name":"초안산신도브래뉴","building_count":4,"max_floors":17,"address":"도봉구 창동 우이천로4라길 11-14","addresses":"도봉구 창동 우이천로4라길 11-14","pnu":"1132010700108210000","has_inner_roads":true}},{"type":"Feature","id":"apt.1132010700108240000","geometry":{"type":"MultiPolygon","coordinates":[[[[127.04309304921817,37.63285323756428],[127.04306327421646,37.63282845312843],[127.0429650756096,37.632789232035755],[127.0428344196487,37.632729542992905],[127.04283294648623,37.63272882272604],[127.04279407822403,37.63271081676184],[127.04277185770181,37.632682263519854],[127.04271462839068,37.63264939780468],[127.04267076851224,37.63261877984567],[127.04262405118052,37.63254230306888],[127.04256286152902,37.632517817757254],[127.0424489692466,37.63247166415717],[127.042444674636,37.632469926758496],[127.04238212560139,37.63256953357019],[127.0423804956518,37.63257211994241],[127.04224551611212,37.63251833315022],[127.04223975976846,37.63251603764207],[127.04221825413426,37.6325514535097],[127.04233949913248,37.63259808230704],[127.04227916794675,37.632693336569616],[127.04230991026132,37.63270593063313],[127.04231686806142,37.63270927085728],[127.04225030880818,37.632809987184814],[127.04226038276855,37.63281458770618],[127.04226667265303,37.63290181825148],[127.04225906255178,37.63290726278784],[127.0422549933911,37.63286198102451],[127.04226003140194,37.632918047163265],[127.04224372883311,37.632938504997426],[127.04234038554476,37.63297595229572],[127.0424812356117,37.63303194433398],[127.04250503169763,37.633041396342875],[127.04259194414453,37.63307596368809],[127.04262571196519,37.633089376505545],[127.04279738420162,37.63315770082596],[127.04316237400657,37.63330497262104],[127.0432894811412,37.63335732858831],[127.04330806983364,37.63335326760492],[127.04338270776863,37.63333695146318],[127.04349521944113,37.63316088737932],[127.0435016957064,37.63313375662078],[127.0434697195862,37.63308340330939],[127.04332262163594,37.63299867345896],[127.04310027907809,37.63287711995098],[127.04309304921817,37.63285323756428]]]]},"properties":{"name":"창동 한승 미메이드 아파트","building_count":4,"max_floors":15,"address":"도봉구 창동 덕릉로60길 164-13","addresses":"도봉구 창동 덕릉로60길 164-13","pnu":"1132010700108240000","has_inner_roads":true}},{"type":"Feature","id":"apt.1135010200107800000","geometry":{"type":"MultiPolygon","coordinates":[[[[127.05096862537872,37.631321059558154],[127.05095881819783,37.6313263524112],[127.05094538710277,37.63133358388517],[127.05091832102336,37.63134810097254],[127.05091686021235,37.631349002562565],[127.05089066638713,37.63136344720014],[127.05082825698828,37.631381582962845],[127.0506933365767,37.63138911738558],[127.05056915695313,37.63136394167098],[127.0504246036919,37.63136625411491],[127.05038781666543,37.63141420141059],[127.05004965404001,37.63141515185066],[127.04995263580655,37.63134716783545],[127.04989176468511,37.63129196282218],[127.04979352950018,37.63126866770746],[127.04974988153101,37.63121859115055],[127.0497856492289,37.63117055437113],[127.0497846634795,37.63117032051992],[127.04957139068712,37.63112000682137],[127.04949276158396,37.6321652639098],[127.04953130133678,37.632198854728145],[127.05074930827764,37.63225952929406],[127.05079177193784,37.63222977928511],[127.05086129916313,37.63183854541952],[127.05087270104941,37.63177772460818],[127.05088738850598,37.631717262811954],[127.05090547499182,37.63165743027571],[127.05102441579113,37.631298520713216],[127.05097027878297,37.63132016689654],[127.05096862537872,37.631321059558154]]]]},"properties":{"name":"청백아파트","building_count":8,"max_floors":15,"address":"노원구 월계동 월계로45가길 89","addresses":"노원구 월계동 월계로45가길 89","pnu":"1135010200107800000","has_inner_roads":true}},{"type":"Feature","id":"apt.1135010200107750000","geometry":{"type":"MultiPolygon","coordinates":[[[[127.0520417685709,37.63385677777958],[127.05204623842688,37.63376550678368],[127.05206058964396,37.63354395011584],[127.0520785661908,37.633322572080246],[127.05209994157734,37.63310155296801],[127.05212482863584,37.63288026204415],[127.05214769803585,37.63269095670134],[127.05114516613271,37.63264056740471],[127.05116280309606,37.63241585599682],[127.05101382297282,37.63240826026347],[127.05099618627939,37.632634052823335],[127.05055071780035,37.63261171430654],[127.0505411999414,37.633299254756906],[127.05054552651836,37.63333204856537],[127.0505551755599,37.63336150654255],[127.05056879214469,37.633394566782336],[127.05058693840853,37.63342465190897],[127.05060655627949,37.63345293446415],[127.05063149787598,37.63347977323521],[127.0506639161996,37.63350588810471],[127.05087830944575,37.6335773362847],[127.0509119701019,37.633597414012335],[127.05094268670618,37.63361974540878],[127.05098100247528,37.63365513779499],[127.05117055359473,37.63384858828863],[127.0520417685709,37.63385677777958]]]]},"properties":{"name":"월계대우아파트","building_count":11,"max_floors":20,"address":"노원구 월계동 초안산로5길 22","addresses":"노원구 월계동 초안산로5길 22","pnu":"1135010200107750000","has_inner_roads":true}},{"type":"Feature","id":"apt.1135010200107810000","geometry":{"type":"MultiPolygon","coordinates":[[[[127.05094235884545,37.63226926925974],[127.05214620695735,37.63232993533444],[127.05221913592074,37.63228710755176],[127.05224061248411,37.63221601113094],[127.05227068993366,37.63213166662463],[127.05230507295063,37.63204831133268],[127.05252405895556,37.63155006591736],[127.05255414992513,37.631486353730274],[127.05258764020806,37.6314237212379],[127.05259883982362,37.63140056124371],[127.05256450392474,37.63138625054395],[127.05243894572637,37.63133395794126],[127.05221685133237,37.6312587317673],[127.05204082996835,37.63104768096533],[127.05195709970275,37.63094728470624],[127.05186848804952,37.6309156081033],[127.05166974492762,37.63085884098849],[127.05166971626285,37.63096792247394],[127.05166967999065,37.63109940228673],[127.05120690370046,37.63110130991573],[127.05101503958475,37.631680359320015],[127.05099819684047,37.63173640724193],[127.05098441314709,37.631792904367806],[127.05097380179953,37.6318498506513],[127.05090483790103,37.63223549828079],[127.05094235884545,37.63226926925974]]]]},"properties":{"name":"청백아파트","building_count":10,"max_floors":15,"address":"노원구 월계동 월계로45가길 94","addresses":"노원구 월계동 월계로45가길 94","pnu":"1135010200107810000","has_inner_roads":true}},{"type":"Feature","id":"apt.1135010300103790002","geometry":{"type":"MultiPolygon","coordinates":[[[[127.07104100227947,37.62724185971072],[127.07105784073782,37.62724709348733],[127.07120496774074,37.62729284850948],[127.07125683369168,37.627274798289015],[127.07137962330022,37.62702497426688],[127.07119789072179,37.626968455179245],[127.07117837811037,37.62696238509041],[127.07112633371648,37.627068271832336],[127.07104100227947,37.62724185971072]]]]},"properties":{"name":"엘림타운아파트","building_count":1,"max_floors":7,"address":"노원구 공릉동 동일로193가길 27","addresses":"노원구 공릉동 동일로193가길 27","pnu":"1135010300103790002","has_inner_roads":false}},{"type":"Feature","id":"apt.1135010200106000000","geometry":{"type":"MultiPolygon","coordinates":[[[[127.0559479260553,37.62995848935725],[127.05596073031357,37.62996262795257],[127.05597092309628,37.62995865894345],[127.05672853408673,37.62913724498838],[127.05682508798493,37.629032776330625],[127.05681086723627,37.62895142460639],[127.0565764902003,37.62880746767454],[127.05641167064516,37.628972423588074],[127.05614873030584,37.628805864520935],[127.05588465778207,37.62863858460132],[127.05576735080184,37.628557730682274],[127.05519816972718,37.6291233552021],[127.05542613429421,37.62933155758141],[127.05557418924948,37.62947735831671],[127.05568237822379,37.629636511652734],[127.0559479260553,37.62995848935725]]]]},"properties":{"name":"월계1단지주공영구임대아파트","building_count":3,"max_floors":15,"address":"노원구 월계동 월계로49길 5","addresses":"노원구 월계동 월계로49길 5, 노원구 월계동 월계로 325","pnu":"1135010200106000000","has_inner_roads":true}},{"type":"Feature","id":"apt.1135010200103220001","geometry":{"type":"MultiPolygon","coordinates":[[[[127.06150218912227,37.62953287735293],[127.06169253358703,37.62970594855344],[127.06184021768233,37.62979732249009],[127.06230102801459,37.630034674107335],[127.06247128866428,37.63016441730717],[127.06308080124603,37.6303453777979],[127.06319648358637,37.63036649038711],[127.06348724914655,37.62950031736553],[127.06351697787835,37.6294219166005],[127.06354320753613,37.629358924402744],[127.06274910959574,37.62911400259831],[127.06299997382608,37.628628695066325],[127.06284190411095,37.628580574946014],[127.06232292637844,37.62840794565078],[127.06227084828772,37.628447345251054],[127.0621521609688,37.62848831073605],[127.06204528842062,37.62857053487465],[127.06196256817499,37.6286813976745],[127.06183267865505,37.628738946584924],[127.06188902095006,37.62878892210016],[127.06194387035829,37.62881385114087],[127.06212760920371,37.62880510751664],[127.06211054135204,37.62885187708318],[127.06197908428798,37.62893240191794],[127.06187002879975,37.628977867074866],[127.061801406777,37.62901249973653],[127.06166858431635,37.6290863576778],[127.06148888031144,37.62918303406649],[127.06147605479833,37.62929368077716],[127.06150218912227,37.62953287735293]]]]},"properties":{"name":"성원아파트","building_count":16,"max_floors":15,"address":"노원구 월계동 마들로3길 37","addresses":"노원구 월계동 마들로3길 37","pnu":"1135010200103220001","has_inner_roads":true}},{"type":"Feature","id":"apt.1135010400102740000","geometry":{"type":"MultiPolygon","coordinates":[[[[127.07126368827802,37.63339838513694],[127.07193987368444,37.63359007205959],[127.07202038961587,37.633554255151935],[127.072716047684,37.63194703297075],[127.07267610854402,37.6318823668188],[127.07152866179175,37.63157293642687],[127.07144084340848,37.63155118481976],[127.07135744759307,37.63153402551952],[127.07125178458139,37.63157084792595],[127.07111293807083,37.63161832135761],[127.07097261587488,37.63166282226562],[127.07083070471978,37.63170435071121],[127.07068754431666,37.631742726293965],[127.07054313484834,37.63177812920496],[127.07032430985889,37.63182970286568],[127.07025614146903,37.63186343918402],[127.06978084790606,37.63292398629913],[127.06981976590139,37.63298910450047],[127.07074003510134,37.63324994199954],[127.07085399519518,37.63299534876985],[127.07137923177518,37.63314261919959],[127.07126368827802,37.63339838513694]]]]},"properties":{"name":"청솔아파트","building_count":13,"max_floors":15,"address":"노원구 하계동 공릉로59길 25","addresses":"노원구 하계동 공릉로59길 25","pnu":"1135010400102740000","has_inner_roads":true}},{"type":"Feature","id":"apt.1135010400102800000","geometry":{"type":"MultiPolygon","coordinates":[[[[127.06927376507534,37.636420523310626],[127.06948441394088,37.63595946198999],[127.07063254529677,37.6333967743397],[127.07060826343903,37.633356064349286],[127.06976278423264,37.63311644568165],[127.06968079047279,37.63314739662341],[127.069018247817,37.634626282417926],[127.06899854630504,37.634764143305304],[127.06886546897863,37.63506118163881],[127.06877108777326,37.63517791209842],[127.06873411516031,37.63526037263571],[127.06867034580615,37.63552863003336],[127.06852685917528,37.635843963718465],[127.06854699843055,37.635939906407344],[127.06890576688595,37.63615224270263],[127.06914805333709,37.636346084577475],[127.06927376507534,37.636420523310626]]]]},"properties":{"name":"미성아파트","building_count":6,"max_floors":15,"address":"노원구 하계동 공릉로59길 28","addresses":"노원구 하계동 공릉로59길 28","pnu":"1135010400102800000","has_inner_roads":false}},{"type":"Feature","id":"apt.1135010200109490000","geometry":{"type":"MultiPolygon","coordinates":[[[[127.05439509089481,37.62073113912621],[127.05418270581652,37.62090583502757],[127.0539954517678,37.620770050643465],[127.05396320052327,37.6207981935789],[127.0539343366516,37.620827163902625],[127.05390477465927,37.620862099017245],[127.05383093949877,37.62093609322461],[127.05381500259142,37.62095284950759],[127.05374935258105,37.62102081247872],[127.05372763136388,37.62104316639578],[127.05368922551379,37.621082186806994],[127.05366892007693,37.621104422959704],[127.0536533689073,37.62112216111819],[127.05361016520153,37.621168283345355],[127.05358520804101,37.621195972465806],[127.05355589124554,37.621225609620126],[127.05354415317359,37.62123743565341],[127.05353234871002,37.62125152317466],[127.0534973612233,37.62128731650694],[127.05345389528297,37.62133125841954],[127.05345087323438,37.6213345933755],[127.05344272548157,37.62134587723049],[127.05339281950965,37.62139734513661],[127.05330266224351,37.621489816270376],[127.05327275703442,37.6215206519145],[127.05325626702069,37.62154055278317],[127.05321030072345,37.621589198815826],[127.0530167889469,37.621790832636854],[127.05293693185894,37.62187353236753],[127.05286721786237,37.62194749713464],[127.05272101748855,37.62209802430329],[127.05271798418478,37.62210155746054],[127.05271285770209,37.62210856029835],[127.0527255706105,37.622179921400495],[127.05276790793454,37.62220664410545],[127.05279589875607,37.62222448936793],[127.0528930705231,37.622282154867555],[127.05298463716602,37.62230953178786],[127.05299109446689,37.62231054707889],[127.05309468628634,37.62233131448573],[127.05316042819994,37.622344566178896],[127.05320675116934,37.622352267296506],[127.05328166774538,37.62236472204105],[127.05332214336323,37.622385219592005],[127.05336250991141,37.62242805246743],[127.05339173230328,37.622457393549674],[127.05344498060416,37.62250370752539],[127.05346291069324,37.62251828649823],[127.05350252300413,37.62255138006481],[127.05353536999357,37.622580323083035],[127.05361606304612,37.62265658245936],[127.05374839717366,37.6227639928366],[127.05385462273631,37.6228564403609],[127.05388013322263,37.62287410626807],[127.0539566533132,37.622894686708946],[127.05402018177526,37.62290047879266],[127.0540257117706,37.622887493213724],[127.05402935319717,37.62287894129539],[127.05404322844694,37.6228454817413],[127.05405354901313,37.622782877071565],[127.05406401566457,37.62271863255197],[127.05409983136083,37.62265196211314],[127.05412210885487,37.62258262178798],[127.05425778477034,37.62216028098362],[127.05447300306729,37.62164737386163],[127.0544776967762,37.62163735285814],[127.05450719371083,37.62155857594808],[127.0545244753679,37.6215214027629],[127.05454698220089,37.62147297398708],[127.05458168253647,37.621400303362435],[127.05458824230034,37.62138619106586],[127.0545926079427,37.62137680990068],[127.05461093486761,37.62134420420031],[127.05461686170007,37.62133206533296],[127.05463668442488,37.62128442159876],[127.05463751597864,37.62127506004202],[127.05463462180688,37.621235156939235],[127.05463155008192,37.621200425541424],[127.05465056830012,37.6212002097552],[127.05469462096053,37.621201856726685],[127.05469007095192,37.62119090285958],[127.05465865187212,37.62113085768173],[127.05465184685265,37.6211186254367],[127.05462609261386,37.62109210316672],[127.05460005586725,37.6210665000177],[127.05458518934633,37.62105910064748],[127.05452053923328,37.6210348392782],[127.05447823223236,37.62101887488505],[127.05449021335637,37.620982677138464],[127.05450224675705,37.62094035270251],[127.05446078253338,37.62093074884384],[127.05445181050104,37.62091347207049],[127.0544087211947,37.62083239417193],[127.05438287272638,37.62078450965157],[127.05442316202213,37.62075065078448],[127.0544245074116,37.62073108089339],[127.05439509089481,37.62073113912621]]]]},"properties":{"name":"꿈의숲 SK뷰 아파트","building_count":6,"max_floors":20,"address":"노원구 월계동 월계로42길 97","addresses":"노원구 월계동 월계로42길 97","pnu":"1135010200109490000","has_inner_roads":false}},{"type":"Feature","id":"apt.1135010300106040011","geometry":{"type":"MultiPolygon","coordinates":[[[[127.07220424268225,37.62025623443667],[127.0725414020558,37.620325767869325],[127.0725685736292,37.620311696224285],[127.07260245299314,37.620204729483675],[127.07261363356604,37.62016985481811],[127.07266087675725,37.62017973712923],[127.07269317907796,37.62008214150428],[127.07272627179925,37.61998202264764],[127.07272952458612,37.61997217297188],[127.07275939842152,37.61988191276932],[127.07275981630823,37.619880642135016],[127.07279223129656,37.61978268601803],[127.0728061233962,37.6197406919507],[127.07282464620006,37.61968472989056],[127.07284627467997,37.61961912546181],[127.07285275758746,37.61959948017488],[127.07285694774922,37.619586773821105],[127.07272496241032,37.619559193438526],[127.07268100544755,37.61955039034658],[127.0726585736348,37.61954571877367],[127.0726906446813,37.61944343818121],[127.0726756710705,37.619420292018496],[127.07258469768969,37.61940124605503],[127.07250578993879,37.61938473352862],[127.0724567799211,37.619374482813996],[127.0724110523064,37.619397476278245],[127.07236016817254,37.61960860650047],[127.07230909213273,37.619820727886534],[127.07223402885396,37.620132421923834],[127.07220424268225,37.62025623443667]]]]},"properties":{"name":"대동아파트","building_count":3,"max_floors":16,"address":"노원구 공릉동 동일로175길 38","addresses":"노원구 공릉동 동일로175길 38, 노원구 공릉동 섬밭로 30","pnu":"1135010300106040011","has_inner_roads":true}},{"type":"Feature","id":"apt.1135010300106840041","geometry":{"type":"MultiPolygon","coordinates":[[[[127.07354601706479,37.61738463854119],[127.0737273702782,37.61742254008795],[127.0737434573914,37.61742595396994],[127.07371499749384,37.61751201502435],[127.07376404044044,37.61752226519994],[127.07376699729396,37.61752288506639],[127.0738942212658,37.61754947613595],[127.07392268097097,37.61746341503904],[127.07395102760667,37.617377624297575],[127.07398592454517,37.617272188149926],[127.07360126043132,37.61714178154077],[127.07356805582901,37.61728777868897],[127.07354601706479,37.61738463854119]]]]},"properties":{"name":"태릉입구역 이니티움","building_count":1,"max_floors":15,"address":"노원구 공릉동 화랑로 419-3","addresses":"노원구 공릉동 화랑로 419-3","pnu":"1135010300106840041","has_inner_roads":false}},{"type":"Feature","id":"apt.1135010200104410000","geometry":{"type":"MultiPolygon","coordinates":[[[[127.06016609732434,37.61766369169387],[127.06018445588134,37.61757468370892],[127.06023292214785,37.61753086294069],[127.06029153431365,37.617526770343744],[127.06037409289883,37.61749634813511],[127.06038436211387,37.61747684579348],[127.06039088014525,37.61746909410909],[127.06028395498643,37.6174237289681],[127.0601905476735,37.61737038333192],[127.06017031079068,37.61734636423812],[127.0602330638602,37.61727893067493],[127.0600796658525,37.61719000802561],[127.05998221713853,37.617254638631636],[127.05990528344762,37.61730823100615],[127.05978356330854,37.61738972178955],[127.05964253021082,37.61748476369792],[127.05956950991597,37.6175317407267],[127.05939469418621,37.61764827832586],[127.0592463339488,37.61774617044844],[127.05923779712717,37.6177799974337],[127.05938154579309,37.61791379472998],[127.05959509803863,37.61811586985922],[127.05964477316643,37.61812537777699],[127.0598287446246,37.618041712071985],[127.06001426620783,37.617956486614425],[127.0600835728308,37.617925674747354],[127.06009306368458,37.61791005604475],[127.06013755068749,37.617818025824754],[127.06016609732434,37.61766369169387]]]]},"properties":{"name":"","building_count":2,"max_floors":10,"address":"노원구 월계동 광운로2가길 22","addresses":"노원구 월계동 광운로2가길 22","pnu":"1135010200104410000","has_inner_roads":true}},{"type":"Feature","id":"apt.1135010200109460000","geometry":{"type":"MultiPolygon","coordinates":[[[[127.05667394768442,37.632838913746895],[127.05670777835971,37.63285744907112],[127.05686385637338,37.63294747379338],[127.05696095383405,37.63300408172294],[127.05699022905476,37.63302080813968],[127.05703683286177,37.63304631994479],[127.0571927154312,37.63313146101907],[127.05719941714653,37.63313986398346],[127.05727164139341,37.63306642718771],[127.0573119649897,37.6330258821292],[127.05735482440834,37.632982894205846],[127.05736200993128,37.63298682808039],[127.05738399812347,37.63296985225281],[127.0574446779495,37.63292685585838],[127.05739214463112,37.63288034521914],[127.05730074574,37.632793777423046],[127.05710557346661,37.63252409861206],[127.05704986457292,37.63244179344525],[127.05704015330483,37.63242334597934],[127.05700722290977,37.63242701944081],[127.05696881651592,37.63245562553595],[127.05695828172104,37.63248759719573],[127.05694461578628,37.63252896752866],[127.0568450020356,37.63260733631734],[127.0568160494251,37.63262821654525],[127.05675290080372,37.63268791791123],[127.05675974318623,37.63271812450928],[127.05680728976479,37.63274732997594],[127.0567681933801,37.63279301887512],[127.05674309018039,37.632780110597935],[127.05667394768442,37.632838913746895]]]]},"properties":{"name":"월계동 우남푸르미아 아파트","building_count":2,"max_floors":13,"address":"노원구 월계동 초안산로2길 91","addresses":"노원구 월계동 초안산로2길 91","pnu":"1135010200109460000","has_inner_roads":false}},{"type":"Feature","id":"apt.1135010200100180000","geometry":{"type":"MultiPolygon","coordinates":[[[[127.06856296357333,37.619532890005246],[127.06874912615784,37.61960044771428],[127.06964932800905,37.619926680931485],[127.06965637573916,37.61992923564626],[127.06973966912751,37.61960096044024],[127.06984762071203,37.6192358207899],[127.0698558120309,37.61890380480543],[127.06985085377283,37.61831285464931],[127.06984596830608,37.61767757614991],[127.06983973196571,37.61767028181817],[127.06983179761684,37.61766406964563],[127.06982318416433,37.61765839845388],[127.0698215118521,37.61743991164156],[127.06981382276682,37.61745415158418],[127.06980364091399,37.61746740188999],[127.06978994566039,37.61747831167797],[127.0695331680774,37.61747530650992],[127.06953640193333,37.61729510853349],[127.06982036348566,37.61729890884788],[127.06981599288966,37.61673084309698],[127.06984192344935,37.61635160531475],[127.06983496595637,37.61605113226424],[127.06976511496694,37.61596332705228],[127.06924853377541,37.61585631783379],[127.0687459112133,37.61602950342892],[127.06847717661637,37.615696563601226],[127.06770333047758,37.615536265128775],[127.06772860938226,37.61568788602575],[127.06781707736343,37.615953265307944],[127.06781350482495,37.6160117409679],[127.06782479548674,37.61609903966216],[127.0678520405137,37.616219395381385],[127.0678579989393,37.61624570067005],[127.06787089148366,37.61635110816862],[127.0678716898596,37.61635732448678],[127.06785704213638,37.6164436466745],[127.067885902362,37.61655874875334],[127.06788886909021,37.61657057696152],[127.0678891143937,37.61657895594402],[127.06789470828015,37.6167685191331],[127.06789517503549,37.61678392563998],[127.0676966251159,37.61678863214495],[127.06754326697776,37.61679214176716],[127.06754373366078,37.61680754827538],[127.06744822351233,37.61703302702735],[127.06744388060277,37.6171173612395],[127.0674404264716,37.61718205357669],[127.06763014981672,37.61718537117488],[127.0676358210872,37.61719437780381],[127.06765288757049,37.61728086237841],[127.0676506669332,37.61733131853549],[127.06754192591491,37.617325072555595],[127.06742411567757,37.61730982173467],[127.06736294962542,37.61730715293474],[127.06732216035056,37.617291859015026],[127.06663404856464,37.61882724111572],[127.0666345063679,37.61883266476484],[127.06671302626549,37.61886116447225],[127.06856296357333,37.619532890005246]]]]},"properties":{"name":"그랑빌아파트","building_count":43,"max_floors":28,"address":"노원구 월계동 마들로 31","addresses":"노원구 월계동 마들로1가길 121, 노원구 월계동 마들로 31","pnu":"1135010200100180000","has_inner_roads":true}},{"type":"Feature","id":"apt.1135010200109510000","geometry":{"type":"MultiPolygon","coordinates":[[[[127.05710645437266,37.62920435266682],[127.05699320265559,37.629202279651054],[127.05677890035928,37.62932111118506],[127.05615421714725,37.62998745959812],[127.05614854888748,37.63005939635961],[127.05619220869774,37.630120705756944],[127.05626586053047,37.63022004955494],[127.05628841003941,37.63027407078004],[127.05629822790543,37.63034578412168],[127.05630663287639,37.630375503504354],[127.05631951247037,37.63040497754413],[127.05634787230596,37.63047259182488],[127.0564059632927,37.6306083603128],[127.05648336995627,37.63079043908116],[127.05655502424196,37.63096015905061],[127.0565837263439,37.63103045802447],[127.05664033401418,37.63116606489987],[127.05666320207031,37.63122114905028],[127.05666864970793,37.63123448098603],[127.05667153240923,37.63124152529046],[127.05667412003163,37.63124784894993],[127.05686627703018,37.631231415228534],[127.05690558520777,37.631228054154896],[127.05695934791018,37.63122345193747],[127.0570142773969,37.63121875904904],[127.0571144622297,37.63121018863421],[127.0572707965213,37.63105577725892],[127.05761481076809,37.63127615573921],[127.05775166962147,37.63119627291653],[127.05780520883125,37.63116581233758],[127.0578964662402,37.631111935308226],[127.05800667960837,37.63104729145179],[127.05802426509298,37.63103675059356],[127.05811694835639,37.6309812329289],[127.05822779776553,37.630919246446226],[127.05833935861114,37.63085452054147],[127.05845041076581,37.63079148861568],[127.05851930417305,37.630752019526334],[127.05861054595344,37.63063461395013],[127.0586120131687,37.63062741442148],[127.05861277760904,37.63061969266525],[127.05862835487017,37.630531371207105],[127.058633126039,37.63050414132502],[127.05864138145019,37.63047042271013],[127.05865969079966,37.63039946178079],[127.05866336172136,37.63038526058033],[127.05866708624934,37.63036709504783],[127.05866944433726,37.6303249821654],[127.0586662913111,37.63029058432866],[127.05863952284307,37.63021783425512],[127.05862418939624,37.63019532622032],[127.05860020776201,37.63016692996673],[127.0585360972429,37.630104748385534],[127.0584966509635,37.63007472881031],[127.05845405894189,37.63004937780896],[127.05836183494415,37.62999208398741],[127.05803917931544,37.62978755463251],[127.05800292226078,37.62976486732957],[127.05787169991922,37.629684130296646],[127.05781830701672,37.6296517926266],[127.05767823455754,37.6295670952924],[127.05754250249231,37.62948409857993],[127.05748743227855,37.62945044612626],[127.05738630958604,37.6293833350876],[127.05719793903138,37.629260233290026],[127.05710645437266,37.62920435266682]]]]},"properties":{"name":"월계센트럴아이파크아파트","building_count":9,"max_floors":30,"address":"노원구 월계동 초안산로2라길 26","addresses":"노원구 월계동 초안산로2라길 26","pnu":"1135010200109510000","has_inner_roads":false}},{"type":"Feature","id":"apt.1135010200105560000","geometry":{"type":"MultiPolygon","coordinates":[[[[127.05226355373449,37.62946702558053],[127.0523239529522,37.62966071002496],[127.0525741846436,37.629639429025936],[127.05259400504303,37.62963293340192],[127.05283406961027,37.62948858255358],[127.05331656342092,37.62918330033371],[127.05348577166082,37.62929107310224],[127.05391226934347,37.629588657994944],[127.0539385775918,37.62962594683136],[127.054187053928,37.629365453330266],[127.05436645855168,37.62947195891053],[127.05483906105773,37.62896719818367],[127.05484440397069,37.628961483563536],[127.0548713449297,37.62893268511203],[127.05499074519231,37.62880504345281],[127.05453207907937,37.6285127926496],[127.05469995913018,37.62834603601047],[127.05485375351194,37.62844336242274],[127.05494256052599,37.628433771874825],[127.05508275600134,37.62852353591997],[127.05531197427946,37.62827368029467],[127.0553399778996,37.62814816115745],[127.05334045633228,37.626884351854464],[127.05189504803518,37.62595525725554],[127.05132018662403,37.626510684683595],[127.05119166790983,37.62659209727457],[127.0516983605376,37.62691470375036],[127.05203098308192,37.62712710282439],[127.05164767197653,37.62751189425495],[127.05160925356579,37.627488124721005],[127.05154756265502,37.62755905794389],[127.05075341581396,37.6283536049448],[127.05072838291927,37.62835757969372],[127.05077924143214,37.6285209059554],[127.0504977600732,37.62856237805343],[127.0505292125073,37.62867354579215],[127.05071882973527,37.62864454546504],[127.05077404593186,37.62888778672996],[127.05060470387492,37.628913715384655],[127.05069392963232,37.62919415294969],[127.05078234077055,37.629440804069525],[127.05205326374467,37.629249709640334],[127.05222803263177,37.6293742400357],[127.05223698987332,37.62938567861684],[127.05226355373449,37.62946702558053]],[[127.05279959193217,37.627617714832176],[127.05353840528934,37.62809067573989],[127.05374716332568,37.628221766068435],[127.05377258278567,37.6282848233421],[127.05395425291535,37.62839565326527],[127.05379621996859,37.628552764006415],[127.05375893298023,37.62852872438199],[127.05373583709316,37.62854855614006],[127.05271482318638,37.62789849670552],[127.05267101182773,37.62794059142423],[127.05254634787299,37.62786235032015],[127.05279959193217,37.627617714832176]]],[[[127.05060470387492,37.628913715384655],[127.05077404593186,37.62888778672996],[127.05071882973527,37.62864454546504],[127.0505292125073,37.62867354579215],[127.05054181606918,37.628717868718674],[127.05060470387492,37.628913715384655]]]]},"properties":{"name":"월계2단지주공(아)","building_count":34,"max_floors":15,"address":"노원구 월계동 초안산로1길 18","addresses":"노원구 월계동 초안산로1길 15, 노원구 월계동 초안산로1길 18","pnu":"1135010200105560000,1135010200105570000","has_inner_roads":true}},{"type":"Feature","id":"apt.1135010200109410000","geometry":{"type":"MultiPolygon","coordinates":[[[[127.0592201534121,37.62311951166515],[127.0592098863495,37.623099217611546],[127.05927593192007,37.62307808436066],[127.05933960961235,37.623056438674475],[127.05924473329843,37.62298665919223],[127.05913770074159,37.62291421866865],[127.05910939015845,37.62289531191295],[127.05899918516693,37.622821557380185],[127.058945704898,37.62278769756768],[127.05877158091415,37.622671429642224],[127.05872117579766,37.622659155711055],[127.05864964370029,37.62264510804806],[127.0585385998467,37.622628772930945],[127.05848863767314,37.62261794926383],[127.05845427625131,37.62261091117487],[127.05819050208598,37.62256091663284],[127.05814471627367,37.62263502618095],[127.0582599194456,37.62275863032292],[127.0582744523662,37.62277329128533],[127.05828871381753,37.622788456925136],[127.0583391292914,37.6228589703682],[127.05832149611726,37.622878683284426],[127.05836351136381,37.62289580869855],[127.05848703869131,37.622838248603514],[127.058544257763,37.622858474993166],[127.05859561694508,37.62294804359152],[127.05865029230551,37.62304862954293],[127.0587081280252,37.623149006710385],[127.05876671746451,37.62325714091739],[127.05877266218596,37.623269012945904],[127.05884858637198,37.62341112365226],[127.05893978903403,37.6235791931068],[127.05895109886272,37.62360031557604],[127.05899931284317,37.62369360656358],[127.05899566784477,37.62377039883285],[127.05907725575277,37.623764259435255],[127.05908738225368,37.62376378598633],[127.05916287700508,37.62375907304957],[127.05926269736412,37.623746545680646],[127.0593519729464,37.62373561812937],[127.05935814607365,37.62373509253576],[127.05937828447516,37.62373245180327],[127.0594007564547,37.62372993605995],[127.05951134903133,37.623717105873325],[127.05950727616714,37.62370904410704],[127.05945481002816,37.623611016262146],[127.05941163328484,37.623528453656355],[127.05936717955743,37.62344967577407],[127.05938042897182,37.62344475893931],[127.05937140885501,37.623425761700275],[127.05936919636936,37.62342109571016],[127.05935795154817,37.62342551602241],[127.0592201534121,37.62311951166515]]]]},"properties":{"name":"성북역신도브래뉴","building_count":5,"max_floors":15,"address":"노원구 월계동 광운로19길 38","addresses":"노원구 월계동 광운로19길 38","pnu":"1135010200109410000","has_inner_roads":false}},{"type":"Feature","id":"apt.1135010300103820014","geometry":{"type":"MultiPolygon","coordinates":[[[[127.07091139489964,37.62539916327506],[127.07096274975343,37.62532011717831],[127.07101817722508,37.62523539248989],[127.07107315221474,37.62515147892234],[127.07119224173653,37.624969798258064],[127.07101944924305,37.62489824525877],[127.07081943732412,37.62481538268195],[127.07071548179512,37.624851212566725],[127.07058326131344,37.625227629110135],[127.07057281068695,37.625257466652165],[127.0706849765858,37.62530406268375],[127.07080532475062,37.62535435682956],[127.07091139489964,37.62539916327506]]]]},"properties":{"name":"신명아파트","building_count":1,"max_floors":15,"address":"노원구 공릉동 동일로191길 36","addresses":"노원구 공릉동 동일로191길 36","pnu":"1135010300103820014","has_inner_roads":false}},{"type":"Feature","id":"apt.1135010200103820013","geometry":{"type":"MultiPolygon","coordinates":[[[[127.06077196057714,37.62398674650387],[127.06072872173476,37.62389940922511],[127.06070107836105,37.623894359586195],[127.06068364557241,37.62390916241247],[127.06067679097106,37.62399317318591],[127.0606796209332,37.62401930918487],[127.06077196057714,37.62398674650387]]]]},"properties":{"name":"삼능스페이스향","building_count":1,"max_floors":15,"address":"노원구 월계동 석계로18길 23","addresses":"노원구 월계동 석계로18길 23","pnu":"1135010200103820013","has_inner_roads":false}},{"type":"Feature","id":"apt.1135010200109400000","geometry":{"type":"MultiPolygon","coordinates":[[[[127.05841727220142,37.631130344601075],[127.05830535821043,37.63119295344704],[127.05819719431801,37.631256191069994],[127.05808556336312,37.631319051844315],[127.05797277585013,37.631380804862225],[127.0577476761739,37.63150444549309],[127.0577589698782,37.63151805389526],[127.05783154327672,37.63159487274458],[127.05783276626096,37.631594178407525],[127.05785835782385,37.631623997587425],[127.0578742114548,37.631615169438376],[127.05795767080815,37.63170534451923],[127.05794264414261,37.63171413624478],[127.0580232166376,37.631806682231186],[127.05805074501669,37.63183576163842],[127.05813021545731,37.631923794176075],[127.05801901489862,37.631987916043826],[127.05809302868148,37.63208086154876],[127.05811723804003,37.63211021282383],[127.05819285815227,37.63219971575644],[127.05827101521757,37.63228803713744],[127.05829792190636,37.63231859438799],[127.05837729155,37.63240709530896],[127.05845667258714,37.63249543399352],[127.05857410717194,37.63262755979339],[127.05860084302991,37.632626997266485],[127.05863427418248,37.632626296346295],[127.05863315007102,37.63254894790594],[127.05863401690628,37.632452948250325],[127.05862910666235,37.632402225548915],[127.05862742523351,37.63230718216123],[127.0586285186836,37.632285251819845],[127.05862839486055,37.63227148493111],[127.05862856379245,37.632225760199525],[127.05862717515261,37.632187631468724],[127.05862717114651,37.63213797855462],[127.05862649394261,37.63211167031479],[127.05862669426551,37.632092164036685],[127.05862806513565,37.63195901679179],[127.05862784150673,37.631933257928495],[127.05862883576731,37.63182612210828],[127.05862924296162,37.63178086576667],[127.05862976640267,37.63172467149064],[127.05863313730607,37.63165881734734],[127.05863454867507,37.63163783287695],[127.05864371144274,37.63150171763074],[127.05864676941005,37.63145627079784],[127.05864731862272,37.631448567166245],[127.05866089813567,37.63131060277016],[127.05867730640229,37.6313013688039],[127.05866209846386,37.631309926455046],[127.05866659528165,37.63122024988994],[127.05866761600115,37.63117734480025],[127.05866785048926,37.63117288484317],[127.05867303620347,37.63112479710958],[127.05868930411475,37.630976749450866],[127.05863675056995,37.631006651348],[127.05852809831221,37.631067555978206],[127.05841727220142,37.631130344601075]]]]},"properties":{"name":"동원베네스트","building_count":8,"max_floors":14,"address":"노원구 월계동 월계로53길 21","addresses":"노원구 월계동 월계로53길 21","pnu":"1135010200109400000","has_inner_roads":false}},{"type":"Feature","id":"apt.1135010300107500000","geometry":{"type":"MultiPolygon","coordinates":[[[[127.0726712446142,37.620219184797975],[127.0726436074833,37.6202319953753],[127.07261363180234,37.62032265203584],[127.07259649797557,37.6203744777217],[127.07256563002436,37.62046795497294],[127.07256340499283,37.62047468663359],[127.07252511627875,37.620590485615814],[127.07267421079236,37.62062172289048],[127.07271680924399,37.62063064393012],[127.07284879647453,37.62065822431489],[127.07289770789299,37.62063549004424],[127.07291193887046,37.62059241458949],[127.07293488916837,37.62052300721908],[127.0729760798374,37.620398394760514],[127.07299522377586,37.62034045915741],[127.07301178127727,37.620290345624795],[127.0726712446142,37.620219184797975]]]]},"properties":{"name":"녹주아파트","building_count":1,"max_floors":11,"address":"노원구 공릉동 동일로177길 29","addresses":"노원구 공릉동 동일로177길 29","pnu":"1135010300107500000","has_inner_roads":false}},{"type":"Feature","id":"apt.1135010300107140000","geometry":{"type":"MultiPolygon","coordinates":[[[[127.07082345347375,37.630605431568455],[127.07126742801339,37.63073265844031],[127.0712760335704,37.630728148460925],[127.07140398393732,37.630660499365696],[127.07152966581289,37.63059014854142],[127.07165296598845,37.630517186160326],[127.07177377117212,37.63044161229726],[127.07189208144376,37.63036351705759],[127.07320805112283,37.62946210668928],[127.07322525720723,37.629448401358985],[127.0732386095368,37.629432536019515],[127.07324833520109,37.62941505112146],[127.07325409486845,37.62939648745913],[127.07325566257909,37.62937747585555],[127.07325292548471,37.62935846686884],[127.07324599756558,37.62934018121233],[127.07323521911019,37.62932306916796],[127.07322070409727,37.629307851448296],[127.073203132493,37.62929479793255],[127.07318295795322,37.62928444893112],[127.0731607471573,37.62927707439222],[127.07295927913209,37.62922629123661],[127.07287055785649,37.629205622404974],[127.07278081991188,37.62918792735033],[127.07269017874425,37.62917338619772],[127.07259886082485,37.629161908710785],[127.07250697951237,37.62915358491763],[127.07235120305225,37.62914214599789],[127.07219915908257,37.629483347706625],[127.07185264284173,37.62938570846273],[127.0717689988789,37.62958388350159],[127.07134724621785,37.62946961943521],[127.07133398856116,37.62946602336487],[127.07082345347375,37.630605431568455]]]]},"properties":{"name":"삼익아파트","building_count":12,"max_floors":15,"address":"노원구 공릉동 동일로198가길 13","addresses":"노원구 공릉동 동일로198가길 13, 노원구 공릉동 동일로 1116","pnu":"1135010300107140000","has_inner_roads":false}},{"type":"Feature","id":"apt.1135010300107070000","geometry":{"type":"MultiPolygon","coordinates":[[[[127.06735177473175,37.63096736037737],[127.06737443129211,37.63096644675673],[127.06738587309738,37.63096626017498],[127.06740829512971,37.63095633689389],[127.06742403085144,37.630943714407664],[127.06742470890121,37.63094182197415],[127.06743410079957,37.630929473322986],[127.06743963975345,37.6309157753558],[127.06758515869859,37.63034222113647],[127.0675376904228,37.63034053584364],[127.06750083737317,37.63033923201741],[127.06729833258031,37.6303321012073],[127.06717777001411,37.630327843654705],[127.0670972892441,37.63032500527663],[127.06698087310295,37.6303209073946],[127.06693533078356,37.63031930187908],[127.06689470521943,37.63031786480802],[127.06689364030144,37.63031782935887],[127.06687547057003,37.63031933504811],[127.06673210639674,37.63033123520296],[127.06666803654957,37.63033655032761],[127.06661850021995,37.63034065909904],[127.06656889592116,37.63034477689693],[127.06649059836846,37.63035127103965],[127.06639946643905,37.63035883534243],[127.06628481801812,37.63036834057836],[127.0662507440664,37.630371170328054],[127.06590634550427,37.63039973957416],[127.06590043240676,37.63040023833866],[127.06567240400508,37.6304191569419],[127.0656436427386,37.63042154214838],[127.06546158240765,37.63043664223565],[127.06545210582178,37.63048268737528],[127.06553005836557,37.6304963399896],[127.06595776643482,37.63068891661176],[127.06597850507448,37.63069728438535],[127.06599845032498,37.63070520209952],[127.06601918788375,37.630712308496584],[127.06603493874196,37.63071698497446],[127.06735177473175,37.63096736037737]]]]},"properties":{"name":"공릉아파트","building_count":9,"max_floors":15,"address":"노원구 공릉동 동일로198가길 149","addresses":"노원구 공릉동 동일로198가길 149","pnu":"1135010300107070000","has_inner_roads":true}},{"type":"Feature","id":"apt.1135010200107740000","geometry":{"type":"MultiPolygon","coordinates":[[[[127.05200689492868,37.63695094889114],[127.0520239174959,37.636942364299465],[127.05206023189494,37.63686324291486],[127.05210518570308,37.63686034953283],[127.0521561892439,37.63685707512701],[127.05214836089523,37.636840950986496],[127.05214389856653,37.63680979709427],[127.05213982331688,37.63678140002724],[127.05219149822865,37.636632356142705],[127.05218910538257,37.63661226536817],[127.05224467315105,37.63660692572511],[127.05238962511535,37.63659298826691],[127.05229702437677,37.6360370348021],[127.05207887727943,37.63478512964346],[127.05206033065195,37.634667109475515],[127.05204608900567,37.634548817165566],[127.0520361522592,37.63443016261737],[127.05203040728323,37.634311416173915],[127.05202896832513,37.63419401935165],[127.0519815861353,37.63415520747018],[127.05122399991131,37.63414805090101],[127.0512838906692,37.63442705855523],[127.05127703980483,37.634516979049245],[127.05129697345056,37.634678155603666],[127.05125687122292,37.635193081403344],[127.05120258368981,37.63533311623678],[127.05119311453906,37.63540447767052],[127.0511473630608,37.63543323811543],[127.05108370175853,37.63544786071441],[127.05101937489295,37.63548392683112],[127.05092190252991,37.63559496815055],[127.05092069214358,37.63564911742486],[127.050845683472,37.635636895505925],[127.05074316550974,37.6356566697311],[127.05065753523394,37.63568697827625],[127.05057267479019,37.6356820582064],[127.05045857795757,37.63566714935096],[127.05032327976937,37.635628643536826],[127.05026264235299,37.63559010674958],[127.05010694219989,37.63553728356512],[127.05005541036259,37.63556316283701],[127.05001013388737,37.63562633999825],[127.05001037985339,37.63565616226332],[127.05006438841,37.63595427361166],[127.05023488810059,37.63594140945924],[127.05029857743486,37.6359687728723],[127.05040122074674,37.635966568049135],[127.05040595982872,37.63597171967872],[127.05043625369814,37.63600466489102],[127.05057294182578,37.6360538285621],[127.05070845159636,37.6361025781158],[127.05100911904464,37.636077675506435],[127.05109774077546,37.63611583976082],[127.05119120422249,37.63610886292505],[127.05131075318407,37.636143500182904],[127.05133935625186,37.63622259395553],[127.05135795296377,37.63624709269664],[127.05138632333015,37.636316906484225],[127.0514500515666,37.63640130114661],[127.05142982664839,37.63648338877172],[127.05147330265835,37.636608786468024],[127.05150613651563,37.63674536077733],[127.05156225492567,37.63680065701838],[127.05165733747009,37.636841521040125],[127.05173891766815,37.63685229807931],[127.05177531205679,37.63689156520908],[127.05181887764641,37.63698056323531],[127.05187517733619,37.636968105731306],[127.05195630287604,37.636976450174366],[127.05200689492868,37.63695094889114]]]]},"properties":{"name":"청백아파트","building_count":1,"max_floors":15,"address":"노원구 월계동 초안산로 89","addresses":"노원구 월계동 초안산로 89","pnu":"1135010200107740000","has_inner_roads":true}},{"type":"Feature","id":"apt.1135010400102730000","geometry":{"type":"MultiPolygon","coordinates":[[[[127.06629925216907,37.63452068017478],[127.06632401002786,37.63458995178359],[127.06732550866916,37.635226028477106],[127.06766722922568,37.63538540057844],[127.06799846565059,37.63560171938759],[127.06812384659648,37.6355620957576],[127.06827343570576,37.63522828904948],[127.06843703862917,37.634983851191016],[127.06864530600411,37.6345189184003],[127.06866557334845,37.634379705777015],[127.06879525849953,37.634090417979394],[127.0688931432493,37.6339658469702],[127.06952029505415,37.632565997903995],[127.06804478462021,37.63214977614564],[127.06756726722475,37.63201516793767],[127.0674384261233,37.63197875036084],[127.06629925216907,37.63452068017478]]]]},"properties":{"name":"장미아파트","building_count":26,"max_floors":15,"address":"노원구 하계동 섬밭로 196","addresses":"노원구 하계동 섬밭로 196, 노원구 하계동 섬밭로 190","pnu":"1135010400102730000","has_inner_roads":true}},{"type":"Feature","id":"apt.1135010300106900016","geometry":{"type":"MultiPolygon","coordinates":[[[[127.07252178009676,37.61708207023299],[127.07247350373245,37.61729400990033],[127.07265447117956,37.61732012850298],[127.07270058126801,37.617117551257685],[127.07270269049123,37.617108269885414],[127.07252178009676,37.61708207023299]]],[[[127.07247350373245,37.61729400990033],[127.07242432515639,37.61751036488705],[127.07260523646906,37.6175364745879],[127.07265447117956,37.61732012850298],[127.07247350373245,37.61729400990033]]]]},"properties":{"name":"탑스빌 아파트","building_count":2,"max_floors":15,"address":"노원구 공릉동 섬밭로 5","addresses":"노원구 공릉동 섬밭로 5","pnu":"1135010300106900016,1135010300106900024","has_inner_roads":false}},{"type":"Feature","id":"apt.1135010200105810000","geometry":{"type":"MultiPolygon","coordinates":[[[[127.05499074519231,37.62880504345281],[127.05518985788733,37.62859214184918],[127.05516231737985,37.62857449518545],[127.05508275600134,37.62852353591997],[127.05494256052599,37.628433771874825],[127.05485375351194,37.62844336242274],[127.05469995913018,37.62834603601047],[127.05453207907937,37.6285127926496],[127.05499074519231,37.62880504345281]]]]},"properties":{"name":"월계2단지주공아파트","building_count":1,"max_floors":0,"address":"노원구 월계동 초안산로 7","addresses":"노원구 월계동 초안산로 7","pnu":"1135010200105810000","has_inner_roads":false}},{"type":"Feature","id":"apt.1135010200105820000","geometry":{"type":"MultiPolygon","coordinates":[[[[127.0539385775918,37.62962594683136],[127.05405900879487,37.629800322754136],[127.05436645855168,37.62947195891053],[127.054187053928,37.629365453330266],[127.0539385775918,37.62962594683136]]]]},"properties":{"name":"월계4지구주공아파트","building_count":1,"max_floors":4,"address":"노원구 월계동 초안산로 19","addresses":"노원구 월계동 초안산로 19","pnu":"1135010200105820000","has_inner_roads":false}},{"type":"Feature","id":"apt.1135010300106900002","geometry":{"type":"MultiPolygon","coordinates":[[[[127.07218493253288,37.61900217165273],[127.0722685826315,37.61901537495429],[127.07239295429157,37.61846920713324],[127.07248860600136,37.61804893238504],[127.07249672749477,37.61801342887107],[127.07255605811618,37.61775282962035],[127.07260523646906,37.6175364745879],[127.07242432515639,37.61751036488705],[127.07227252725214,37.6174882918704],[127.07220522620065,37.617478259237565],[127.07219515073386,37.61759150050467],[127.07218857161276,37.61766506950343],[127.07216912926444,37.61798218122544],[127.07216335086846,37.61810003292743],[127.07216310223596,37.618112592743614],[127.07216336095358,37.61812266555003],[127.07216523372351,37.61817463298041],[127.07216936175287,37.61834761874914],[127.07217225198198,37.61846933947004],[127.07218493253288,37.61900217165273]]]]},"properties":{"name":"삼익아파트","building_count":5,"max_floors":21,"address":"노원구 공릉동 섬밭로 17","addresses":"노원구 공릉동 섬밭로 17, 노원구 공릉동 섬밭로 19","pnu":"1135010300106900002","has_inner_roads":false}},{"type":"Feature","id":"apt.1135010300106090003","geometry":{"type":"MultiPolygon","coordinates":[[[[127.07276706414622,37.618929472922794],[127.07277829068819,37.61889557126513],[127.07281614911015,37.618781223006046],[127.0728201472872,37.618769156463856],[127.07256705508424,37.61871579087179],[127.07256584816403,37.61872109837263],[127.0725297079507,37.61887980978994],[127.0725111414823,37.61896135066871],[127.07274074872693,37.619009315662126],[127.07276706414622,37.618929472922794]]],[[[127.07256705508424,37.61871579087179],[127.0728201472872,37.618769156463856],[127.07285404112139,37.618666586398625],[127.07287311693275,37.618608840045376],[127.07274124658508,37.61858125960618],[127.07260418772861,37.61855270007626],[127.0725719842932,37.61869412833664],[127.07256705508424,37.61871579087179]]]]},"properties":{"name":"동아하이빌아파트","building_count":2,"max_floors":7,"address":"노원구 공릉동 섬밭로 22","addresses":"노원구 공릉동 섬밭로 22","pnu":"1135010300106090003,1135010300106090057","has_inner_roads":false}},{"type":"Feature","id":"apt.1135010300107510000","geometry":{"type":"MultiPolygon","coordinates":[[[[127.07198345942928,37.621172392877355],[127.07195808413044,37.621277930799145],[127.07196843061051,37.62123492985957],[127.07197841376563,37.6212510514408],[127.07195133446554,37.62136341980506],[127.07188995437251,37.621618073347854],[127.0719088961208,37.62164482115424],[127.07213571289714,37.621692257386016],[127.07222796915148,37.621711528163445],[127.0722501410184,37.621716154923035],[127.07226242223201,37.62171873337381],[127.07239631459565,37.62174672756749],[127.0724341300406,37.6216327038644],[127.07243084445068,37.621631985054805],[127.07246122754474,37.62154015694186],[127.07245862176455,37.621539617920355],[127.0725027840077,37.62140570574889],[127.0724426244584,37.62139312820034],[127.07246024553228,37.621341131066586],[127.07249469658684,37.621239119421595],[127.07252801602863,37.621138369817615],[127.07253016862221,37.62113881901235],[127.07255253241786,37.62107150234902],[127.07253939032408,37.62106880731879],[127.07243851307803,37.621047721983985],[127.07244432751558,37.62103958264037],[127.07245302461341,37.6210134489934],[127.07249391153384,37.62088990005213],[127.07252243897968,37.620895865398985],[127.07260256057708,37.62091262945264],[127.07263215250008,37.6208231443092],[127.072520784552,37.620799875983415],[127.07256268742653,37.620672902678464],[127.07249550427784,37.62065888781498],[127.07216604646791,37.620589980331594],[127.0721180422171,37.62061397512857],[127.07210744755545,37.62065786820449],[127.07210596948728,37.62066398674309],[127.07209720276167,37.62070042761941],[127.07204684681705,37.62090899856111],[127.07201333652246,37.62104812989501],[127.07198345942928,37.621172392877355]]]]},"properties":{"name":"대주파크빌","building_count":2,"max_floors":19,"address":"노원구 공릉동 섬밭로 52","addresses":"노원구 공릉동 섬밭로 52","pnu":"1135010300107510000","has_inner_roads":true}},{"type":"Feature","id":"apt.1135010300104920001","geometry":{"type":"MultiPolygon","coordinates":[[[[127.07152321068043,37.62382793525443],[127.07155913066572,37.62371944501034],[127.07159064505156,37.62362401256369],[127.07161537076271,37.62354909944537],[127.07161967431819,37.62353605971413],[127.07163865069656,37.62347865603889],[127.07165228428195,37.62343739208046],[127.07171278244742,37.62325430407813],[127.07175058802173,37.62313991122695],[127.07181698197917,37.62293912441194],[127.07141040497672,37.62285408817782],[127.07133768940919,37.622885449275856],[127.07128129045206,37.62301927811509],[127.07120680742288,37.623196094334865],[127.07114464373491,37.6233436213965],[127.07110605791036,37.62350918114257],[127.07109488836909,37.62355718291223],[127.07108773523785,37.62358781142609],[127.0710650348959,37.62368519367094],[127.07110887955875,37.62374124479324],[127.07143048744166,37.62380853807347],[127.07152321068043,37.62382793525443]]]]},"properties":{"name":"대아아파트","building_count":3,"max_floors":20,"address":"노원구 공릉동 동일로183길 34","addresses":"노원구 공릉동 섬밭로 78, 노원구 공릉동 동일로183길 34","pnu":"1135010300104920001","has_inner_roads":false}},{"type":"Feature","id":"apt.1135010300107150000","geometry":{"type":"MultiPolygon","coordinates":[[[[127.06835624815285,37.62851793569427],[127.06841488438269,37.62848100738418],[127.06855837816101,37.62839062984943],[127.06859999741206,37.62836442375174],[127.06862202978435,37.62835054516024],[127.06863159676988,37.62834452118068],[127.06893644064337,37.627842502156234],[127.06896686547795,37.62778932701168],[127.06899411748101,37.62773516259617],[127.06901819665839,37.62768000891187],[127.06903898989752,37.62762404622128],[127.0690566105682,37.627567364559056],[127.06929181149827,37.62672499448548],[127.06931496515071,37.62664920884061],[127.06934219757665,37.62657423172734],[127.06937316908855,37.62650024353399],[127.06940787975846,37.62642733435555],[127.06944644293866,37.626355594221366],[127.0694887455042,37.62628520338885],[127.06953456096987,37.62621625208233],[127.06958388949279,37.626148920493634],[127.06982081442098,37.62584028830976],[127.06983686173777,37.62579842853376],[127.06987992950995,37.62568611454557],[127.06990871282846,37.62561101926385],[127.06996896893246,37.62545386254634],[127.06969770349964,37.62574188246715],[127.06934987399984,37.62604625350923],[127.0689898949962,37.62632215951605],[127.06885393398161,37.62641972312166],[127.06826766476368,37.62687550114905],[127.06735365694784,37.627578417879405],[127.06737812888076,37.62758191804224],[127.06745641126786,37.627587280200785],[127.0675862288446,37.627583603675895],[127.06762403524455,37.62758845679977],[127.06774710715908,37.627604236013134],[127.06782211242978,37.62761860955814],[127.06786726775938,37.627670967097],[127.06786871925564,37.6276726421018],[127.06784633629577,37.62785285047955],[127.06791607043417,37.62799032768051],[127.06791692154977,37.62799201203224],[127.06793388333482,37.62808498351288],[127.06793393021897,37.62808674940517],[127.06793493494227,37.62812102207786],[127.06801738382097,37.62823756231583],[127.06803231061751,37.62825865482914],[127.06803293445896,37.62825953743681],[127.0680925718451,37.628316355575045],[127.06816491690526,37.6283700851585],[127.06816591445384,37.62837082339777],[127.06825398960338,37.62843160771528],[127.06831644709933,37.62847471124542],[127.06835624815285,37.62851793569427]]]]},"properties":{"name":"공릉아파트","building_count":13,"max_floors":15,"address":"노원구 공릉동 섬밭로 123","addresses":"노원구 공릉동 섬밭로 123, 노원구 공릉동 섬밭로 125","pnu":"1135010300107150000","has_inner_roads":true}},{"type":"Feature","id":"apt.1135010300107270000","geometry":{"type":"MultiPolygon","coordinates":[[[[127.06883618766135,37.62842217714329],[127.06880871202314,37.6284674309627],[127.06879712907,37.62848654732872],[127.06879683995875,37.62849256603231],[127.06879578424184,37.628515280311134],[127.06969905563082,37.62877264905185],[127.0697634838925,37.628628265992205],[127.069736121069,37.628610496491355],[127.06971075333452,37.628594140367966],[127.06966080709724,37.62855728314626],[127.06961717099759,37.62852066552619],[127.06961386060077,37.62851789242165],[127.06957010668081,37.62847624738988],[127.06953353691753,37.6284367605503],[127.06952967015236,37.628432573227215],[127.06949292488743,37.62838691477063],[127.06947386854759,37.62835966212536],[127.06945988239907,37.62833947924203],[127.06943063352188,37.62829050084676],[127.0693047493009,37.62806110290868],[127.06929340598822,37.628044504382544],[127.06927834854208,37.62802958380878],[127.06926063127383,37.62801720552058],[127.06924027683955,37.62800736950372],[127.06923183498857,37.62800481556788],[127.06921796543014,37.628000624963775],[127.06919459197336,37.62799697138647],[127.0691850420253,37.62799669755947],[127.06917084759436,37.627996525502134],[127.06916060801261,37.627997783732695],[127.06914728749565,37.62799942213926],[127.06913546374047,37.62800264540961],[127.06912474987317,37.62800556171007],[127.0691040275371,37.628014763565254],[127.069099680034,37.628017568099615],[127.0690854600879,37.6280267572177],[127.06907663145549,37.62803492514147],[127.06906995337549,37.628041091660336],[127.06905773355723,37.62805731627546],[127.06904997398654,37.62807014164635],[127.06903918295998,37.62808796017452],[127.06883618766135,37.62842217714329]]]]},"properties":{"name":"풍림아파트","building_count":2,"max_floors":18,"address":"노원구 공릉동 섬밭로 134","addresses":"노원구 공릉동 섬밭로 134","pnu":"1135010300107270000","has_inner_roads":false}},{"type":"Feature","id":"apt.1135010300107250000","geometry":{"type":"MultiPolygon","coordinates":[[[[127.06816591445384,37.62837082339777],[127.06815766395033,37.62839227135447],[127.06808333576718,37.628375915489464],[127.0680972309833,37.628332660664285],[127.06795899873016,37.62830210529162],[127.0679456685707,37.6283439182165],[127.06791685527064,37.62842691458705],[127.0678771978916,37.62854496512548],[127.06787540410406,37.628566049039314],[127.06788391820216,37.62858613607967],[127.06790149127438,37.62860207352099],[127.06792528915952,37.62861152040916],[127.06831845886107,37.628697341979354],[127.06834836840255,37.62870038837252],[127.06837815877192,37.62869685768019],[127.06840556445655,37.628686931382326],[127.06842843379471,37.628671421581544],[127.06844518186868,37.62865150045187],[127.0684731215368,37.628605444584],[127.06838594211511,37.62853332561044],[127.06835624815285,37.62851793569427],[127.06831644709933,37.62847471124542],[127.06825398960338,37.62843160771528],[127.06816591445384,37.62837082339777]]],[[[127.06546158240765,37.63043664223565],[127.06590337763086,37.630399993467535],[127.06590634550427,37.63039973957416],[127.0662507440664,37.630371170328054],[127.06628481801812,37.63036834057836],[127.06633168103392,37.63036445865998],[127.06682038366117,37.630323906477464],[127.06687547057003,37.63031933504811],[127.06689364030144,37.63031782935887],[127.06689470521943,37.63031786480802],[127.06691291082244,37.630318512434776],[127.06702245029479,37.63032237093708],[127.0670972892441,37.63032500527663],[127.06717777001411,37.630327843654705],[127.0672350944407,37.630329865975696],[127.06738814841088,37.630335267599875],[127.06750083737317,37.63033923201741],[127.0675376904228,37.63034053584364],[127.06761672163002,37.63016480077636],[127.0676482846515,37.629987650696044],[127.06768402505887,37.62992248990613],[127.06768440909438,37.6299212103011],[127.06773779166345,37.62974532734291],[127.06779543874849,37.62957537040007],[127.06782148268412,37.62949860139413],[127.06791105982317,37.62923451921362],[127.06794354381758,37.629138762930374],[127.06799573821277,37.62910557752005],[127.06809995205228,37.62909722976129],[127.06819538699088,37.629026178748546],[127.06822958123355,37.62900660818317],[127.06844518186868,37.62865150045187],[127.06842843379471,37.628671421581544],[127.06840556445655,37.628686931382326],[127.06837815877192,37.62869685768019],[127.06834836840255,37.62870038837252],[127.06831845886107,37.628697341979354],[127.06792528915952,37.62861152040916],[127.06790149127438,37.62860207352099],[127.06788391820216,37.62858613607967],[127.06787540410406,37.628566049039314],[127.0678771978916,37.62854496512548],[127.06791685527064,37.62842691458705],[127.0679456685707,37.6283439182165],[127.06795899873016,37.62830210529162],[127.0680972309833,37.628332660664285],[127.06808333576718,37.628375915489464],[127.06815766395033,37.62839227135447],[127.06816591445384,37.62837082339777],[127.06816491690526,37.6283700851585],[127.0680925718451,37.628316355575045],[127.06803293445896,37.62825953743681],[127.06802995137576,37.62825533154676],[127.06801738382097,37.62823756231583],[127.06793493494227,37.62812102207786],[127.06793393021897,37.62808674940517],[127.06793388333482,37.62808498351288],[127.06791692154977,37.62799201203224],[127.06784633629577,37.62785285047955],[127.06786871925564,37.6276726421018],[127.06786726775938,37.627670967097],[127.06782211242978,37.62761860955814],[127.06774710715908,37.627604236013134],[127.06762403524455,37.62758845679977],[127.0675862288446,37.627583603675895],[127.06745641126786,37.627587280200785],[127.06737812888076,37.62758191804224],[127.06735365694784,37.627578417879405],[127.06725973449232,37.627564865457785],[127.06714570585027,37.62761718571004],[127.06700277781303,37.627694145647894],[127.06698172864864,37.62770547362276],[127.06697903381321,37.627706925693815],[127.0668823681388,37.62779492383485],[127.06674540583676,37.62791959599993],[127.06674377599872,37.6279212276727],[127.06654133556403,37.62812341995985],[127.06653975101432,37.62812503358521],[127.06593569308477,37.62874020187165],[127.06593503660868,37.62874085994455],[127.06591038468679,37.6287654521014],[127.06588929810913,37.62878648344183],[127.06577078070818,37.62890472041397],[127.06576898177818,37.62890737027116],[127.06577012548554,37.62890683807091],[127.0657325617637,37.628960854177336],[127.06561724837408,37.62913022880378],[127.06545231561175,37.629537290375865],[127.0653964577224,37.62965967353371],[127.065392067217,37.62969193094741],[127.06531338791135,37.62988730568512],[127.06528559042656,37.62997003054981],[127.0652142742336,37.63029829557763],[127.06522036356255,37.63039810269857],[127.06529571364798,37.63041555900236],[127.06534975697593,37.63042246731639],[127.06546158240765,37.63043664223565]]]]},"properties":{"name":"풍림아파트","building_count":16,"max_floors":20,"address":"노원구 공릉동 섬밭로 139","addresses":"노원구 공릉동 섬밭로 139","pnu":"1135010300107250000,1135010300107260000","has_inner_roads":true}},{"type":"Feature","id":"apt.1135010300107080000","geometry":{"type":"MultiPolygon","coordinates":[[[[127.07016528866684,37.63112910458677],[127.07094139462242,37.62939832118964],[127.07093419369151,37.62932949065205],[127.0709457248046,37.62930380597477],[127.07062447997478,37.62921326598147],[127.07024623931969,37.62910672089901],[127.0700861275562,37.629061584908],[127.06962777621308,37.62893246979397],[127.06931619863865,37.62962874538655],[127.06960594250796,37.62971056762194],[127.06951131643912,37.629922892752546],[127.06960254327494,37.63008240346715],[127.0695193353578,37.63026922430865],[127.06941809276469,37.630307574196856],[127.06896811845829,37.63017890221924],[127.06888657691387,37.63020561776568],[127.06851286625071,37.63010032592985],[127.06859992050394,37.6299049443083],[127.06808706273291,37.6297604474665],[127.068059046298,37.62984821858921],[127.06803465548607,37.62993661834539],[127.0677700411847,37.63098028057345],[127.0677684673253,37.63099397632993],[127.06777074521774,37.63100766992391],[127.06777664765067,37.631020640699866],[127.06778594749203,37.631032258100014],[127.06779955135806,37.63104288200557],[127.06781190579096,37.63104981259982],[127.06782992417152,37.63105628952076],[127.0681632706552,37.631119260317085],[127.06823918470765,37.631132371703984],[127.0683655199943,37.63115491476358],[127.06849275882419,37.631174303750385],[127.06862056148258,37.63119071905046],[127.06874904099816,37.631203890303986],[127.06887785773705,37.63121408799628],[127.06900712472675,37.631221041768],[127.06913650225225,37.63122493200811],[127.06926599021591,37.63122566861841],[127.06939547531411,37.63122325166373],[127.06952473095616,37.63121768127469],[127.06965375720799,37.631209047549845],[127.06978244068421,37.63119726045766],[127.06991055479455,37.63118232013058],[127.07003809960575,37.63116431666828],[127.07011047985868,37.63115319258291],[127.07012667849925,37.6311516515026],[127.07014185465641,37.63114695759012],[127.070155102115,37.63113920147084],[127.07016528866684,37.63112910458677]]]]},"properties":{"name":"공릉아파트","building_count":23,"max_floors":15,"address":"노원구 공릉동 동일로 1127","addresses":"노원구 공릉동 섬밭로 152, 노원구 공릉동 섬밭로 156, 노원구 공릉동 동일로 1127","pnu":"1135010300107080000","has_inner_roads":true}},{"type":"Feature","id":"apt.1135010400102720000","geometry":{"type":"MultiPolygon","coordinates":[[[[127.06454053622969,37.63340551000816],[127.06461199293172,37.63345087211016],[127.06484259432698,37.633649234059995],[127.0650235042768,37.633764011541594],[127.06517876270752,37.63382222116349],[127.06549932454313,37.63402566882379],[127.06561395936045,37.63413876945028],[127.06600208269397,37.63438497546865],[127.06613279603799,37.63435535188785],[127.06685362426323,37.63274688928384],[127.06576589352008,37.632439622261536],[127.06507239756733,37.6322436746377],[127.06505564870815,37.63226467645144],[127.06499453255162,37.63233498564959],[127.06499283475127,37.63233678851941],[127.064933567244,37.632582967646826],[127.06482701753293,37.63278196085265],[127.06474183652156,37.63293075802348],[127.06466088396422,37.632989455048936],[127.06458078286983,37.633090641693805],[127.06454653783646,37.633133906942035],[127.06445389723189,37.63325093939128],[127.06440580702971,37.63331997995565],[127.06445200893063,37.63334930919138],[127.06445730242635,37.633352667016496],[127.06448329152495,37.633326128355506],[127.06456730634368,37.63337816904127],[127.06454053622969,37.63340551000816]]]]},"properties":{"name":"시영5단지아파트","building_count":16,"max_floors":5,"address":"노원구 하계동 섬밭로 201","addresses":"노원구 하계동 섬밭로 201","pnu":"1135010400102720000","has_inner_roads":true}},{"type":"Feature","id":"apt.1135010400102710003","geometry":{"type":"MultiPolygon","coordinates":[[[[127.06495045775827,37.63699378600368],[127.06595413894962,37.63475404222107],[127.0659292680092,37.63468468050042],[127.06460949541543,37.63384685331276],[127.06431210412465,37.63370997317995],[127.06425894226722,37.63367621477997],[127.06371474918818,37.63442386414154],[127.06367163174637,37.63448010788516],[127.06362545407549,37.63453482156078],[127.06357621602177,37.634587824969266],[127.06352403072475,37.63463893785179],[127.06346901154947,37.63468825024282],[127.06341138492998,37.63473558182407],[127.06316479327013,37.63492870037562],[127.06311441218206,37.63497017166824],[127.06306652496845,37.63501344359407],[127.063021244849,37.635058425999325],[127.06297868511828,37.63510511882791],[127.0629388456303,37.635153341887275],[127.06290206619333,37.63520300490554],[127.06286812007673,37.63525392780787],[127.06269399073025,37.635533411434565],[127.0625408521919,37.63571431697038],[127.06227937348535,37.635997449014866],[127.06212794528992,37.636194210327986],[127.0632579856127,37.63651437252618],[127.06381451021613,37.636672021404905],[127.06495045775827,37.63699378600368]]]]},"properties":{"name":"극동아파트","building_count":4,"max_floors":15,"address":"노원구 하계동 섬밭로 229","addresses":"노원구 하계동 섬밭로 229","pnu":"1135010400102710003","has_inner_roads":true}},{"type":"Feature","id":"apt.1135010200104830000","geometry":{"type":"MultiPolygon","coordinates":[[[[127.06202405156303,37.61642868958992],[127.06194674572657,37.616369453674366],[127.06191639455389,37.616346097770275],[127.06188840004614,37.61632365965313],[127.06179425391409,37.61625277355851],[127.06158679571496,37.6160942436451],[127.06137856911946,37.6160640314393],[127.06133674812435,37.61605923239659],[127.06121216826645,37.61605854766066],[127.06117282228784,37.61606106327204],[127.06113294004824,37.61608704969109],[127.06112494555094,37.61608950439686],[127.06101243056563,37.61609167847488],[127.06098291355853,37.61609125187031],[127.06085896284644,37.61608416948086],[127.06085772632642,37.61608172844459],[127.06077166239047,37.61608874527719],[127.06072105799086,37.616105646043486],[127.06068359012465,37.61611989131955],[127.06057965470411,37.6161147176901],[127.0605661698469,37.6161209412052],[127.06046053271716,37.6161696830129],[127.06044280407393,37.61618053066464],[127.0603654439281,37.61623731303341],[127.06025813867724,37.616239249539504],[127.06018625577052,37.61626138635333],[127.05991689911161,37.61646122233071],[127.05990788684724,37.616523790892515],[127.06008319985608,37.61665576978115],[127.06032691789,37.61683531314956],[127.06043602268748,37.61691668936598],[127.06050834569464,37.6168200861289],[127.06054991155872,37.61674524790852],[127.06058244348496,37.6166906772503],[127.06062780799935,37.616650038327705],[127.06068113856176,37.61659960173388],[127.0607223708973,37.61656161372912],[127.06077074352315,37.61650092642039],[127.06084989628022,37.616447999084926],[127.06089909268854,37.61641218738684],[127.0609815445628,37.61637762929996],[127.06106565798808,37.61633885372704],[127.0611129837987,37.6163294776586],[127.06119039926962,37.61631417592739],[127.06130660739149,37.61631247732856],[127.06133519417402,37.61631097622477],[127.06138986413423,37.61629328027028],[127.0614156715982,37.61628638368211],[127.06147655434151,37.61629017292539],[127.06152021972487,37.61629252932277],[127.06157927310021,37.616303166896955],[127.06169950987783,37.61632518868438],[127.06177352140526,37.61634471121273],[127.06178801581106,37.61641058352419],[127.0618707787614,37.616425092068845],[127.06196660736147,37.61641925872862],[127.06202405156303,37.61642868958992]]],[[[127.06129564475819,37.619724171686194],[127.06143577039236,37.61972366815578],[127.06143927284054,37.619684329580195],[127.0612552328335,37.61964263541702],[127.06131005781108,37.61949011674356],[127.06136127511154,37.619373143542774],[127.06152567901731,37.61915376145576],[127.06154161516316,37.61911050629588],[127.06164837802575,37.61890818185966],[127.0617587642867,37.6188455074299],[127.06184163373524,37.61879221716049],[127.0619879435635,37.61875159816713],[127.06200447182444,37.618740597736455],[127.06218694293796,37.617480843260864],[127.06214723864346,37.6174056317858],[127.06192189116406,37.617190322874286],[127.06223912964457,37.61688788107227],[127.06229312335323,37.61670702645645],[127.06232501372475,37.61664511265552],[127.06202405156303,37.61642868958991],[127.06196660736147,37.61641925872862],[127.0618707787614,37.616425092068845],[127.06178801581106,37.61641058352419],[127.06177352140526,37.61634471121273],[127.06169950987783,37.61632518868438],[127.06157927310021,37.616303166896955],[127.06152021972487,37.61629252932278],[127.06147655434151,37.61629017292539],[127.0614156715982,37.61628638368211],[127.06138986413423,37.61629328027026],[127.06133519417402,37.61631097622477],[127.06130660739149,37.61631247732856],[127.06119039926962,37.61631417592739],[127.0611129837987,37.61632947765859],[127.06106565798808,37.61633885372703],[127.0609815445628,37.61637762929996],[127.06089909268853,37.61641218738684],[127.06084989628022,37.616447999084926],[127.06077074352315,37.616500926420386],[127.0607223708973,37.61656161372915],[127.06068113856176,37.61659960173388],[127.06062780799935,37.61665003832771],[127.06058244348496,37.61669067725027],[127.06054991155878,37.616745247908526],[127.06050834569463,37.61682008612891],[127.06043602268748,37.61691668936598],[127.06052693832889,37.616999417037405],[127.06067785037838,37.61712419037416],[127.0609326622247,37.61733484678499],[127.06095661915336,37.61733627629078],[127.0609737581661,37.6173385921876],[127.06106218570115,37.61733940353765],[127.06125949129566,37.61740512946816],[127.06147225298476,37.61757735213099],[127.06159058528911,37.617594879098384],[127.06159812728168,37.61766333176214],[127.0615772859856,37.61771937435051],[127.06151129859732,37.617749825016205],[127.06144343403345,37.61774180472898],[127.06140939853204,37.617715008825115],[127.0613632413463,37.61769963448223],[127.0613392459726,37.61766450840595],[127.06118892416514,37.617614931467074],[127.0611410279976,37.61763446190327],[127.0610554122231,37.61760912450306],[127.06098415221052,37.61761830538332],[127.06090416730135,37.61760902951946],[127.06089820559924,37.61760414920456],[127.06063534852203,37.61773370702412],[127.06032172410623,37.61789180559566],[127.06013129624652,37.61798850345599],[127.06030376258563,37.61811096003269],[127.06054607744,37.618285512169365],[127.06065805473354,37.61838682542015],[127.06089205408088,37.61859988890736],[127.0609530579234,37.61865387197625],[127.06116543844021,37.61879909296458],[127.06122124225712,37.61883720324673],[127.06124593488637,37.61887982514362],[127.06137149462178,37.61888183378627],[127.06129733077076,37.619113657580925],[127.06114960695741,37.619427471678705],[127.06114905125095,37.61945497888754],[127.06115629369174,37.61955992141001],[127.06115947921958,37.61956324441736],[127.06113165316103,37.619724651068914],[127.06129564475819,37.619724171686194]],[[127.06125951661338,37.618003092226424],[127.06131033440026,37.61816636019526],[127.06129184252636,37.61825712532539],[127.06106080641736,37.618180721843785],[127.06125951661338,37.618003092226424]],[[127.06075018212748,37.616610351841295],[127.06086362693894,37.61673678353218],[127.06065635346286,37.616724904533946],[127.06075018212748,37.616610351841295]]]]},"properties":{"name":"동신아파트","building_count":12,"max_floors":12,"address":"노원구 월계동 광운로2나길 30","addresses":"노원구 월계동 광운로2나길 30","pnu":"1135010200104830000,1135010200201900000","has_inner_roads":true}},{"type":"Feature","id":"apt.1135010200104480003","geometry":{"type":"MultiPolygon","coordinates":[[[[127.0607766305602,37.61896675405466],[127.06081020491467,37.61895442079001],[127.06092439478151,37.618873752651965],[127.06124593488637,37.61887982514363],[127.06122124225712,37.61883720324672],[127.06116543844021,37.61879909296458],[127.06095305792344,37.618653871976235],[127.06089205408088,37.618599888907376],[127.06065805473354,37.61838682542015],[127.06054607744,37.61828551216936],[127.06030376258563,37.61811096003269],[127.06013129624652,37.617988503456],[127.05961433069793,37.61821760811935],[127.0592433608267,37.618383714715655],[127.05931871389006,37.61843712399465],[127.05941065066362,37.6184920567579],[127.0594538734239,37.61852090296039],[127.05964928614019,37.61862641078379],[127.05984500793518,37.61873537789346],[127.06002250383933,37.618726685674176],[127.06074529867708,37.61897878886084],[127.0607766305602,37.61896675405466]]]]},"properties":{"name":"","building_count":5,"max_floors":12,"address":"노원구 월계동 광운로2나길 50","addresses":"노원구 월계동 광운로2나길 50","pnu":"1135010200104480003","has_inner_roads":true}},{"type":"Feature","id":"apt.1135010300107380000","geometry":{"type":"MultiPolygon","coordinates":[[[[127.0732888713262,37.62892327228202],[127.07329790768031,37.6288958770311],[127.07341692804074,37.628535980669895],[127.07343650296518,37.62847677443225],[127.07345896951263,37.62840886297231],[127.07344355112907,37.62838475316706],[127.07329691911869,37.62833907272316],[127.07324411358974,37.628322707015734],[127.07311311958559,37.628281972220584],[127.07293759237695,37.62822738916564],[127.07287424853891,37.62820769604797],[127.07275617301377,37.62817100744836],[127.07254030577734,37.628103834442186],[127.07214511729323,37.6281610134911],[127.07210571080829,37.62841736555897],[127.07210199530512,37.62844151401465],[127.07209407311083,37.62868919783366],[127.07208934230704,37.6288376819693],[127.07212619184116,37.628871897120234],[127.07220311881807,37.62887968958169],[127.07272801251528,37.62893262185025],[127.07280901817394,37.62894077184677],[127.07320911572394,37.629037204477825],[127.07325848634649,37.6290151905921],[127.0732888713262,37.62892327228202]]]]},"properties":{"name":"우성아파트","building_count":7,"max_floors":21,"address":"노원구 공릉동 동일로198길 24","addresses":"노원구 공릉동 동일로198길 10, 노원구 공릉동 동일로198길 24","pnu":"1135010300107380000","has_inner_roads":true}},{"type":"Feature","id":"apt.1135010300105690028","geometry":{"type":"MultiPolygon","coordinates":[[[[127.07321446000041,37.62233481644902],[127.07326155806754,37.62219216272438],[127.073100235597,37.62215845592468],[127.07294296926774,37.622125593370384],[127.07290449967395,37.62224203224828],[127.07289587054728,37.62226815687215],[127.07321446000041,37.62233481644902]]]]},"properties":{"name":"우성2차아파트","building_count":1,"max_floors":6,"address":"노원구 공릉동 동일로179길 12-7","addresses":"노원구 공릉동 동일로179길 12-7","pnu":"1135010300105690028","has_inner_roads":false}},{"type":"Feature","id":"apt.1135010300105690027","geometry":{"type":"MultiPolygon","coordinates":[[[[127.07284877164741,37.62241072035182],[127.07316724856622,37.62247756031826],[127.07321446000041,37.62233481644902],[127.07289587054728,37.62226815687215],[127.07284926859728,37.62240919739562],[127.07284877164741,37.62241072035182]]]]},"properties":{"name":"우성2차아파트","building_count":1,"max_floors":7,"address":"노원구 공릉동 동일로179길 12-11","addresses":"노원구 공릉동 동일로179길 12-11","pnu":"1135010300105690027","has_inner_roads":false}},{"type":"Feature","id":"apt.1135010300105680006","geometry":{"type":"MultiPolygon","coordinates":[[[[127.07327252429334,37.62287717096378],[127.07336293553963,37.622896036530264],[127.07337009678453,37.62287487716697],[127.07337242363141,37.622868010284925],[127.07342438271888,37.622715172477534],[127.07319812847638,37.62266782848879],[127.07318560261734,37.6227055961568],[127.07315913933255,37.62278571833179],[127.0732934191818,37.62281381938397],[127.07327252429334,37.62287717096378]]]]},"properties":{"name":"씨엠 아파트","building_count":1,"max_floors":7,"address":"노원구 공릉동 동일로179길 12-32","addresses":"노원구 공릉동 동일로179길 12-32","pnu":"1135010300105680006","has_inner_roads":false}},{"type":"Feature","id":"apt.1135010200109380000","geometry":{"type":"MultiPolygon","coordinates":[[[[127.06594928086007,37.61705097351651],[127.0659500094762,37.617055279806145],[127.06595188785188,37.61706627975412],[127.06594948122417,37.617073155550216],[127.06593728988753,37.6171079760967],[127.06587711780958,37.61710184621833],[127.06581382807313,37.617197636935195],[127.06601837169752,37.61725934160248],[127.0665288022799,37.617412255261826],[127.06656876341523,37.61741317026205],[127.06664160662893,37.61741509422644],[127.06682240643094,37.61741987763521],[127.06685980785853,37.617369131727095],[127.06689129854496,37.61732044331677],[127.06694795097516,37.61721327631954],[127.06699044897343,37.61718813341149],[127.06704791701895,37.61713298853231],[127.06693347003612,37.617077641715866],[127.06691422433494,37.61708846414932],[127.06683494384825,37.61709481491794],[127.06677605590497,37.617106560242746],[127.06669978798102,37.61711259391154],[127.06660390374915,37.617120170017905],[127.06651327231478,37.61709859643063],[127.06647360344537,37.617068885909944],[127.06646220674756,37.61698825441545],[127.06620627620563,37.61701955088423],[127.06615747519126,37.617025515085366],[127.06594928086007,37.61705097351651]]]]},"properties":{"name":"건양노블레스아파트","building_count":2,"max_floors":23,"address":"노원구 월계동 화랑로45길 42-18","addresses":"노원구 월계동 화랑로45길 42-18","pnu":"1135010200109380000","has_inner_roads":true}},{"type":"Feature","id":"apt.1135010200109310000","geometry":{"type":"MultiPolygon","coordinates":[[[[127.06199164875171,37.620837113215025],[127.0622928428119,37.62077397097481],[127.06229777960787,37.62077171598215],[127.06229962642904,37.620772327697445],[127.06233028423866,37.62075258944985],[127.06239112848054,37.620635160376416],[127.06238823768015,37.62063223368217],[127.06238090298817,37.62062481338908],[127.06235711910439,37.62060076047415],[127.06235254217562,37.62059980779468],[127.06235180537786,37.620599150459],[127.06232121738024,37.62059325579296],[127.06219781022378,37.62056747019064],[127.06217667031137,37.620563120314536],[127.06216217948192,37.62055885711612],[127.06201348710213,37.62051508272876],[127.06196041964408,37.62050108165924],[127.06147656224417,37.620362676647034],[127.06147515735472,37.62036226290991],[127.06141786948155,37.62036783302873],[127.06129588646519,37.62069106743678],[127.06132834956819,37.62073294656287],[127.0613313203426,37.62073677422258],[127.06133371312347,37.62074021475373],[127.0617737971547,37.620869407654304],[127.06177926931537,37.620870828408734],[127.06178198836872,37.620871493745526],[127.06178350651912,37.62087188039169],[127.06181950433742,37.62087204219955],[127.06187793266129,37.62086158799087],[127.06188829528004,37.62085945637738],[127.06189154563154,37.62085878798939],[127.06199164875171,37.620837113215025]]]]},"properties":{"name":"장은하이빌아파트","building_count":4,"max_floors":19,"address":"노원구 월계동 석계로13길 6-9","addresses":"노원구 월계동 석계로13길 6-9","pnu":"1135010200109310000","has_inner_roads":false}},{"type":"Feature","id":"apt.1135010200109270000","geometry":{"type":"MultiPolygon","coordinates":[[[[127.06181525980361,37.621493098900416],[127.06185345072633,37.62150148552432],[127.06210439393904,37.62155656000314],[127.06229325261533,37.62145834617748],[127.0625308818656,37.62102259973298],[127.0621388495832,37.62088459142146],[127.06196172703761,37.620926758039985],[127.0619526821592,37.62094757531134],[127.06182934366892,37.62096529761683],[127.06176351708784,37.62094577997208],[127.06153182228758,37.6213009742498],[127.06135858952442,37.62139287207757],[127.06139620254777,37.621401123995646],[127.06165962991412,37.62145894107545],[127.06181525980361,37.621493098900416]]]]},"properties":{"name":"월계2차한일아파트","building_count":2,"max_floors":19,"address":"노원구 월계동 석계로13길 6-10","addresses":"노원구 월계동 석계로13길 6-10","pnu":"1135010200109270000","has_inner_roads":false}},{"type":"Feature","id":"apt.1135010300104920003","geometry":{"type":"MultiPolygon","coordinates":[[[[127.07178949646278,37.62357156542721],[127.07191832755274,37.62359850001093],[127.07204923977997,37.62320235119813],[127.07175058802173,37.62313991122695],[127.07171278244742,37.62325430407813],[127.07165228428195,37.62343739208046],[127.07163865069656,37.62347865603889],[127.07161967431819,37.62353605971413],[127.07174566151075,37.62356240152932],[127.07178949646278,37.62357156542721]]]]},"properties":{"name":"서진프라자아파트","building_count":1,"max_floors":9,"address":"노원구 공릉동 동일로173가길 115","addresses":"노원구 공릉동 동일로173가길 115","pnu":"1135010300104920003","has_inner_roads":false}},{"type":"Feature","id":"apt.1135010300105690020","geometry":{"type":"MultiPolygon","coordinates":[[[[127.07254348150214,37.62234507890209],[127.07284926859728,37.62240919739562],[127.07289587054728,37.62226815687215],[127.07290449967395,37.62224203224828],[127.07259871330234,37.62217800399334],[127.07254348150214,37.62234507890209]]]]},"properties":{"name":"청우시티아파트","building_count":1,"max_floors":7,"address":"노원구 공릉동 동일로173가길 90","addresses":"노원구 공릉동 동일로173가길 90","pnu":"1135010300105690020","has_inner_roads":false}},{"type":"Feature","id":"apt.1135010300104000008","geometry":{"type":"MultiPolygon","coordinates":[[[[127.07212044598114,37.62459342104345],[127.07212304402633,37.62458567106588],[127.07215625652704,37.62448951668289],[127.07218946595728,37.62439020886269],[127.07219409751126,37.62437669139686],[127.07216339345514,37.62437031282714],[127.07204408937186,37.62434533695717],[127.07189283506001,37.624313712775894],[127.07182099557303,37.62453089164735],[127.07202697391462,37.624573925674405],[127.07212044598114,37.62459342104345]]]]},"properties":{"name":"신한양아파트","building_count":1,"max_floors":7,"address":"노원구 공릉동 동일로173가길 140","addresses":"노원구 공릉동 동일로173가길 140","pnu":"1135010300104000008","has_inner_roads":false}},{"type":"Feature","id":"apt.1135010300104040003","geometry":{"type":"MultiPolygon","coordinates":[[[[127.0713039227927,37.6248128447246],[127.07136943832428,37.62461468058732],[127.0715686187385,37.624656367968306],[127.07171715583219,37.62420705134014],[127.0715443751857,37.62417093461684],[127.07138281126163,37.62413715354702],[127.07131882020694,37.624123775828714],[127.07130151518659,37.624176123962975],[127.07126423925311,37.62428885853523],[127.07122797983814,37.62439852916293],[127.07121126365472,37.62445079584556],[127.07117430210228,37.62456082726021],[127.07117093577698,37.62457083011904],[127.07111660280121,37.62473529092279],[127.0713039227927,37.6248128447246]]]]},"properties":{"name":"건영아파트","building_count":3,"max_floors":17,"address":"노원구 공릉동 동일로173가길 145","addresses":"노원구 공릉동 동일로173가길 145","pnu":"1135010300104040003","has_inner_roads":false}},{"type":"Feature","id":"apt.1135010300103750011","geometry":{"type":"MultiPolygon","coordinates":[[[[127.07278269421438,37.62748461666764],[127.07273930585075,37.62747113718682],[127.07256355417364,37.62741646360466],[127.07247412151642,37.62759842507168],[127.07243610970104,37.62767578795656],[127.07265522773967,37.62774395027603],[127.07271893846135,37.62761431503826],[127.07278269421438,37.62748461666764]]],[[[127.07265522773967,37.62774395027603],[127.07271181753147,37.62776155731674],[127.07287431218475,37.627812103198146],[127.07294182153251,37.627674816233295],[127.07300185724202,37.6275526972305],[127.07278269421438,37.62748461666764],[127.07271893846135,37.62761431503826],[127.07265522773967,37.62774395027603]]]]},"properties":{"name":"한영미란채","building_count":4,"max_floors":6,"address":"노원구 공릉동 동일로196길 6","addresses":"노원구 공릉동 동일로196길 6","pnu":"1135010300103750011,1135010300103750017","has_inner_roads":false}},{"type":"Feature","id":"apt.1135010200103200011","geometry":{"type":"MultiPolygon","coordinates":[[[[127.05909804260395,37.63273831483103],[127.05944555122983,37.63294825287368],[127.0607747641671,37.631642886191045],[127.06083871764726,37.631574740090954],[127.06084403579607,37.63156671870951],[127.06084061582521,37.63153987127188],[127.06083244558123,37.63152284688674],[127.06082938452403,37.631519965294366],[127.0607213678135,37.63145244615409],[127.06065384623444,37.63144968697762],[127.06034271618927,37.63125216781249],[127.06032296417699,37.63120136247128],[127.05918410082212,37.63048474558881],[127.05905529397393,37.6312188356756],[127.05911635937704,37.631223490973305],[127.05910532848578,37.63131584665022],[127.05905502592788,37.63131199698024],[127.05903321110614,37.631817456511484],[127.05905243041195,37.6319129508506],[127.05902295756383,37.63218379930916],[127.05902286773934,37.63236129208133],[127.05904276160089,37.63259688820652],[127.05907186905118,37.63273355241492],[127.05909792549139,37.632733359507824],[127.05909804260395,37.63273831483103]]]]},"properties":{"name":"사슴아파트","building_count":16,"max_floors":15,"address":"노원구 월계동 월계로55길 15","addresses":"노원구 월계동 월계로55길 3, 노원구 월계동 월계로55길 15","pnu":"1135010200103200011","has_inner_roads":true}},{"type":"Feature","id":"apt.1135010200103200009","geometry":{"type":"MultiPolygon","coordinates":[[[[127.0613533360212,37.631868262294056],[127.06129699250113,37.63183335991884],[127.06130847055367,37.631821668414126],[127.06129506189829,37.63181334115733],[127.06127521870788,37.63183359619172],[127.06119318011312,37.631782777478115],[127.06118761088003,37.63178845645818],[127.06116829703625,37.631776501229886],[127.06116551241905,37.63177934071938],[127.06114761537943,37.631768258720534],[127.0611460181409,37.63176841269396],[127.06108993548486,37.63173367226352],[127.06108834957577,37.63173382623046],[127.0610550377737,37.631713192617354],[127.06105433595634,37.63171390474437],[127.06101731782707,37.63169097549549],[127.0598234187829,37.63286202335383],[127.06074334859919,37.63345494945397],[127.0618473614329,37.63246872003408],[127.06187068360809,37.63244969746664],[127.06189083193003,37.63242851417048],[127.06190758011329,37.63240553065433],[127.0619205885118,37.63238101738701],[127.06192951762633,37.632355425032635],[127.06193448104129,37.63232911392531],[127.06193513925899,37.63230253472852],[127.06193171915332,37.63227604771744],[127.06192410787733,37.63225019353652],[127.06191241894263,37.63222524242035],[127.06189699258326,37.63220164468272],[127.06187805574355,37.632179850695366],[127.06184404687099,37.632152298149734],[127.0615360894137,37.631962979438015],[127.06143797812074,37.63190206910206],[127.06141827078294,37.63192218894448],[127.06134498218718,37.631876789785075],[127.0613533360212,37.631868262294056]]]]},"properties":{"name":"사슴아파트","building_count":14,"max_floors":15,"address":"노원구 월계동 월계로55길 16","addresses":"노원구 월계동 월계로55길 4, 노원구 월계동 월계로55길 16","pnu":"1135010200103200009","has_inner_roads":true}},{"type":"Feature","id":"apt.1135010400103540000","geometry":{"type":"MultiPolygon","coordinates":[[[[127.06006077818357,37.63894990261373],[127.060634412331,37.63909485415317],[127.0607207095888,37.638762980952194],[127.06110215019362,37.63744087489669],[127.0611497507276,37.63731903868975],[127.06116932198555,37.63728271940291],[127.06136315207087,37.63697511761606],[127.06157408005015,37.63665741584483],[127.06214199579509,37.635917693047205],[127.06240313464208,37.63563429118522],[127.06254880238355,37.63546122819676],[127.06276831024442,37.63511784190472],[127.06280769487587,37.63506745679197],[127.06284481848206,37.6350230192948],[127.0628951884926,37.634967853259475],[127.06293718618247,37.63492656661979],[127.06297805416332,37.63488924485608],[127.06302050961165,37.63485363410863],[127.0630631919762,37.63481847371628],[127.06315637257823,37.63474670723762],[127.06332642721166,37.63461291316124],[127.0634790207849,37.63446291040353],[127.0635615272778,37.63436249810564],[127.06354435358232,37.63435051511722],[127.06340174978473,37.63425102291235],[127.06305584080225,37.63400968764502],[127.06281450500839,37.6338413123407],[127.0627616294643,37.63387963136276],[127.06261048327768,37.633998909107405],[127.062466244524,37.63411466927436],[127.0623427294872,37.634220327628846],[127.06219159263529,37.63435275910418],[127.06204555273507,37.63448437688864],[127.06175551887272,37.634757791913074],[127.06148122264344,37.63502128745961],[127.06140231783034,37.63509655918244],[127.06128582247096,37.6352005009933],[127.06124846859291,37.63524160449751],[127.06121586737233,37.63527567795805],[127.06111490145956,37.63539060366912],[127.06105219493348,37.63546343433101],[127.06082233695867,37.63576726969141],[127.06065517531634,37.63598656147301],[127.06057223639064,37.63612039820262],[127.06045402268836,37.6363473234901],[127.06039268171853,37.636429613373565],[127.06036238968157,37.63651972625011],[127.06033934414228,37.63660433954179],[127.06032748604662,37.63665245765841],[127.06031755814764,37.636705890579634],[127.06029757254684,37.6367918538021],[127.06027781661325,37.63688178120702],[127.0602623411235,37.63694026235844],[127.06023419411552,37.63702118415513],[127.06020198744639,37.637126344259585],[127.06015506703478,37.63725043219453],[127.0601205674094,37.637321446363664],[127.0600879869709,37.63738381018499],[127.06004138278054,37.63747816565465],[127.06001615102973,37.63752079440224],[127.05997655370676,37.63759298232392],[127.05993084158618,37.637669407852755],[127.059874714707,37.63775692053698],[127.05976493938202,37.637914375537946],[127.05967067735787,37.6380615516457],[127.05968530973958,37.63808334808713],[127.05966665102181,37.638128766545336],[127.05965272306005,37.638138594061914],[127.05970007686922,37.63827795192615],[127.05977589273634,37.63844810914498],[127.05986903320687,37.63860495931857],[127.05987413836337,37.6386135611275],[127.0598926190249,37.63864468075324],[127.05989773551664,37.63865328255547],[127.05993755579188,37.63872034060935],[127.05994115209675,37.63872639339638],[127.05995400578703,37.63874804652621],[127.05995822674706,37.63875602709482],[127.06006077818357,37.63894990261373]]],[[[127.06305584080225,37.63400968764502],[127.06340174978473,37.63425102291235],[127.06354435358232,37.63435051511722],[127.0635615272778,37.63436249810564],[127.06366588730889,37.634207384876355],[127.06368305242141,37.634181878157285],[127.06381984635506,37.633998493025],[127.06395020057327,37.6338237425058],[127.06412054621707,37.633595380451204],[127.06410430551648,37.63354754712924],[127.0640630921254,37.63352263891692],[127.06400331235841,37.6334865143357],[127.0639584298298,37.63346329285848],[127.06388022131576,37.63341783482147],[127.06379158942514,37.633371481255395],[127.06374455804465,37.63335249542752],[127.06369356737952,37.6333405392965],[127.06362207582224,37.633334179999174],[127.06359035736405,37.63333762040516],[127.06357268825947,37.63334267517581],[127.06355320703035,37.633348361581206],[127.06353474690931,37.63335584940299],[127.06351538248197,37.633365770337974],[127.06349771733123,37.63337560027941],[127.0634800532231,37.63338669158703],[127.06342785591865,37.63342239771769],[127.06340758857243,37.63343646360793],[127.06339024324463,37.63342214715179],[127.06318780287364,37.633571184806115],[127.06309722396384,37.633636291737744],[127.06308431645637,37.63364556953737],[127.06293678337451,37.63374880840955],[127.06281450500839,37.6338413123407],[127.06305584080225,37.63400968764502]]]]},"properties":{"name":"학여울청구아파트","building_count":9,"max_floors":18,"address":"노원구 하계동 동일로207길 186","addresses":"노원구 하계동 동일로207길 186","pnu":"1135010400103540000,1135010400103550000","has_inner_roads":true}},{"type":"Feature","id":"apt.1135010200102890005","geometry":{"type":"MultiPolygon","coordinates":[[[[127.05869140480466,37.62984431743499],[127.05885992368903,37.62967679778565],[127.0587232488406,37.62959248746253],[127.05855774381838,37.62976078931386],[127.05869140480466,37.62984431743499]]]]},"properties":{"name":"현대아파트","building_count":1,"max_floors":7,"address":"노원구 월계동 월계로 346","addresses":"노원구 월계동 월계로 346","pnu":"1135010200102890005","has_inner_roads":false}},{"type":"Feature","id":"apt.1135010200103210000","geometry":{"type":"MultiPolygon","coordinates":[[[[127.06148024558493,37.63098499574197],[127.06149598253356,37.630972644338875],[127.06164922423937,37.63106933144228],[127.06165047104908,37.631070141687566],[127.06168481435145,37.63109165756791],[127.06223426145435,37.63054078816394],[127.06178256148145,37.63036586947242],[127.06147101920072,37.6302173666931],[127.06121395201993,37.63004829322889],[127.06093981870964,37.62978561610892],[127.06071023582672,37.629557783878326],[127.06057550538776,37.629370447804185],[127.06044902943012,37.62916292552321],[127.06028505591509,37.62880982359929],[127.05994137043602,37.62883134745172],[127.05994153540942,37.628897389118855],[127.05980502875101,37.62889763681823],[127.05965453325041,37.62926368864715],[127.05954510046796,37.62940916048198],[127.0594453828769,37.62966598841358],[127.05938672014389,37.62983639226842],[127.05943408092597,37.62984618970144],[127.05940492303574,37.62993603158281],[127.05935586264299,37.629925874579776],[127.05927640154727,37.63015647393793],[127.05946828815776,37.63027765158582],[127.05947102156607,37.63029639059879],[127.0603156473164,37.630829352092505],[127.06041978840062,37.63086822242922],[127.06057294247205,37.630712997379],[127.06075530014158,37.63052802517675],[127.06148024558493,37.63098499574197]]]]},"properties":{"name":"사슴아파트","building_count":20,"max_floors":15,"address":"노원구 월계동 월계로 372","addresses":"노원구 월계동 월계로 372","pnu":"1135010200103210000","has_inner_roads":true}},{"type":"Feature","id":"apt.1135010300107490000","geometry":{"type":"MultiPolygon","coordinates":[[[[127.07221948074329,37.625582546997606],[127.07229504142065,37.6254670862555],[127.07208805718965,37.625381310846606],[127.07199369341957,37.62534223770671],[127.07178032987275,37.62525386173528],[127.07159787373418,37.625532462936086],[127.07149259704002,37.6254888369213],[127.07143083137935,37.62567573663501],[127.07144772779664,37.625682727232785],[127.0715603252969,37.62572927712377],[127.07161104861449,37.62575024883364],[127.07163342988628,37.62575949760471],[127.07170652320683,37.62578971804687],[127.0716398973921,37.62589138811496],[127.07191538652583,37.62600546826236],[127.07217988413413,37.6261150494501],[127.0723541920765,37.62584556116892],[127.07234041192343,37.62583984822158],[127.07233386182565,37.62583714020487],[127.07233288724183,37.625836735349054],[127.07231389422584,37.62582888119598],[127.07222286148573,37.62579119375224],[127.07220335855014,37.625783141671434],[127.07211268857566,37.62574562511116],[127.07214381793267,37.62569806180898],[127.07216450672637,37.625666461092045],[127.07217109003167,37.62565640222199],[127.07217942663915,37.62564368441286],[127.07221948074329,37.625582546997606]]]]},"properties":{"name":"공릉2차 신도 브레뉴 아파트","building_count":1,"max_floors":18,"address":"노원구 공릉동 동일로193길 7","addresses":"노원구 공릉동 동일로193길 7","pnu":"1135010300107490000","has_inner_roads":false}},{"type":"Feature","id":"apt.1135010300103790009","geometry":{"type":"MultiPolygon","coordinates":[[[[127.0721489821385,37.6264868840375],[127.0722716177024,37.62623441927842],[127.07193150998683,37.62609358342032],[127.07187855540614,37.626109373131854],[127.07175343983106,37.626363902206606],[127.07203361786482,37.62645102198091],[127.0721489821385,37.6264868840375]]]]},"properties":{"name":"신대림아파트","building_count":1,"max_floors":10,"address":"노원구 공릉동 동일로193길 8","addresses":"노원구 공릉동 동일로193길 8","pnu":"1135010300103790009","has_inner_roads":false}},{"type":"Feature","id":"apt.1135010400103560000","geometry":{"type":"MultiPolygon","coordinates":[[[[127.06438895850509,37.63334421623568],[127.06440580702971,37.63331997995565],[127.06445389723189,37.63325093939128],[127.06454653783646,37.633133906942035],[127.06458078286983,37.633090641693805],[127.06466088396422,37.632989455048936],[127.06474183652156,37.63293075802348],[127.06482701753293,37.63278196085265],[127.064933567244,37.632582967646826],[127.06499283475127,37.63233678851941],[127.06502015567638,37.6322251426098],[127.0650560566878,37.63207853411333],[127.06482591561127,37.632017120987186],[127.06457330979633,37.63226407924743],[127.06451802516327,37.63231812242459],[127.06446471445084,37.63237545309318],[127.06443313676613,37.63241096847764],[127.06439964543517,37.63246108072119],[127.06435495011746,37.63252507398662],[127.06432813122203,37.63256148778617],[127.06425298451404,37.63265351763987],[127.06418711608606,37.63273211794158],[127.06415021653558,37.6327712399874],[127.06411863498205,37.632802520689815],[127.06402015809111,37.63290411313498],[127.06401573798114,37.63290195312842],[127.06400521712396,37.63291997826407],[127.06400261477876,37.63292394394619],[127.06443193302279,37.63313328335693],[127.06429421822845,37.633322652209515],[127.06429609991696,37.63332392158762],[127.06436096135695,37.63336746737507],[127.0643857053709,37.63334219977788],[127.06438895850509,37.63334421623568]]]]},"properties":{"name":"학여울청구아파트","building_count":1,"max_floors":18,"address":"노원구 하계동 한글비석로 6","addresses":"노원구 하계동 한글비석로 6","pnu":"1135010400103560000","has_inner_roads":true}},{"type":"Feature","id":"apt.1135010300103790005","geometry":{"type":"MultiPolygon","coordinates":[[[[127.07140639119942,37.62646799114809],[127.0716206775687,37.626534608581615],[127.07174257189553,37.62628697406246],[127.07176944705621,37.62623232268857],[127.07159859412596,37.626179185414294],[127.07146250568606,37.62613683003276],[127.0712955964002,37.626084852244475],[127.07119110806366,37.62640106758009],[127.07140639119942,37.62646799114809]]]]},"properties":{"name":"남청파인힐아파트","building_count":2,"max_floors":12,"address":"노원구 공릉동 동일로191가길 26","addresses":"노원구 공릉동 동일로191가길 26","pnu":"1135010300103790005","has_inner_roads":false}},{"type":"Feature","id":"apt.1135010300107480000","geometry":{"type":"MultiPolygon","coordinates":[[[[127.069576327368,37.62791871805929],[127.06962787830687,37.62805113222],[127.06963480415105,37.628068246821904],[127.06964229632817,37.62808527099853],[127.06965035475632,37.62810211465192],[127.0696588662357,37.628118867945155],[127.06966794388451,37.62813535061717],[127.06967758778524,37.62815165276556],[127.06968757145552,37.628167864618945],[127.06969812121368,37.628183715752826],[127.06970923730681,37.628199476460544],[127.06972080628817,37.62821496661175],[127.06973282824002,37.62823027630422],[127.0697453030804,37.62824531543984],[127.06975823080931,37.62826008401859],[127.06977161142702,37.628274582040255],[127.06978555821618,37.628288809439184],[127.06979984469397,37.62830285644407],[127.06981458397847,37.62831654279357],[127.06982966278684,37.62832986855314],[127.0698453078496,37.628343013787095],[127.06986117915355,37.62835579849638],[127.06987761654695,37.62836822248397],[127.06989428026401,37.62838037604448],[127.06991139687024,37.628392259046464],[127.06992885291776,37.62840369135975],[127.06994664857145,37.62841485317983],[127.06996489694907,37.62842556424516],[127.06996671046707,37.62842664436787],[127.07002037093991,37.628264346935005],[127.07005866745824,37.62814854890966],[127.07008894315993,37.628057081961494],[127.07027337363547,37.62806436267633],[127.07025787331384,37.62796238089212],[127.0702416896927,37.62785643519465],[127.07024540552008,37.62783201650104],[127.0705117839905,37.62788862273494],[127.07055267770606,37.62776489440887],[127.07061300145169,37.62758250095917],[127.07063288337801,37.62752239401743],[127.07066428768226,37.627427412433065],[127.07069196397823,37.627343605164114],[127.07055283233254,37.627319630498626],[127.07059278657361,37.62716040412174],[127.07014961762799,37.62702254260372],[127.06961580013166,37.626856531116104],[127.06956586263513,37.62687764283355],[127.06951403254988,37.62705958038739],[127.06946299272015,37.62723881452077],[127.06941183936459,37.62741804869198],[127.06939896625161,37.62746310504847],[127.0694568753388,37.62761200355243],[127.069576327368,37.62791871805929]]]]},"properties":{"name":"공릉동 신도1차아파트","building_count":6,"max_floors":19,"address":"노원구 공릉동 동일로191가길 59","addresses":"노원구 공릉동 동일로191가길 59","pnu":"1135010300107480000","has_inner_roads":true}},{"type":"Feature","id":"apt.1135010300107530000","geometry":{"type":"MultiPolygon","coordinates":[[[[127.07118011569692,37.62761045828266],[127.07107666190812,37.627580877099675],[127.07097309491962,37.627551295892374],[127.07082488320826,37.62750894692098],[127.07074535602776,37.627749464891515],[127.07072811752884,37.62780158762599],[127.07068548434773,37.627930506670246],[127.0705698070441,37.62828042452602],[127.07081352361178,37.62832929491394],[127.0708352780022,37.62833369693383],[127.07083324501981,37.62834027527378],[127.070831212037,37.628346853613664],[127.07091947591732,37.62836464111885],[127.07095552999544,37.62827524280505],[127.07112054147399,37.62786628136318],[127.07106309076488,37.627848385753616],[127.07115625848368,37.62765894503276],[127.07118011569692,37.62761045828266]]]]},"properties":{"name":"길성그랑프리텔","building_count":3,"max_floors":12,"address":"노원구 공릉동 동일로191가길 66","addresses":"노원구 공릉동 동일로191가길 66","pnu":"1135010300107530000","has_inner_roads":false}},{"type":"Feature","id":"apt.1135010300103800001","geometry":{"type":"MultiPolygon","coordinates":[[[[127.07042922146411,37.627051481283104],[127.07051846422716,37.62678194628912],[127.07062270247815,37.62680377908634],[127.07069784606598,37.62657651713296],[127.0707309217486,37.6264764800428],[127.07045310546432,37.626418340295686],[127.06990461224791,37.626303622403704],[127.06987670954365,37.626388141407766],[127.06975309869365,37.626363526117494],[127.06970670912202,37.626423918536666],[127.06966233225009,37.62657963336942],[127.06960948620521,37.62676499528157],[127.06963603015596,37.62680480323953],[127.06985585692019,37.62687315055591],[127.07020633415966,37.6269821457418],[127.07042922146411,37.627051481283104]]]]},"properties":{"name":"공릉동2차대동아파트","building_count":4,"max_floors":19,"address":"노원구 공릉동 동일로195길 39","addresses":"노원구 공릉동 동일로195길 39","pnu":"1135010300103800001","has_inner_roads":false}},{"type":"Feature","id":"apt.1135010300103710011","geometry":{"type":"MultiPolygon","coordinates":[[[[127.07364699190153,37.6276654676297],[127.0740367991091,37.62778668068795],[127.07411855177774,37.62762057999883],[127.0741958722318,37.627463500778035],[127.07366561588375,37.62724398728084],[127.07358918850578,37.62740007453811],[127.07352097253784,37.627378762977855],[127.07350171497107,37.62734379872126],[127.07346215539135,37.627424271261226],[127.07345227398575,37.62744439614615],[127.07349621240603,37.627429052711214],[127.07356454169428,37.62745036421641],[127.07348404384122,37.62761484199952],[127.07364699190153,37.6276654676297]]]]},"properties":{"name":"서일이츠뷰","building_count":1,"max_floors":11,"address":"노원구 공릉동 동일로192가길 26","addresses":"노원구 공릉동 동일로192가길 26","pnu":"1135010300103710011","has_inner_roads":true}},{"type":"Feature","id":"apt.1135010300104930020","geometry":{"type":"MultiPolygon","coordinates":[[[[127.07279790977786,37.62359517897585],[127.07283179459876,37.6234927171236],[127.07269107843979,37.62346334004075],[127.07251308743896,37.62342623679539],[127.07250617485577,37.623447134671125],[127.07247920221054,37.623528698557664],[127.07279790977786,37.62359517897585]]]]},"properties":{"name":"서경하누리아파트","building_count":1,"max_floors":7,"address":"노원구 공릉동 동일로183길 12-9","addresses":"노원구 공릉동 동일로183길 12-9","pnu":"1135010300104930020","has_inner_roads":false}},{"type":"Feature","id":"apt.1135010200109240000","geometry":{"type":"MultiPolygon","coordinates":[[[[127.04404088144852,37.630416572967334],[127.04378157466033,37.630225118056714],[127.04366687679544,37.63033237554131],[127.04347653301633,37.63049209679048],[127.04321313685071,37.630684278792565],[127.04293024237185,37.63085547424375],[127.0427067969665,37.630980878566014],[127.04221109125604,37.63125765095853],[127.04183271705513,37.63147725919434],[127.04182469771973,37.631521860368984],[127.04258347938264,37.632310495466285],[127.04268591586921,37.632352805757314],[127.04273983383358,37.632339092063944],[127.04297730941008,37.631970779003275],[127.0432014174024,37.63160733544834],[127.04349675474035,37.631197375636546],[127.04350863813384,37.63117646870665],[127.04359316521959,37.631202837269925],[127.043598450504,37.631193564316234],[127.04368504066032,37.631041565355886],[127.04404088144852,37.630416572967334]]]]},"properties":{"name":"초안아파트","building_count":7,"max_floors":15,"address":"노원구 월계동 우이천로 102","addresses":"노원구 월계동 우이천로 102","pnu":"1135010200109240000","has_inner_roads":true}},{"type":"Feature","id":"apt.1135010200100170000","geometry":{"type":"MultiPolygon","coordinates":[[[[127.0660857076302,37.62261598336971],[127.06814511878416,37.623475003961794],[127.06825088910058,37.62344259902956],[127.06876412986793,37.62233721101197],[127.06922835905225,37.621337353443614],[127.06936014990836,37.621024187211916],[127.06927850931551,37.6210554080241],[127.06913099027771,37.621012155495265],[127.0689517470626,37.62095973091708],[127.06905992587873,37.62071415199427],[127.0681292358394,37.62040050922219],[127.06856296357333,37.61953289000522],[127.06671302626549,37.61886116447225],[127.0666345063679,37.618832664764874],[127.06662578193854,37.61882949812746],[127.06648806965866,37.619115274884315],[127.06690841170179,37.62079825390073],[127.0660857076302,37.62261598336971]]]]},"properties":{"name":"월계미성아파트","building_count":27,"max_floors":14,"address":"노원구 월계동 마들로 59","addresses":"노원구 월계동 마들로 59","pnu":"1135010200100170000","has_inner_roads":true}},{"type":"Feature","id":"apt.1135010200100130000","geometry":{"type":"MultiPolygon","coordinates":[[[[127.06658257702257,37.6258305675931],[127.06659970326669,37.6258158001087],[127.06660399327151,37.62581204966889],[127.06662587343479,37.62579293683848],[127.06714596828857,37.62533860923049],[127.06737302957387,37.62514026727778],[127.06749503895618,37.62502226092585],[127.06758136323833,37.62491450054421],[127.06759121883182,37.62490219665752],[127.06769814273804,37.62476293542172],[127.06774248248576,37.62468966091905],[127.06774429164484,37.62468596588805],[127.0678446993319,37.62448048617984],[127.06812394106579,37.623734317848985],[127.06807980271883,37.6236512724335],[127.06600826265553,37.62278712177305],[127.06595625551581,37.62290193500068],[127.06425895692334,37.62385491478159],[127.06373152396137,37.62370891096476],[127.0636059967844,37.623674163221075],[127.06334292718637,37.623895491826445],[127.0633135819768,37.62388739838014],[127.06322233166327,37.62408521114388],[127.06314796778972,37.6241563372898],[127.06308943626262,37.62419565055091],[127.06303284626235,37.62425424373273],[127.06296834163714,37.62433086059896],[127.06288111856688,37.62433090598521],[127.06281098523597,37.62445059251167],[127.0627000600444,37.62455579437961],[127.06264353843936,37.624698628916775],[127.06256545300569,37.62479147022098],[127.06249070168579,37.62480592453777],[127.06240006430677,37.62478705076414],[127.0623367324039,37.624886254228095],[127.06235564452619,37.6249354289473],[127.06238797457202,37.62501951870529],[127.06241274431825,37.625083916944746],[127.06243093002561,37.62513120897809],[127.06243663141748,37.62517715598443],[127.06244303108326,37.62519037004835],[127.06248201913562,37.625270834402215],[127.06249726083065,37.6253333815254],[127.06250134118665,37.6253501106038],[127.06254894604612,37.62538432320961],[127.06261470129532,37.625450060677885],[127.06264422258556,37.6255341968612],[127.0644540862521,37.62554802157847],[127.06444688342819,37.62614132027811],[127.06620646570958,37.626154784522384],[127.06658257702257,37.6258305675931]]]]},"properties":{"name":"","building_count":27,"max_floors":14,"address":"노원구 월계동 마들로 111","addresses":"노원구 월계동 마들로 111","pnu":"1135010200100130000","has_inner_roads":true}},{"type":"Feature","id":"apt.1135010200100120000","geometry":{"type":"MultiPolygon","coordinates":[[[[127.06450546835819,37.627641148968515],[127.0646573649511,37.62749033400505],[127.06465834978381,37.62748948655784],[127.06489802538013,37.62728285367831],[127.06491963494965,37.627264227842794],[127.06508715682709,37.6271198008725],[127.0651059703052,37.62710357311288],[127.06620646570958,37.62615478452235],[127.0644468834282,37.62614132027811],[127.0644540862521,37.62554802157844],[127.06264422258556,37.62553419686119],[127.06266238965743,37.625586083859424],[127.0627474291696,37.625684246513536],[127.06278829900118,37.6257932437973],[127.062809910026,37.62590044911046],[127.06289499009156,37.626047264511946],[127.06295961343577,37.626113002369024],[127.06311033601801,37.626186804096875],[127.06319534405098,37.62624532334824],[127.06314225435493,37.62642915084314],[127.06307238187392,37.626867063184555],[127.06301133951025,37.62702386537603],[127.06296736617931,37.62727436046888],[127.06344206851168,37.62733943330848],[127.063436414163,37.6273511490032],[127.06344001726306,37.62735205710144],[127.06391331552416,37.62747099831768],[127.0639389225626,37.627477471824534],[127.06450546835819,37.627641148968515]]]]},"properties":{"name":"","building_count":10,"max_floors":14,"address":"노원구 월계동 마들로 127","addresses":"노원구 월계동 마들로 127","pnu":"1135010200100120000","has_inner_roads":true}},{"type":"Feature","id":"apt.1135010200109440000","geometry":{"type":"MultiPolygon","coordinates":[[[[127.06594928086007,37.61705097351651],[127.06615747519126,37.617025515085366],[127.06620627620563,37.61701955088423],[127.06646220674756,37.61698825441545],[127.06647360344537,37.617068885909944],[127.06651327231478,37.61709859643063],[127.06660390374915,37.617120170017905],[127.06669978798102,37.61711259391154],[127.06677605590497,37.617106560242746],[127.06683494384825,37.61709481491794],[127.06691422433494,37.61708846414932],[127.06693347003612,37.617077641715866],[127.06704791701895,37.61713298853231],[127.06720421310416,37.61712073840662],[127.06729710055656,37.617131498438354],[127.06744388060277,37.617117361239494],[127.06744822351233,37.61703302702735],[127.06754373366076,37.61680754827538],[127.06754326697776,37.61679214176716],[127.0676966251159,37.61678863214495],[127.06789517503549,37.61678392563998],[127.06789470828015,37.616768519133124],[127.0678891143937,37.61657895594402],[127.06788886909021,37.616570576961536],[127.067885902362,37.61655874875334],[127.06785704213638,37.6164436466745],[127.0678716898596,37.61635732448678],[127.06787089148366,37.61635110816863],[127.0677558173689,37.616354236144346],[127.06773028850768,37.616329806862325],[127.06771614108582,37.61631627305819],[127.06757976831642,37.616185761323045],[127.0674744195019,37.61617113425922],[127.06737686848497,37.6161366811733],[127.06735701641689,37.616101734196015],[127.06730230654405,37.61609807068303],[127.06722469637788,37.61607063400413],[127.06715478339915,37.61603769701072],[127.066995234519,37.61595453501169],[127.06695622504786,37.61595301597055],[127.06686669533018,37.61595931838494],[127.06688230551461,37.616065580424085],[127.06688590530763,37.616102104190965],[127.0669357056921,37.61609991424339],[127.06694009676886,37.61619926295828],[127.06687211677927,37.61620076922104],[127.06684791764512,37.61619407932223],[127.06676392796525,37.616202333719855],[127.0667684258673,37.61625567830355],[127.06669758550066,37.61626322261822],[127.06664795815004,37.6162691424301],[127.06659148552616,37.61627037188598],[127.0664748764518,37.61627967117711],[127.06635697704024,37.61629001619962],[127.06630742688179,37.61629357525632],[127.06618777148913,37.616303533652],[127.06615139352671,37.616306562855776],[127.066063324211,37.616312611586096],[127.0660119848014,37.6163165859484],[127.0658897368239,37.61632799603768],[127.06580286905874,37.616335197173555],[127.06580388373717,37.61634289099637],[127.06580543889025,37.61634687248418],[127.06577234463417,37.616348818605445],[127.06572007764589,37.61635422590513],[127.06559781908571,37.61636662677655],[127.06556152118807,37.61637062881422],[127.06551500803647,37.616389277317424],[127.06548387749068,37.61646230967244],[127.06547562603815,37.6164820185928],[127.06543950948661,37.61656563115046],[127.06546746146542,37.616576734109664],[127.06552701427408,37.616574485412904],[127.06558983467164,37.616605120707874],[127.06559833034153,37.61664564220709],[127.06560503303757,37.61668220937381],[127.06555679707598,37.616686488186126],[127.06556536130084,37.61674092079167],[127.06547092198528,37.61674237753488],[127.06547777345786,37.616807244430575],[127.06543360153496,37.6168090703225],[127.06543362937332,37.6168415957095],[127.06567260756783,37.616827861235365],[127.06579265718118,37.61681428120556],[127.06583456224016,37.616810654453325],[127.06590138332935,37.6168043111542],[127.06591182696579,37.61683124477832],[127.06594928086007,37.61705097351651]]]]},"properties":{"name":"월계 풍림아이원","building_count":14,"max_floors":25,"address":"노원구 월계동 화랑로47길 38","addresses":"노원구 월계동 화랑로47길 38","pnu":"1135010200109440000","has_inner_roads":true}},{"type":"Feature","id":"apt.1135010200104100003","geometry":{"type":"MultiPolygon","coordinates":[[[[127.06070213028165,37.62267780221853],[127.06090072570413,37.62269581214839],[127.06095969380821,37.622450815063374],[127.06103172073925,37.6221474368687],[127.06101139203668,37.622123877485265],[127.06082826361835,37.622096255521626],[127.06074563684984,37.62220397312255],[127.0606436873535,37.622199789638735],[127.06053473983886,37.62222714386174],[127.06050917710989,37.62227409769286],[127.06056099801441,37.62242940070179],[127.0605788553259,37.622636635142],[127.06058882388497,37.622665812888144],[127.06070213028165,37.62267780221853]]]]},"properties":{"name":"광운대역 현대프라힐스","building_count":1,"max_floors":14,"address":"노원구 월계동 석계로15길 14","addresses":"노원구 월계동 석계로15길 14","pnu":"1135010200104100003","has_inner_roads":false}},{"type":"Feature","id":"apt.1135010200109260000","geometry":{"type":"MultiPolygon","coordinates":[[[[127.0616950719592,37.62245567706443],[127.06205919733272,37.621834895898736],[127.06202661272165,37.621742021580616],[127.06200325517092,37.62171320219664],[127.06160328307668,37.62163553481928],[127.0614705974333,37.62160977120484],[127.06129631171598,37.62157592871054],[127.06124477600946,37.62156591788725],[127.0611104384858,37.622138288238936],[127.06111717097431,37.62214335735574],[127.06118592399851,37.62219510192674],[127.0612878326268,37.622247253130226],[127.06145434527004,37.62233247345118],[127.06163452475205,37.62242468718788],[127.0616950719592,37.62245567706443]]]]},"properties":{"name":"월계1차한일아파트","building_count":5,"max_floors":19,"address":"노원구 월계동 석계로15길 25","addresses":"노원구 월계동 석계로15길 25","pnu":"1135010200109260000","has_inner_roads":false}},{"type":"Feature","id":"apt.1135010200109470000","geometry":{"type":"MultiPolygon","coordinates":[[[[127.05007671713216,37.62510911686354],[127.0498468639752,37.62537025198873],[127.04975283250269,37.62547681325448],[127.04964089524509,37.625606906317955],[127.04962831975617,37.625622074928216],[127.0492962356993,37.625999810286885],[127.0491514444595,37.626163297454504],[127.0490973159204,37.62621101713382],[127.0490477565911,37.62628298029998],[127.04895038456486,37.626395038229134],[127.04885434763688,37.62650502328811],[127.04868584161902,37.62669920673286],[127.04855801759089,37.62684545964859],[127.04855711207883,37.62684662227267],[127.04855578757055,37.62684801030854],[127.04855466699564,37.62684944331211],[127.0485534330436,37.626850723194366],[127.0485522217363,37.626851985048056],[127.04846706273237,37.626968560615],[127.0481291533997,37.62734296130015],[127.04798933746648,37.62748194741896],[127.0479369133323,37.62752251211054],[127.04789864688391,37.62755910690714],[127.04791465924212,37.62762288993132],[127.04804690339482,37.627694015210125],[127.04811639055346,37.62776669680173],[127.04900575862052,37.62828710812967],[127.0490970700825,37.62829581084572],[127.0491820090809,37.62825964731271],[127.0498672885231,37.6276097626662],[127.04960186690921,37.62743003568846],[127.04933644657324,37.62725030810737],[127.0496578243222,37.6269501063407],[127.04986175355502,37.62675960102542],[127.05002966386178,37.62687345192863],[127.05021194504114,37.62699704525616],[127.05034236607204,37.62687707104165],[127.05037745371531,37.626901455035664],[127.05051406453693,37.62699637961945],[127.05104705522577,37.62649088799235],[127.05111630064575,37.62636751485115],[127.05168878512875,37.62581434186151],[127.05169348907273,37.625734332895995],[127.05102633484427,37.62531007318316],[127.05031396650223,37.62483186870816],[127.05025026167539,37.624905045556375],[127.05010233232991,37.62507899558749],[127.05007671713216,37.62510911686354]]]]},"properties":{"name":"롯데캐슬 루나","building_count":30,"max_floors":13,"address":"노원구 월계동 월계로45길 21","addresses":"노원구 월계동 월계로45길 21","pnu":"1135010200109470000","has_inner_roads":true}},{"type":"Feature","id":"apt.1135010200105620000","geometry":{"type":"MultiPolygon","coordinates":[[[[127.05080664577602,37.62696138988741],[127.05131821587217,37.62729228494551],[127.0516983605376,37.62691470375036],[127.05119166790983,37.62659209727457],[127.05080664577602,37.62696138988741]]]]},"properties":{"name":"월계아파트","building_count":2,"max_floors":0,"address":"노원구 월계동 월계로45길 28","addresses":"노원구 월계동 월계로45길 28","pnu":"1135010200105620000","has_inner_roads":false}},{"type":"Feature","id":"apt.1135010200109430000","geometry":{"type":"MultiPolygon","coordinates":[[[[127.06003045001955,37.62044009392474],[127.06000254645201,37.620563920444766],[127.06001954771142,37.62060636620112],[127.05997581892892,37.6206130010639],[127.06009856063413,37.62062886051941],[127.06018333328643,37.62064394586526],[127.06020360122281,37.620648683953455],[127.06022475247835,37.62065316932435],[127.0602121846725,37.62070313492185],[127.06020019269246,37.620750757683105],[127.06022528561283,37.62078379315255],[127.06023559543021,37.62078649096367],[127.06023261633179,37.62080081802906],[127.06023016760284,37.62081259505695],[127.06020856914456,37.620916524841135],[127.06017957901473,37.62091152079587],[127.06017283846835,37.620939229283],[127.0602735233465,37.62090756380814],[127.06031784367782,37.62090396484341],[127.06035644384306,37.62090043178266],[127.0602776901486,37.621020688788875],[127.06043413102249,37.62105100985956],[127.0604442900333,37.62102044354451],[127.06052428321156,37.62103563013844],[127.06054790258261,37.620952457868334],[127.06067593039124,37.62097710764329],[127.06080384021688,37.621009983286285],[127.06079666397439,37.62103078151048],[127.06085056499832,37.62103873710684],[127.06087886189626,37.62102651459751],[127.06091913251775,37.62102967479419],[127.06092782116764,37.621030562390814],[127.06104417961606,37.621051920052835],[127.06108487502081,37.62094858413764],[127.06109110366933,37.6209327687937],[127.06113037388232,37.62087469881867],[127.06117281525249,37.62078779586477],[127.0611781395671,37.62078849593771],[127.0611858371529,37.62076822900417],[127.06119668889664,37.620740320163975],[127.0612581980766,37.62058815855459],[127.06105505221211,37.62053864423925],[127.06103983079102,37.62041352379767],[127.06104377942307,37.62039364618431],[127.06085828423747,37.62041845348566],[127.06073255320425,37.62051791276617],[127.06033435545802,37.620482874559016],[127.06003045001955,37.62044009392474]]]]},"properties":{"name":"세양청마루아파트","building_count":4,"max_floors":15,"address":"노원구 월계동 석계로13길 35","addresses":"노원구 월계동 석계로13길 35","pnu":"1135010200109430000","has_inner_roads":true}},{"type":"Feature","id":"apt.1135010300107570000","geometry":{"type":"MultiPolygon","coordinates":[[[[127.07077920364574,37.62589252709322],[127.07060092803356,37.62574896143828],[127.0706050091572,37.6257522926724],[127.07053557365421,37.625842899737805],[127.07053126605403,37.62583965873172],[127.070535562343,37.625842917764025],[127.07049125533248,37.625900354066665],[127.07041907009538,37.625994458467886],[127.07033112605272,37.62595180336656],[127.07016101790173,37.6258691024441],[127.07012794622052,37.62587542853123],[127.0701275162735,37.62587598738834],[127.07009728426631,37.62591535973485],[127.07005376911015,37.62597201156053],[127.06999952782354,37.626042634772695],[127.06986308690817,37.62622030588489],[127.06988418385689,37.626262090089725],[127.07016460504066,37.62632076124066],[127.0703944940615,37.62636882967448],[127.07046464484515,37.6261566081096],[127.07041309270902,37.626145826467194],[127.07045373989814,37.62612399903286],[127.07055834125424,37.62604951699926],[127.07061714455563,37.6260617358995],[127.07071027819767,37.62608114248024],[127.0707380668067,37.625996884625955],[127.07065628611612,37.62597993108932],[127.07074242350551,37.62591867707247],[127.07077920364574,37.62589252709322]]]]},"properties":{"name":"우국 리더스빌 아파트","building_count":3,"max_floors":15,"address":"노원구 공릉동 동일로197길 85","addresses":"노원구 공릉동 동일로197길 85","pnu":"1135010300107570000","has_inner_roads":false}},{"type":"Feature","id":"apt.1135010200109300000","geometry":{"type":"MultiPolygon","coordinates":[[[[127.06773028850768,37.616329806862325],[127.0677558173689,37.616354236144346],[127.06787089148366,37.61635110816863],[127.06785799893926,37.61624570067007],[127.0678520405137,37.616219395381385],[127.06782479548674,37.616099039662146],[127.06781350482495,37.6160117409679],[127.06781707736343,37.615953265307944],[127.06772860938226,37.61568788602574],[127.06770333047758,37.61553626512875],[127.06770014193664,37.61551689582842],[127.06757824970893,37.61549335842066],[127.0675709069591,37.615515256365406],[127.06745543705006,37.61549199454024],[127.06739565735073,37.61547994577054],[127.06740198077924,37.615458048405586],[127.06715185103297,37.61540755264916],[127.06712213334046,37.6154878465679],[127.0670847767965,37.61564004299387],[127.06708048961484,37.615659218247856],[127.06705983201421,37.615751472139465],[127.06704235595976,37.61582954282168],[127.06703379433199,37.61588246217775],[127.06702973878073,37.615907484665954],[127.066995234519,37.61595453501169],[127.06715478339915,37.61603769701072],[127.06722469637788,37.61607063400413],[127.06730230654405,37.61609807068303],[127.06735701641689,37.616101734196015],[127.06737686848497,37.6161366811733],[127.0674744195019,37.61617113425922],[127.06757976831642,37.616185761323045],[127.06771614108582,37.61631627305819],[127.06773028850768,37.616329806862325]]]]},"properties":{"name":"우남아파트","building_count":5,"max_floors":22,"address":"노원구 월계동 화랑로 355","addresses":"노원구 월계동 화랑로 355","pnu":"1135010200109300000","has_inner_roads":true}},{"type":"Feature","id":"apt.1135010200109250000","geometry":{"type":"MultiPolygon","coordinates":[[[[127.06082826361842,37.622096255521626],[127.06087984016993,37.622029025500154],[127.06103606750634,37.62205849895323],[127.06106051470177,37.622033619576435],[127.0611774760767,37.621545860075464],[127.06093172555842,37.62149593461648],[127.06086630014532,37.62148264204279],[127.06030196586421,37.621367995485926],[127.06038287362864,37.6214077784727],[127.06040247100121,37.621481189554366],[127.06040718574086,37.62149885541905],[127.06038460293014,37.62158977556391],[127.06030893664659,37.621589542988765],[127.06020810983229,37.62157148347735],[127.06020510770648,37.62157097141171],[127.06006985342174,37.62154782034105],[127.05997349088408,37.621531326119126],[127.05995841048329,37.62151196251856],[127.05994073748641,37.621508781799825],[127.05980762361834,37.621484827496495],[127.0598026052008,37.6214842533479],[127.05966263340882,37.62146838405809],[127.05947785848737,37.62144741904832],[127.05936423997144,37.62143927587678],[127.05936809890966,37.62144918476502],[127.05937687101013,37.6215138708269],[127.05941516352497,37.62152214106274],[127.05975574131094,37.62175622827258],[127.05999364043292,37.62191974660671],[127.06050917710989,37.62227409769286],[127.06053473983886,37.62222714386174],[127.06064368735352,37.62219978963874],[127.06074563684983,37.622203973122545],[127.06082826361842,37.622096255521626]]]]},"properties":{"name":"대동아파트","building_count":7,"max_floors":18,"address":"노원구 월계동 광운로 46","addresses":"노원구 월계동 광운로 46","pnu":"1135010200109250000","has_inner_roads":true}},{"type":"Feature","id":"apt.1135010200109420000","geometry":{"type":"MultiPolygon","coordinates":[[[[127.05849048439458,37.62941664792992],[127.05859430114754,37.62947963924573],[127.05870868079404,37.62954861685936],[127.05874435914914,37.62956992572945],[127.0587232488406,37.62959248746253],[127.05885992368903,37.62967679778565],[127.05897238927741,37.629745658944],[127.05900720381882,37.629645381077275],[127.05904609727763,37.62954609228677],[127.0590813442484,37.629448589198574],[127.0590923790835,37.62942041020965],[127.0591242172508,37.629339108367915],[127.05917496097257,37.62919717942827],[127.05918817326342,37.62915753891504],[127.05922457624605,37.62906117945583],[127.05927307772171,37.62893537908488],[127.05918642141884,37.62888419180809],[127.05919401665913,37.6288763045313],[127.05908449742385,37.62880727996016],[127.05904735566735,37.628782971643915],[127.05911994728804,37.62870897487806],[127.05911399464222,37.628672785462456],[127.05904208748748,37.6286206268302],[127.05898229526447,37.62857477811688],[127.05893802261772,37.62854328342584],[127.05890074433881,37.628517984051975],[127.05890608984154,37.62850134938212],[127.05882952793611,37.62843557008123],[127.05879290967364,37.62842879447861],[127.0587281732992,37.62843512372326],[127.05866127456109,37.628443219898145],[127.0585989850476,37.62844951184786],[127.0585482956115,37.628455681031944],[127.05851792922823,37.62847679662937],[127.0585162083377,37.628478121899555],[127.05829778138327,37.62850016603509],[127.05828901014448,37.6285556345159],[127.05832947623722,37.628602051493395],[127.0583306780815,37.62860342040268],[127.05834249313143,37.628617785327116],[127.05832901084172,37.6286752472415],[127.0583206089816,37.628695081831005],[127.05831191310133,37.62871560130526],[127.05830183966731,37.62872715670198],[127.05824276313494,37.62878781198174],[127.05816970847744,37.62886493482615],[127.05812943488769,37.62890809302037],[127.05822961075093,37.62902616324489],[127.05814776627558,37.62910495710734],[127.05806404023795,37.62918259856076],[127.05805355749463,37.62919232514458],[127.0580676683616,37.629201553416024],[127.05793359243967,37.62933099814331],[127.05791019610963,37.629341875130095],[127.05793654808733,37.6293745410342],[127.05802098580867,37.62942847827222],[127.05812029201054,37.62932523257356],[127.0581589278719,37.629347936720016],[127.05826532779241,37.62941179202583],[127.05834671449274,37.62932662838645],[127.05845006865664,37.629392404077365],[127.05849048439458,37.62941664792992]]]]},"properties":{"name":"월계역신도브래뉴","building_count":8,"max_floors":15,"address":"노원구 월계동 광운로 132","addresses":"노원구 월계동 광운로 132","pnu":"1135010200109420000","has_inner_roads":true}},{"type":"Feature","id":"apt.1135010200103820039","geometry":{"type":"MultiPolygon","coordinates":[[[[127.05775639129803,37.62223113142701],[127.057889539248,37.622134302663014],[127.0578898529793,37.622114751249704],[127.0578117758033,37.62205754926683],[127.0577766843399,37.62205835886289],[127.05776377796688,37.62206736580392],[127.0577551501426,37.62211726618185],[127.0576764884988,37.62215634309854],[127.05775639129803,37.62223113142701]]],[[[127.05825403485565,37.62190153102144],[127.05827579592021,37.62188834823128],[127.05829161304952,37.62187898845156],[127.05832375044022,37.62183672603815],[127.05819458316931,37.621804127619384],[127.05812907615972,37.62178750895202],[127.05810127533363,37.62185742030753],[127.05809943295117,37.62186265588422],[127.05825403485565,37.62190153102144]]]]},"properties":{"name":"새봄아파트","building_count":3,"max_floors":11,"address":"노원구 월계동 광운로17길 45-3","addresses":"노원구 월계동 광운로17길 45-3","pnu":"1135010200103820039,1135010200103920052","has_inner_roads":false}},{"type":"Feature","id":"apt.1135010200109220000","geometry":{"type":"MultiPolygon","coordinates":[[[[127.06378983515603,37.62366433577741],[127.06425006999214,37.62379374299146],[127.06589970168591,37.622867368245466],[127.06592909693232,37.622802301467914],[127.06592565711796,37.62275410092872],[127.06530583461263,37.62250630775142],[127.06378983515603,37.62366433577741]]]]},"properties":{"name":"서광아파트","building_count":8,"max_floors":15,"address":"노원구 월계동 마들로1길 44","addresses":"노원구 월계동 마들로1길 44","pnu":"1135010200109220000","has_inner_roads":false}},{"type":"Feature","id":"apt.1135010200109290000","geometry":{"type":"MultiPolygon","coordinates":[[[[127.06283759623514,37.6200260468618],[127.06294194598216,37.61978452990193],[127.06312661719015,37.619834618239246],[127.06344994943207,37.619087356164464],[127.06341585202564,37.61908313944546],[127.06344651550232,37.61904411091055],[127.06347137660646,37.61897418178783],[127.06345803262953,37.61886381869874],[127.06346432454481,37.61882950606402],[127.06347810357413,37.61875433904795],[127.06347227473792,37.618691480706616],[127.06346804604594,37.61864595638723],[127.06348115467802,37.618609234554214],[127.0635068068729,37.61853736789564],[127.06350670300954,37.61853505243053],[127.06350403698654,37.618475381897824],[127.06337290154853,37.61837336961847],[127.06331781378928,37.61832546631861],[127.06321218144183,37.61828562617154],[127.0632090429483,37.61828443851798],[127.0631418537341,37.618258345187435],[127.06307561905847,37.61829090514832],[127.06298105785831,37.61831185717993],[127.06296156879115,37.618303308013886],[127.06311747910122,37.61813542813758],[127.06311853155078,37.61813429235282],[127.06317097186196,37.61813129173376],[127.06321092537296,37.61809514153786],[127.06328985714612,37.61807635985626],[127.06329258515704,37.61807426815363],[127.06333287139412,37.618043361448414],[127.06343788107024,37.617906321324895],[127.06345325741657,37.61788625743026],[127.06346090569824,37.61779400202081],[127.06346290180957,37.61776984568516],[127.0634403400579,37.6177437290897],[127.06342178591972,37.61767415609626],[127.0634214791513,37.61767301201188],[127.06339922043465,37.61760247690788],[127.06337056749831,37.61746995768687],[127.06265548328086,37.61690304586204],[127.06264779889047,37.616896950203426],[127.06232501372475,37.61664511265552],[127.06229312335323,37.61670702645645],[127.06223912964457,37.61688788107227],[127.06192189116406,37.617190322874286],[127.06214723864346,37.6174056317858],[127.06218694293796,37.617480843260864],[127.06200447182444,37.618740597736455],[127.0619879435635,37.61875159816713],[127.06184163373524,37.61879221716049],[127.0617587642867,37.6188455074299],[127.06164837802575,37.61890818185966],[127.06154161516316,37.61911050629588],[127.06152567901731,37.61915376145576],[127.06136127511154,37.619373143542774],[127.06131005781108,37.61949011674356],[127.06155053303688,37.61949540054505],[127.06154006699201,37.61972092122641],[127.06166173162,37.619722868471825],[127.06180736445613,37.61972520879099],[127.06187126076243,37.61972623027861],[127.06190491365116,37.61972677167148],[127.06191103662934,37.61973469716436],[127.06197027553806,37.61973322526636],[127.0620166647657,37.61980960461826],[127.06206789349989,37.61984750961289],[127.06212181721854,37.61985640163829],[127.06215736366293,37.61987321368937],[127.06223184466212,37.619908421741464],[127.06236218929884,37.61994209632154],[127.06258441556331,37.61999950912663],[127.06283759623514,37.6200260468618]],[[127.06236980803581,37.61724030442248],[127.06243792610977,37.6172679474047],[127.06239052376834,37.6173229136613],[127.06233504801584,37.61729755262859],[127.06236980803581,37.61724030442248]]]]},"properties":{"name":"현대아파트","building_count":15,"max_floors":27,"address":"노원구 월계동 석계로 49","addresses":"노원구 월계동 석계로 49","pnu":"1135010200109290000","has_inner_roads":true}},{"type":"Feature","id":"apt.1135010200109230000","geometry":{"type":"MultiPolygon","coordinates":[[[[127.04436913937992,37.63369286217138],[127.04439004709374,37.633663041210355],[127.04441162266323,37.633632273975614],[127.04448983111484,37.63352073145418],[127.04454147188106,37.633447075691166],[127.04459301066716,37.63337356409839],[127.04479484071206,37.6330857178097],[127.04484943530066,37.63300785325482],[127.04483387871134,37.63294605185791],[127.04484765801533,37.632873608146575],[127.04494341964809,37.632733560920535],[127.04481809234727,37.63268342248289],[127.04479622116712,37.63267252866868],[127.04486842078894,37.6325364544423],[127.04454123481109,37.63240691439188],[127.04420047489322,37.63227199950068],[127.04418887148799,37.63226739969761],[127.04377598293561,37.63295454424061],[127.04374701733953,37.63301924484858],[127.04358968384479,37.63326679976733],[127.04374934099063,37.63332170240827],[127.04392412180425,37.63347480602122],[127.04400065097985,37.633576679126215],[127.0440290101116,37.63364063836261],[127.04422448430594,37.63372345777077],[127.0442788567087,37.63371073428872],[127.04430975983456,37.63366657515717],[127.04436913937992,37.63369286217138]]]]},"properties":{"name":"초안아파트","building_count":6,"max_floors":15,"address":"노원구 월계동 덕릉로60길 185","addresses":"노원구 월계동 덕릉로60길 185","pnu":"1135010200109230000","has_inner_roads":true}},{"type":"Feature","id":"apt.1135010200109450000","geometry":{"type":"MultiPolygon","coordinates":[[[[127.04469726180518,37.631104114652366],[127.04489534295541,37.6308095481531],[127.04505138528508,37.63063707041646],[127.04491145844575,37.63050831804903],[127.0448875078542,37.63048555011376],[127.04501407122734,37.63040801035865],[127.04438742497157,37.629807935582434],[127.04404088144852,37.630416572967334],[127.04368504066032,37.631041565355886],[127.04394120914797,37.6311283729229],[127.04395229075881,37.63113212601908],[127.04406783490526,37.631057267155214],[127.04407063056594,37.63105283333267],[127.04413721800113,37.63102835674479],[127.04417952109469,37.631011601277464],[127.04421440432832,37.63099563233112],[127.04425795033225,37.63097327229919],[127.04460699209685,37.63109963374553],[127.04464942631168,37.631113853704434],[127.04469726180518,37.631104114652366]]]]},"properties":{"name":"초안산쌍용스윗닷홈아파트","building_count":9,"max_floors":15,"address":"노원구 월계동 덕릉로60길 222","addresses":"노원구 월계동 덕릉로60길 222","pnu":"1135010200109450000","has_inner_roads":true}},{"type":"Feature","id":"apt.1135010200108800000","geometry":{"type":"MultiPolygon","coordinates":[[[[127.04539160347069,37.63005316430579],[127.04548917757407,37.630113133170006],[127.04549857135372,37.63009799322731],[127.04572431780137,37.6299298673383],[127.04572877927077,37.62992654105545],[127.04568080550933,37.62983510967773],[127.04564101533123,37.62978926474415],[127.04563621758042,37.62972196342538],[127.04562792089344,37.62967646709964],[127.04561306391784,37.629648272016794],[127.04558608154669,37.62961341421768],[127.04552929406006,37.62955946678172],[127.0455226133977,37.629564785047904],[127.04542526559997,37.629503194359515],[127.0453810605305,37.62948151522932],[127.04537699243947,37.62947951656847],[127.04534141251867,37.629464933930336],[127.04525947696465,37.62941234716759],[127.04525811311639,37.62940477945116],[127.04525210682365,37.62940099756628],[127.04524451533999,37.62935988871647],[127.04523244624812,37.62929450915529],[127.04522729342911,37.62920053897219],[127.04520627242697,37.62909215900144],[127.04516516151394,37.62911127496573],[127.04515941042138,37.62911766503275],[127.04511365070752,37.62916850616313],[127.04498601311909,37.629226215892565],[127.04498801943758,37.629364425304715],[127.0448735312075,37.62943726651002],[127.0447906582996,37.629525863143286],[127.0447899904008,37.629526692288685],[127.04465798405487,37.629690880932806],[127.04473780291654,37.62980536612599],[127.04477893797585,37.62982706464095],[127.0448693527668,37.62984991632078],[127.04489404049401,37.62983540149124],[127.04496091315447,37.62989457119473],[127.04503785386494,37.629928960232355],[127.04524678056454,37.62997789624001],[127.04534911328685,37.63003930502337],[127.0453534529487,37.630040717947985],[127.04539160347069,37.63005316430579]]]]},"properties":{"name":"유원아파트","building_count":5,"max_floors":20,"address":"노원구 월계동 덕릉로60길 252","addresses":"노원구 월계동 덕릉로60길 252","pnu":"1135010200108800000","has_inner_roads":true}},{"type":"Feature","id":"apt.1135010200108030001","geometry":{"type":"MultiPolygon","coordinates":[[[[127.04572877927077,37.62992654105545],[127.04618738385163,37.62959111415941],[127.04629790131607,37.62951034457507],[127.04628937378945,37.629458361334606],[127.04597313954245,37.62917233001614],[127.0459391773701,37.629211084895125],[127.04586421821493,37.62926994700514],[127.04575994590832,37.629375400664806],[127.04561377276282,37.62950582700742],[127.04553246061221,37.62955027561718],[127.04552929406006,37.62955946678172],[127.04558608154669,37.62961341421768],[127.04561306391784,37.629648272016794],[127.04562792089344,37.62967646709964],[127.04563621758042,37.62972196342538],[127.04564101533123,37.62978926474415],[127.04568080550933,37.62983510967773],[127.04572877927077,37.62992654105545]]]]},"properties":{"name":"월계극동아파트","building_count":2,"max_floors":14,"address":"노원구 월계동 덕릉로60길 266","addresses":"노원구 월계동 덕릉로60길 266","pnu":"1135010200108030001","has_inner_roads":false}},{"type":"Feature","id":"apt.1135010200108030003","geometry":{"type":"MultiPolygon","coordinates":[[[[127.04602362637577,37.62910879197801],[127.04635391544652,37.62940752162619],[127.04643253344429,37.62940514918503],[127.04670689827493,37.62920124303322],[127.04688900991002,37.62893376263371],[127.04697564288671,37.62875576794456],[127.04700531997948,37.62869477825686],[127.04696032986408,37.628667495929065],[127.04680661450513,37.62868422313099],[127.04663825834618,37.628655996883715],[127.04646335298763,37.62866282097051],[127.04646184666127,37.6286633891609],[127.04643277348507,37.62867445524114],[127.04638218283678,37.62875267945451],[127.04626433123671,37.62888030281113],[127.04615322928525,37.6289293581373],[127.04611567324179,37.62902001081048],[127.04602362637577,37.62910879197801]]]]},"properties":{"name":"월계극동아파트","building_count":3,"max_floors":17,"address":"노원구 월계동 덕릉로60길 268","addresses":"노원구 월계동 덕릉로60길 268, 노원구 월계동 덕릉로60길 288","pnu":"1135010200108030003","has_inner_roads":false}},{"type":"Feature","id":"apt.1135010200103870000","geometry":{"type":"MultiPolygon","coordinates":[[[[127.05935125154645,37.62252648567641],[127.05928700212345,37.62251133563491],[127.05921726738286,37.6225510849406],[127.05916421949821,37.62253428957185],[127.05899989062955,37.622575544504976],[127.05894871170852,37.62258808403163],[127.05894144749193,37.622701556962305],[127.05895108897165,37.6227186708865],[127.05906531778922,37.62279603643232],[127.05909278289963,37.62277623752029],[127.05919861429958,37.62278976360633],[127.05919885703248,37.62272273960182],[127.05919929738705,37.622647597672],[127.05920029989761,37.6225816634801],[127.05922702801232,37.62259039892687],[127.0592975658307,37.62254909953722],[127.0593496824521,37.6225627238534],[127.05935125154645,37.62252648567641]]]]},"properties":{"name":"월계로즈빌","building_count":1,"max_floors":10,"address":"노원구 월계동 광운로 53-17","addresses":"노원구 월계동 광운로 53-17","pnu":"1135010200103870000","has_inner_roads":false}},{"type":"Feature","id":"apt.1135010200109390000","geometry":{"type":"MultiPolygon","coordinates":[[[[127.04461818831132,37.63128218592664],[127.04464950988381,37.63121926816236],[127.04464302887855,37.63119797139863],[127.04463724024538,37.63117895385712],[127.04429353768445,37.63105923978852],[127.04424301231974,37.6310603392666],[127.04398751296205,37.6311940466128],[127.04358346040205,37.63127005372781],[127.04352471714267,37.63130357303456],[127.043504080979,37.63133223149535],[127.0434658196859,37.63138533976576],[127.04345941261292,37.63139423470093],[127.04352831511157,37.631557116112475],[127.04353227412223,37.631566475869384],[127.04349795198904,37.63157368690223],[127.04344077050813,37.6316048630659],[127.04339545433602,37.63162318703863],[127.04338859065106,37.631625964487846],[127.04327872681687,37.63179280155948],[127.04330437234673,37.63180786585044],[127.0433797170063,37.63184243671852],[127.04332508533219,37.631936211901085],[127.04373912012272,37.63209641161768],[127.04385741960674,37.63214265249205],[127.04403312345804,37.6322102527966],[127.04410929401526,37.63218201569629],[127.04441577374352,37.63166925697175],[127.04454026454894,37.6314311911573],[127.04461818831132,37.63128218592664]]]]},"properties":{"name":"월계흥화브라운빌","building_count":4,"max_floors":15,"address":"노원구 월계동 우이천로2나길 14","addresses":"노원구 월계동 우이천로2나길 14","pnu":"1135010200109390000","has_inner_roads":true}},{"type":"Feature","id":"apt.1135010300106840022","geometry":{"type":"MultiPolygon","coordinates":[[[[127.07318226324723,37.61739711332107],[127.07348715018762,37.617440886629865],[127.07352279132772,37.61728427447061],[127.07322927828174,37.61724192690094],[127.073217836865,37.61724031208755],[127.0731961815629,37.61733591927946],[127.07318226324723,37.61739711332107]]]]},"properties":{"name":"남광아파트","building_count":1,"max_floors":5,"address":"노원구 공릉동 화랑로 415-5","addresses":"노원구 공릉동 화랑로 415-5","pnu":"1135010300106840022","has_inner_roads":false}},{"type":"Feature","id":"apt.1135010300105760011","geometry":{"type":"MultiPolygon","coordinates":[[[[127.07382659366746,37.62151860572074],[127.07383145015804,37.62150391677245],[127.07383554994702,37.621491525786425],[127.07385753970125,37.621425065040434],[127.07388083947045,37.62135457610598],[127.07389209971133,37.62132053017904],[127.07391615617132,37.62124780634206],[127.07379855592433,37.62122319157748],[127.0736835388687,37.62119910669414],[127.07366153780306,37.62126567553484],[127.07359396445183,37.62147011313145],[127.07382659366746,37.62151860572074]]]]},"properties":{"name":"세영 아파트","building_count":1,"max_floors":8,"address":"노원구 공릉동 동일로177길 12-18","addresses":"노원구 공릉동 동일로177길 12-18","pnu":"1135010300105760011","has_inner_roads":false}},{"type":"Feature","id":"apt.1135010300105750024","geometry":{"type":"MultiPolygon","coordinates":[[[[127.07316346128121,37.621458284123165],[127.07348213813295,37.62152494293483],[127.07352449182329,37.621396887853784],[127.07320580423992,37.62133031925932],[127.07320274347468,37.62133960121196],[127.07317450740847,37.62142503125746],[127.07316346128121,37.621458284123165]]]]},"properties":{"name":"라메즈 아파트","building_count":1,"max_floors":7,"address":"노원구 공릉동 동일로177길 12-25","addresses":"노원구 공릉동 동일로177길 12-25","pnu":"1135010300105750024","has_inner_roads":false}},{"type":"Feature","id":"apt.1135010300103800056","geometry":{"type":"MultiPolygon","coordinates":[[[[127.07076408461016,37.62644609759012],[127.07093551053767,37.626481945943134],[127.07098442635288,37.626459212483866],[127.0710444090771,37.62627781005158],[127.0708331013682,37.62623360618109],[127.07076408461016,37.62644609759012]]]]},"properties":{"name":"청솔브레씽아파트","building_count":1,"max_floors":7,"address":"노원구 공릉동 동일로191가길 33-3","addresses":"노원구 공릉동 동일로191가길 33-3","pnu":"1135010300103800056","has_inner_roads":false}},{"type":"Feature","id":"apt.1135010300103800010","geometry":{"type":"MultiPolygon","coordinates":[[[[127.07076408461016,37.62644609759012],[127.0708331013682,37.62623360618109],[127.07058813208718,37.6261824210301],[127.07051799293355,37.62639461563116],[127.07076408461016,37.62644609759012]]]]},"properties":{"name":"청솔브레씽아파트","building_count":1,"max_floors":7,"address":"노원구 공릉동 동일로191가길 33-5","addresses":"노원구 공릉동 동일로191가길 33-5","pnu":"1135010300103800010","has_inner_roads":false}},{"type":"Feature","id":"apt.1135010200104960002","geometry":{"type":"MultiPolygon","coordinates":[[[[127.05681000489281,37.6196654612555],[127.05691890339148,37.61975843639661],[127.05698567332486,37.61981588757327],[127.0570158989173,37.619792375798625],[127.05703797325845,37.61977450798748],[127.05712199718326,37.619698921234864],[127.05709395703227,37.61967578825989],[127.05703700510901,37.61963019843498],[127.05700364944089,37.61960272521383],[127.0569468224189,37.619557396570336],[127.05681000489281,37.6196654612555]]]]},"properties":{"name":"송암아파트","building_count":1,"max_floors":6,"address":"노원구 월계동 광운로3길 20-5","addresses":"노원구 월계동 광운로3길 20-5","pnu":"1135010200104960002","has_inner_roads":false}}]}