{"type":"FeatureCollection","features":[{"type":"Feature","geometry":{"type":"MultiPolygon","coordinates":[[[[127.03873028373846,37.62482001287102],[127.03875063276988,37.62481941874661],[127.03877059681311,37.62482131146926],[127.0387879433474,37.624826067484584],[127.03881056542187,37.62483548887483],[127.03884434224175,37.624851839683885],[127.03886434173485,37.624863054891165],[127.0388928066517,37.62488101029153],[127.03893414098317,37.62490079855174],[127.03896912512523,37.62492094478459],[127.03900550876155,37.624939849885344],[127.0390433551607,37.62496152682767],[127.03906066410815,37.624970125524584],[127.0390781661907,37.62497762495089],[127.03909392272345,37.62498309773228],[127.03910820135208,37.6249871348282],[127.03911898655176,37.624989171988595],[127.03913617136661,37.62499000330704],[127.0391446781804,37.62498920851776],[127.03915538871564,37.62498711377344],[127.03916925504906,37.624982582612915],[127.03918015419359,37.62497725416155],[127.03918790406222,37.62497168348867],[127.03919567072253,37.62496357653142],[127.03920311086377,37.62495278924593],[127.03920998253741,37.624938056726975],[127.03921605363983,37.62492176036029],[127.03922509412702,37.62488673959613],[127.03922666370116,37.62487722915694],[127.03922755157863,37.624857398138616],[127.03922661229034,37.6248375983612],[127.03921923860979,37.62480236861761],[127.0392154312219,37.62477845858957],[127.03920590317429,37.62474787685161],[127.03919982358684,37.62473504971774],[127.0391772841039,37.624701727892635],[127.03916476880656,37.624677378368794],[127.03914725923319,37.6246468371159],[127.03913168133242,37.62461680337632],[127.03912313794083,37.62459527622372],[127.03911941528531,37.624581663544205],[127.03911847468322,37.624567941823834],[127.03912130298103,37.624552324078245],[127.03912833092743,37.624526728310755],[127.03913767558099,37.62450363201333],[127.03915644601813,37.624469609921896],[127.03916768552362,37.62444383796258],[127.0391739958551,37.62443232305548],[127.03919779363329,37.62439850381198],[127.03922668503482,37.624365973083755],[127.03924262072148,37.62434614607011],[127.03925529408163,37.62433508674356],[127.03928978609821,37.62431157752157],[127.03929650518634,37.62430624144079],[127.0393141741585,37.62428888614851],[127.03932733134558,37.62427811496879],[127.03937390796702,37.624250691409905],[127.03942250118207,37.62421094255667],[127.0394284044205,37.6242051652572],[127.03949211666523,37.6242059989877],[127.03952637649378,37.62420205560896],[127.03954882446611,37.6242016192175],[127.03955992936939,37.624202202938584],[127.03957887552957,37.62420527706001],[127.03965299914869,37.62422537211645],[127.03968620043334,37.6242374738247],[127.03974679724477,37.62426321625271],[127.03978387383637,37.62428603476995],[127.03984613156383,37.624320626081555],[127.03985920856638,37.624329536030785],[127.03986789831355,37.62433842223332],[127.03988745428154,37.624361187170926],[127.03990636246272,37.62437787606768],[127.03992003848043,37.62439268907459],[127.03993792338507,37.62441711238508],[127.03994811371415,37.62443589271326],[127.03996111654291,37.62446912031603],[127.03997747351286,37.62450440553618],[127.03999787444191,37.62455222301351],[127.04002109791055,37.62461201454789],[127.04002532378787,37.62462581533446],[127.04002718655381,37.62463514802693],[127.04003691369107,37.62470051223442],[127.04003928355354,37.624711223264605],[127.04004720081953,37.6247306873027],[127.04006642360814,37.62476555888422],[127.04006409094782,37.624773518995255],[127.04005965878484,37.62480385312761],[127.04004511145972,37.62485432594963],[127.04003995927177,37.6248939260751],[127.0400354150033,37.62491169417886],[127.04002928388005,37.62494247397335],[127.04002061925654,37.62497216443244],[127.04001354440854,37.62500064072226],[127.04000675326911,37.62502796815697],[127.04000154799775,37.625044669714605],[127.03999243959844,37.62507914906711],[127.03998733417151,37.62511942130918],[127.0399826455368,37.625136301086044],[127.03997793662018,37.62515761732916],[127.03996353499633,37.625205405147774],[127.03996135315607,37.625222172352146],[127.03996089812229,37.62523975076086],[127.03996148546608,37.62526618551778],[127.03996366714615,37.62528297106589],[127.03996957873034,37.62530962476101],[127.03997114446628,37.625356571954725],[127.03997261471048,37.62536903931325],[127.03996891266307,37.625398507343405],[127.03998232575474,37.625400038080905],[127.04005527803248,37.62542188029073],[127.04015037838163,37.62546832988263],[127.04026425414828,37.62554483892384],[127.04029815550466,37.62555987383133],[127.04033888532483,37.62557063571712],[127.04038285474772,37.62562289593457],[127.04040129079266,37.62565388357113],[127.04040903652844,37.62569093850757],[127.04040643575529,37.625741403670766],[127.04037150288676,37.62577140947939],[127.0403259019264,37.6258193755912],[127.0402808358076,37.625855151150866],[127.04027145200797,37.62586413719239],[127.04023783312282,37.62589633010835],[127.0402190804311,37.6259083736854],[127.040200199355,37.62591341663573],[127.04018117943994,37.62591307172924],[127.04015659353239,37.62590540369129],[127.04010469762349,37.625880040542704],[127.04007214916493,37.625874267265445],[127.04004895016053,37.62587566266133],[127.04002422533391,37.62588350963579],[127.04000253019271,37.625900897028274],[127.03999086586603,37.62592861533618],[127.03999251329493,37.62595884288498],[127.04000013666659,37.625979265671624],[127.04001198461683,37.62599823643651],[127.04003977382392,37.626022274347505],[127.04021408081503,37.62609025759298],[127.04026558092647,37.62611654884394],[127.04030365667181,37.626141601296645],[127.04034203384272,37.62617936655717],[127.04039590073394,37.62624587699041],[127.04040231603622,37.62625465761282],[127.04042619289669,37.62628733182823],[127.0404428627701,37.62631984272745],[127.04044751932322,37.62634206847421],[127.04043925485865,37.62637226337239],[127.04042279649015,37.62639564060762],[127.0403984600813,37.62641394798267],[127.04037096345009,37.626424480918494],[127.04034423095962,37.62642780569281],[127.04027375388364,37.62641846851661],[127.04025255915819,37.62641870099545],[127.04022889744002,37.62642362845243],[127.04020525092915,37.62643576379329],[127.04019195927889,37.626449742625525],[127.04018448431876,37.626473720428066],[127.04018981024409,37.62649795515684],[127.04020488723624,37.62651767261977],[127.04023471208355,37.6265390969276],[127.04038137849139,37.62662130691145],[127.04041636772317,37.626636089133534],[127.0404532684913,37.6266454647697],[127.04049178471293,37.626646586801904],[127.0405272259766,37.62663842971475],[127.04056021405826,37.626618677761485],[127.04058935613072,37.62658833151841],[127.04063138296885,37.62656667535356],[127.04067230738735,37.626538469380314],[127.04071374490611,37.62649982077971],[127.04074518284126,37.626458670874605],[127.04079443004328,37.62644937369557],[127.04083081199008,37.626433990278265],[127.04083288051197,37.62642987205315],[127.04085427059758,37.62640574523447],[127.04085684553347,37.62639965006868],[127.0408653393379,37.62638310951592],[127.04087562180882,37.62636030198017],[127.04088050031928,37.626346991815026],[127.04089801988272,37.62629036773719],[127.04090055035059,37.62627755753153],[127.04090124445239,37.62626872491785],[127.04090294815461,37.626214905685615],[127.04090756392247,37.62617694190936],[127.04091340694615,37.62615216905443],[127.04091557699591,37.626134899088605],[127.04091612054546,37.62610767468388],[127.04091550184579,37.62608046419683],[127.04091329474531,37.62606320205546],[127.04090884439506,37.6260453910898],[127.04090660265884,37.62602693515271],[127.04090573571835,37.62590020805662],[127.04090135227908,37.62585977328822],[127.04089897339993,37.62584530336361],[127.0408890556235,37.62581614636252],[127.0408750334259,37.62578644568532],[127.04085106428604,37.62571562380753],[127.04083751242528,37.62568213251088],[127.04082922254882,37.62565302089089],[127.04081358207635,37.625622047671065],[127.0408074042017,37.62559376602858],[127.04079339746065,37.62554246417525],[127.04079137206716,37.62552596240009],[127.04079040194318,37.62549196850106],[127.04078844682043,37.62547553157248],[127.04077424281004,37.62542801392894],[127.04076846866984,37.6254005178045],[127.04075033559826,37.62534366729073],[127.04074505268859,37.625319558705826],[127.04074023784784,37.625306235673136],[127.04073293930223,37.625291762937344],[127.04070208931452,37.62523651155113],[127.04069675049266,37.625224083377205],[127.04069243386793,37.62521034481555],[127.04069021422441,37.62519486752684],[127.04068890507963,37.62517059088585],[127.04068566038805,37.62514079366429],[127.04068514064362,37.625093368594726],[127.04068634593557,37.62507467270034],[127.04069072418974,37.6250373171733],[127.04069373869639,37.62502514019623],[127.04070174926973,37.62500760242554],[127.04070584275729,37.62500062647356],[127.0407317934412,37.62495641149492],[127.0407478056311,37.62493404707439],[127.04075958805772,37.62491595749388],[127.0407642519755,37.6249101706455],[127.04077600994134,37.62490123329725],[127.04079747672446,37.62488970225391],[127.04081043796202,37.62488124200926],[127.04082553590693,37.624869146442514],[127.04083095136042,37.62486221597898],[127.04084419420091,37.624857070364165],[127.04086813381828,37.62484965596233],[127.04092723075217,37.624836431515526],[127.04096039566781,37.624830927591134],[127.04096763403942,37.62483070523746],[127.0409789669956,37.624831759961914],[127.04100191536618,37.624836648854206],[127.04101290968636,37.62483988408153],[127.04102050109287,37.62484306643165],[127.04103316229099,37.62485142318848],[127.04105040949118,37.624864782430215],[127.0410617047388,37.62487140976418],[127.04108383770657,37.624882809456025],[127.04109798325914,37.624891877468734],[127.04110752163731,37.624898636954285],[127.04110667429379,37.62490477206967],[127.0411079389015,37.62491581772919],[127.04111422602661,37.6249428514542],[127.0411232929517,37.625000614171704],[127.0411239068109,37.625004524241085],[127.0411284246726,37.62502152789396],[127.04113224187513,37.625053891816115],[127.04113796033988,37.625078831843815],[127.04114302565901,37.625114900188386],[127.04115223288508,37.62514557287942],[127.04115802512835,37.62515842794252],[127.04116691719565,37.62517220633646],[127.04117760375979,37.625186264310415],[127.04119443430453,37.62520597743539],[127.04120204343974,37.6252124654884],[127.04122893916887,37.625230719098546],[127.04125305676354,37.625243888503746],[127.04127097768797,37.62525239656328],[127.0412847143243,37.62525723906747],[127.04130766766403,37.62526264686661],[127.04131828583664,37.62526358828426],[127.04132914578877,37.62526337725403],[127.04136818251447,37.62526062817854],[127.04138452038998,37.62525791588494],[127.04139646481926,37.62525433567811],[127.04141587770948,37.62524662002204],[127.04143928230837,37.625234387214626],[127.04144743857513,37.62522857929133],[127.04145497545096,37.625221175937256],[127.04146163174397,37.62521304669667],[127.04148281288693,37.62517676551917],[127.0414884622597,37.62517092063282],[127.04149983087292,37.62516265368401],[127.04150609333276,37.62515929620605],[127.0415235796036,37.62515210468323],[127.04153566127431,37.625148879402815],[127.04154995582736,37.62514663451672],[127.04157017466521,37.625146059773655],[127.04158982728106,37.625147828693684],[127.04160055165441,37.625150320646995],[127.0416104882023,37.62515388054666],[127.04162107647731,37.62516013957241],[127.04163513664957,37.625172303341415],[127.04165059246128,37.62518859493812],[127.04168149914237,37.625228520269374],[127.04168785556075,37.62523925328282],[127.04169369619486,37.62525541492423],[127.04170884003108,37.62531340790077],[127.04173291559506,37.62539505853265],[127.04173814808297,37.62542768141674],[127.04174258226845,37.62544465804483],[127.0417440384515,37.62545373136846],[127.04174639629372,37.6254910809449],[127.04175039116431,37.62551652340047],[127.04174267371869,37.6255798330713],[127.04173343491927,37.62561478652009],[127.04171851649129,37.62566230263368],[127.0417093553214,37.62569633974906],[127.0417054810673,37.62572862617957],[127.04169806778532,37.625760623742714],[127.04169389825793,37.62578753408849],[127.0416925572379,37.62580617057366],[127.04169247846168,37.62585374811117],[127.04169317547846,37.62587261813257],[127.04169708013998,37.62591299447642],[127.0416972426981,37.625960652115566],[127.04169583728323,37.62598974547568],[127.04169670469389,37.62599729183451],[127.04171227426481,37.62601411045788],[127.04173285415685,37.626049034438545],[127.04173578040196,37.62607575667137],[127.04173126943262,37.626091705732726],[127.04172261153848,37.62610611557288],[127.04169687368527,37.62612541479751],[127.04162935042602,37.62615146814682],[127.04160840045995,37.62616388212388],[127.04159730605431,37.626176589948855],[127.04159336012142,37.62619015119056],[127.04159727635239,37.62620460163762],[127.0416027630566,37.62621164541969],[127.04161514741159,37.62622071398923],[127.041638898321,37.62622974250745],[127.0416938211002,37.62623753466848],[127.04172963984809,37.626236503891505],[127.0417954495436,37.626225200245315],[127.04183696466984,37.62622126624055],[127.04189347967265,37.62622006589632],[127.04193525682125,37.6262228080758],[127.04199348169136,37.62623652741659],[127.0420456039187,37.62625988045164],[127.04206740758204,37.62627491014909],[127.0420831847946,37.62629006813011],[127.04210547599847,37.62632591945006],[127.04215200883736,37.62646123104237],[127.04216370425411,37.62653394550112],[127.04216956028024,37.62654891780743],[127.04217963753293,37.62656053693402],[127.04218815927328,37.62656584970898],[127.04220218592002,37.6265701784391],[127.04221933709293,37.626570911112694],[127.0422523769196,37.626563367037505],[127.04229091181159,37.62654148628529],[127.04231626178453,37.62651340245118],[127.04232892211901,37.62648552138144],[127.0423340023539,37.62641887357151],[127.04234351262451,37.62636555877459],[127.04234404772589,37.62633034802108],[127.0423402811448,37.6263043919448],[127.04231787881915,37.626232573318035],[127.04231462025317,37.626195516901504],[127.04231885258021,37.6261678370705],[127.04233375172488,37.62613275631139],[127.04239095280528,37.62604321372981],[127.04241097478562,37.62601674455336],[127.0424435362008,37.62598112584772],[127.04249969160901,37.62592965027953],[127.04261357128951,37.625844853379306],[127.04263118645662,37.62582524154343],[127.04264065870827,37.62580899332859],[127.04264527461325,37.62577880860214],[127.0426423228775,37.62576750318528],[127.04263741792137,37.62576761307618],[127.04255416421861,37.62576798730699],[127.04251598156387,37.62576704332195],[127.04250391302284,37.62576557635833],[127.04249158995023,37.62576273007431],[127.04244875543219,37.62574878740374],[127.04243121713972,37.625740278485274],[127.04241803455729,37.6257299462031],[127.04239819836056,37.625708418846074],[127.04238052565252,37.625686598788846],[127.04236130843162,37.62565787321929],[127.04235215342645,37.625642361512256],[127.0423460471635,37.625629521037375],[127.04232403665868,37.62556712027842],[127.04231929668452,37.62554051583672],[127.04231467013282,37.6255241492677],[127.04230940415097,37.62551283295908],[127.0422914206551,37.62548217792203],[127.04228490876012,37.62546513448527],[127.04228312513368,37.62545606128568],[127.04228069949846,37.625427491861196],[127.04227392486222,37.62539255131449],[127.042270640792,37.62536036293271],[127.04226562560758,37.625341807102366],[127.04225995198674,37.625328747527576],[127.04222499927499,37.625265943234304],[127.04219758142635,37.62522426798256],[127.0421881015544,37.62521304237253],[127.04216710543402,37.62519124869727],[127.04212092686248,37.62515242454565],[127.04210817756886,37.62513881428269],[127.04209917626817,37.62513050138527],[127.04209028035247,37.62512425711552],[127.04207023083826,37.6251137092038],[127.04205096687332,37.625102075319475],[127.04196003894437,37.625043435419826],[127.04193951082013,37.62502574643349],[127.0419175144866,37.625009849127125],[127.04190563881103,37.62500059119952],[127.04188809785676,37.62498691504003],[127.04181321443164,37.62492123262119],[127.04179734663236,37.62490552412952],[127.04177429396945,37.624884436584445],[127.04175702724575,37.62486476604187],[127.0417359034488,37.624843158838026],[127.04172349924615,37.62482859786947],[127.04171375314947,37.62481509101567],[127.0416806267501,37.62476165166951],[127.04165899293326,37.62472120499389],[127.04164972503104,37.6247099693539],[127.04164392064847,37.62470590164432],[127.04164033310425,37.62467134104954],[127.04163803273131,37.624629245045995],[127.04163428895687,37.624592809551736],[127.04163431452794,37.62456350944532],[127.04163504549132,37.62455392809158],[127.04163761273115,37.62454035651937],[127.04164816651118,37.62450727395762],[127.04165981048776,37.62448518665544],[127.04167004282392,37.62446275747549],[127.04167882451226,37.62444721685275],[127.04169090423109,37.62442854323323],[127.04169868862488,37.624418296260096],[127.04171295375302,37.62440419617706],[127.04173375999842,37.62438687184937],[127.04174363893459,37.62438075966287],[127.04176356003617,37.624372788789394],[127.04178524117334,37.6243663120268],[127.04180294438156,37.62436255314545],[127.0418286006831,37.6243605744958],[127.0418950864136,37.62435990219823],[127.0419253309513,37.62435879765783],[127.04194243189527,37.62435975113173],[127.04194942310046,37.62436123797808],[127.04196463564377,37.624366112314696],[127.04201463278693,37.624387790291024],[127.042032586127,37.62439774881375],[127.04204372112011,37.62440541224642],[127.04205351966328,37.62441347709356],[127.04206091450462,37.62442163379638],[127.04206781005533,37.62442221697982],[127.04207710363077,37.6244246904795],[127.04209449228246,37.62443160836289],[127.04215029098474,37.6244622265079],[127.04220624687191,37.624488276565955],[127.04223167133449,37.62449692505347],[127.04228118224914,37.62451184208383],[127.04230741845483,37.62452164803244],[127.04233751206387,37.6245339456223],[127.04237846507964,37.62454723849943],[127.0424515898834,37.62456593472432],[127.04257452413832,37.624673845793644],[127.04263167754785,37.62472742757702],[127.04265643712836,37.62475974333874],[127.04273807920792,37.62488655564252],[127.04284150224377,37.62500055515466],[127.04287248546278,37.62503470662304],[127.04290754773098,37.62506859801666],[127.04294495825013,37.62509846113348],[127.04299691288496,37.6251326157461],[127.04303837739634,37.62515601277458],[127.04309092572234,37.6251804013318],[127.04318748701655,37.625219590494424],[127.04333720324001,37.62526418310749],[127.04346642737752,37.62530867225923],[127.0436642916136,37.6253716971198],[127.04371736549523,37.62538570313083],[127.04375973622835,37.62539299442863],[127.04379909041143,37.625394613316615],[127.0439197030362,37.625382393449435],[127.04391518584187,37.625371493189505],[127.04391412267144,37.62535505057466],[127.04391709337025,37.62534052556054],[127.04392603083772,37.62532082666053],[127.04396882884953,37.625265048642135],[127.04398544203312,37.62523757136005],[127.0439953680098,37.6252037626311],[127.04399456921166,37.62517462501245],[127.04398589733809,37.625150932289706],[127.04395446048551,37.62512646689279],[127.04392543199724,37.62511168620024],[127.04388819475056,37.625099766484496],[127.04376343332567,37.62507940186482],[127.04370563321548,37.62506270006955],[127.04367686393826,37.62504939143228],[127.04364794236851,37.62503133734618],[127.04362302882917,37.625011712252],[127.04361151656869,37.62500051904187],[127.04359723534125,37.62498663470469],[127.04344963663466,37.62480959655745],[127.04336349810768,37.62468982220449],[127.04329913954354,37.624610564389215],[127.04327049854267,37.62456994038188],[127.04324539939812,37.624518887045674],[127.04322586760844,37.62445951014825],[127.0432192196533,37.62442680945748],[127.04321532974326,37.624391676893104],[127.0432423729281,37.62437863961434],[127.04329412073487,37.624355640063925],[127.0433009580457,37.624353457166464],[127.04330999662955,37.624351769003546],[127.0433149128821,37.62435176719898],[127.04331713697002,37.62435253582549],[127.04332715270314,37.624342287925685],[127.04335054950757,37.62432546331036],[127.04335869129366,37.62432050489022],[127.0433882415426,37.62430600075071],[127.04342988382979,37.62427728539013],[127.04344422549974,37.62427074254873],[127.04346605983496,37.624265036665754],[127.04347412122624,37.624267938478205],[127.0435005161619,37.62427203364755],[127.0435197123509,37.62427620264421],[127.04354094159588,37.62428377661859],[127.04354661027777,37.62428618016214],[127.04358038880555,37.62430410634355],[127.04361913289266,37.62432109004931],[127.04365301264957,37.624337726859935],[127.04365880567327,37.62433966634375],[127.0436728689055,37.624343203820615],[127.0436998093151,37.6243482736114],[127.04376735405181,37.62436286619099],[127.04379180334999,37.62436961632454],[127.04382410477115,37.624379720614705],[127.04383434771506,37.62438420462646],[127.04394888749736,37.6244420729622],[127.04400151198178,37.62447302027401],[127.04402179016539,37.62448313980457],[127.04406802418264,37.624499781796715],[127.04412872735564,37.62452623911881],[127.04415449958506,37.62453449513253],[127.04420495666008,37.624545383589535],[127.04426764660444,37.624556202565266],[127.04430335090547,37.624560348121186],[127.04432581262782,37.62456385713885],[127.04434850325435,37.62456559472579],[127.04439596675917,37.62456559309528],[127.04441886599517,37.62456381854285],[127.04449598534161,37.62455182437972],[127.04452393625202,37.624545380789186],[127.04453053213976,37.624544891767215],[127.04453171196954,37.624542109074106],[127.04453482874861,37.624539150858475],[127.04454865409876,37.624529271723134],[127.044586019452,37.62450752490287],[127.04462157398545,37.62448853667673],[127.04462878689115,37.62448368753978],[127.04465157783093,37.62446377971855],[127.04466692100361,37.62444810124245],[127.044696230586,37.62441226239522],[127.0447077750088,37.624395706890176],[127.04471397236227,37.62438423497711],[127.04472029623874,37.62437029431129],[127.04472443047976,37.624358287092235],[127.04472688199562,37.6243396906917],[127.04472630753627,37.62432054853893],[127.04472486791559,37.62431132658131],[127.04471712217914,37.62427949764484],[127.04471255303272,37.62426515746457],[127.0447018401542,37.62424588040069],[127.04469390442753,37.62423536348199],[127.04468434230547,37.6242252940682],[127.04463388066432,37.62418189460045],[127.04459788564255,37.62415729324393],[127.0445268513788,37.62411699549315],[127.04450631275344,37.62410698516642],[127.04447861606411,37.62409494941261],[127.04446118806425,37.62408496853899],[127.04445448364416,37.624080042665696],[127.04444849131258,37.62407440023907],[127.04444081206809,37.62406459138226],[127.04443380129074,37.62405309652638],[127.04439787982992,37.62396912003168],[127.04439126192368,37.62395154696634],[127.04438690164656,37.623933996477035],[127.04438310999453,37.6239068727857],[127.04437937321204,37.62389010682123],[127.04437869969658,37.62388139182631],[127.04437937763991,37.62387278444153],[127.04438450099437,37.62384583489116],[127.04438690009171,37.62381707538115],[127.04438899207231,37.62380523472255],[127.04439811173538,37.62377432292849],[127.04440797718175,37.62374603723036],[127.04441594386203,37.623726867532795],[127.04442604379803,37.62370813220826],[127.04443663945005,37.6236943818579],[127.04446704101711,37.62366075097132],[127.0445063458023,37.62362092063039],[127.04451954361528,37.623607546804514],[127.04452861268534,37.623600194030395],[127.0445437969048,37.6235898512739],[127.04459754463365,37.6235561547756],[127.04463659395805,37.623534492893185],[127.04466617079856,37.62352182283163],[127.0447322477826,37.62349627824076],[127.04476847546074,37.62348051524609],[127.04480056080388,37.62346508177235],[127.04483410081406,37.62345000092414],[127.04491821285885,37.62340639179009],[127.04497023064307,37.623384118495025],[127.04502720185687,37.623354152460315],[127.04508117881167,37.62332927721854],[127.04511272703498,37.623311867999874],[127.04515862841735,37.62329064030281],[127.04519022868833,37.623278803649185],[127.04520031096095,37.623274346207864],[127.04520778882795,37.623269579823905],[127.04522604051252,37.623255679607375],[127.04523488766054,37.623250545094095],[127.04537163006735,37.6231817121329],[127.04540290511387,37.623167942929626],[127.04542052545554,37.623159077642256],[127.04543709188697,37.62314948926534],[127.04547814893988,37.62312192666563],[127.0455083113138,37.623104016024875],[127.04552247140809,37.62309387806069],[127.0455540026474,37.6230675309367],[127.04556815515144,37.62305425843537],[127.04561699217129,37.622999365839526],[127.04562935197039,37.62298316040929],[127.04563886899429,37.62296768857987],[127.0456525061777,37.622936084781074],[127.04566294282216,37.62291663743807],[127.04566764785777,37.622904822773435],[127.04566945191524,37.62289672670481],[127.04567033368666,37.62288826609325],[127.04567040576394,37.62287091665482],[127.04566833027789,37.622853795096304],[127.04566397006863,37.62283674109492],[127.04565843493242,37.62280073618187],[127.04564476612659,37.622750933992855],[127.04563810319718,37.62273413315737],[127.04562901940957,37.62271705575352],[127.04560752364563,37.62268632147671],[127.04558962924251,37.6226542658581],[127.04556805906286,37.62263332082944],[127.04555792722974,37.62260650505287],[127.04555116760226,37.622579689775584],[127.04554440797907,37.622552873596774],[127.04553427616597,37.622526058718805],[127.04553087800711,37.62249648962656],[127.0454583500469,37.62244391524702],[127.04537169917869,37.62237657276434],[127.0452411648284,37.622288812657295],[127.0452192225533,37.62226848578347],[127.04521007318405,37.6222550916074],[127.04520399091119,37.62223732646701],[127.04520446656205,37.62221845059975],[127.04521178488372,37.62220104973011],[127.04523029395,37.622182383188736],[127.04527781014548,37.62215969612391],[127.04535326083828,37.622138764241875],[127.04538635243796,37.62212696660381],[127.0454092717474,37.622114767427064],[127.04542474691091,37.6220992554782],[127.04542914625188,37.62208770312645],[127.04542927247113,37.622071746591445],[127.04542034342613,37.62204814415939],[127.045395881298,37.622019285936965],[127.04536250421974,37.62198994460362],[127.04533116149734,37.621971675614205],[127.04528740363561,37.6219528888092],[127.04523443692241,37.62193461007129],[127.04517542261331,37.62191833381701],[127.04514120941579,37.62191099485302],[127.04510669227966,37.62190679143144],[127.04507135069504,37.621906642757985],[127.04503694064778,37.62191095360607],[127.04498637311687,37.62192642482907],[127.04496397469384,37.62193835342937],[127.04494788592724,37.6219507751652],[127.04482921217678,37.62208867137985],[127.04480524468826,37.62210979962688],[127.04478971910557,37.62211701341995],[127.0447690152028,37.62212142710499],[127.04474816127052,37.62212121877808],[127.04470384467093,37.62211508183172],[127.04467089349686,37.622115634902904],[127.04464490102372,37.62212230303654],[127.04462533414122,37.62213388812567],[127.04461649465209,37.62214600073846],[127.04461349076662,37.62216141776807],[127.04462141345267,37.6221884083538],[127.04463887305708,37.622214061870245],[127.04470358629779,37.622288936450424],[127.04471848574256,37.62231424854931],[127.04472629134331,37.62233478810233],[127.04472948494691,37.62235245525348],[127.04472851019965,37.62237038527092],[127.04472273240381,37.62238798374348],[127.04470933180787,37.6224065761902],[127.04468134392073,37.622429363750854],[127.04465715626756,37.62244248227269],[127.0445167520924,37.62249944168406],[127.04445308908261,37.62251425989605],[127.04433438166569,37.62252221522443],[127.04430269045723,37.62252747988304],[127.04427730979172,37.62253465225848],[127.04425377700399,37.6225443557098],[127.04423642967535,37.62255515604227],[127.04421966341704,37.62257165039416],[127.04420976201303,37.62258880890248],[127.0442022917966,37.622617967649994],[127.04419475544714,37.622688499758034],[127.04419752315644,37.622714041710914],[127.04420585941159,37.62273181506729],[127.04422015377943,37.62274929787445],[127.04424685556432,37.62277312798831],[127.04436563005567,37.62285828975703],[127.04438095665778,37.62287806967372],[127.04438497626779,37.62289431296207],[127.04437793604365,37.62292264264919],[127.04435465079497,37.62294878904419],[127.04432408791791,37.62296598235518],[127.04425509552462,37.62299148816973],[127.04428914477528,37.623027289637506],[127.04436429315393,37.62308660042686],[127.04437893970314,37.62310563277932],[127.04438555746125,37.62312880368153],[127.04438204690766,37.62314953671783],[127.04437169403704,37.623169515497835],[127.04434486918231,37.62320578130711],[127.04432163993154,37.623231017676225],[127.04430187151705,37.62324716178055],[127.04428745614997,37.62325504181991],[127.04427075074413,37.62325978728125],[127.04424660104321,37.62326106673115],[127.0442240119997,37.62325803887241],[127.04419982347194,37.62325113736351],[127.04413232918645,37.623224520434405],[127.04408752580987,37.623200751120315],[127.04405787006381,37.62318139998157],[127.04404306807831,37.62316759337333],[127.04402882769524,37.62314567766872],[127.04402359502421,37.62312761482734],[127.04402310293817,37.6230999276736],[127.0440271361137,37.6230816631578],[127.04404048566279,37.623052853614446],[127.04405867298293,37.623025582951406],[127.04408306753493,37.62299786848292],[127.04411823199162,37.62296577118506],[127.04414050383097,37.62294974330265],[127.04417813361866,37.622929979579915],[127.04417736822921,37.622899949961365],[127.04416928983558,37.622877680580544],[127.0441557990019,37.62285899915388],[127.0441282928108,37.62283491704415],[127.04409444618098,37.62281585579646],[127.04406904525679,37.622808098775344],[127.04403399685441,37.62280640899362],[127.04400803733876,37.62281184262142],[127.04398133373167,37.62282326808616],[127.04396366931336,37.62283438384176],[127.04383462736979,37.62293327015099],[127.04366070407113,37.62304952594657],[127.04356784557004,37.6231162603528],[127.04351284470205,37.623145796988744],[127.04340346966895,37.62319194979624],[127.04335877380743,37.62321633793217],[127.04339685659424,37.62325426450374],[127.04342167546703,37.62327388788455],[127.04345566997937,37.62329395837492],[127.04352135526659,37.62332674812028],[127.04357692644561,37.62336193819035],[127.04361311351397,37.62339269353328],[127.04363115985808,37.62341452679109],[127.04364226152107,37.623434903015536],[127.0436480837748,37.62345401980983],[127.04364982908828,37.62347485899745],[127.04364721318721,37.62349557366003],[127.0436397378255,37.623516461307304],[127.04362611185783,37.623537882810616],[127.04360942410499,37.623553636432675],[127.04360665024761,37.62355606291521],[127.04358872443288,37.62356609752537],[127.04357174743319,37.62357150070848],[127.04355028250951,37.623573184468654],[127.0435158879745,37.62356671005023],[127.04348535340843,37.62355548599704],[127.04343426165917,37.6235290788611],[127.04338139977614,37.623497410588655],[127.04332403767673,37.62346024792298],[127.04330005693399,37.623440489066624],[127.04328663642815,37.62342568176139],[127.0432708991588,37.62340064008982],[127.04325277766455,37.62334666859144],[127.04324939131843,37.623308621143586],[127.04325538730187,37.62323676521659],[127.0432726879701,37.62322311792706],[127.04325012750088,37.623171562700165],[127.04322382880159,37.623139298974294],[127.04309868183744,37.62304161466525],[127.04299932237399,37.622973401130345],[127.0429393327967,37.622936104083536],[127.04292967775937,37.622923312676555],[127.04290386186481,37.62288912149057],[127.04284792027883,37.62283895682667],[127.04282301841877,37.622812377732025],[127.04280885809533,37.62279105650132],[127.04280024637949,37.62276643564295],[127.04279922650377,37.6227459836016],[127.04280619913874,37.62271729363726],[127.0428429356976,37.62266050909567],[127.04285297936117,37.62263407949123],[127.04284765105628,37.62258698681985],[127.04285024148797,37.62256103744473],[127.04286336858874,37.62253874225097],[127.04287911616709,37.62252312241949],[127.0429184184404,37.62249622266967],[127.04302851237016,37.62244079888478],[127.04326353090815,37.62229692438259],[127.04335813252138,37.62224871386634],[127.04339295654854,37.62223513219586],[127.043429855745,37.622225433006854],[127.0435387518626,37.62221515766122],[127.04359717196579,37.62220337820639],[127.04364812515844,37.62218799753539],[127.04370865455545,37.622161017588205],[127.04384262525986,37.62208567237319],[127.04395195159012,37.62203696937431],[127.04403971091651,37.62198917531225],[127.04408378125468,37.62196214725419],[127.04420410814045,37.62187853565839],[127.04430255057844,37.62183365659644],[127.04432368932878,37.621817674151245],[127.0443407129923,37.621796242274705],[127.04434697278266,37.621770012178395],[127.04434148968227,37.62174985014029],[127.04432629939011,37.62173030442015],[127.0442980153826,37.62171197093728],[127.04424338375625,37.621693350003454],[127.04419579248301,37.62168491657557],[127.04415980629905,37.62168638063801],[127.0441273133574,37.62169531256909],[127.04409519821833,37.62171102878541],[127.04402934202353,37.62175139058387],[127.04393075472295,37.621800432034355],[127.04389421375781,37.62182170893573],[127.0438629978892,37.62184510116683],[127.04375735600091,37.62193725734121],[127.04357337269992,37.622086420816466],[127.04353334542895,37.622112474125515],[127.04349791955046,37.62212334408754],[127.0434764540288,37.62212328892918],[127.04345920010398,37.622119439059034],[127.04342212585641,37.62210073018982],[127.04338652985473,37.6220722720819],[127.04333713790707,37.622025727203855],[127.04326646826634,37.62197077488609],[127.0431874203514,37.62192256497796],[127.04317551921115,37.62190982937113],[127.04316995983417,37.62189435244143],[127.04317534585478,37.62186469897509],[127.04319167837716,37.62184238454962],[127.0433555270658,37.62170232903591],[127.04346967316657,37.62158591550275],[127.04356541144305,37.62150738616779],[127.04364452691432,37.62141960075218],[127.04374724829253,37.62133176148375],[127.04380917209527,37.62126937215547],[127.04392840183795,37.62113210743159],[127.04406878170063,37.62094160434294],[127.04409185718595,37.62090640314899],[127.04410509262901,37.62087688185027],[127.04412772494145,37.62078186424955],[127.04414638533837,37.62073191552822],[127.04417362181862,37.62068434220065],[127.04421881887609,37.62062943710826],[127.04423062796934,37.62060156513589],[127.0442295495267,37.62057846421786],[127.0442149467878,37.62055599905933],[127.04419256678375,37.62054115015714],[127.0441525161746,37.62052597449833],[127.04392900693261,37.62046639451588],[127.04389155596098,37.62046077727921],[127.04384757311749,37.62046181174665],[127.043808318074,37.62047028660041],[127.04374011778837,37.6204908003586],[127.04363039159732,37.62053003394145],[127.04356722758543,37.62056271807998],[127.0435190515267,37.6205990366479],[127.04349154354809,37.620628437005315],[127.04347033576404,37.620661763341346],[127.04344886543072,37.620711109329456],[127.04341598133415,37.62080648195882],[127.04339826153239,37.620838563634685],[127.0433464978287,37.62090016516098],[127.04321932685595,37.621037233994045],[127.04318692101889,37.62107896158158],[127.04317076188455,37.62110700622654],[127.04316362535778,37.62112601066421],[127.04312936126986,37.62126490140866],[127.04311631527858,37.621329047476536],[127.04307729475671,37.6214700662694],[127.04305921115191,37.6215592886488],[127.04304668540836,37.621602576656365],[127.04302993337123,37.62164382997191],[127.04298228973595,37.62174090170315],[127.04293710630022,37.62182224127805],[127.04290370696012,37.6218705914014],[127.04283122507509,37.62195327431759],[127.04274717217794,37.62202625774625],[127.04265245338068,37.62208764926231],[127.04248622393354,37.62218819635241],[127.0424606541419,37.62220152214934],[127.04238657883134,37.622232380568505],[127.04235817850883,37.62224811299612],[127.04229631296401,37.62229694167259],[127.04223282125263,37.62237475566105],[127.0421806047966,37.6224205084552],[127.04214150630868,37.62244761511398],[127.04204041888094,37.622506260397586],[127.04190243285925,37.622596786623795],[127.04176121906836,37.62266666320092],[127.04176048168692,37.62267078457778],[127.04175450583261,37.622704161964805],[127.04175452449878,37.62273753542837],[127.041748548636,37.62277091191375],[127.04176055636442,37.62280428203555],[127.04176656843545,37.622837653377296],[127.04177857504997,37.6228710234973],[127.04180257075619,37.6229043902702],[127.04182656648236,37.62293775433508],[127.04186663754273,37.62295763392313],[127.041892534029,37.62299494362401],[127.04192251902157,37.62301877309736],[127.04194651102728,37.623047370916005],[127.04197649605656,37.623071197672424],[127.04200648265571,37.623099793345986],[127.0420244839788,37.623133162206216],[127.04203649075573,37.62316653139719],[127.04204849867715,37.62319990238833],[127.04206050547556,37.62323327157648],[127.04207251228472,37.62326664076322],[127.0420905136776,37.62330000961238],[127.04210851508559,37.62333337665662],[127.04212651764244,37.62336674369752],[127.04213687600746,37.623399536833645],[127.04213823187733,37.62342754804094],[127.04214537251264,37.623463124573355],[127.04214823602406,37.6235190964775],[127.04215406224523,37.623545905071296],[127.04215591774918,37.62356201405886],[127.04215507406897,37.623578469088706],[127.04215216600413,37.62359005321846],[127.0421488664163,37.623598359696686],[127.04213993760902,37.62361379949856],[127.04213067601026,37.62362766719597],[127.04210544668568,37.62366319221352],[127.0421001940762,37.623669272146955],[127.04209202353685,37.6236775010744],[127.04206213162975,37.623700829280665],[127.04204350534579,37.623720607180495],[127.04203060196296,37.62373263364864],[127.04202233226655,37.62373779925023],[127.04199972032943,37.62374853805746],[127.04199044665346,37.62375510775211],[127.04197398786796,37.623769810509955],[127.04196361598248,37.62377539851714],[127.041926562454,37.62378832733899],[127.04190078408911,37.62379447852481],[127.04188059590948,37.623796546249345],[127.04185967761741,37.62379752944094],[127.04183329084178,37.62379742887817],[127.04180791530365,37.623794724999414],[127.0417865110842,37.62378969245917],[127.04177448671214,37.62378558821542],[127.04176188379785,37.623779997546436],[127.04166919012027,37.623728634406056],[127.04165659354747,37.62372219679562],[127.04163911538132,37.62371486352333],[127.0416229932622,37.62370977863404],[127.04159757373088,37.62370327346077],[127.04155603529755,37.62369540445932],[127.04152982423696,37.62369141060137],[127.04151310227388,37.62368724311305],[127.04150048747624,37.623682625486325],[127.04148668351695,37.623676405420234],[127.04144538587417,37.62365332583012],[127.04143191909137,37.62364434771751],[127.04140248443468,37.623620349444344],[127.0413908819381,37.62360886322561],[127.04138232393015,37.6235987175079],[127.04136170685864,37.623570818461275],[127.0413506610988,37.62355416307999],[127.04134373488341,37.62353896315053],[127.04133894791107,37.623524811220285],[127.04133415880031,37.62348838148176],[127.0413272388055,37.6234578007969],[127.04132508533627,37.62344127654526],[127.04132273970073,37.62343366492603],[127.04131470777801,37.62341819868956],[127.0413052779686,37.62340262302141],[127.0412819156352,37.62336738277623],[127.04126428593995,37.62334595986324],[127.04123784125935,37.62332071894178],[127.04121500212247,37.623295381250344],[127.04119941358533,37.6232799104369],[127.04119256528529,37.62327442851865],[127.04117001546038,37.62326013772148],[127.04115858695026,37.62325381677813],[127.04114658799467,37.623248337554635],[127.04112685017154,37.62324107527078],[127.04111910759708,37.62323873450133],[127.04110667687907,37.623234974507824],[127.04108522312599,37.62323012385652],[127.0410732377553,37.623228730597816],[127.04104783398536,37.62322784385634],[127.0410220558953,37.62322809068143],[127.0409973922612,37.623230072415055],[127.04098003346037,37.62323350399824],[127.04095945779721,37.62323932611367],[127.0409362749851,37.62324806922949],[127.0409215753421,37.623254617297285],[127.04090061050913,37.62326550578844],[127.04085542260117,37.62329068691631],[127.04083891702159,37.623300828736],[127.04081803245134,37.62331560764734],[127.04080506671494,37.623323628214834],[127.04079302945964,37.62332887882524],[127.04077702193888,37.623334251538765],[127.04076468433438,37.623337128148826],[127.04075276854667,37.623338718002174],[127.04070050844525,37.62334263821492],[127.04062707177555,37.62334317528267],[127.04060319253061,37.62334203294121],[127.04059331420979,37.62334086325454],[127.04058378678289,37.62333921051725],[127.0405712146243,37.623335716307274],[127.04055381897912,37.623327706203945],[127.04054342795345,37.62332107760788],[127.04052205501475,37.623304399567495],[127.04049683803474,37.623286629945],[127.04047292328336,37.62326801474444],[127.04044293022406,37.62323908081387],[127.04040329992893,37.623206447118264],[127.04038098494085,37.62318621407896],[127.04035032784007,37.62316298810575],[127.04032040848391,37.623136121883974],[127.04031100294134,37.623129374000165],[127.04029472070695,37.62312105443936],[127.04028023340119,37.623116012055135],[127.04026425294848,37.62311274872745],[127.04022385867387,37.62310624656435],[127.0402026181625,37.62310384996897],[127.04018218364742,37.62310467953061],[127.04015108730961,37.623109163517306],[127.0400947062355,37.62311495801648],[127.04008584089631,37.6231163773804],[127.04007346942234,37.62311944764204],[127.04004254307657,37.6231304366702],[127.04001230539276,37.62314345267799],[127.03996548694539,37.62316177660477],[127.03990126836686,37.62318473476937],[127.03986993640987,37.62319990807401],[127.03982950923422,37.623223058177494],[127.03978842322998,37.62324920246972],[127.03974072866039,37.623290225173186],[127.0397138995321,37.623307863822504],[127.03967630930032,37.62333430242255],[127.03966324715635,37.62334446093961],[127.03962560421145,37.623378362418],[127.03961524327036,37.62338559181418],[127.03959992982706,37.62339484108285],[127.0395665483348,37.62341174128565],[127.03951785830633,37.623440805428864],[127.03950319404414,37.62344816149344],[127.03949342365358,37.62345186872222],[127.03943898344825,37.62346766772087],[127.0394015208632,37.623476600009155],[127.03937744107591,37.62348401145891],[127.03935486324742,37.62349341628746],[127.03932206797577,37.62351160914192],[127.0393086649138,37.623522001989706],[127.03928231168511,37.62354886649033],[127.0392573619179,37.62357139226483],[127.03921343989326,37.62357752817596],[127.03920226147982,37.62358346128678],[127.03918799751294,37.62365000933236],[127.03918216380156,37.62373640692716],[127.03917668075769,37.62375714046179],[127.03916469386165,37.623778842914106],[127.03915260496812,37.6237918274475],[127.03913574441017,37.623803978347254],[127.03910831450762,37.62381497948449],[127.03907043690971,37.62381919063218],[127.03901863304455,37.62381473887736],[127.03901007706973,37.623807912223825],[127.03901404794499,37.623776394381075],[127.03901395338073,37.623747175399494],[127.0389944712423,37.62366325488663],[127.03899459281982,37.62363577473823],[127.03900531882857,37.62358994698622],[127.03904265629282,37.623484528149],[127.03905105682885,37.623432475339605],[127.03904732060604,37.62339278809029],[127.03903857833228,37.62337620380863],[127.03902680328397,37.62336540486718],[127.03900788216797,37.62335777976199],[127.0389831205209,37.62335880606057],[127.03890566943703,37.6233943575476],[127.03888120470673,37.623400014801064],[127.03884200191779,37.623404118193854],[127.03876074965362,37.623405703619646],[127.03848121670075,37.623403704820014],[127.03841700164524,37.623406185439],[127.03836960038427,37.62341566122742],[127.03831604384442,37.62343870786272],[127.03826910951177,37.623431019653154],[127.03824096695732,37.62342182068782],[127.03821473739083,37.62340990912476],[127.03818291834023,37.62338827771281],[127.03815484328486,37.62335595036359],[127.03812989019796,37.6233148553932],[127.03811960226345,37.62328785613047],[127.03810663818818,37.62323311633452],[127.03809793538336,37.623160247297825],[127.0380853287112,37.62311767972054],[127.03806644767795,37.62307727653526],[127.03805062370154,37.62305633368551],[127.03803581154202,37.62304256236594],[127.03801883678547,37.6230306838145],[127.03799951857584,37.62302145491778],[127.03798140335316,37.62301666749786],[127.03795783011853,37.62301556686886],[127.03785625374674,37.62303387152143],[127.03783572008325,37.62304023907718],[127.03782033020734,37.62304872230086],[127.03780817022916,37.62306024982455],[127.03779892428133,37.623077398574],[127.03779555225637,37.62310687094681],[127.03780547110865,37.62316585540372],[127.03780942087414,37.623225913946754],[127.03780660217154,37.62349801298478],[127.03781230326987,37.623526878787224],[127.03782589617971,37.62354870534991],[127.03783883768531,37.62355921572097],[127.03785726123026,37.623568643147316],[127.037997478594,37.62362033276159],[127.03814184972333,37.623664812968954],[127.03833757191553,37.62373628792123],[127.03843976940105,37.6237786461182],[127.03850476111656,37.623809871162145],[127.03861328998218,37.62385029902959],[127.03864775722785,37.62386650551391],[127.038679088933,37.62388699270477],[127.03872527197369,37.62393065741266],[127.03871687319732,37.623964807580144],[127.03870348951199,37.623997598891464],[127.03866233774446,37.62406676314171],[127.03861034486323,37.62413517409549],[127.03855030558827,37.62419662302457],[127.03851382437915,37.62422918760022],[127.03848157461059,37.62425183992686],[127.03836384743691,37.624322281389986],[127.03833541643401,37.62434764440574],[127.03830030969374,37.6243879569566],[127.03825689564604,37.624442561844816],[127.0381756644131,37.624465356095655],[127.03813493757825,37.62448082119244],[127.0380662198934,37.62451879295434],[127.03800654261049,37.62455850066944],[127.03800033811,37.62455798640215],[127.03796713264502,37.624555226555955],[127.0379414301909,37.62455588353383],[127.03791596746905,37.62456018041665],[127.03788504879869,37.62457247080064],[127.0378508603017,37.62459249269401],[127.03782129274683,37.62461543229429],[127.03779964876469,37.62464018033298],[127.03778199099398,37.62466709846997],[127.03777264586354,37.62469012167969],[127.0377695969292,37.624709052392475],[127.0377713327455,37.6247366941178],[127.03778043051923,37.624784470545194],[127.03778145494542,37.624821050288624],[127.03777903605607,37.62487622750539],[127.03776887867592,37.62492384791818],[127.03773730144997,37.6250006608524],[127.03770281648582,37.62508458709721],[127.03768645654849,37.625147003688305],[127.03770104980343,37.62515279958041],[127.03773702309516,37.62516709124866],[127.03777299164877,37.62517423087323],[127.03780896247484,37.625181370486075],[127.0378449321759,37.625188511890286],[127.03788090188291,37.62519565148155],[127.03791687522923,37.62520994219384],[127.03795284745745,37.62522423469747],[127.03797983351154,37.625245681215944],[127.03800682071349,37.62526712682683],[127.03802481721065,37.625295727363095],[127.0380518021785,37.625317173865184],[127.03806080886575,37.62534577729443],[127.03807880880093,37.62537437782096],[127.03808781210707,37.62540298124896],[127.03809681881847,37.62543158467501],[127.03810582553677,37.62546018810023],[127.03810584013995,37.625488794428875],[127.03811484573586,37.62551739785349],[127.03811486034255,37.62554600418185],[127.03811487494923,37.625574610510085],[127.03812388055897,37.62560321393359],[127.03812389516914,37.625631820261525],[127.03812390977934,37.625660426589334],[127.03813291653573,37.62568903001138],[127.03812393899977,37.62571763924452],[127.03812395361051,37.62574624647289],[127.03812396822079,37.62577485280014],[127.03812398283063,37.62580345822626],[127.03812399744095,37.62583206455322],[127.03812401205127,37.62586067088005],[127.0381330188324,37.62588927520208],[127.03813303344623,37.62591788152863],[127.0381330480596,37.62594648695405],[127.03813306267347,37.62597509328032],[127.03814206947143,37.62600369670009],[127.03814208408924,37.62603230392706],[127.03814209870664,37.62606091025291],[127.03814211332359,37.62608951567764],[127.03815112013977,37.626118120898134],[127.03815113589347,37.626146727223194],[127.03815114938159,37.62617533354885],[127.03815974660608,37.62620264238075],[127.0381615340598,37.62620463658737],[127.038240326346,37.62628203287086],[127.0382906530674,37.62632305649668],[127.03837945442598,37.62638590751127],[127.03849743795041,37.62645480357177],[127.03858567899508,37.626511266616674],[127.03862121359221,37.62652995947545],[127.03866216240658,37.626547425207626],[127.03877421451539,37.62658040960269],[127.03881015268944,37.62661259004264],[127.03885896968578,37.62664230653715],[127.03890847323727,37.62666339133241],[127.038926124834,37.626667953513106],[127.03894756774882,37.62666994662773],[127.03897946685717,37.626663899483454],[127.0389984137125,37.62665414454688],[127.03901457240445,37.62664163350989],[127.03904102890947,37.62660853151781],[127.03905441320586,37.62657629879421],[127.03905667975732,37.626539105312666],[127.03904592984603,37.626470687939104],[127.03904635714187,37.6264213137251],[127.03906277415501,37.626339723942415],[127.03907880459698,37.626277133392016],[127.03905470823636,37.626258986486874],[127.03904310098461,37.62624500070673],[127.03902595597403,37.626219018316434],[127.03899622875758,37.62617973971578],[127.03896177769614,37.626138134517454],[127.03894205114189,37.6261079318438],[127.03893136475932,37.62609366824447],[127.03888800734687,37.62604056036088],[127.03887118114632,37.62601750514818],[127.0388431410693,37.62598303271636],[127.03882802519152,37.62596605949612],[127.0388179046433,37.6259528039042],[127.0388007273017,37.625927542279925],[127.03878261720135,37.62590790672125],[127.03874664145968,37.62586596318819],[127.03873954502048,37.62585611863333],[127.03872739001602,37.625836354972506],[127.03872038892618,37.625826874383826],[127.03869445587036,37.62579871353779],[127.03867678855585,37.62577651000477],[127.03866887768534,37.62576454298747],[127.03865699350723,37.625740508552745],[127.03864088604365,37.625711668735015],[127.03863560548773,37.62569959633948],[127.03862600765055,37.62566526287307],[127.03862386685788,37.62564593470299],[127.03862243436544,37.62559653766663],[127.03861529046952,37.625560568104326],[127.03861154067164,37.62553381632844],[127.03860150939191,37.62550022811705],[127.03859046463668,37.625476113212066],[127.03857200652413,37.625444724359504],[127.03854937674843,37.62540094829712],[127.0385253507057,37.62535802411856],[127.03851220370474,37.6253364362593],[127.03848666188657,37.62529763007726],[127.03847751197839,37.62528156846477],[127.03846402751608,37.625246951538166],[127.03845315618712,37.62522288972099],[127.03844355165205,37.625190665449466],[127.03843056715692,37.62515457614298],[127.03842774645753,37.62514126948472],[127.03842657897229,37.62512228156539],[127.03842649874117,37.62505444718612],[127.03842834427668,37.62502627632733],[127.0384317971265,37.62500449384336],[127.03843275802168,37.62500065983093],[127.03843458485066,37.62499336664752],[127.03844240360792,37.62497627598199],[127.03844787511774,37.62496776888246],[127.03845656964465,37.62495752993636],[127.0384707145966,37.62494404385771],[127.03849975643054,37.624918832879395],[127.03850619683439,37.62491324465871],[127.0385178329122,37.62490465986111],[127.0385295157004,37.624898790621785],[127.03857649770285,37.62487851657959],[127.03859129894037,37.62487026320406],[127.03861348747772,37.62485623568695],[127.03862954650523,37.624848769357605],[127.0386454025388,37.62484306181913],[127.03867714872713,37.624834112725914],[127.03870791797964,37.62482426115567],[127.03872041899147,37.62482130992579],[127.03873028373846,37.62482001287102]],[[127.04240528057338,37.623070147877876],[127.04244183178913,37.623065080198494],[127.0424788631774,37.6230677788449],[127.04250209987813,37.62307451887197],[127.04252548829142,37.62308907039908],[127.04255945483975,37.623120268350675],[127.0425522837481,37.623158734081386],[127.04254214256211,37.62325287288193],[127.04254265726351,37.62328145201043],[127.04254949214675,37.62330892965559],[127.04256335849023,37.623331152008795],[127.0425852330012,37.62335255157211],[127.04266690343118,37.62340899594626],[127.04268963824029,37.62342925092514],[127.04269968204547,37.62344240170385],[127.04270797242127,37.62345966161783],[127.04271163038968,37.62347795934328],[127.04271145973576,37.62349646568148],[127.04270738089511,37.62351471214791],[127.04269557902451,37.62353720505834],[127.04267805507095,37.62355687994742],[127.04266429805193,37.62356751657072],[127.04263257869957,37.623583989070376],[127.04260100391909,37.623595776376064],[127.04256493136002,37.62360635797305],[127.04253067973087,37.623612001493115],[127.04248396394331,37.62361109931484],[127.04246174781163,37.62360654831638],[127.04243732010565,37.62359727693645],[127.04242218102658,37.623587903103854],[127.04240973675562,37.62357645603032],[127.04239419512754,37.623556360591586],[127.04238346801885,37.62353672292499],[127.04237098739672,37.62350112039444],[127.04235447594144,37.62340878414667],[127.04234664194257,37.62333723055593],[127.0423379267467,37.62328977868762],[127.04233152211435,37.623181905786986],[127.04231847943042,37.62313378873781],[127.04238434074404,37.623078714779815],[127.04240528057338,37.623070147877876]],[[127.04505673891938,37.62269586820108],[127.04507767185954,37.62269533763364],[127.04510619791182,37.622700885824365],[127.04512296724872,37.622708501765395],[127.04513907121793,37.622721001309614],[127.04514910402057,37.6227341338658],[127.045155798002,37.62275188976354],[127.04515655704188,37.622770774166305],[127.04514994487663,37.6227946528591],[127.04513951274457,37.622814262333144],[127.04511950154856,37.62284056079483],[127.0450731406876,37.622882681647155],[127.04502060944672,37.62285496030355],[127.0449926842286,37.62283149122658],[127.04496690544758,37.62279837175136],[127.04494511373183,37.6227460236833],[127.04499310106769,37.622714939354296],[127.04503123236762,37.62270088742696],[127.04505673891938,37.62269586820108]]]]},"properties":{"toyanghyun":"Er₁","name":"약침식토양"},"id":"LT_C_FSDIFRSTS.1202295"},{"type":"Feature","geometry":{"type":"MultiPolygon","coordinates":[[[[127.04562295302327,37.6354407776669],[127.04569410981831,37.635435028873715],[127.04572274325427,37.63544139675715],[127.04575237157681,37.63544432248387],[127.04589615161285,37.63544090596648],[127.04595061812768,37.63543195600208],[127.04602789265117,37.635407608287586],[127.04606134588772,37.63540334258158],[127.04610735340624,37.635401108187565],[127.04618284383467,37.63531146846287],[127.04622067271954,37.635214360764856],[127.0462374526066,37.635117263105805],[127.04624162526729,37.63505699636031],[127.04623316377393,37.634990040243935],[127.04619099538688,37.6348795716228],[127.04612778246285,37.63477580913952],[127.04608142618046,37.63469882273145],[127.0460603246013,37.634615132125866],[127.04606028740243,37.634554867024995],[127.04606864327788,37.63445107654328],[127.04608123596968,37.63439080650867],[127.04611909556021,37.63434392064887],[127.04615274834529,37.634300382682355],[127.04620743938422,37.6342400979598],[127.04629160208783,37.63418314881319],[127.04633787094738,37.63411951746891],[127.04638413972857,37.63405588700682],[127.04640092955265,37.63397552871223],[127.04640928488969,37.63387173729552],[127.04638395451646,37.63375791583757],[127.04635442374784,37.633657486470234],[127.04629707174492,37.63353470825367],[127.04627356800877,37.63349411635877],[127.04625132194963,37.63347016156656],[127.04625319550819,37.63345873633432],[127.0462497896892,37.63343635718628],[127.04624264985927,37.63340678513125],[127.04622349208029,37.633346120264854],[127.04621935135788,37.633324295509595],[127.04622473883312,37.633195200173475],[127.0462246090077,37.63306974247318],[127.04622710477315,37.63299104489971],[127.04623903622412,37.63279302608835],[127.04624184753744,37.63277018589921],[127.04624660207885,37.63268567067206],[127.04625248239829,37.63263171914213],[127.0462565448341,37.632556532990584],[127.04626418414739,37.63250196179206],[127.04630908278294,37.63234050103989],[127.04632087379262,37.63230550212286],[127.04634745551988,37.6322461752834],[127.04640597670226,37.63212997466405],[127.04645274339255,37.63174172145269],[127.04643185500822,37.631734167699975],[127.04629116063485,37.631670709783414],[127.04620964122162,37.63162653576515],[127.04618094703315,37.63160573782876],[127.04607390900291,37.631503901592126],[127.04604681030993,37.63148543835517],[127.04603031848968,37.63147743502513],[127.04592483312082,37.63143118707615],[127.04585890527446,37.631398624056814],[127.04583144462683,37.631386471416306],[127.04577848220805,37.631367859587264],[127.04568821152213,37.63133971173559],[127.04548982265334,37.631260670108176],[127.04545495768033,37.63125050961116],[127.04537538710031,37.6312313086926],[127.0453069417531,37.63121072944524],[127.04527050912617,37.63119530503452],[127.04524842684583,37.6311838295376],[127.04523635681356,37.63117582890526],[127.04521342840303,37.63115333286557],[127.04519259755702,37.63112619774207],[127.0451681289645,37.631085819513224],[127.0451496805478,37.631045492133715],[127.0451408026265,37.63102001564629],[127.04512788887918,37.63097307020506],[127.04511588630709,37.6309004273912],[127.04511061917049,37.63087728667794],[127.04511216005336,37.63084008617749],[127.04511213699821,37.63080194474434],[127.04511212174413,37.63077670903209],[127.04506954003142,37.63083991776277],[127.04502689707274,37.63091251747814],[127.04500827745524,37.63093939198532],[127.04498421086146,37.63096988152017],[127.04497455051937,37.63099383341104],[127.04496961430736,37.63103664113776],[127.04494620606467,37.631050525241434],[127.04492591531849,37.631067876949565],[127.0448318519167,37.63118030172011],[127.04477414984787,37.63126731382663],[127.04474043889347,37.631311150571634],[127.04470954140665,37.63136159046768],[127.04470413232661,37.63137367203591],[127.04470180283472,37.6313788743104],[127.04469568677084,37.63140031108318],[127.04469136714611,37.63143257702621],[127.04466422339463,37.631451787314845],[127.04465387514011,37.631462341776995],[127.04464841958819,37.63147062390232],[127.04462512994517,37.63151266370696],[127.04460191712798,37.63155060399169],[127.0445902819607,37.63158781910807],[127.0445751190621,37.63161760242203],[127.04456943725157,37.63162645225012],[127.0445481658658,37.63165254382544],[127.04453382619833,37.63167604695117],[127.0445296514479,37.63168544580982],[127.04451958773049,37.631717281439485],[127.04449584221447,37.631755014676294],[127.04446383836037,37.63181252766076],[127.04445987886955,37.63182197148491],[127.044450460986,37.63185403211105],[127.04443752647958,37.6318782825132],[127.0444180366458,37.63190946396319],[127.04439926928458,37.63193633842547],[127.04437282282122,37.63196645031205],[127.0443394395709,37.632009809291674],[127.0443311795064,37.63202674191969],[127.04432758618468,37.632042366364445],[127.04432919930917,37.632049798891686],[127.04433671567358,37.63205867978804],[127.04434699326589,37.632062451056335],[127.04436071204037,37.632061481844424],[127.04437413430664,37.63205722414407],[127.04438912892525,37.6320489834932],[127.0444353034247,37.63200712432968],[127.04445200647332,37.63199515294588],[127.0444646346022,37.631989057523214],[127.04447812540302,37.631985772849895],[127.04449820005628,37.631985413896274],[127.0445107771668,37.63198876081973],[127.04451638698634,37.631992110370746],[127.04452061525195,37.63199642449767],[127.04452338232775,37.63200114461944],[127.04452620923098,37.63201119855487],[127.04452691330515,37.632033002146905],[127.0445240153037,37.63205569006429],[127.04451764688692,37.63207208139988],[127.04451015274795,37.632081508539144],[127.04450081123682,37.632089674994496],[127.0444616401167,37.632116043597634],[127.04443530113205,37.632136460849175],[127.04442640192313,37.63214544702912],[127.0444179812792,37.63215905508554],[127.0444137064248,37.63217164346687],[127.0444139517112,37.63218404093959],[127.0444183974575,37.632192094079365],[127.04442197949531,37.632195597565726],[127.04443126104722,37.632200855828195],[127.04443735703204,37.63220253837598],[127.04444976270184,37.632203299541054],[127.04446197411549,37.63220126772196],[127.04447173742038,37.63219747089212],[127.0444898910691,37.632186264794534],[127.04453179672123,37.63214799312742],[127.04454990399502,37.632135048135346],[127.04456151305584,37.632129827043485],[127.04458061164382,37.63212643212217],[127.0445906494817,37.63212707703892],[127.04460579865302,37.63213102664063],[127.04472694291528,37.63217510205655],[127.04474788197395,37.63218033785478],[127.04477182216661,37.63218383360787],[127.04476708407753,37.63219841335639],[127.04476438758884,37.63221697468749],[127.04476323259189,37.63227456613939],[127.04476149915432,37.6322932802724],[127.04475819821543,37.632305156517646],[127.04475249483481,37.63231587140232],[127.04474377874853,37.63232792989806],[127.04473219427726,37.63233640355713],[127.04471335701342,37.632341140872704],[127.04468364188337,37.63234247657892],[127.044673050643,37.63234475107365],[127.04466205373154,37.6323506566938],[127.04465509246035,37.6323607773992],[127.04465403267339,37.63236936419499],[127.04465654337234,37.632381049030634],[127.0446742841764,37.63241823500854],[127.0446834462636,37.632432025631665],[127.04469236714839,37.63244031132223],[127.04470282799655,37.63244728999926],[127.04473591764581,37.63246224283188],[127.04476444972501,37.6324716563218],[127.0447793153665,37.63247496630862],[127.04479489370364,37.63247655514017],[127.04486643666047,37.63247702349929],[127.0448889030289,37.63247860068915],[127.04490264700829,37.63248174890972],[127.04491617848167,37.63248945619766],[127.04492803552131,37.63250091222248],[127.04494014382115,37.6325157198175],[127.04495918112167,37.63254209342856],[127.04498009846611,37.63256749325508],[127.04499787876154,37.63259467822604],[127.0450038026736,37.63260589233849],[127.04500982186104,37.632617288413385],[127.04501411098784,37.63262848603017],[127.04502343944459,37.632673775024976],[127.04503012089509,37.632688107158565],[127.04504323037747,37.63270983393098],[127.04504190571576,37.632729989487856],[127.04505148933897,37.6328225801334],[127.0450587427393,37.632845984972896],[127.04507037706901,37.63286372093828],[127.04508923810121,37.632879390883694],[127.04511029379431,37.63288978922055],[127.04513056596224,37.632897169551136],[127.04520372954006,37.632916602835095],[127.04521871031102,37.6329227688469],[127.04523880511681,37.63293655523526],[127.04524809006891,37.63294717429647],[127.04525367016419,37.63295738032452],[127.0452552544785,37.632973164986495],[127.04525237125083,37.63298254535355],[127.0452459425333,37.63299277400676],[127.04523649913627,37.63300112075532],[127.04517752222432,37.63304236344792],[127.04516947280418,37.63305155658384],[127.04516371449786,37.63306510961301],[127.04516439031939,37.63307734474003],[127.04516721521763,37.63308387580494],[127.04517652325607,37.63309518862165],[127.0451889343139,37.63310459015955],[127.04523797277055,37.633133348850805],[127.04521784404645,37.633194551513945],[127.04521243487707,37.633204698685525],[127.04520214440181,37.63321739751644],[127.0451956223068,37.63322313929362],[127.04518674333416,37.63322818821413],[127.04511962323177,37.63325509030281],[127.04509932838232,37.63326657661932],[127.04509013447442,37.63327541880254],[127.04508413612915,37.633285503124256],[127.04507937169348,37.63333150026249],[127.04507652536107,37.6333401273866],[127.04507571906642,37.633342565761815],[127.04506897306699,37.63335277650626],[127.0450546948913,37.633365810211835],[127.04504289407816,37.633372689237945],[127.04502927921395,37.63337727144181],[127.04500780052209,37.63337953210112],[127.04498634212993,37.633377882471066],[127.0449722012503,37.63337438302764],[127.04494477848009,37.633364014122165],[127.04492264557288,37.63335222864889],[127.04490863612331,37.63334120591759],[127.04489657392277,37.63332791195981],[127.04486613502795,37.63329437083246],[127.04484507718855,37.633261682068266],[127.04483238232443,37.63323243188801],[127.04482780619523,37.63321496351453],[127.0448240844264,37.6331675550622],[127.0448199765357,37.633156312321425],[127.04481276564546,37.63314702589798],[127.0448027462427,37.633139578551365],[127.04479670612636,37.63313674273986],[127.04478333578305,37.633133414168384],[127.04476267151446,37.63313344903938],[127.04474296235865,37.63313926787267],[127.04472733458832,37.63314994146838],[127.04471068120891,37.633169535208914],[127.04467429852802,37.633237041827066],[127.04466421868624,37.63326111097038],[127.04464824993464,37.633288930441665],[127.04462986757582,37.6333159309267],[127.04460465576,37.63334632169681],[127.04457011213803,37.6334014210133],[127.04450343318025,37.633484787353986],[127.04443698840011,37.633543106167366],[127.04442826218515,37.63355750720378],[127.04442566229623,37.633567283876715],[127.0444256001785,37.63357712266308],[127.04442873272106,37.63358668094095],[127.04443722365248,37.63359571462912],[127.04444567749135,37.633599531623894],[127.04445662221984,37.63360077987057],[127.04446702155379,37.63359935239449],[127.0444783711954,37.633595672095225],[127.04452857985292,37.63357291228029],[127.04457307228236,37.63355857881905],[127.04458818314772,37.63355481599953],[127.04460543594575,37.63355225968909],[127.0446182945989,37.633552335915894],[127.04463098441926,37.63355425922567],[127.04464943223374,37.63356082043122],[127.04467453327285,37.63357238859499],[127.04468665979041,37.63357957386807],[127.04470294704724,37.63359164991548],[127.04472227332526,37.63360839191421],[127.04475354297742,37.633648041444175],[127.04478671408393,37.633703430462255],[127.04481237932039,37.63372998177267],[127.0448319080633,37.633744191906615],[127.04489428448102,37.63377827950341],[127.0449016521918,37.63378447548061],[127.04490738913287,37.63379172623117],[127.04491945493561,37.63381087659169],[127.04493143781251,37.63383905485798],[127.04493666571862,37.633851351320125],[127.04494958185643,37.63389035006563],[127.04495243349574,37.63390363851635],[127.04495098315226,37.63392210927299],[127.04494575987191,37.63394007691495],[127.04493458263936,37.63396672331521],[127.04492391688657,37.63401496614323],[127.04492197092195,37.63403821231129],[127.04492275304459,37.63404453062516],[127.04492412261152,37.63405559150321],[127.04493139470904,37.63407228399623],[127.04496185733137,37.63410702340394],[127.04498151111639,37.634140514554936],[127.0450038147491,37.63417198648417],[127.04501686897461,37.634195596334784],[127.04502078649107,37.63421038001244],[127.04501979914212,37.634226336842715],[127.0450120945237,37.6342439360294],[127.04500009707367,37.63426314060708],[127.04496579543581,37.6343064099989],[127.04496049887456,37.63431561107931],[127.04495812877943,37.63433064042063],[127.04496046865957,37.634340676507506],[127.04497048119967,37.634355241627205],[127.04500808113947,37.63438952780796],[127.04502962167918,37.634414179561915],[127.04504397304369,37.634428211437765],[127.04507059873877,37.63445000511863],[127.04509470485134,37.63446436662621],[127.04510860863245,37.63446886623876],[127.04513073648937,37.63447170489095],[127.04521504909101,37.63447151043351],[127.04524469912643,37.63447354430436],[127.04525706113246,37.6344763956872],[127.04527633669582,37.63448365924482],[127.04528534633927,37.6344883409116],[127.04529300919596,37.63449532961753],[127.04529807869739,37.6345040582206],[127.04530813223347,37.63453002076169],[127.04531021113311,37.63453930011369],[127.04531028524723,37.634549409142174],[127.04530672515513,37.63456364607965],[127.04528323776057,37.634616840268144],[127.04527990254643,37.634628275053586],[127.0452779115892,37.63465189965621],[127.04527909694161,37.63466360300233],[127.04528244593547,37.63467487304503],[127.045292300503,37.63469031215308],[127.04530465684621,37.63470243467322],[127.04539927735647,37.634754727537285],[127.04541469265807,37.634766857878546],[127.04542684636701,37.63478105273023],[127.04544442083093,37.634822581390715],[127.04545418344127,37.634872960734846],[127.04547321134136,37.63491980464437],[127.04549062953002,37.63494648511774],[127.04551147830303,37.63496950626444],[127.04554034045623,37.63499824557193],[127.04555570333706,37.6350171783542],[127.04556124946527,37.63502709606187],[127.04556453132848,37.63503965453088],[127.04556377255996,37.63505870165503],[127.04554945316657,37.63509740450627],[127.04554639312768,37.63511416401569],[127.04554677465877,37.635126714594726],[127.04555002376767,37.635141291283816],[127.04552544362417,37.63514895914636],[127.0455109821779,37.63515914586018],[127.04550224329519,37.63517132154308],[127.0454898436923,37.63519992360003],[127.04548146713407,37.63521175676716],[127.04545373789028,37.63523886008284],[127.04541977684362,37.63526498371696],[127.04540178061161,37.63527522583703],[127.04538352051675,37.635281936193216],[127.045373825822,37.635285498814035],[127.04535392191895,37.63528864189578],[127.04533493301041,37.63528736078451],[127.04526701234148,37.635267502115845],[127.04516036160538,37.63521880868732],[127.04507111609274,37.6351564946254],[127.04503860659914,37.63512876569983],[127.04500523252494,37.635095117621006],[127.04498832202914,37.63508346531929],[127.04496519345288,37.63507472556783],[127.04490641452891,37.63506200171374],[127.04493409672077,37.63509764677021],[127.04502528641763,37.63520354626286],[127.04521912670828,37.63546644813076],[127.04526202812659,37.63554140807517],[127.04534090423883,37.63572653927947],[127.04541975026855,37.63586532825976],[127.04546312040482,37.635929750021866],[127.04548903898807,37.635959511287616],[127.04552013982774,37.63598944353742],[127.04555836558085,37.63601894686189],[127.0455842115089,37.63600570140585],[127.04560497903061,37.635987934961264],[127.04562126956966,37.63596721501253],[127.04563320597843,37.63594064034147],[127.04564608235216,37.63589492837852],[127.04564818283887,37.63586528515073],[127.04564550230222,37.63583569783164],[127.04563252866673,37.635796455931604],[127.04558701223795,37.6357128080336],[127.04557071537816,37.63566744971976],[127.04554478611246,37.63554397068591],[127.04554294310839,37.63549434512604],[127.04554570144222,37.63548442421288],[127.0455495282143,37.63547833117382],[127.04555649925202,37.63546722924417],[127.04557233027327,37.63545484359211],[127.04558875351451,37.63544752124661],[127.04562295302327,37.6354407776669]],[[127.04499560146672,37.63135428284812],[127.04501997899105,37.63135075069419],[127.04504434943678,37.6313542642481],[127.04506468761973,37.631359103786465],[127.04507315478072,37.63136658774556],[127.04509089186028,37.63137891546627],[127.04511304612545,37.63138947556303],[127.04513299021048,37.63139827957844],[127.04515293430022,37.63140708359047],[127.04517731930102,37.63141588589882],[127.04520169297327,37.63142467919659],[127.04522828711039,37.63143348064806],[127.04525044034588,37.63144228379671],[127.04527038446123,37.63145108778879],[127.04529254796404,37.63145812499313],[127.04531692059676,37.63146516134486],[127.0453390841136,37.63147220755029],[127.04536345782876,37.6314810098244],[127.04538783261816,37.631491569015616],[127.04540999614403,37.63149860619783],[127.0454321586045,37.63150388645371],[127.04545874146817,37.63151268785742],[127.04548090500695,37.631519725026294],[127.04550306854995,37.63152676219097],[127.0455296616816,37.6315337976423],[127.04555181283212,37.631539077880035],[127.04557397638753,37.63154611503137],[127.04559834908099,37.63155316033467],[127.045622720694,37.631558430691086],[127.04564931277352,37.631563709193244],[127.0456736833183,37.631567222616994],[127.04569584581779,37.63157250282325],[127.04571800832038,37.63157778302535],[127.04574237887299,37.63158129643488],[127.0457667494279,37.63158480983938],[127.04579111890153,37.63158655730685],[127.04581548729774,37.63158654784718],[127.0458420772369,37.63158830345176],[127.04586644671897,37.63159005991354],[127.04589525819942,37.63159357156507],[127.04591740938794,37.63159884272424],[127.04593957300105,37.63160588881664],[127.04595730112105,37.631621739264965],[127.0459639631062,37.63164111687692],[127.04596619659056,37.63166226214609],[127.04596620852736,37.631681642348255],[127.04596843068465,37.631702787621656],[127.04596844370427,37.631723924745785],[127.04595073291593,37.6317362661414],[127.04592636447089,37.63173627562906],[127.04590198253014,37.63173276226206],[127.04587983888588,37.63173982559413],[127.0458731996536,37.63175744244979],[127.04586878196741,37.631776824373766],[127.04584884852149,37.631785643763216],[127.04582447898147,37.63178389630777],[127.04580231641013,37.6317786161259],[127.04578237214456,37.6317698122243],[127.04576020850308,37.631762775112435],[127.04573140505163,37.63175397463774],[127.04570924141966,37.63174693751627],[127.04568708803967,37.63173813445431],[127.04566270287354,37.6317293322519],[127.04564275863758,37.63172052832662],[127.04561838481679,37.63171173512049],[127.04559622012907,37.631702932045776],[127.04557406462415,37.63169060610847],[127.04555189887002,37.63168003709344],[127.0455319546658,37.631671242159186],[127.04550758194002,37.63166419684231],[127.04548320814807,37.63165539459831],[127.04546104349846,37.63164660050796],[127.04544109930838,37.63163779654844],[127.0454189346635,37.631628993440295],[127.04541504781216,37.63162727405332],[127.04539899048311,37.631620189473615],[127.04537683717729,37.63161138635316],[127.04535687953661,37.63159905952957],[127.04533472410203,37.63158673354705],[127.04531034821686,37.63157440841304],[127.04529261106003,37.631562089735645],[127.04527266584113,37.6315515198155],[127.04525272169866,37.631542715823954],[127.04523277649602,37.63153215490688],[127.0452128302292,37.631519828054394],[127.04519288503832,37.63150926713051],[127.04517293771528,37.63149517433921],[127.04515298120778,37.63148461341289],[127.04513303602936,37.631474043468955],[127.04511309192404,37.63146523945368],[127.04509314782887,37.63145644444488],[127.04506877521457,37.631449399037045],[127.04504661173546,37.63144236179065],[127.04502223913559,37.631435325383045],[127.04499343483272,37.6314247587955],[127.04497117749057,37.63141233367473],[127.04495796989643,37.631396580463694],[127.04496016734475,37.631377199418544],[127.04497345678455,37.63135958007847],[127.04499560146672,37.63135428284812]]]]},"properties":{"toyanghyun":"B₂","name":"갈색약건산림토양"},"id":"LT_C_FSDIFRSTS.1202484"},{"type":"Feature","geometry":{"type":"MultiPolygon","coordinates":[[[[127.04778663771,37.63596418829298],[127.04787558583607,37.635870509232795],[127.04789433649256,37.635840967326],[127.04791452911476,37.63581630366572],[127.04793730981284,37.63579407161062],[127.04796658770738,37.63576261983049],[127.04800611681057,37.63572283156051],[127.04802255497414,37.635709048806085],[127.04803520799942,37.635700626650895],[127.04806816492622,37.63568214483236],[127.04815960816265,37.63563397510642],[127.04820073420566,37.63561645216819],[127.0482197939519,37.63560968248557],[127.04824190038353,37.63560320887933],[127.04825852675401,37.635600257660066],[127.04841076989281,37.635563348596854],[127.0485005510654,37.63551569555236],[127.0485828130079,37.63541447925537],[127.04863508739744,37.63523589593989],[127.04866493999731,37.6351049398242],[127.04869233963615,37.63495655334603],[127.04869534105667,37.634932657073655],[127.04870158794667,37.634904684304544],[127.04871568337245,37.63486040766668],[127.04872929943154,37.634824624814286],[127.04874679415633,37.63478635273694],[127.04877260463002,37.634737715887155],[127.04876698260715,37.63469896592668],[127.04876144856827,37.63456946236835],[127.04875259249059,37.63446550131575],[127.04874778350231,37.634439951354786],[127.04874149372091,37.63441951780078],[127.04872537166779,37.63438585102856],[127.04871046933681,37.634365368771974],[127.04869411749618,37.63434759006812],[127.04864477936677,37.63430904373602],[127.04856414488056,37.63423331218144],[127.04847305495825,37.63415959496529],[127.04837111600649,37.634069655376706],[127.04833759875751,37.63403693630848],[127.04831697752633,37.6340110873709],[127.0482880315196,37.63399388769418],[127.04828183893159,37.63398859243341],[127.04826279074338,37.63397229509119],[127.04824916452483,37.63395917961166],[127.04824485673858,37.633955036839644],[127.04823746547991,37.63394792027387],[127.04824166820795,37.63393500923463],[127.04824523756078,37.63389044773258],[127.04825208353772,37.6338532342294],[127.04829700762627,37.633701486273985],[127.04830492753018,37.63367996749596],[127.04830953746674,37.63367135579023],[127.04836559063891,37.63358531933522],[127.04840127324432,37.63350882994527],[127.04842493080366,37.63346518550454],[127.04844580678046,37.63343162873501],[127.04847505483289,37.63339610527456],[127.04853528282598,37.633335120727565],[127.04861930549265,37.63324489116412],[127.04864519467867,37.63320820136703],[127.04866424127229,37.633177055448314],[127.04869668568557,37.63311644536997],[127.04874487036325,37.6330033031167],[127.04877229803381,37.63293389335895],[127.04880004207028,37.63288058948376],[127.04882648839327,37.632817869035875],[127.04883882917267,37.632783303017],[127.04885074684688,37.63273063546747],[127.04886705675392,37.632672750290766],[127.04887945191551,37.63263306484326],[127.04890244391123,37.63257214237231],[127.04893009426009,37.63251625267302],[127.0489441486245,37.63248453755072],[127.04896362980115,37.63244972258557],[127.04898385488461,37.63240740930449],[127.04898959505705,37.63238980165907],[127.04899419756623,37.632366666937926],[127.04899366435777,37.6323361949189],[127.0489887243259,37.63231112794129],[127.0489825374037,37.63229361534598],[127.04897264189152,37.632273432866725],[127.04896021405379,37.63225623820533],[127.04894517494321,37.63224084569646],[127.04891635651826,37.63221696890978],[127.04889428581046,37.63220199466373],[127.04886573892605,37.63218790966586],[127.0488359243625,37.63217558751399],[127.0487705866828,37.63215279797419],[127.04871589567485,37.63213819756786],[127.04867901242415,37.63213190588975],[127.0486421417635,37.63212927760326],[127.04860560010317,37.63213083154593],[127.0485809247719,37.63213471594734],[127.04855506911655,37.63214232190076],[127.04853140617236,37.63215253620156],[127.04850983069464,37.63216379478295],[127.04848262787766,37.6321834060094],[127.04845832113658,37.63220887785384],[127.04843685290628,37.63223879669488],[127.04841230493798,37.63228190722776],[127.04837784093894,37.63235512285579],[127.04836771366926,37.63238089880528],[127.0483584294604,37.63241221366886],[127.04834452856443,37.632459095853555],[127.04833202977943,37.63248786314298],[127.04830423392217,37.632543660861536],[127.04828894568833,37.63257034620885],[127.04827873994772,37.63258524277889],[127.04825348943375,37.63261092399431],[127.04823700531816,37.63262260210402],[127.04822079855361,37.63263045631453],[127.04820512239687,37.63263544156738],[127.04818829254286,37.63263805319191],[127.04817743263747,37.632638213497266],[127.04815853358645,37.63263476142733],[127.0481528142073,37.63263225451629],[127.04813888024808,37.63262111951324],[127.04812740304689,37.63260216385109],[127.04812040800378,37.632582057603],[127.04809843884374,37.632450350550215],[127.04808995983159,37.63237766968114],[127.048083532049,37.63234294920931],[127.04806098550199,37.63228200220107],[127.04804913481013,37.63225646408],[127.0480322915346,37.63223105773212],[127.04802446467416,37.6322227592348],[127.04801439282299,37.632215095944545],[127.0480031085554,37.632208853100344],[127.04799183707759,37.632204878932136],[127.04791203154278,37.63219817289274],[127.04782146464511,37.632210921643285],[127.04772025253017,37.632240623975285],[127.0476049225702,37.63228339170655],[127.04759968661855,37.632287416720594],[127.04760985794411,37.632335628872006],[127.04753335108377,37.632367707783125],[127.04752280602655,37.63237477125453],[127.04751622034831,37.63238701289787],[127.04750482362942,37.63241231806889],[127.04749294661008,37.632446613468154],[127.04747828924795,37.63249841163355],[127.04747174751168,37.632531674155494],[127.04746899839176,37.632560850081646],[127.04747138630938,37.63259965457767],[127.04747588156592,37.632626208423154],[127.04749924967903,37.63272545160798],[127.04750661451646,37.63276966902278],[127.04750760753119,37.63280440792973],[127.04750337347079,37.63288566052677],[127.04750561207413,37.63292122153151],[127.04754208406952,37.63311020480843],[127.04755572732427,37.63323404789956],[127.04756015178737,37.63325607161162],[127.04758069815978,37.633330498257415],[127.0476035346097,37.63345530438826],[127.04764691860788,37.63359923554651],[127.04766246422521,37.63366797627096],[127.04766808054123,37.633704133256806],[127.04766887939736,37.63375402410984],[127.04765542488443,37.63389779170343],[127.04765154852325,37.6339713136902],[127.04764747009622,37.63400162899596],[127.04763099459957,37.63401501528345],[127.04760924392274,37.63402441233139],[127.04759860320594,37.63403105688796],[127.04758184532885,37.63403514060679],[127.04755296570407,37.6340383011942],[127.0475137063615,37.634050574918696],[127.04750870041111,37.634045932354034],[127.04741602266165,37.63399244658894],[127.04739650476,37.63397834499735],[127.04738389314753,37.63396778330434],[127.04732446835457,37.63390951068602],[127.04729004211792,37.633873559848546],[127.04722814177792,37.633800550751886],[127.04718567480106,37.633744096669666],[127.04716281344844,37.63370440297924],[127.04714214759527,37.6336609305743],[127.04711442230614,37.633595531895914],[127.04707429644995,37.63347850988036],[127.04705952707916,37.63340736763971],[127.04703895201327,37.63332796747466],[127.04701414016515,37.633218419309976],[127.04700289019902,37.633133641040416],[127.04700203238112,37.633037983731896],[127.04699953972013,37.63299439773983],[127.04698787189187,37.632911625226235],[127.04698198369435,37.63285148136848],[127.04697005028797,37.632778681967935],[127.04696766281978,37.63274198667032],[127.0469710211052,37.63258775819668],[127.0469790943679,37.63254488607976],[127.04699526457622,37.63250758783921],[127.04700704568181,37.63248791012179],[127.0470613202475,37.63241175068276],[127.04708244913223,37.63238350535874],[127.04713332659841,37.63231549395442],[127.04720876029263,37.63220572642799],[127.04727240678574,37.63212224713321],[127.04732374955663,37.63206322549418],[127.04734873148526,37.6320282626269],[127.04738360462328,37.6319735804099],[127.04740093576675,37.63194170557886],[127.04747664282363,37.63177491166526],[127.0475054347509,37.631704761928944],[127.04751967971272,37.63167632107785],[127.04755299105229,37.63162991679411],[127.04761810091964,37.6315508668629],[127.047618502739,37.631550309891445],[127.04761945966341,37.63154973828016],[127.04764641768776,37.63152112109421],[127.04768237767425,37.631506803416],[127.04770933679184,37.631478186215],[127.04773629933003,37.63145672013169],[127.04776326298617,37.63143525494268],[127.04779022549333,37.63141378884693],[127.04782618081775,37.631392320001105],[127.0478531432913,37.631370853890814],[127.04788010688281,37.63134938867482],[127.04791606674169,37.63133507092507],[127.04794303030101,37.63131360389263],[127.04796999271367,37.631292139557374],[127.04799695624199,37.63127067251248],[127.04802391862363,37.63124920816476],[127.04805987380034,37.63122773744528],[127.04808683728125,37.63120627308259],[127.04811379961203,37.63118480601118],[127.04814076306192,37.63116334163603],[127.04816772649458,37.631141874551695],[127.04820368157934,37.631120405590025],[127.04823064384608,37.63109893939264],[127.04826659889204,37.631077470411675],[127.04829356225805,37.631056004199294],[127.04832052447625,37.63103453888215],[127.04835648409885,37.63102022099756],[127.0483744499984,37.63099160732772],[127.04839457764768,37.630975582245824],[127.04839482334107,37.630854818484785],[127.04839539273534,37.63084190712151],[127.04839707253421,37.630829283618304],[127.04839950300415,37.630821245826],[127.04840931192939,37.63080104169525],[127.04841585131439,37.63077027033907],[127.04841884883716,37.63076318735881],[127.04842605685721,37.63075025525107],[127.04843235638889,37.630733953828006],[127.04843560409398,37.630728339351826],[127.04844471689108,37.63071780308382],[127.04845177693853,37.630703807871654],[127.04846056127903,37.630693397875305],[127.04846222468369,37.630690441957874],[127.04846475573747,37.63068030482523],[127.04846479641851,37.63067316899901],[127.04846353441864,37.630666222914925],[127.04846060754657,37.630659971273865],[127.04845116411285,37.63064980301949],[127.04843694540617,37.63063057280501],[127.0484261490443,37.63061298097884],[127.04841187377764,37.63059385890277],[127.04840102621168,37.63058463725572],[127.04839326109287,37.63057700908882],[127.04838446540731,37.630569912925765],[127.04835941880596,37.63053678492628],[127.04834441154732,37.630524366478184],[127.0483390623902,37.63052126927767],[127.04833284158836,37.63051919955808],[127.04832327898782,37.63051739249281],[127.04831321937118,37.63051782007573],[127.04830283241738,37.63052009481324],[127.04829567413849,37.630522359218496],[127.04827127999488,37.63053456855228],[127.04826191317476,37.63053769880561],[127.04825161652589,37.63053947795933],[127.04824103600072,37.63054023911396],[127.04822508495677,37.63053990325978],[127.04821467294751,37.63053847494703],[127.04820533635123,37.63053578481349],[127.04819729068723,37.63053225623485],[127.0481828418088,37.6305248650404],[127.0481711230176,37.6305172655028],[127.04815667148206,37.63050574779],[127.04814542095451,37.63049522886381],[127.04812236356183,37.63051970454682],[127.04810439767897,37.630548318180544],[127.04808643178235,37.630576931811405],[127.04806846587198,37.63060554543943],[127.04805049994783,37.63063415906457],[127.04803253400993,37.63066277268684],[127.04801456805824,37.630691386306246],[127.04800559371222,37.630719998066816],[127.04798762773645,37.630748611681845],[127.04796066552504,37.63077007602299],[127.04794269952,37.63079868963097],[127.04792473350122,37.63082730323609],[127.04790676746866,37.630855916838335],[127.0478888014223,37.63088453043772],[127.04786184258779,37.6309131476824],[127.04783488028252,37.63093461469721],[127.04781691305682,37.63096322828576],[127.0477989480831,37.630991841870525],[127.04777198459732,37.63101330706919],[127.04776300096468,37.63102761385887],[127.04775401846145,37.631041920647355],[127.0477270549452,37.63106338673658],[127.04771807243078,37.63107769352226],[127.04770010625879,37.63110630709191],[127.04768214007301,37.63113492065871],[127.04765517763482,37.63115638582977],[127.04762821404938,37.631177852797016],[127.0476012504467,37.6311993170551],[127.04758328420064,37.63122793060642],[127.04755632056867,37.63124939755702],[127.04752935918526,37.63127086179752],[127.0475023943894,37.63129232873611],[127.04747543297493,37.63131379296414],[127.04744846814805,37.63133525989028],[127.04742150670258,37.631356724105856],[127.04738555127992,37.63137819463052],[127.04734959583539,37.63139966334218],[127.04731363923787,37.63142113294427],[127.04727767808889,37.63143545051078],[127.04724171353166,37.631442616041326],[127.0472057444442,37.63144263043732],[127.04716977083683,37.63143549369878],[127.04714278103724,37.63141404930737],[127.04713377013555,37.6313854466036],[127.04714274489622,37.631356835813285],[127.04715171851767,37.6313282259236],[127.04716069326517,37.63129961603264],[127.04717865969054,37.63127100254589],[127.04737974779783,37.63109134104869],[127.047417777252,37.631048263146155],[127.04742429091618,37.631029821849864],[127.04743873546275,37.6309465964709],[127.04744894101285,37.6308976327872],[127.04747346448428,37.63080338428938],[127.04748351237973,37.63074885437321],[127.04749008333212,37.63072437103688],[127.0475145636139,37.63066388159174],[127.0475402097122,37.630607154188986],[127.04756565597688,37.6305391194855],[127.04758080654743,37.630492214348635],[127.04760259480028,37.63040835078528],[127.04763140338056,37.63033690267442],[127.04765588474797,37.63025897551033],[127.04766763094446,37.6302156216204],[127.04769159410428,37.6301494615356],[127.04771293685238,37.63008144467141],[127.04781273129245,37.629993693273285],[127.04781287461346,37.629985757329145],[127.0478148179131,37.62997760261693],[127.04781959129556,37.62996621221744],[127.0478262572144,37.629955848174845],[127.04786015640646,37.62990901017848],[127.04789568382655,37.62987507363311],[127.04790743448407,37.62986192347439],[127.04798653324168,37.62974233046534],[127.04801555866025,37.629709549789425],[127.04803374630346,37.62968252181062],[127.04808322350605,37.629620387669355],[127.0480896283475,37.62960932094844],[127.04809447734739,37.62959231736219],[127.04809531581901,37.629574982045575],[127.04809386977615,37.62956363020861],[127.04808903496772,37.629549910159035],[127.0480819355583,37.62953791191573],[127.04807191527574,37.62952885207713],[127.0480386416805,37.62950873759623],[127.0480203605164,37.62949598707264],[127.04800382284242,37.62948150594331],[127.04799479838825,37.62947073381908],[127.04798725397316,37.62945373527732],[127.04798028407275,37.629414067687534],[127.0479754625578,37.62940335692159],[127.04796847795996,37.62939368316899],[127.04795933016399,37.629384866232186],[127.04795055872394,37.62937995942203],[127.04792865519575,37.62937144499134],[127.04789968291232,37.629363311840585],[127.0478892916955,37.62935871201874],[127.04787555328718,37.62934588754962],[127.04786696754275,37.629330222881975],[127.047864441753,37.6293132943748],[127.04786572211037,37.629295994919175],[127.04787680223096,37.6292619601726],[127.04788757614016,37.62920975265589],[127.04790368134529,37.629168318769366],[127.04792285718527,37.629127865708305],[127.04793501399544,37.629112300737006],[127.04795169000566,37.62909539145831],[127.0479706326671,37.62907997689298],[127.0480076850368,37.62905750924486],[127.04806956772566,37.629032409601784],[127.04808363482516,37.62902794398793],[127.04809761264798,37.62902557770686],[127.04811905707612,37.62902497431257],[127.0481331958899,37.62902632002519],[127.04814726784923,37.6290293956571],[127.04821060615757,37.62904811030992],[127.04832441764972,37.6290741382965],[127.0483635508844,37.62908128510394],[127.0483946530692,37.62908973261285],[127.04841366704875,37.629097085870775],[127.04844694909426,37.62911289352942],[127.04850543143759,37.62915490952267],[127.04853664184807,37.629172925423845],[127.04856388223185,37.62918315842933],[127.04858291526682,37.62918491652723],[127.0486027495931,37.62918201619295],[127.04863080436004,37.62917289566226],[127.0486716780353,37.62915618353335],[127.04869833719786,37.62914372090312],[127.04871038593245,37.629136381901375],[127.04872610157956,37.62912365348619],[127.04874307089463,37.629105122199284],[127.04876691498073,37.62908411936632],[127.04878303355669,37.62906393061039],[127.0487915309828,37.62904822290577],[127.04880263515719,37.62901702616784],[127.04880500215407,37.62899869912741],[127.04880549566865,37.62897382269132],[127.04880249625623,37.6289431994072],[127.04879547556621,37.62891307332837],[127.04878943835244,37.62889705628811],[127.0487744548867,37.6288686453741],[127.04875040722965,37.62883803078684],[127.04873566612982,37.628816422214285],[127.04869135935049,37.62874510941785],[127.04867276324617,37.62871833076619],[127.04866062182462,37.62870503721542],[127.04861741198863,37.6286653575685],[127.04858388666524,37.62862362867925],[127.04855475432244,37.628560670733606],[127.04854194119049,37.62854217875529],[127.04853161400005,37.62853139819645],[127.04851701632103,37.628521105925365],[127.04850539019449,37.62851620933934],[127.04848619824845,37.62851370347528],[127.0484679498199,37.62851621571468],[127.04845054216588,37.6285225387784],[127.04843305709853,37.62853177205733],[127.04838130868804,37.62856634611472],[127.04832999816973,37.62859494643022],[127.04828336281003,37.628618228990746],[127.04827148224268,37.62862278383285],[127.04825680265733,37.62862595229953],[127.04823384121605,37.62862791682842],[127.0481151531199,37.62862757786228],[127.04807671759329,37.62863038658688],[127.0480046477308,37.62865042683694],[127.04796074521482,37.62866048167816],[127.04788255074001,37.62868695738547],[127.04786079544502,37.62869728250567],[127.04784925629215,37.62870433289892],[127.04783384623182,37.62871671869956],[127.04782215345736,37.628731544664625],[127.0478181164678,37.628742880708984],[127.04781700612189,37.62876031524477],[127.04781893932804,37.62877182005693],[127.04782336448042,37.62878283732644],[127.04783105185653,37.62879327664214],[127.04785404094936,37.62881667494589],[127.04786296619068,37.62883187997511],[127.04786453589574,37.62884182622748],[127.04786323949102,37.628851755622755],[127.04785538746354,37.62886722874288],[127.04784683003031,37.62887796296043],[127.04783809962443,37.62888394904953],[127.04780373656176,37.62889563975912],[127.04777073445493,37.628909753560905],[127.0477405608094,37.628918171975506],[127.0476987687992,37.62893386603927],[127.04760580112493,37.628977331125206],[127.0475875580451,37.628988456655264],[127.04757504743839,37.629000003334845],[127.04756532456342,37.62901300848716],[127.04756010935208,37.62902433598726],[127.04755671078364,37.62904207777741],[127.04755333527562,37.62907823571807],[127.04755236254776,37.6290824031717],[127.04755627223193,37.62910408653415],[127.04756228740358,37.629137456641836],[127.0475623086716,37.62917083096726],[127.0475623329781,37.62920897331064],[127.04756235424564,37.629242346734664],[127.04756237855226,37.629280489077594],[127.04756239981982,37.62931386250121],[127.04755642603142,37.62934724014304],[127.04753846324964,37.62938062081329],[127.04753248944523,37.62941399845354],[127.04753251069955,37.62944737187643],[127.04752653801886,37.629480747713586],[127.04752655927173,37.629514122938055],[127.04752058658306,37.62954749877452],[127.04749062751851,37.62957135003098],[127.0474786585985,37.629604728278274],[127.04745250802614,37.629676470815234],[127.04739391896845,37.62984075315611],[127.0473566620374,37.630000580536915],[127.04733778044252,37.630052114610706],[127.04731301891809,37.63009954434409],[127.0472776048226,37.63015737662169],[127.04723781384583,37.630210738145344],[127.04720425309368,37.63024900023938],[127.04718701350383,37.6302657231305],[127.04712845772679,37.63031034534603],[127.04705670983849,37.630376864053446],[127.04697164144677,37.630446835192835],[127.04695327483607,37.63046040594758],[127.04691238683588,37.63048671568828],[127.04689572391648,37.630500086638705],[127.0468724093523,37.63052520187986],[127.0468498838921,37.63055494787142],[127.04683145212083,37.63058571485299],[127.04681888268753,37.63061064742271],[127.04680550379149,37.63064187550169],[127.046566612374,37.631158900843566],[127.0465499137161,37.63117706770615],[127.04652590135575,37.63121552314966],[127.04649221635891,37.63125569337215],[127.04649255350924,37.63127497704195],[127.04648664708482,37.63130657694681],[127.04647409589553,37.63135027070015],[127.04644382621676,37.6314355672456],[127.04643936762088,37.631456298885],[127.0464367809746,37.631481355420895],[127.04643502932889,37.63150651704338],[127.04643578771163,37.63152914050155],[127.04645357190951,37.631653142499715],[127.04645723583184,37.631691620363135],[127.04645709114416,37.63172489563128],[127.04645274339255,37.63174172145269],[127.04640597670226,37.63212997466405],[127.04634745551988,37.6322461752834],[127.04632087379262,37.63230550212286],[127.04630908278294,37.63234050103989],[127.04626418414739,37.63250196179206],[127.0462565448341,37.632556532990584],[127.04625248239829,37.63263171914213],[127.04624660207885,37.63268567067206],[127.04624184753744,37.63277018589921],[127.04623903622412,37.63279302608835],[127.04622710477315,37.63299104489971],[127.0462246090077,37.63306974247318],[127.04622473883312,37.633195200173475],[127.04621935135788,37.633324295509595],[127.04622349208029,37.633346120264854],[127.04624264985927,37.63340678513125],[127.0462497896892,37.63343635718628],[127.04625319550819,37.63345873633432],[127.04625132194963,37.63347016156656],[127.04627356800877,37.63349411635877],[127.04629707174492,37.63353470825367],[127.04635442374784,37.633657486470234],[127.04638395451646,37.63375791583757],[127.04640928488969,37.63387173729552],[127.04640092955265,37.63397552871223],[127.04638413972857,37.63405588700682],[127.04633787094738,37.63411951746891],[127.04629160208783,37.63418314881319],[127.04620743938422,37.6342400979598],[127.04615274834529,37.634300382682355],[127.04611909556021,37.63434392064887],[127.04608123596968,37.63439080650867],[127.04606864327788,37.63445107654328],[127.04606028740243,37.634554867024995],[127.0460603246013,37.634615132125866],[127.04608142618046,37.63469882273145],[127.04612778246285,37.63477580913952],[127.04619099538688,37.6348795716228],[127.04623316377393,37.634990040243935],[127.04624162526729,37.63505699636031],[127.0462374526066,37.635117263105805],[127.04622067271954,37.635214360764856],[127.04618284383467,37.63531146846287],[127.04610735340624,37.635401108187565],[127.04612712105846,37.635417647056656],[127.04613591839869,37.63542500917207],[127.04618518943361,37.63546038960897],[127.0462134351041,37.6354991209178],[127.04627955901498,37.635635296948585],[127.04628458659245,37.63566745114163],[127.04628044871512,37.63569977110715],[127.04626747177005,37.63572877891303],[127.04625205411887,37.63574995811207],[127.04622878685443,37.635773951458944],[127.04621836034994,37.635781333712195],[127.0462508417013,37.63578442758111],[127.04629774696927,37.63578620484845],[127.04631760108491,37.635788488261575],[127.04635292429994,37.63579589850816],[127.04638203044209,37.63580420316378],[127.04641442199276,37.63581589872934],[127.04644217950248,37.635828965607736],[127.04647927209717,37.63585222795568],[127.04652786407469,37.635877138164616],[127.04657191382624,37.63589620004919],[127.04658125919256,37.635899254303936],[127.04658900946173,37.63590065317689],[127.04659274785283,37.63590008858487],[127.0466049124081,37.63591285524645],[127.04662162026105,37.635925865179544],[127.04664158578905,37.635937748491905],[127.04667015623836,37.63594984643588],[127.04670275334315,37.63596034082732],[127.04675625206168,37.63597403984192],[127.04683243690774,37.63598748115762],[127.04685933373149,37.63599368547453],[127.046896128606,37.636006187342254],[127.04699968037419,37.63604896365917],[127.04702647232459,37.636055890569835],[127.04710620906586,37.63607283963024],[127.04713462050157,37.6360805163904],[127.04715323236587,37.63608717173934],[127.04716781328406,37.63609399537916],[127.04727996591599,37.63613011783874],[127.0474694561221,37.63619407297001],[127.04758078054472,37.63622792679541],[127.04759805801245,37.636233042828415],[127.04762811150637,37.636180826716526],[127.04771565382286,37.63605837988944],[127.04778663771,37.63596418829298]],[[127.04807891330469,37.63295326262009],[127.04808037531056,37.63293653972969],[127.04808642745878,37.632922716142545],[127.04809936453115,37.63290400640604],[127.04811461609559,37.63289052144137],[127.0481465848597,37.63287006503472],[127.0481764949339,37.63285459191096],[127.04820755880773,37.63283640634116],[127.04821905466359,37.632831545330625],[127.04824019200507,37.632827392156166],[127.04826177361296,37.63282700491649],[127.04828127291266,37.632830078310135],[127.04830035566881,37.63283721531667],[127.04831231406621,37.63284685096796],[127.04831782585183,37.63285590361739],[127.04831957393998,37.63286117366796],[127.04832202395838,37.632883210775155],[127.04832155916462,37.63291773673789],[127.0483194931672,37.632946388929405],[127.04831535741253,37.63296289668108],[127.04830405279807,37.63298319150759],[127.04829501994715,37.63299517831498],[127.04828075305663,37.63300716726357],[127.04826857879635,37.63301413686401],[127.04824811256913,37.633022542421486],[127.04823396439241,37.6330254133406],[127.04820465732007,37.63302739847638],[127.04816816595324,37.633026827738654],[127.04814766991457,37.63302416918659],[127.04813543177563,37.63301994855707],[127.04812446025868,37.63301225861474],[127.04809768572323,37.63298862766764],[127.04808598527548,37.63297491943439],[127.04808092571443,37.6329643799636],[127.04807891330469,37.63295326262009]],[[127.0478733626717,37.63294210189847],[127.04785336694857,37.63294225416763],[127.04784082341102,37.63293874541005],[127.04783466955263,37.63293536019884],[127.04782953483202,37.632931226756035],[127.04782266353645,37.63292205750676],[127.0478129734606,37.63289857273644],[127.04780616954996,37.63288847544358],[127.04778236350093,37.63286504143845],[127.04774826997819,37.63284051238949],[127.04772241996622,37.63282734142662],[127.0476958459289,37.632815774505325],[127.0476840934158,37.63280907592176],[127.0476733141558,37.632800737149765],[127.04766909655986,37.63279574739288],[127.04766587549508,37.63279009050381],[127.04766348902281,37.63277854984068],[127.04766693162402,37.63275857359628],[127.04767632193649,37.63273854088939],[127.0476930758666,37.63271810877171],[127.0477467604616,37.63272997106126],[127.04776741819526,37.632737603058935],[127.04779555870543,37.63275398059353],[127.04783027602946,37.63277964461835],[127.04783559017588,37.63279859920373],[127.04784570522176,37.63281346136688],[127.04786197039502,37.63282589738293],[127.04789542196323,37.63283865077634],[127.04790609780551,37.63284467403666],[127.04791878306445,37.63285719258699],[127.04792375214797,37.632868020417106],[127.04792583269763,37.63287943506104],[127.04792570423045,37.63289108485849],[127.04792321929976,37.6329027085835],[127.0479174599258,37.63291380205671],[127.0479089579489,37.63292339199714],[127.04789868774388,37.63293159513679],[127.04788677378609,37.632938186178265],[127.0478733626717,37.63294210189847]]]]},"properties":{"toyanghyun":"Er₁","name":"약침식토양"},"id":"LT_C_FSDIFRSTS.1202509"},{"type":"Feature","geometry":{"type":"MultiPolygon","coordinates":[[[[127.04206094838659,37.61097565743411],[127.0420676754946,37.61094883619512],[127.04207959235005,37.61092053728512],[127.04207000379151,37.610853848589606],[127.04206540588964,37.61084038134249],[127.04205552706881,37.61082134786449],[127.04204431707626,37.61080561878694],[127.04203200577007,37.61079309942378],[127.04201540598102,37.61077956436946],[127.04199436014825,37.61076678502285],[127.04197708433824,37.610759493157246],[127.04196514071484,37.610756301596574],[127.04194964589942,37.61075408887028],[127.04193827808965,37.61075374332682],[127.04191543614793,37.61075531826204],[127.04185000169477,37.61076716156094],[127.04184007756284,37.61076821473218],[127.04181979322288,37.61076823543685],[127.04181003432089,37.61076704238112],[127.04179537221032,37.61076327513331],[127.04178947014177,37.6107608220281],[127.04178126059672,37.61075557667327],[127.04176812243726,37.61074282692196],[127.04174325117859,37.61072255986275],[127.04173698842578,37.61071510188786],[127.04173085814737,37.61070352274152],[127.04172755069207,37.61069073346937],[127.04172642656683,37.610663278025],[127.04172773017791,37.61064507578154],[127.04173180232661,37.610629865644974],[127.04175150468956,37.61058968537228],[127.04175906082787,37.6105789149775],[127.04176814982837,37.61056903782091],[127.04177950483319,37.610560716770685],[127.04181519565529,37.61054084993293],[127.04183355254928,37.61052913687509],[127.04190656315045,37.610463882059385],[127.04192014503428,37.61045001461637],[127.04194241331027,37.61042537636332],[127.04195318772025,37.61041181264654],[127.04199387137488,37.61034870010264],[127.04200134952656,37.61033429242632],[127.04201022026432,37.6103130169142],[127.04201367087562,37.61029836830457],[127.0420141192788,37.610290151123515],[127.04201258111688,37.61027379511332],[127.04200215003331,37.61023321286697],[127.04199825037212,37.61022069050496],[127.04199210468214,37.610207886932365],[127.04197898518467,37.61019196211073],[127.04196065037,37.61017626258741],[127.04191833170566,37.61014313113448],[127.0419101062959,37.61013776506113],[127.04189557447657,37.61012983160494],[127.04186441286586,37.61011513311345],[127.04185004151056,37.610110583710195],[127.04184166739674,37.61010864144381],[127.04181523049616,37.610103425076574],[127.04180161636394,37.61010209102964],[127.04179099294224,37.61010209479208],[127.04177744829194,37.610103491616094],[127.04175372081444,37.61010899604759],[127.04174343911491,37.610112497325],[127.0417360714218,37.61011586782856],[127.04172522210496,37.61012306155892],[127.04170725683291,37.61013824507275],[127.0417002590781,37.61014291827372],[127.04170631073684,37.61014968526716],[127.04171828753312,37.61018001734063],[127.04171798201095,37.61020077623995],[127.0417118201126,37.61021969919133],[127.04170473677502,37.61023135148509],[127.04169032739165,37.61024594359148],[127.04167196361212,37.61025741065997],[127.04165401632778,37.61026430956336],[127.04162900077915,37.610269300860445],[127.04160338320185,37.610271120882494],[127.04156464891285,37.610270026314474],[127.04155230867262,37.6102683034638],[127.04153922088292,37.61026647636022],[127.04151299808288,37.610259367772755],[127.04148635339175,37.61024713269922],[127.04147185102507,37.610237127806464],[127.04145793501934,37.61022248261155],[127.04140692229383,37.610151302552],[127.04138838608985,37.610123478398386],[127.04138219707913,37.610095651714715],[127.04136956098107,37.61005659646008],[127.04137253058859,37.61004643496351],[127.0413807547627,37.610023084746075],[127.04139134657598,37.61000080767677],[127.04140269027147,37.609984423713264],[127.0414192238571,37.609962831110415],[127.04143015078955,37.60995058553404],[127.0414378973093,37.60994413173129],[127.04146122996315,37.60992722998785],[127.041495459249,37.609904751790346],[127.04150788335302,37.60989853149635],[127.0415372049357,37.609885690191746],[127.04157155028885,37.609868338560034],[127.04159615917473,37.60985938036246],[127.04162930873134,37.60985053267198],[127.04168971626564,37.609832849255326],[127.04171245003084,37.6098246422199],[127.04172787120669,37.60981703512181],[127.04174022210493,37.60980755685196],[127.04174856606899,37.609796149178365],[127.0417540263013,37.609784310950616],[127.04175787866104,37.60976703762326],[127.04175857836312,37.60975652012789],[127.0417563460867,37.609746375778535],[127.04175365393846,37.609740185132765],[127.04174883968552,37.609732512209305],[127.04174110404391,37.60972389247823],[127.04172836884786,37.609714454614306],[127.0417052569303,37.60970050465819],[127.04167663012132,37.60968161652101],[127.0416243301589,37.60964961381986],[127.04158189151782,37.60962598231666],[127.04155226953674,37.60960353108701],[127.04151092913332,37.60957716376788],[127.04149247363047,37.609559867659506],[127.04146527822041,37.609528279523005],[127.04145624873023,37.60951462820225],[127.0414509478975,37.60950150445193],[127.0414483186446,37.60948409736085],[127.04144783952789,37.60946564436692],[127.04144849683885,37.609437849516496],[127.04145097072437,37.60942019286082],[127.04146506579013,37.60937616016473],[127.04147250338087,37.60934988560326],[127.04145392648365,37.609285157847886],[127.04144143000123,37.60925669097335],[127.04142070965308,37.60922537985769],[127.04139606712872,37.60920804445904],[127.04137106815452,37.60920145798318],[127.04133981110573,37.609203739429674],[127.04131101770776,37.60921691296684],[127.04125964254962,37.60925286239499],[127.04123399801561,37.60926678263349],[127.0411985219223,37.609278841251005],[127.04115156928216,37.6092839752522],[127.0411221555676,37.60928139065577],[127.0410870300191,37.6092719154722],[127.04103787969092,37.609255453478546],[127.04087460423044,37.60920073899937],[127.04083304206596,37.60918428330164],[127.04078085146053,37.60915836186422],[127.04067452736561,37.609094878806665],[127.04053798170061,37.60902135099595],[127.04043147954545,37.608983861323125],[127.04030696183922,37.608931150987445],[127.04018203901695,37.60888294560488],[127.04013757537042,37.60886183253386],[127.04007459662733,37.60882322852017],[127.03999235221605,37.608782369519346],[127.03995520460639,37.60876071330613],[127.03988432696553,37.60871223701995],[127.03983325896823,37.60866645697448],[127.0397871336817,37.60862964909524],[127.03971002600804,37.608578715102205],[127.0396622184464,37.60855149426751],[127.03963667488784,37.60854238483596],[127.03961153210041,37.60854152832786],[127.03959403756544,37.608547507758715],[127.03957558665327,37.60856534452902],[127.03956865423034,37.60858428565201],[127.03956654708503,37.6086044865421],[127.03956773045283,37.60863630008295],[127.03957316102041,37.6086684455656],[127.03958234800534,37.608693760288006],[127.03961285808614,37.60875680129176],[127.03962833838452,37.60879660180762],[127.03966905223662,37.608901319139214],[127.03969492337404,37.60899381502213],[127.03970772734331,37.60902681395623],[127.03972408542162,37.60905587436888],[127.03974434805251,37.60907977980493],[127.0398016410666,37.60911764709958],[127.03981966953401,37.60913575991425],[127.03983702303307,37.6091624053233],[127.03985548149994,37.60920101549526],[127.03985941236995,37.6092239803865],[127.03985771099768,37.609240424016924],[127.03985083574482,37.6092603652332],[127.03982436146607,37.60931166749372],[127.03982268142846,37.609325660425185],[127.03982501491004,37.609347706846975],[127.03986212848397,37.60947487797084],[127.0399032234958,37.60957097261301],[127.03993435823371,37.609678477134544],[127.03995646155326,37.60973423187991],[127.03998211899578,37.60978599403408],[127.04003314846807,37.6098639483459],[127.04004927879016,37.60989433324072],[127.04007214786785,37.60993741979364],[127.04011448564655,37.61000577247395],[127.04015217172173,37.61005871980516],[127.04019575422184,37.61010372740061],[127.04022118688205,37.61013712741579],[127.04024233958266,37.61017257413033],[127.04030840648873,37.61030691610307],[127.04041209234472,37.610452687722024],[127.04049151589922,37.610571879383535],[127.0405067319332,37.610617781360865],[127.04052596839561,37.61067581467503],[127.04053954100218,37.610704821863486],[127.0405588173125,37.610725610069274],[127.04058041080668,37.61073793718718],[127.04061601328759,37.61074856562095],[127.04065059226697,37.61075148192963],[127.04068553086913,37.6107492534563],[127.0407156765927,37.61074317039287],[127.04079627761884,37.61071503169639],[127.04082622979755,37.61070714669333],[127.04087471316262,37.61070354397394],[127.04089863413813,37.61070553588219],[127.04090633662653,37.61070738024027],[127.040920654189,37.61071079903525],[127.04094929325998,37.61072482651189],[127.040970870276,37.61074828978962],[127.04098123434723,37.61077083794876],[127.04099275517466,37.61081680241218],[127.0410080540839,37.61085416111539],[127.04098043247907,37.610898796700646],[127.0409545165019,37.61093517862712],[127.04093892828172,37.61096919637398],[127.04093544726226,37.61098253222002],[127.0409368117147,37.61099231648822],[127.04094157235525,37.61099929750213],[127.04094994541097,37.611005367263445],[127.04096449020972,37.61100999329945],[127.04097846637467,37.611010339832966],[127.04107455515792,37.610991791102485],[127.0411421656586,37.61098415419335],[127.0411688212833,37.610974756591226],[127.04119651409833,37.61095670912574],[127.04127959193583,37.61096308612767],[127.0414630919473,37.61096368853055],[127.04151433695301,37.610976906044485],[127.04149688822139,37.6109641541758],[127.04148625528796,37.610947255358845],[127.04147410471084,37.61093035707427],[127.04146043649605,37.61091346833146],[127.04144828593027,37.610896570044105],[127.04143614736556,37.610880879076625],[127.04141944520822,37.61086639703506],[127.04140729465938,37.61084949874335],[127.04139211016624,37.61083502517523],[127.04137844332026,37.61082054206308],[127.04137236270311,37.61080243431378],[127.04139056776309,37.610790354676],[127.04139662763863,37.6107710353438],[127.04139813525062,37.61075293394352],[127.04138742055335,37.61073145812097],[127.04144773370788,37.610717832017784],[127.04150838205578,37.61071638713887],[127.04151987623153,37.610713842306154],[127.04152710628784,37.610721498169795],[127.0415407618188,37.61073598126894],[127.04155442935247,37.610751671687666],[127.04156809621493,37.6107661457697],[127.04158024678657,37.610783044045085],[127.04159391568191,37.610801149109456],[127.04160910021228,37.610815631661566],[127.04162428474855,37.61083011421171],[127.04163945795993,37.61084458775395],[127.04165464250795,37.610859070300116],[127.04166830941453,37.61087355338013],[127.04167590775694,37.61089166057798],[127.04167895315878,37.61090976938332],[127.04168199855708,37.61092786917867],[127.04168682444119,37.61095016695409],[127.04172998137328,37.61096065723422],[127.04176431182658,37.61096446528351],[127.0418366029365,37.61096249354135],[127.04193614003856,37.61095386277663],[127.04197668762104,37.61095640716998],[127.04202216475704,37.61096402236272],[127.04202791369222,37.61099620364563],[127.04203314007067,37.6110155207921],[127.04204410587262,37.61099980003231],[127.04206094838659,37.61097565743411]],[[127.04040219847386,37.609100603536],[127.04042062388203,37.60909854297085],[127.04044573454857,37.60910246268133],[127.04050042735422,37.609127329250995],[127.04057973316654,37.60917806374911],[127.04060781104327,37.609202633080926],[127.04062349595094,37.60922184578588],[127.04063566139263,37.60924611425086],[127.04064683545599,37.609280041661776],[127.04064914232288,37.60931517044185],[127.04064310541499,37.60937683623142],[127.04064330092463,37.60940311802292],[127.04065222896736,37.609451245797665],[127.04066991860145,37.60949134273742],[127.04071216959086,37.609566155331656],[127.04075131947283,37.60964464501699],[127.04080091019839,37.60972057226945],[127.04084668110222,37.609790635382126],[127.04089838741703,37.60990338529032],[127.0409149718925,37.609931039911714],[127.04093233390049,37.609951495356896],[127.04096400383436,37.60997868523339],[127.04105542229894,37.61003736192416],[127.04108968490578,37.61006278492565],[127.04113994977043,37.61010722222219],[127.04116279791228,37.61013572155392],[127.0411766647116,37.61016396272828],[127.04118123447145,37.610194540707525],[127.04117823049909,37.61021021896793],[127.04117171476611,37.61022442083114],[127.04115451077833,37.610244329683354],[127.04113425678666,37.610258067820126],[127.04109968949986,37.61027601855861],[127.04092783880418,37.610346301380225],[127.04090719436115,37.6103503449696],[127.04088568093658,37.61034969920771],[127.0408603801818,37.610340711593416],[127.04084466324795,37.61032560744545],[127.04083297543603,37.610305357253054],[127.04082079090726,37.61026732170451],[127.04080322950693,37.61019293309916],[127.04077509390325,37.61010491617731],[127.04072170852898,37.60998681492224],[127.04068901194717,37.60992519853556],[127.04061512806003,37.609808014293485],[127.04059789465934,37.6097739087694],[127.04058789092473,37.60974706272992],[127.04058238484146,37.609722791972274],[127.04058106725168,37.60969490680703],[127.0405905903083,37.609608363510425],[127.04058117549923,37.609560623325095],[127.04056730415819,37.60952339921592],[127.04055068582765,37.60949556435748],[127.04052771372046,37.60946740732254],[127.04046491362388,37.60940448575795],[127.04042366040437,37.60935205330651],[127.0403767427416,37.6092754222044],[127.04034804515511,37.60921474137634],[127.04034412954896,37.60919934480682],[127.04034207526827,37.60919125462458],[127.040341058026,37.60917408211501],[127.04034317800652,37.60915703467148],[127.04034964710536,37.60914024702789],[127.04035817942155,37.60912713471498],[127.04037005345154,37.60911532769295],[127.04038516807393,37.60910632163776],[127.04040219847386,37.609100603536]],[[127.0410447155841,37.60939116712577],[127.04107964232658,37.60938914576708],[127.04112590788321,37.60939073341443],[127.04117004754013,37.60939829534454],[127.04119051696723,37.60940598265076],[127.04120958725066,37.609423121820015],[127.04121630063662,37.609438859759045],[127.04123390543525,37.609570920622815],[127.04123377585155,37.60960288776847],[127.0412336954293,37.609621331047464],[127.0412298950271,37.609650866804294],[127.04121758216228,37.60968828919045],[127.04120935685626,37.60970345571257],[127.04119863840978,37.609715875087176],[127.04118446446378,37.60972611527266],[127.04116436640986,37.60973483485108],[127.04111048569294,37.60974624213734],[127.04107520605199,37.6097452813534],[127.04104475692807,37.609734317898],[127.04102657145593,37.60971983631381],[127.04101687923259,37.60970367593512],[127.04099350286846,37.60962036056797],[127.04097609897599,37.60958538119764],[127.04095536172933,37.60954371764072],[127.04094442776713,37.60951425007437],[127.04094094805271,37.60948851902677],[127.04094208248173,37.60947128270756],[127.04095057353291,37.609444997903005],[127.04096187855126,37.6094282806277],[127.04097729634913,37.60941452617817],[127.04099616997269,37.609403599632635],[127.04102195343359,37.609395013254655],[127.04104061613367,37.609391862313245],[127.0410447155841,37.60939116712577]]]]},"properties":{"toyanghyun":"B₁","name":"갈색건조산림토양"},"id":"LT_C_FSDIFRSTS.1202544"},{"type":"Feature","geometry":{"type":"MultiPolygon","coordinates":[[[[127.04247941242552,37.62719801079452],[127.04250462294348,37.62719730345119],[127.04252932608928,37.62720080389276],[127.04256980926384,37.627215933077125],[127.04260637432425,37.6272295986582],[127.0426468785456,37.627239873292666],[127.04267250384086,37.6272414137251],[127.04269822896761,37.6272392420511],[127.04274207313374,37.6272264231578],[127.04277661364242,37.627208048534094],[127.04279558343535,37.62719545757564],[127.04284606305532,37.62716191985184],[127.0429382149085,37.62709753789029],[127.04301205097957,37.62703670341147],[127.04312263874492,37.62696184511814],[127.04317043965382,37.626935401701076],[127.04329810921284,37.626878772960985],[127.04332575066307,37.62686054486476],[127.0433364036795,37.62684887317556],[127.04334339702069,37.62683603154709],[127.0433447299759,37.626810037592435],[127.04333609077142,37.62679575922612],[127.0433352845669,37.62679442696293],[127.04331483055815,37.626782865804394],[127.04330791084,37.62678202321886],[127.04329389467166,37.626780314685746],[127.04326021804526,37.62678366068791],[127.04315729215702,37.626806042847434],[127.04308426680934,37.626818530179584],[127.04294176190913,37.626824087155434],[127.04291852839954,37.62682499659509],[127.04289663788208,37.6268269623993],[127.04282560260421,37.626833139238286],[127.04278752191048,37.626831188902315],[127.04276261903486,37.62682490003323],[127.04273836922354,37.62681167332505],[127.04261870999568,37.62671244589427],[127.04258618902094,37.62667640014914],[127.04257630334097,37.62666911473434],[127.04252392615689,37.62663051733259],[127.04247757095301,37.626589755371576],[127.04245962247992,37.6265814186947],[127.04243990975108,37.62657822728371],[127.04241611596537,37.62658182537029],[127.04240479562328,37.62658353770985],[127.04237350462346,37.62659864047804],[127.04233726907674,37.6266220647232],[127.0423180146322,37.62663397816928],[127.04231435139341,37.62663646170134],[127.04222551530401,37.626680800446486],[127.0421614079267,37.62671824134705],[127.04212604004094,37.62673573312063],[127.04209839368895,37.6267457079001],[127.04200757669471,37.62676703959161],[127.04189461171676,37.62680603841757],[127.04185412412718,37.62682482033797],[127.04181962107634,37.62684948356643],[127.04178271354365,37.626889221142875],[127.04175938596822,37.626924539067694],[127.04175604059826,37.62693234730086],[127.04173928204933,37.62697144253557],[127.04170678356854,37.626993342596336],[127.04169796193635,37.62700279616292],[127.0416877121044,37.627012761092836],[127.0416680883329,37.6270391948631],[127.04165042369779,37.62707262770356],[127.0416462298796,37.62708864872596],[127.0416466251822,37.62709667817919],[127.0416473298479,37.627110983795994],[127.04165401060375,37.6271261270228],[127.04166978844067,37.627142231092584],[127.04170052886448,37.62715480701562],[127.0417776068204,37.62716854412289],[127.04181246541094,37.62717969770267],[127.04183733845638,37.6271933298233],[127.0418499510089,37.62720294968952],[127.04185339716149,37.627205170300165],[127.0418885178039,37.627231063004224],[127.04194615697021,37.627253414025304],[127.04211318645567,37.627284663813775],[127.04217638980114,37.62729035349417],[127.04222568988537,37.62728977725027],[127.04226080389394,37.62728364698023],[127.04228803886656,37.62727506703826],[127.04230401333209,37.62727003560892],[127.04234548770812,37.62725319931244],[127.04242584975776,37.62721281525553],[127.04245047235148,37.62720414791856],[127.04247941242552,37.62719801079452]]]]},"properties":{"toyanghyun":"B₂","name":"갈색약건산림토양"},"id":"LT_C_FSDIFRSTS.1202683"},{"type":"Feature","geometry":{"type":"MultiPolygon","coordinates":[[[[127.04488825523211,37.637902983356824],[127.04491160834453,37.637901211242],[127.04500764678377,37.63790121518934],[127.04510861589131,37.63789734924505],[127.04515128082552,37.63789767259663],[127.04517742792487,37.63789974025878],[127.04525418311613,37.63791115695619],[127.04529687670687,37.63791574550688],[127.04532402694767,37.63791667390643],[127.04536445787184,37.6379136337613],[127.04532989743575,37.63788206752198],[127.04528012174113,37.63781052230093],[127.04525640361206,37.63775026812028],[127.04525162550273,37.637682472635014],[127.04525159009552,37.637624091524046],[127.04526339428655,37.637561940654635],[127.04529652117061,37.637516730028224],[127.04531781871782,37.63749035542428],[127.04535333624814,37.6374621364406],[127.04530196009226,37.63738154865204],[127.04527452290424,37.637323781716255],[127.04526019408186,37.63727505923956],[127.04525453852851,37.637245583881025],[127.04525177451085,37.63721641374798],[127.04525148963549,37.63716328276808],[127.0452543753884,37.63713164807547],[127.04526158997292,37.637097737635706],[127.04527948740414,37.63703594841947],[127.04530937721125,37.636901278415145],[127.04531551305129,37.63686345180277],[127.04532014695086,37.63682065413086],[127.04532260336319,37.6367723901172],[127.04532166481589,37.63673807195415],[127.04530933220744,37.63665364987845],[127.04530799752266,37.63658266087002],[127.04530320198813,37.63652157231363],[127.04530028423557,37.6365078910732],[127.04529682676042,37.63651029172417],[127.04521157853102,37.636559491182155],[127.04509240700978,37.63662370495088],[127.04506816733017,37.636633210595946],[127.0450400403881,37.63664074456256],[127.04500306109749,37.636641821835845],[127.04497944600799,37.63663498335384],[127.04496311231593,37.63662223162988],[127.04495745355777,37.63661348522042],[127.0449512619518,37.636585340803315],[127.04495595136012,37.63654597497498],[127.04500263177908,37.636437190249296],[127.04502143986004,37.63636362664345],[127.0450195537403,37.63631710949758],[127.04498975871012,37.63620733581533],[127.04498625313465,37.63618068600932],[127.04498781709084,37.6361626837283],[127.044996050702,37.636138948637765],[127.0450203449816,37.636107522015315],[127.04502946071268,37.63609996107253],[127.04505610581191,37.63607785694052],[127.04508624205198,37.63605849226546],[127.04512179599986,37.63604276549122],[127.04514153997403,37.636037099751505],[127.04516582630681,37.63603013485096],[127.04521893303564,37.63601993337615],[127.04525379251633,37.636017415271866],[127.04528884694831,37.636018771319],[127.04536093072201,37.63602734803669],[127.04541342210041,37.636029967730884],[127.04547842020027,37.636030780611115],[127.04552825661276,37.636027076361174],[127.04555836558085,37.63601894686189],[127.04552013982774,37.63598944353742],[127.04548903898807,37.635959511287616],[127.04546312040482,37.635929750021866],[127.04541975026855,37.63586532825976],[127.04534090423883,37.63572653927947],[127.04526202812659,37.63554140807517],[127.04521912670828,37.63546644813076],[127.04502528641763,37.63520354626286],[127.04493409672077,37.63509764677021],[127.04490641452891,37.63506200171374],[127.04486568570343,37.63505318484853],[127.04482405252752,37.63503825332496],[127.04480466235364,37.635028962520565],[127.04479484683877,37.6350218664826],[127.0447871263975,37.635013328071935],[127.04478146444605,37.6349990225729],[127.04478120948974,37.63498950826385],[127.0447862669821,37.634959395412],[127.04478370665127,37.634940700936646],[127.04477864536295,37.6349267285739],[127.04476404118752,37.63490683134784],[127.04472174914773,37.634869888963976],[127.04470781625966,37.634854712639914],[127.04469732686665,37.63483847184692],[127.04469167067924,37.63481482312208],[127.04469186002181,37.63479046941419],[127.04469501016194,37.634772520591085],[127.04471234158827,37.634730555132606],[127.04473923801143,37.63467478294767],[127.04474440040248,37.634649571417114],[127.04474653146565,37.63444365938978],[127.0447402248568,37.63439333273197],[127.04473550260141,37.63437787361146],[127.04472826894491,37.63436858719344],[127.04472310053106,37.634364823033266],[127.04471174593675,37.634360412507725],[127.04469589581778,37.634359679705],[127.04466350912645,37.634365953818445],[127.04464428285125,37.6343651772375],[127.04462393205105,37.634359508727464],[127.04459788930393,37.634346066860665],[127.04456446322706,37.63431927517189],[127.04452507971713,37.63427642115017],[127.04451375034299,37.634257270473],[127.04450333559056,37.63421400006736],[127.0444948425661,37.63420158769],[127.04447715044003,37.63418961125315],[127.04440034895069,37.63415087077229],[127.04434596571134,37.63412711421666],[127.04432396695887,37.63411252651721],[127.04431108871596,37.6340987012264],[127.04430381654595,37.634081657310865],[127.04430189093773,37.634063187830264],[127.04430229167116,37.63401302981432],[127.04429853097521,37.63399497547583],[127.0442865790648,37.633976617876925],[127.04427310247718,37.6339662886302],[127.04426007130824,37.63396198680826],[127.04424730286073,37.63396130684827],[127.04423471739548,37.63396351898196],[127.04422165833365,37.63396949741145],[127.04420585020013,37.63398211713306],[127.04418405635418,37.634007334872265],[127.04414348646958,37.63404584016061],[127.04412438961045,37.63407218311137],[127.04410502813667,37.634110878669595],[127.04408884083264,37.63413377876192],[127.04407192534386,37.63415142637832],[127.04402232965754,37.63419630496281],[127.04399254284297,37.63423105807453],[127.04395164368538,37.634287943522736],[127.04392124467861,37.63434136526365],[127.04387394525475,37.634399784741554],[127.04388656882992,37.63440443814178],[127.04390601620076,37.6344151346142],[127.04392471584337,37.63442583136176],[127.04394192107405,37.63443831261418],[127.04395987369423,37.63445019893518],[127.04397260561282,37.63446565510174],[127.04397785026576,37.63448349265958],[127.04397711340062,37.634501936107],[127.04397263750566,37.63451977728766],[127.0439576795385,37.63453345982089],[127.04393599872851,37.63453941440047],[127.0439135687803,37.634542990653244],[127.04389038934617,37.6345435939285],[127.04386646042883,37.63454122422579],[127.04384402663345,37.63453825931224],[127.04382159214146,37.63453410509386],[127.04379915590678,37.63452697761979],[127.04379042939962,37.63452198038952],[127.04377676698418,37.63454255495785],[127.04373977543835,37.63459829462823],[127.04370670373083,37.63464813408274],[127.04370726708765,37.63466410113829],[127.04371280307325,37.634695848913765],[127.04372401338487,37.63473245990752],[127.04375037263834,37.63479496050606],[127.04379143547138,37.6348695243414],[127.04386689328356,37.63498075449461],[127.04391371298874,37.635040233648965],[127.0439633944601,37.63508990088792],[127.04399915425213,37.635120073271345],[127.04405294305614,37.63515875052248],[127.044188766031,37.635249174880734],[127.04421237450843,37.63527248624057],[127.04423056376102,37.63530090551124],[127.0442608445198,37.63538401005422],[127.04428270741383,37.635430600812384],[127.0443033245057,37.63546834345701],[127.0443481960887,37.63553907917495],[127.04436635002307,37.635574592795024],[127.04438454959485,37.635627756697055],[127.04440375850855,37.63570543242188],[127.04441532288958,37.63578598516358],[127.04441472118997,37.635882885455224],[127.04440435074187,37.635935293364405],[127.04439872733664,37.6359495869088],[127.04439493240795,37.63595036859001],[127.04437172662531,37.635956927482255],[127.04433234639146,37.63597234462857],[127.04427596432862,37.63599993775089],[127.04426396905845,37.63600451294985],[127.04425026198318,37.63602643455756],[127.04424831563078,37.63603036268219],[127.04424590586902,37.63603614971313],[127.04418663132287,37.63605805595734],[127.04415856495217,37.63606626092582],[127.04413428098822,37.636071663309735],[127.0440964253804,37.63607711851395],[127.04402825109268,37.63608315805041],[127.04397821790263,37.636085735508544],[127.0439423331423,37.63608461003349],[127.04383559146959,37.63607642284363],[127.04369592319888,37.63605933881403],[127.0435795002431,37.63605266953367],[127.04348908977633,37.63604570043594],[127.04343516952285,37.63604650055163],[127.04340859973811,37.63604891596062],[127.04330777882808,37.63605410304259],[127.04319265376846,37.636060248518184],[127.0430851998022,37.63606028780637],[127.04297076378037,37.636074700254404],[127.04293344204385,37.63618903715435],[127.04291553535869,37.636277160023205],[127.04287791080463,37.63641689848731],[127.04287517319925,37.63646357051476],[127.04288127003505,37.63650561727733],[127.04285780041695,37.63651493298178],[127.04284059672908,37.63652539065773],[127.04282803959252,37.63653830633407],[127.0428213516926,37.636552084824785],[127.04281304477792,37.63658756863521],[127.04280825001179,37.63664274670609],[127.04280159891411,37.63668120316537],[127.04280146161386,37.63669861024821],[127.04280540255259,37.63671525902396],[127.04281269333187,37.63672539246147],[127.04281799802737,37.636729607146926],[127.04282418597083,37.63673301062493],[127.04283738731009,37.636737006206616],[127.04289483125076,37.636741526301286],[127.0429384419211,37.63674644783662],[127.04298377569573,37.636753089609705],[127.04300396878848,37.63675941617683],[127.04301227178355,37.6367644271325],[127.04302883471136,37.636774426533115],[127.04307747252706,37.636812964641685],[127.0430986307061,37.636797324822744],[127.0431311395103,37.63678072941084],[127.04318117211571,37.63676453932792],[127.04323895318149,37.63675639578557],[127.04328372059608,37.636757333514055],[127.04333059098155,37.63676639463621],[127.04340427169686,37.63679071577578],[127.04348600050396,37.636831588603904],[127.04367407737293,37.63694941303618],[127.04371978786165,37.636981839679365],[127.04374950548853,37.63700863387126],[127.04377365313397,37.63704067115246],[127.04381537190572,37.63712843413873],[127.04383310043355,37.63715701130513],[127.04385859744878,37.63718312318901],[127.04387926745402,37.637196714972106],[127.04392044962506,37.637232878704225],[127.043951258076,37.63727053201092],[127.04398444002399,37.63731760061924],[127.0439891958634,37.63734961534974],[127.04398447224159,37.63737033165788],[127.04396790787365,37.637392938140586],[127.04393003109426,37.63741554985527],[127.04388741508136,37.63743628296492],[127.04384242672343,37.637447598043224],[127.04379269698588,37.6374494995708],[127.04371928906399,37.6374589429896],[127.04363640393565,37.63745897367372],[127.04357483011982,37.63745711337197],[127.04351088728913,37.63745337085306],[127.04343747826752,37.637459047078536],[127.04337591325395,37.63747037078363],[127.04334040413748,37.63749486449701],[127.04331911139623,37.63752877187814],[127.04330492017891,37.63756079268925],[127.04330020177811,37.637592808220376],[127.04330969537759,37.63762858645432],[127.04332628952521,37.637656830746415],[127.04335709015233,37.63768318405468],[127.04339263001859,37.63771141957147],[127.04343526817992,37.637732119328966],[127.04345658509462,37.637737762457135],[127.04351579560378,37.63774715682758],[127.04359868655406,37.63775654151901],[127.04366737212139,37.63777158238844],[127.04371711314077,37.63778663023895],[127.04376685307508,37.63779979410929],[127.04383080172063,37.63781483664054],[127.0439042299254,37.63783929180382],[127.04397055879613,37.63787316576116],[127.04402503692194,37.637890093873615],[127.04407004665345,37.63791456043513],[127.04412688831222,37.63792395538336],[127.04418609680454,37.63793146545825],[127.0443176364034,37.63795090893146],[127.0443577520898,37.63795684576276],[127.04439511316137,37.63795840753308],[127.04441625290067,37.63795929155179],[127.04442649140333,37.63795883360053],[127.04452826463668,37.637954295715325],[127.04468771947325,37.63793887633729],[127.04477900753997,37.63792596394766],[127.04486413505927,37.63790659016407],[127.04488825523211,37.637902983356824]]]]},"properties":{"toyanghyun":"B₁","name":"갈색건조산림토양"},"id":"LT_C_FSDIFRSTS.1202692"},{"type":"Feature","geometry":{"type":"MultiPolygon","coordinates":[[[[127.05507460636981,37.627163522116355],[127.05510016007202,37.627159843171015],[127.05512585334984,37.627161092551454],[127.0551489898048,37.62716687508372],[127.05517481630085,37.62717976513758],[127.05522016165646,37.627219166592106],[127.05522130467324,37.62718548087279],[127.05521622223019,37.62716474704554],[127.05521110575013,37.62711484018986],[127.05520920492405,37.627061296348145],[127.0552034342349,37.62703510556621],[127.05520121273709,37.62701666791506],[127.05520057267874,37.62683129923156],[127.0552016648397,37.6268023680404],[127.05520310457065,37.626793074590864],[127.05520742387696,37.626776071853484],[127.05521161757449,37.6267393429735],[127.05521485384824,37.62672379313292],[127.05522038555566,37.626708724245844],[127.05523130209211,37.62668830458139],[127.05527436234257,37.62661915892094],[127.05527984025025,37.626607952585765],[127.05528490355658,37.6265921703334],[127.05528936687503,37.62657234563479],[127.0553036663216,37.62652032587492],[127.05531462470486,37.626469310477304],[127.05531569022696,37.626450357723215],[127.05531588416507,37.62640174940118],[127.05531485849951,37.62638276609265],[127.05531321268423,37.626373802947676],[127.05530850936765,37.62636018133271],[127.05529824093331,37.626342463737274],[127.05528997790057,37.6263313061863],[127.0552818376694,37.62632229382652],[127.05526835303324,37.62631199015266],[127.0552043616864,37.62626115850825],[127.05508868563093,37.62624642557665],[127.05505142425508,37.62624644296691],[127.05501416287922,37.626246460345406],[127.05497224453934,37.62624647988182],[127.05493032733219,37.62624649940281],[127.05488840785942,37.62624651890997],[127.05485114648341,37.626246536236984],[127.05481388624018,37.62624655355171],[127.05477662373129,37.62624657085571],[127.05473470539118,37.62624659030775],[127.05469744514782,37.626246607585706],[127.05466018263884,37.626246624852946],[127.05462292126263,37.626246642107894],[127.0545856598864,37.626246659351075],[127.05454839964293,37.62624667658196],[127.05450648016978,37.626246695953434],[127.05446922149629,37.62625041711494],[127.05443196395257,37.626254139165155],[127.05439470527227,37.62625786120412],[127.05434813265762,37.62626158662063],[127.05430621473793,37.62626530987657],[127.05426895717922,37.62626903277631],[127.05422704038416,37.62627275600361],[127.05418512471773,37.62627647921551],[127.05414786332632,37.62627649632046],[127.05411060193488,37.62627651341362],[127.0540733416762,37.626276530494515],[127.05403608028472,37.62627654756417],[127.05399881889318,37.62627656462204],[127.0539569005357,37.62627658379776],[127.05391498104534,37.62627660295911],[127.0538777196537,37.626276619978746],[127.05383580129607,37.62627663911145],[127.05379853990438,37.62627665610607],[127.05376127851264,37.626276673088945],[127.0537240155878,37.6262729861044],[127.05369140316952,37.62626188727741],[127.05365879189374,37.62625078844085],[127.05362617796725,37.62623598654109],[127.05360287378987,37.626213769787725],[127.05357491419137,37.626195259099894],[127.05354230030511,37.62618045627578],[127.05350968908708,37.626169357397835],[127.05349499069328,37.62616268504786],[127.05347743770271,37.62619089388875],[127.05345679238368,37.626214698302846],[127.05343338756835,37.62622905261227],[127.05341100760788,37.626235036286566],[127.05338605234742,37.62623566926076],[127.05336168222928,37.626230823965834],[127.05333392978791,37.62621679013026],[127.05329245777624,37.626185058096254],[127.05326108767473,37.626165358670775],[127.05322909937264,37.62615242592608],[127.05319109905095,37.62614392873764],[127.05313559998842,37.62613975514462],[127.05309506892583,37.62614071041563],[127.053057216352,37.626148800283225],[127.05303938238765,37.62615964717126],[127.05302730619499,37.626174897294234],[127.05302451409433,37.62618324168601],[127.0530249224422,37.626199945796294],[127.0530279868851,37.62620820646736],[127.05304313502269,37.626227706021155],[127.05307734116266,37.62625310747458],[127.05313160181723,37.62628386977026],[127.05328917456929,37.62636230168388],[127.05346027614594,37.626460395796435],[127.053496604706,37.626475317690605],[127.05353741621366,37.62648606597132],[127.05359311996273,37.6265540471578],[127.05364817323034,37.62659947691698],[127.0539156220123,37.62677661512686],[127.05395798080674,37.626796264302335],[127.05400042108394,37.62680324555335],[127.0540431479096,37.62679918957171],[127.05410350277647,37.62678151158522],[127.054172743204,37.62675418893177],[127.05421946406443,37.62672798480112],[127.05423460021585,37.626714823440174],[127.05425292356537,37.6266915785714],[127.05429392228535,37.62661676881228],[127.05431051137553,37.62659212820285],[127.05433959254097,37.626563616606035],[127.05438879815135,37.626527455360616],[127.05444361106267,37.62650674342872],[127.05446444991635,37.62649543904294],[127.05452758697129,37.62646118680564],[127.05457155995015,37.62644202951998],[127.05462938062465,37.62642942499055],[127.05472509484439,37.62641834355151],[127.05477165685043,37.62643864820688],[127.05489732129796,37.626472106512985],[127.05496537370037,37.62649365346286],[127.05500640528389,37.626510672000066],[127.0550396342574,37.626530991773926],[127.05506229398301,37.62655111825386],[127.05510223484629,37.6266097358202],[127.05504838903423,37.62666673033852],[127.05498295181125,37.62675088597064],[127.0549382343073,37.62678979338206],[127.05491063978883,37.626806330321315],[127.0548270099089,37.62684509361453],[127.0547503378337,37.62688713321128],[127.05470901002282,37.626914371185606],[127.05465539214153,37.62695847229797],[127.05462442502079,37.62697954269456],[127.05448160181501,37.62704488520454],[127.05446058765614,37.62705988732221],[127.05444962092261,37.627073974803615],[127.05444540759662,37.62709054589098],[127.05444960178824,37.6271098611078],[127.05446035395249,37.62712773171925],[127.0544790130296,37.62714536442277],[127.05461704010025,37.62722867791064],[127.05466088290873,37.62724774951382],[127.05470177417143,37.62725831715598],[127.05473283421867,37.627286602740114],[127.05477167218068,37.627308622849334],[127.05481369510349,37.627317541121904],[127.05483796004262,37.62731738568947],[127.05486185974361,37.62731350934746],[127.05488976476796,37.627303017896224],[127.05492213685179,37.627282226083025],[127.05499816270293,37.62720831878417],[127.05503607989289,37.627179874978765],[127.05507460636981,37.627163522116355]]]]},"properties":{"toyanghyun":"B₂","name":"갈색약건산림토양"},"id":"LT_C_FSDIFRSTS.1202721"},{"type":"Feature","geometry":{"type":"MultiPolygon","coordinates":[[[[127.0494600735971,37.63072855405879],[127.04946163256211,37.630721913138174],[127.04946415606453,37.63070058574072],[127.04946565836701,37.6306939178142],[127.049468328078,37.63068807830538],[127.0494750745787,37.63067989452342],[127.0494777105292,37.630674397403226],[127.04948256642287,37.63065107784796],[127.04948482769949,37.63064433752397],[127.0494940158689,37.63062811592122],[127.04950167257749,37.63060875952874],[127.04950339278584,37.63060610990804],[127.04951070581275,37.630598079053875],[127.04951464245016,37.63058940090618],[127.04951668633036,37.6305794261328],[127.04952010255064,37.63055473768096],[127.04951903414263,37.63054944934116],[127.04951705961136,37.630544422667576],[127.04951377098598,37.630539450604566],[127.04951120920346,37.63053719921438],[127.04950399067057,37.63053396770319],[127.04950005905907,37.630533140445465],[127.04949196994333,37.63053251314851],[127.04947988295268,37.630533635440536],[127.04947248691292,37.63053606219435],[127.04946929351306,37.63053801867303],[127.04946671223358,37.63054053350636],[127.04945813571791,37.630556601683224],[127.04945024437583,37.630563803869386],[127.04944310119886,37.630571717520496],[127.04943496057425,37.63057884773121],[127.04942742447535,37.630592176472206],[127.0494231907631,37.630597052580235],[127.04941698479735,37.63060033476881],[127.04940321199841,37.63060475536798],[127.04939769688026,37.630607730931025],[127.0493911635304,37.630612752158385],[127.04938158343337,37.63061880178465],[127.04937359019631,37.630626121136466],[127.04936436147128,37.63063244991995],[127.04935642491043,37.630639823306026],[127.049337899504,37.630652516937445],[127.04933469443937,37.63065397787499],[127.04932040028389,37.63065806531761],[127.04931377470507,37.630660680946455],[127.04930480668622,37.63066724387268],[127.0492950566026,37.63067323049387],[127.04928861410795,37.630678612071954],[127.04928355236105,37.630681938824814],[127.04924699468701,37.630699334109615],[127.04923162812183,37.63070923334902],[127.04919486611308,37.63072603405208],[127.0491896797545,37.630729378872545],[127.04917704388264,37.630740006765045],[127.04917317270689,37.63074494578193],[127.04917182662292,37.630748036725],[127.04917025638595,37.6307548037845],[127.0491695814399,37.63076205700335],[127.04916986243269,37.63079306882546],[127.04919728924136,37.63079292224496],[127.04920576262174,37.63079212584392],[127.04921344237768,37.63079040175767],[127.04921944466467,37.63078744401982],[127.04923515030151,37.63077631929965],[127.04924506835485,37.63076733232991],[127.04925866790809,37.6307578302604],[127.04926451161802,37.63075491763576],[127.0492718854392,37.6307531125847],[127.0492956736776,37.630749895138315],[127.04930258288229,37.63074788305265],[127.04931299043487,37.63074249080692],[127.0493163202985,37.63074130011361],[127.04932377348969,37.63073960314447],[127.04934740272603,37.63073579110333],[127.04935382464329,37.630733553971965],[127.04936052847358,37.63072934356288],[127.04936637244549,37.63072683637677],[127.04937376936597,37.6307257070492],[127.04938151863361,37.63072632548661],[127.04938530321884,37.630727513204214],[127.04938878243513,37.63072946688764],[127.04939152582621,37.630732240776275],[127.04939430561876,37.63073866364307],[127.04939530972753,37.63074951109458],[127.04939348077728,37.630810391486314],[127.04939269798405,37.63092853811036],[127.0493916293477,37.63094001711944],[127.04939002531323,37.63094704548173],[127.04938714047732,37.63095309230535],[127.04938022389157,37.630961095955904],[127.04937862834679,37.63096383562109],[127.04937571200274,37.63097363055936],[127.04937447312153,37.63098464112671],[127.04937394206632,37.63100387739999],[127.04937425551945,37.63101532880082],[127.04937561080942,37.63102615808533],[127.04937771091437,37.6310326262859],[127.04937933280827,37.63103546371302],[127.04938804023695,37.631045920515994],[127.04939466555643,37.631059982133905],[127.04939854293013,37.63106440435186],[127.04940489041572,37.63106948325519],[127.04941220258524,37.6310771836234],[127.04942028475021,37.6310843340672],[127.04942339232963,37.63108960353356],[127.04942814669597,37.63110108010338],[127.04943191094691,37.63110574563382],[127.04944398299001,37.631116119934156],[127.04945010257586,37.63111918973176],[127.04945785239252,37.631120574001976],[127.04946582766867,37.63112027333337],[127.04946970157978,37.63111946082186],[127.04947607775125,37.63111652994394],[127.0494886005833,37.631106244442165],[127.04949256223786,37.63110108013081],[127.04949534245273,37.63109102396102],[127.04949584744416,37.631083779821886],[127.04949540964816,37.6310727699568],[127.04949423809822,37.63106570671814],[127.04949199073192,37.63105927462085],[127.04949028954364,37.631056455248284],[127.04948119701032,37.63104613376229],[127.04947285936899,37.63102956812612],[127.04946571705196,37.631021750562205],[127.04946281283512,37.63101564309468],[127.04946132409525,37.63100859800828],[127.04946047289177,37.63098917310701],[127.04946231866745,37.63085119533589],[127.04946202229975,37.63083135574795],[127.04946065549295,37.6308202561731],[127.04945856664989,37.630813688860584],[127.04945696740931,37.63081084241509],[127.04945009686757,37.630802817509235],[127.04944848629883,37.63079997106836],[127.04944635214838,37.630793412784456],[127.04944473360514,37.63077852917352],[127.04944504054889,37.630763041095],[127.04944658525027,37.63075196732933],[127.04944878997308,37.63074535316789],[127.0494504307241,37.63074246031507],[127.04945734719853,37.63073433052211],[127.0494600735971,37.63072855405879]]]]},"properties":{"toyanghyun":"B₂","name":"갈색약건산림토양"},"id":"LT_C_FSDIFRSTS.1202726"},{"type":"Feature","geometry":{"type":"MultiPolygon","coordinates":[[[[127.04649255350924,37.63127497704195],[127.04649221635891,37.63125569337215],[127.04642875756772,37.63125869161359],[127.04637541031349,37.631258958562526],[127.04632587900502,37.63125621830002],[127.04629215290295,37.631250413870426],[127.04618774046799,37.63122236835335],[127.04613843464335,37.631204983297806],[127.04610942425174,37.63119101584084],[127.04607875380586,37.63117273960907],[127.04606265506484,37.63116090964212],[127.04604736035193,37.63114672147884],[127.04602862377375,37.63112489249314],[127.04601933327783,37.63111060647921],[127.04601039444943,37.6310915721312],[127.04599680368895,37.63105361438514],[127.04594962210068,37.63095515950291],[127.04594038922792,37.63092400159572],[127.04592568125459,37.63086352503057],[127.04591264637334,37.63079721753128],[127.04588965901321,37.630721367953754],[127.04589738280364,37.6306824486589],[127.04589735934731,37.63064430722515],[127.04589733882214,37.630610932006284],[127.04589731755286,37.63057634676326],[127.045890148532,37.63056126884679],[127.04588385542968,37.63055205420661],[127.04586575361039,37.63053600567263],[127.04584421975976,37.6305208684653],[127.0457292526608,37.63045992533009],[127.04567609454371,37.63043511474349],[127.04564808325102,37.63042407048429],[127.04562230303014,37.63041189912314],[127.04560854674065,37.630406570603576],[127.04559267307812,37.63040302685309],[127.04555945591575,37.63040067009026],[127.0455262075559,37.63040288132965],[127.04551024774075,37.63040667162815],[127.04549783473773,37.63041199223327],[127.04546980743284,37.63043039216358],[127.0453336884462,37.630534544473235],[127.04530419484166,37.630563684681256],[127.04528209683322,37.63058947037557],[127.04524827858677,37.63062351359317],[127.0451967745806,37.63069235965842],[127.04518359727406,37.630707789586566],[127.04516922955578,37.63072175136164],[127.04513257738319,37.63075310168191],[127.04511851561533,37.63076721650131],[127.04511212174413,37.63077670903209],[127.04511213699821,37.63080194474434],[127.04511216005336,37.63084008617749],[127.04511061917049,37.63087728667794],[127.04511588630709,37.6309004273912],[127.04512788887918,37.63097307020506],[127.0451408026265,37.63102001564629],[127.0451496805478,37.631045492133715],[127.0451681289645,37.631085819513224],[127.04519259755702,37.63112619774207],[127.04521342840303,37.63115333286557],[127.04523635681356,37.63117582890526],[127.04524842684583,37.6311838295376],[127.04527050912617,37.63119530503452],[127.0453069417531,37.63121072944524],[127.04537538710031,37.6312313086926],[127.04545495768033,37.63125050961116],[127.04548982265334,37.631260670108176],[127.04568821152213,37.63133971173559],[127.04577848220805,37.631367859587264],[127.04583144462683,37.631386471416306],[127.04585890527446,37.631398624056814],[127.04592483312082,37.63143118707615],[127.04603031848968,37.63147743502513],[127.04604681030993,37.63148543835517],[127.04607390900291,37.631503901592126],[127.04618094703315,37.63160573782876],[127.04620964122162,37.63162653576515],[127.04629116063485,37.631670709783414],[127.04643185500822,37.631734167699975],[127.04645274339255,37.63174172145269],[127.04645709114416,37.63172489563128],[127.04645723583184,37.631691620363135],[127.04645357190951,37.631653142499715],[127.04643578771163,37.63152914050155],[127.04643502932889,37.63150651704338],[127.0464367809746,37.631481355420895],[127.04643936762088,37.631456298885],[127.04644382621676,37.6314355672456],[127.04647409589553,37.63135027070015],[127.04648664708482,37.63130657694681],[127.04649255350924,37.63127497704195]]]]},"properties":{"toyanghyun":"B₁","name":"갈색건조산림토양"},"id":"LT_C_FSDIFRSTS.1202728"},{"type":"Feature","geometry":{"type":"MultiPolygon","coordinates":[[[[127.05482261425597,37.63272061563369],[127.05470940890562,37.63257396067353],[127.05465485161773,37.63253202705217],[127.05460022517646,37.63251936646419],[127.05455791668444,37.63252671104917],[127.0545024410087,37.63256116335307],[127.05445693634277,37.632611671099745],[127.05441967289278,37.63262563104665],[127.05438811480656,37.63263192546833],[127.05436040456746,37.632632704076194],[127.05432805698464,37.63262830414496],[127.05424721794378,37.632603888586715],[127.05417748646114,37.63258644871071],[127.05415800833507,37.632581576112194],[127.0541167098756,37.63256019664994],[127.05409026121414,37.63253527850234],[127.05407175398254,37.63251005037445],[127.05405327430282,37.63247592049167],[127.05404306979916,37.63244867935685],[127.05403870934796,37.632419065952064],[127.05404060901348,37.632398441517864],[127.05404869131637,37.632373687736774],[127.05409745139157,37.632295685071846],[127.05410949511992,37.63226584790998],[127.05411319418022,37.63222699570633],[127.05410418022086,37.632169868330685],[127.05408236621068,37.63211501730581],[127.0540354987491,37.63205299689572],[127.0539882003245,37.63200588797898],[127.05396561035725,37.63199012205137],[127.05392751932973,37.631970074512616],[127.05393675917148,37.63193240908129],[127.05393156686618,37.63189599360707],[127.05388843528928,37.631798553674514],[127.05384635261781,37.63172587233761],[127.05379385162425,37.631658971054634],[127.05373669230727,37.63160467666172],[127.05367125548014,37.631508418082895],[127.05364387050413,37.63148831152127],[127.05362041277566,37.63147857351636],[127.05359858949421,37.63147313246711],[127.0535755903182,37.63147089945757],[127.05354084597097,37.63147263611178],[127.05351866750726,37.63147742139898],[127.05349421493823,37.63148638828766],[127.05345634878523,37.631510876226415],[127.05340882103773,37.63155391982633],[127.05339801956904,37.631569015327926],[127.05347786453916,37.631615197940384],[127.05350716990493,37.63163708401738],[127.05352725733063,37.631657884076205],[127.05355458605088,37.63169269748233],[127.05357703123715,37.631729543020676],[127.0536082229004,37.631792381626994],[127.0536362279281,37.63186013655083],[127.05368351673552,37.63203132938321],[127.05369998112056,37.632158910492095],[127.05371000630518,37.63230714061645],[127.05370512460179,37.632351155993774],[127.05369430805612,37.6323910358439],[127.05363227026258,37.63255150980099],[127.05362184684816,37.63258677371451],[127.05361236175287,37.63266185896782],[127.05361693073938,37.63271387620337],[127.0536249622252,37.63274113457924],[127.05363559825015,37.632763642674824],[127.0536476997024,37.63278064598135],[127.0536667498454,37.632800025629464],[127.05371279138345,37.6328318644342],[127.05382257616206,37.63289228045629],[127.05392545382017,37.6329151257266],[127.05403944729169,37.632932809475456],[127.05422035528348,37.63296819648451],[127.0543368431898,37.63300558515819],[127.05443847933819,37.63306859649329],[127.0545229211366,37.6331109867194],[127.05456101022375,37.633163003736506],[127.05458960867746,37.63319295008303],[127.05464356889723,37.63323733558815],[127.05468889640395,37.63326319539944],[127.05471701200747,37.63327416537908],[127.0547504645517,37.63328329126097],[127.05487178808023,37.633300093242745],[127.05499044550487,37.63331172198185],[127.05502970605298,37.63331556980665],[127.05505479195658,37.633312232566034],[127.05508684067836,37.63330113458325],[127.0551983146973,37.633261177831976],[127.05528610853439,37.63324118440022],[127.05534317881322,37.63323331276304],[127.05530448715487,37.633229654883806],[127.05528483963727,37.633224314939774],[127.05521542236126,37.63320545107376],[127.0551838659588,37.63319894270103],[127.05514347517241,37.63319557387903],[127.05504772086019,37.633194717606465],[127.055008384161,37.633191987946255],[127.05498359192453,37.633186377351805],[127.05495832974403,37.63317336086906],[127.0549461877516,37.6331617978684],[127.05493723956216,37.63314886388127],[127.05492765998562,37.63312466786672],[127.05492366030862,37.63309319829975],[127.05492093888004,37.63302830156937],[127.05490778287295,37.63293192925496],[127.05489634102315,37.63287102794667],[127.05488478361967,37.6328378320006],[127.05486099614832,37.63278102690516],[127.05482261425597,37.63272061563369]]]]},"properties":{"toyanghyun":"B₂","name":"갈색약건산림토양"},"id":"LT_C_FSDIFRSTS.1202735"},{"type":"Feature","geometry":{"type":"MultiPolygon","coordinates":[[[[127.05007982992369,37.63559810393143],[127.05009430116812,37.63558643903848],[127.050104448766,37.63558105584741],[127.05012856302464,37.63557182852495],[127.05014026477177,37.63556944495149],[127.05015911714118,37.63556962614527],[127.05017032384316,37.63557237839547],[127.05018510246897,37.63557979622917],[127.05019440616114,37.635583053838275],[127.05023962744437,37.63559098128157],[127.05026138404925,37.63559692752818],[127.05027123244193,37.63560149132784],[127.05028087863553,37.635608623020914],[127.0502890523514,37.63561627881326],[127.05029371057802,37.63562064390337],[127.0503425329162,37.63567634902157],[127.05035168062872,37.63568348092146],[127.05037356645572,37.63569618448169],[127.05039961644586,37.635718112348286],[127.05042332493981,37.63572874285451],[127.05044411849475,37.635734545321185],[127.05045951696954,37.63573703446586],[127.05050131278598,37.63573893568212],[127.0505607686369,37.635736910031106],[127.05063081330364,37.63572859993934],[127.05073203433368,37.63570009433476],[127.0507939130164,37.6356790116859],[127.05083956260054,37.635666873772635],[127.05089183988798,37.635654687933815],[127.05092461209826,37.63564882639892],[127.05094300661675,37.63564213314737],[127.05095705865457,37.63563063050708],[127.0509630791268,37.63562065399966],[127.05096615322529,37.635609642631614],[127.05096994053143,37.635581241939285],[127.05097299178983,37.635569969295126],[127.05097871667931,37.63555851529863],[127.05098776074435,37.63554653729602],[127.05100584229076,37.63552953689802],[127.05103430930535,37.635507207182336],[127.05105932400508,37.63548953704781],[127.05108847405602,37.63547202729472],[127.05113123783758,37.635464827917225],[127.05117140398357,37.63545298957653],[127.05120580174983,37.63543871205555],[127.05125156788455,37.63541513141838],[127.05127105768808,37.63540322093468],[127.0512937036007,37.63538432643946],[127.05130584858418,37.63536758085165],[127.05130993683795,37.63534866739189],[127.05130894257154,37.635336153138105],[127.051304672897,37.63532189239706],[127.05129834778411,37.63530063189347],[127.05129084866735,37.63525259461564],[127.05128922858363,37.63521966430568],[127.05129166226189,37.6352000578066],[127.05130880856088,37.63512478203508],[127.0513218034305,37.635075420405144],[127.05132566307823,37.63498771681004],[127.05133264925269,37.63493241128791],[127.05133660657008,37.63450913562555],[127.05133438105234,37.634468970662226],[127.0513243143731,37.634426935059984],[127.0513233399326,37.634393815258065],[127.0513079544382,37.63434393438388],[127.05130036480223,37.6343124122021],[127.05129551906711,37.63430058436948],[127.0512794350603,37.634272813978406],[127.05123192192926,37.63420952236817],[127.05122253404882,37.634198966894104],[127.05120037224403,37.634179893640265],[127.05118131981497,37.63416832424274],[127.05116696220205,37.634163311980714],[127.05114456226897,37.634160420519294],[127.05111479000244,37.63416192905696],[127.0510687787424,37.63417391406854],[127.051050532013,37.63418080549413],[127.05102832557718,37.63419579848916],[127.05101245392903,37.63421332952037],[127.05099892066563,37.63423753584121],[127.05099558622744,37.63424879960113],[127.05099046638543,37.63428340866659],[127.05098520113788,37.63430418766726],[127.05097454558435,37.63431194975632],[127.0509656015564,37.634320891396094],[127.05093911625745,37.63435785224818],[127.05091744289528,37.634385452481474],[127.05091353100651,37.63441717336309],[127.05090039835163,37.63447071918954],[127.05088315932652,37.634520051975066],[127.05086145447771,37.63456638099543],[127.05081308457791,37.634648854618106],[127.05079814246199,37.63467736012239],[127.05076089435788,37.63475470773214],[127.05072836740402,37.63483746912265],[127.05070518150069,37.63488529258237],[127.0506982002554,37.63489683810629],[127.05068064736297,37.63491975860689],[127.05066222263183,37.634938460164584],[127.05064156971248,37.6349559499494],[127.05062262869131,37.63496848537842],[127.05059749783383,37.63498182713794],[127.05058794763498,37.634985868548576],[127.05057076135193,37.63499314146222],[127.05053178559204,37.63500593683696],[127.05048504930505,37.63501890940986],[127.05044378917752,37.63502785942635],[127.05040442356332,37.63503382275353],[127.05036256330388,37.63503656791169],[127.05031534783083,37.63503792151447],[127.05027335535256,37.63503612753304],[127.05018671490079,37.635029332246],[127.05006719135949,37.63503166071684],[127.04999997510586,37.63502983319072],[127.04999073921704,37.63502958392741],[127.04988877075276,37.63502880358649],[127.04972499198624,37.63502212434344],[127.04962796364875,37.63502209401781],[127.04949761700433,37.634996902261165],[127.04940594459893,37.634958266786974],[127.04934605804158,37.634907718637514],[127.0493142277546,37.63485567300912],[127.04930111195483,37.634819978745426],[127.04929173697096,37.6347857722462],[127.04928984193228,37.634748587567614],[127.04929354849298,37.63469652618015],[127.04930475266349,37.63466825938758],[127.04932530004051,37.63462957690045],[127.04939805308933,37.63457230055093],[127.04942960778112,37.63455900681008],[127.04946133819496,37.63454932593878],[127.04958003516762,37.63452155910472],[127.04967965969492,37.63449630582389],[127.04971156091808,37.634486318478224],[127.04974838694527,37.63447117541067],[127.04977409014178,37.63445647850726],[127.04979142133645,37.6344423275248],[127.04981202914088,37.634418266118274],[127.04983363375794,37.6343837979048],[127.04984646509173,37.63435293012799],[127.04985197738186,37.6343232880796],[127.049852808585,37.63429051888617],[127.0498489600807,37.634261766461144],[127.04984448914593,37.634247595848144],[127.04982698735789,37.634213176584566],[127.04980597893909,37.634180095861005],[127.04979119777575,37.634161611174],[127.0497790794914,37.63415066300646],[127.04976868800684,37.63414343788241],[127.04974790404333,37.63413258526711],[127.0497110708114,37.634117955272],[127.04959459239473,37.63408033768889],[127.04956276171728,37.63406666509406],[127.04954670969958,37.634055313111325],[127.04954043250969,37.634049007046464],[127.04953166625688,37.63403753667616],[127.04952530037335,37.63402561480489],[127.04951934209551,37.63400990321701],[127.04951535483903,37.63398866505734],[127.04951600350785,37.63395376961509],[127.04952903197585,37.63388527122527],[127.04953803384797,37.63385406091035],[127.04954956724052,37.63382714002476],[127.04959857183559,37.63373864265196],[127.04962700349544,37.63369250383898],[127.04969898182793,37.63359641946841],[127.04981478230599,37.63345111914024],[127.04984731961873,37.6334052992894],[127.04988786604079,37.63335526303428],[127.04990453482145,37.63333695336303],[127.0499678717779,37.633276467717494],[127.04999997709194,37.63324389249529],[127.0500200046907,37.633223573987934],[127.05004971027581,37.63320087006711],[127.05017412267836,37.63312759412218],[127.05020662784229,37.63311030299387],[127.05031623500926,37.633057080128424],[127.05041372792414,37.633002322552905],[127.05040455100742,37.63299172998096],[127.05038451511123,37.632965952328064],[127.05037756334366,37.63295552188213],[127.05037295582662,37.6329438020254],[127.05037161054256,37.63293127889855],[127.05037374170216,37.63291641172468],[127.05039748530565,37.632829375375906],[127.05041129001953,37.63278782502723],[127.05044930989747,37.632770437772315],[127.05046866293453,37.63275814906042],[127.05048029119682,37.63274828730217],[127.05049348834058,37.632729775408365],[127.0505044966805,37.63269113642869],[127.05051530061863,37.63258486053538],[127.05051967539691,37.63245360305675],[127.05051625150526,37.632433125116115],[127.05051204049535,37.63242137806444],[127.05050228738995,37.632406353796654],[127.05049328581191,37.63239696036753],[127.05047626231223,37.63238609275309],[127.05045675719082,37.63237772192804],[127.05042385423165,37.63236908653045],[127.05039259471044,37.63236488327185],[127.05029892495448,37.63236240048017],[127.05023501543589,37.63235840030097],[127.05013799261634,37.632356369301974],[127.05005361082748,37.632351170401165],[127.04999997700702,37.63235097690493],[127.04986387248711,37.632350475891634],[127.04981305425817,37.63235248493174],[127.04973172348399,37.632508925865906],[127.049730676093,37.632511440057655],[127.04969796986428,37.632577026680835],[127.0495846479867,37.63277831042419],[127.04956848698015,37.63281054547397],[127.04954733991069,37.63286818140248],[127.04953208559614,37.63293857281052],[127.04952633198914,37.632957999576426],[127.04951292485494,37.63298998749254],[127.04949722117766,37.6330166623568],[127.04948191850309,37.63303815728401],[127.04946950777082,37.633052262914084],[127.04943863611216,37.63308151734394],[127.04938552019568,37.63312516080955],[127.04933089718878,37.63316156095634],[127.04931149671152,37.63317793547064],[127.04929477976295,37.633195525191226],[127.04923545515172,37.63326981820926],[127.0491903797803,37.63332970660526],[127.04910936949982,37.633458574088635],[127.0490754667614,37.633501275091426],[127.04901527447991,37.63356786582996],[127.0489545817876,37.63362822913226],[127.04893762257488,37.63364119324144],[127.0488807566636,37.633678923060806],[127.04882822216499,37.63371887198958],[127.04878032523008,37.633757972051],[127.04874408893228,37.633794625605134],[127.04872753850496,37.63380913380414],[127.04857961522028,37.633911695424175],[127.04852270672329,37.63394376689764],[127.04849469170607,37.63395755989046],[127.04845848094118,37.63397283566121],[127.04840962011151,37.63398838060048],[127.04833372201276,37.6340038915491],[127.0483226397377,37.63400736848671],[127.04831697752633,37.6340110873709],[127.04833759875751,37.63403693630848],[127.04837111600649,37.634069655376706],[127.04847305495825,37.63415959496529],[127.04856414488056,37.63423331218144],[127.04864477936677,37.63430904373602],[127.04869411749618,37.63434759006812],[127.04871046933681,37.634365368771974],[127.04872537166779,37.63438585102856],[127.04874149372091,37.63441951780078],[127.04874778350231,37.634439951354786],[127.04875259249059,37.63446550131575],[127.04876144856827,37.63456946236835],[127.04876698260715,37.63469896592668],[127.04877260463002,37.634737715887155],[127.04874679415633,37.63478635273694],[127.04872929943154,37.634824624814286],[127.04871568337245,37.63486040766668],[127.04870158794667,37.634904684304544],[127.04869534105667,37.634932657073655],[127.04869233963615,37.63495655334603],[127.04866493999731,37.6351049398242],[127.04863508739744,37.63523589593989],[127.0485828130079,37.63541447925537],[127.0485005510654,37.63551569555236],[127.04841076989281,37.635563348596854],[127.04825852675401,37.635600257660066],[127.04830838542779,37.635596597275836],[127.04834488895453,37.63559650844336],[127.04838289328536,37.63559937151298],[127.0484177998512,37.63560528297389],[127.04846283946215,37.63561809631504],[127.04847448492401,37.63562140895893],[127.04852782021598,37.63564500095763],[127.04855086678528,37.63565390131981],[127.0486816288468,37.63569114012117],[127.04877700840619,37.63572572108789],[127.04882779464968,37.63574226469551],[127.04885414903836,37.635752190752555],[127.04893516698293,37.63578775600681],[127.04898884449628,37.63581277751802],[127.04900839078033,37.635824054241006],[127.04908261637726,37.6358847678121],[127.04911305099667,37.63591249107713],[127.04913452758689,37.63592848813816],[127.0491788874279,37.635952854821966],[127.04930676724496,37.63603339007394],[127.04935570166543,37.63606056044698],[127.04943921111395,37.6361040124364],[127.04953708262947,37.636148390856896],[127.04957991894591,37.63616429237162],[127.04972330512861,37.63621408894789],[127.04975526784933,37.636227273104474],[127.0497742320477,37.63623689663736],[127.04978685771268,37.636231779120344],[127.04980759628616,37.63621957463178],[127.04985406743636,37.636184914826906],[127.04990571749111,37.63614886619684],[127.04996680046366,37.63609586511666],[127.0499978384606,37.63607151635735],[127.04999997379473,37.63606939813717],[127.05001476036888,37.636054747256225],[127.05002318364136,37.636044238197584],[127.05002081482337,37.63601410124611],[127.0500240325938,37.63597719102193],[127.05002918488834,37.6359597277435],[127.05004780107193,37.63592518688607],[127.0500652523799,37.635873487255786],[127.05007442425932,37.63585585738906],[127.05007366819778,37.63585359893991],[127.05006693418618,37.63581345389473],[127.05005785154506,37.635785085722745],[127.05004946151988,37.63574545494026],[127.05004467573968,37.63573502356087],[127.0500284467857,37.63571050562429],[127.05003331671811,37.635690997228025],[127.05003502289176,37.635684167036096],[127.05003750315805,37.63564904557804],[127.05005132645071,37.63563411939852],[127.05007982992369,37.63559810393143]]]]},"properties":{"toyanghyun":"B₁","name":"갈색건조산림토양"},"id":"LT_C_FSDIFRSTS.1202736"},{"type":"Feature","geometry":{"type":"MultiPolygon","coordinates":[[[[127.05331099558916,37.63448997004009],[127.05333532258915,37.63448936709833],[127.05336006874965,37.63449031545895],[127.05337145967233,37.63447032825151],[127.05340043404563,37.63444611467217],[127.0534263349397,37.63443322786459],[127.05345420936861,37.63442347558657],[127.05349738020065,37.63441631120546],[127.05354632404935,37.63441808196447],[127.0536363221108,37.63443119547398],[127.05373938855922,37.63443644637013],[127.0537875444608,37.63444527210405],[127.05384186191684,37.63446758275892],[127.05385424638449,37.63447441738833],[127.05399553273485,37.634434814870374],[127.05403441173998,37.6344257520785],[127.0540428176505,37.634425156281125],[127.0540899900192,37.63432745432599],[127.0540980167146,37.634297618115994],[127.05410058851841,37.634250816147095],[127.054095011948,37.634164444829125],[127.05409754852266,37.63414250106534],[127.05410400827553,37.6341234873093],[127.05409283624469,37.6341012597135],[127.05405697717173,37.63404221294396],[127.05403357213174,37.63401098199203],[127.0540191243379,37.633997427874576],[127.05400510545249,37.63398634856622],[127.05393520076615,37.63393945361191],[127.05385702699473,37.63389887289328],[127.05378989889546,37.63387031344245],[127.05374851779924,37.633856162500905],[127.0537157942137,37.63384790455406],[127.05362808965256,37.633831329375745],[127.0535201835718,37.63380623456824],[127.0534873075647,37.633801801310746],[127.05343674996558,37.63379880591745],[127.0533960897839,37.63379453293122],[127.05337486060435,37.63379064757612],[127.05333778443004,37.6337808345902],[127.05331433824439,37.63377234889315],[127.05329505152561,37.63376140702802],[127.05327660082591,37.63374559045032],[127.05326083961909,37.633726506582995],[127.05325420286064,37.63371523194237],[127.05324889584632,37.63370194209749],[127.05324554739894,37.63368194803584],[127.05324795892655,37.63365907993368],[127.05325995817451,37.63361375764615],[127.05327187443541,37.63358392784173],[127.05328932673463,37.63355020057501],[127.05331335151394,37.6335123429209],[127.05334891342522,37.63346433674974],[127.0533600460102,37.63344293330741],[127.05336626574397,37.63342713171173],[127.05337658463625,37.63338795669448],[127.05338645193994,37.63333358135194],[127.05338766870658,37.633308268511165],[127.05338504752052,37.6332818708182],[127.05338146546885,37.633261587648285],[127.05337366094264,37.633217387021595],[127.05336698358505,37.63318890628178],[127.05335644190255,37.633119269363355],[127.0533383389015,37.633030189887855],[127.05332635278423,37.63298746786205],[127.05331344074496,37.63295535626053],[127.05328066186023,37.6328864789984],[127.05325967965997,37.63284889574431],[127.05322258539651,37.63279080250865],[127.05317827488336,37.63273471180064],[127.05314793624709,37.63269252960623],[127.05309563419353,37.63261392593121],[127.05305346725712,37.63255454381],[127.05295769477492,37.6323832094326],[127.0529345645111,37.632346670423026],[127.05292447955554,37.63234522526095],[127.05290427903564,37.63244937566143],[127.05290776683287,37.63259102707735],[127.05281942390408,37.63264017038089],[127.05278678111674,37.6326507445421],[127.05275177768469,37.632655382253745],[127.05270880416175,37.632651842565274],[127.05265722532394,37.632638972489715],[127.0526078862528,37.632621281119235],[127.05253197943293,37.632585780061774],[127.05250473964709,37.63257893568498],[127.05247390358677,37.632581120778475],[127.05245440100809,37.63258965277545],[127.05243905904999,37.632602273395385],[127.05242636073677,37.63262056904883],[127.05241488699484,37.63265647842797],[127.05240809713231,37.63273176781136],[127.05240729763604,37.6327709610452],[127.05241056921115,37.63281576561145],[127.0524071725291,37.63286706023632],[127.05240402298993,37.633012174390295],[127.05239096221257,37.63306295073314],[127.05237591062462,37.63318275246909],[127.05236414789894,37.63322676182912],[127.0523572509982,37.633278814830305],[127.05234556712693,37.6333222204924],[127.05233718757857,37.63337640047541],[127.05233625735815,37.63340695331041],[127.0523409213413,37.633498698606246],[127.05233775754832,37.63359140241774],[127.05234098513327,37.63362195340725],[127.05232708004107,37.63366445005491],[127.05232259530129,37.63371523159075],[127.05232257327755,37.63382924231353],[127.05233037997772,37.63389510990476],[127.05231264156548,37.63393192303013],[127.05230457423687,37.63397910220924],[127.05230097778104,37.63434362451805],[127.05230305477872,37.634413612148606],[127.05231325870022,37.6344728654385],[127.05232049333164,37.634546815116224],[127.05233782819093,37.63462900432937],[127.05248788232245,37.63459913667749],[127.05273454815533,37.63456749670247],[127.0529107368126,37.63454289570254],[127.05309796430392,37.63452896885262],[127.05320426699843,37.63450313476182],[127.05323178693486,37.63449823089899],[127.05331099558916,37.63448997004009]]]]},"properties":{"toyanghyun":"B₂","name":"갈색약건산림토양"},"id":"LT_C_FSDIFRSTS.1202740"},{"type":"Feature","geometry":{"type":"MultiPolygon","coordinates":[[[[127.05374387111864,37.625430828333435],[127.05379962835885,37.62536953581967],[127.05383031029442,37.62534631240545],[127.05386446966362,37.62532592550439],[127.05399520375815,37.625273824752675],[127.05406435754877,37.62525388127829],[127.05409094106892,37.62524962544706],[127.0541225901323,37.62524808826684],[127.05418867904416,37.62525381524094],[127.05421399915978,37.6252537765807],[127.05424977905113,37.625246930655784],[127.05427591448742,37.625234034524915],[127.05429204750266,37.625221314178376],[127.05432909942007,37.62517545491274],[127.05434279631355,37.62514634672954],[127.05434745894188,37.62510909778461],[127.0543429211664,37.62508133145882],[127.0543254606428,37.625044353987114],[127.05429915384008,37.62501155215305],[127.05428551830842,37.62500041321904],[127.05426056178904,37.624980035364274],[127.05423006995107,37.62496827348305],[127.05419665037537,37.62496500924515],[127.05413879198822,37.62497100934866],[127.0540954685732,37.624981967199005],[127.05404607428382,37.625000394292655],[127.05390925686856,37.62505143742085],[127.05388020461855,37.62505978481903],[127.05384278334938,37.62506502762442],[127.05377794400108,37.62506703035435],[127.05370001729459,37.62506395743934],[127.05366280136417,37.625058613498226],[127.05358982589921,37.62504107741897],[127.05355189684266,37.62503644554637],[127.05352842627148,37.62503754639004],[127.05349964698222,37.6250443078338],[127.05348372262517,37.6250511535433],[127.05343924781799,37.625077464491085],[127.05341900969475,37.62508417699734],[127.05339624273704,37.6250870974897],[127.05324448668931,37.625076291153],[127.0530949429322,37.62505421227965],[127.053069296679,37.62505430490565],[127.05304402704988,37.62505834367936],[127.05301662150448,37.62506950120378],[127.05298726508556,37.625093138266315],[127.05297132992878,37.62511357980355],[127.05293127619323,37.62517984734293],[127.05289128919487,37.625228491534976],[127.05285755870416,37.6252533558673],[127.05284030263013,37.62526097693499],[127.05281675600372,37.6252667718127],[127.05279082747339,37.62526827004403],[127.0527651112617,37.62526565066479],[127.0527013776196,37.62524562317987],[127.05264094610415,37.625217575404236],[127.05259865238659,37.62519206029675],[127.05259250918343,37.62518711932],[127.05257751387755,37.625175059085365],[127.05256260314277,37.62515439708939],[127.05255841048154,37.625139622772096],[127.05255926311679,37.625124638980445],[127.05256290229636,37.62511270829303],[127.05257555200322,37.625091592534645],[127.05260265319957,37.62506638886271],[127.05264359655949,37.62504371078287],[127.05268847854829,37.625025779131086],[127.05271758529248,37.62501743200188],[127.05278521749473,37.62500819368044],[127.05281742162423,37.625000359604485],[127.05281758470409,37.62500030096734],[127.05284379297369,37.62499085049439],[127.05286448904485,37.62497492979534],[127.05287698764091,37.62494853428861],[127.05289410763675,37.62487687112613],[127.0529113831063,37.62484240964093],[127.05295748104894,37.624785491636466],[127.05302984298423,37.62470534337942],[127.05309108424537,37.624645895751435],[127.0531719233793,37.62453994833401],[127.05319101250267,37.62451064864407],[127.05319875740135,37.62449010264948],[127.05320137203469,37.62447127985262],[127.05320032368923,37.62444670140035],[127.05318280552697,37.624343717473955],[127.05316666537033,37.62428279099609],[127.05312677317568,37.62419316976516],[127.05305139612472,37.62404660407755],[127.05300630119373,37.62395193961367],[127.05298634080287,37.62391866611623],[127.0529598077668,37.62388492705202],[127.05288690038543,37.62381453860146],[127.05284927409107,37.623772605500704],[127.05281613781194,37.623720615362],[127.05279344143815,37.62367863050985],[127.05278409094669,37.62365530813675],[127.05277997603774,37.62363509182662],[127.05277622927105,37.623542760342495],[127.05277152385725,37.62352366151985],[127.05276172732161,37.62350708773744],[127.05274310561207,37.62349238294253],[127.05272183813615,37.62348460791788],[127.05269700528301,37.623480834864566],[127.05261832005428,37.62347595959828],[127.05258193002527,37.62346793901448],[127.05254609987261,37.623450665032195],[127.05247374078486,37.6234049541148],[127.05244885995725,37.62339733381542],[127.05242766450378,37.62339525294437],[127.05240882774001,37.62339679299028],[127.05239001632438,37.6234021712272],[127.05237098170984,37.62341233380191],[127.05235517749257,37.62342538710904],[127.0523447312391,37.62343843803733],[127.05233524113312,37.62345809277635],[127.05233231996506,37.623476194903546],[127.05233602573615,37.62349468151604],[127.0523469341837,37.623510732268045],[127.05236903326748,37.62352523736504],[127.05244324487417,37.62354732363996],[127.05246468412177,37.6235577565504],[127.05247765002679,37.62356781481098],[127.05249392991996,37.62358684542761],[127.05250474992285,37.62360592352083],[127.05252470966832,37.62367090283828],[127.05253651784263,37.623693737604675],[127.05255313684097,37.62371167786733],[127.05260216342857,37.62374440690322],[127.0526132063843,37.62375830421079],[127.05261852006495,37.623775790000884],[127.05261388312074,37.62380237118764],[127.05259730670547,37.623828840568336],[127.05253182085119,37.62389257853641],[127.0524728158548,37.623958475954645],[127.05244852228893,37.62398083123438],[127.05243090120204,37.623990948140154],[127.05240682579391,37.62399814871196],[127.05233178175541,37.62400114626489],[127.05231147141399,37.62400475020902],[127.05229311748457,37.62401337178056],[127.05228583821719,37.62401973597488],[127.05227696716629,37.62403384936262],[127.05227335742485,37.624055456631275],[127.05227849134943,37.6240751499337],[127.05231336254435,37.62412997756036],[127.05239687815498,37.62423751835637],[127.05241816567417,37.624257447744526],[127.0524524013454,37.624279713940034],[127.05248343121637,37.62434861483696],[127.05249053211188,37.624378533456735],[127.05248945243119,37.62442182636217],[127.05247670748996,37.62448459658639],[127.05233818654018,37.62452475202942],[127.0520925892947,37.62457455014037],[127.05202033184264,37.6245945749186],[127.05194293681144,37.624622197234295],[127.05183287756252,37.624673719016286],[127.05169322414578,37.62471697359366],[127.05167007744322,37.62472763339737],[127.05164531616553,37.62474597031201],[127.05163465421879,37.624758796022284],[127.05162416695252,37.62477851420524],[127.05161701976513,37.624812259292774],[127.05162733833383,37.624892568753495],[127.05162968967342,37.625000196918656],[127.05163014595715,37.625021156377386],[127.05163521561579,37.62506272569464],[127.05165073897763,37.62511785929852],[127.05167872423733,37.62517470832758],[127.0517129332576,37.62522198614143],[127.0517365113914,37.625245203247374],[127.05175057626745,37.62525521605372],[127.05178317721756,37.62527042842932],[127.05182992419584,37.62528196756659],[127.05193402561858,37.62529522036055],[127.05205621597963,37.62530591529101],[127.05206664361907,37.625307956831385],[127.0520910994059,37.625312747396634],[127.05212608933867,37.62532609357987],[127.05224949260501,37.62538639611022],[127.0523155793503,37.62540522448297],[127.05236914764416,37.62541600355286],[127.05241617266884,37.625419947015054],[127.05259209876381,37.625424580895974],[127.05271217162468,37.62541996832422],[127.05279531617153,37.62541964283647],[127.05283613456803,37.62542187703319],[127.05287356652154,37.62542816717403],[127.05291679267609,37.62544238338883],[127.05295955904246,37.62546314095851],[127.05302822347511,37.62550316799489],[127.05313181889807,37.62556871323381],[127.05317369138649,37.62559073250944],[127.05322877115802,37.62561114205648],[127.05327355362658,37.62561538351408],[127.05344717441258,37.625595474279955],[127.05351087403784,37.62558315594969],[127.05354840610677,37.62557090352226],[127.053567452691,37.62556109214063],[127.05360578852972,37.62553553175474],[127.05372150177773,37.625451200822226],[127.05374387111864,37.625430828333435]]]]},"properties":{"toyanghyun":"Er₁","name":"약침식토양"},"id":"LT_C_FSDIFRSTS.1202747"},{"type":"Feature","geometry":{"type":"MultiPolygon","coordinates":[[[[127.05690446355557,37.624951821620726],[127.05698940804454,37.62494768113523],[127.05707800406948,37.624948737516696],[127.05711419074179,37.624945532315245],[127.05712824507766,37.62492314229426],[127.057137215233,37.62489453161695],[127.05716416720497,37.62486591222891],[127.0571821293808,37.624837297191384],[127.05720908679476,37.62481582802232],[127.05723603871078,37.62478720861751],[127.05727199909877,37.6247800400359],[127.05730795398915,37.62476571941183],[127.05733491360868,37.62474425291567],[127.05737086846835,37.624729930470394],[127.05740682331701,37.62471561161807],[127.05744278915694,37.62471559411496],[127.0574787439821,37.62470127163675],[127.05751470430529,37.62469410298115],[127.05755066462228,37.62468693521556],[127.05758662493025,37.62467976473604],[127.05762257971189,37.62466544401595],[127.05765853447969,37.624651123284856],[127.05769448923371,37.624636802542796],[127.05773044397388,37.62462248178977],[127.05776639870032,37.62460816102574],[127.0578023534129,37.62459384025077],[127.05782931056048,37.62457237093933],[127.05785626996017,37.62455090432353],[127.05788322707741,37.62452943590064],[127.05790118663109,37.62450082075344],[127.05791015643959,37.624472210015625],[127.0579191262412,37.62444359927698],[127.0579191040459,37.62441499295158],[127.05791008986394,37.62438639103937],[127.05791905965535,37.624357780300336],[127.05791164209441,37.62433424385407],[127.05790797175959,37.624331146260126],[127.0579040172723,37.62432973365117],[127.05789750043924,37.624325394091656],[127.05788977968133,37.624316951126694],[127.05788425627345,37.62430820074774],[127.05787263132267,37.624285770972755],[127.0578660564797,37.624275271391845],[127.05783787979499,37.62423870513416],[127.05780296588306,37.62418814353491],[127.05778145717737,37.62416234619734],[127.05777483654131,37.62415558392767],[127.05776461292456,37.62414783954364],[127.05772870352772,37.62412381337764],[127.05771251745598,37.62411519434457],[127.05765893072557,37.62409206697694],[127.05764357392918,37.62408647304358],[127.0576121320191,37.6240768163034],[127.05758732786525,37.624066768891126],[127.05755899049089,37.624058049450056],[127.05753121291032,37.6240510560204],[127.05751296556947,37.624047287077005],[127.0574896130369,37.62404526492909],[127.05745276055723,37.62404528017511],[127.05742866454867,37.62404718217563],[127.05737327130102,37.62405663344626],[127.0573611058797,37.62405736015033],[127.05735512456604,37.624057004464966],[127.05734951482016,37.624055198009586],[127.05730214962624,37.6240736444032],[127.05729217713218,37.62407716940191],[127.05727907691272,37.62408051481967],[127.05726277823247,37.62408302477126],[127.05725098998663,37.62408370893455],[127.05721556441415,37.62408324408908],[127.05720441358729,37.62408201694515],[127.05718695049363,37.62407871698541],[127.05716997831205,37.62407448606564],[127.0571545720739,37.62406936240778],[127.0571312330516,37.624058347430854],[127.05708541842475,37.6240321670991],[127.05708680491092,37.624027687621776],[127.05708557935493,37.62401449145756],[127.05708081302508,37.62399424227766],[127.05707701178483,37.62397098513591],[127.05706948321603,37.623936683695526],[127.05706829620259,37.623899810473524],[127.05706958473144,37.62387240182407],[127.05707680433724,37.623837449944986],[127.05707928666195,37.623765415729],[127.05708634851914,37.62373158024801],[127.05709132824401,37.62368132168021],[127.05709447571392,37.623649578382135],[127.05710441885974,37.62360774974966],[127.0571186578388,37.62356792193101],[127.05712306480157,37.62354341655235],[127.05712450606755,37.62352320040682],[127.05713265118082,37.62348985723721],[127.05714199984111,37.62345872450642],[127.05715174894378,37.62342835561788],[127.0571598458647,37.62340607208623],[127.05716660276249,37.623383840559406],[127.05717604028624,37.623356364889126],[127.05718276971103,37.62334264409904],[127.05720894790288,37.62330281678829],[127.05722869025925,37.62327699123034],[127.05724231160197,37.62325469149823],[127.05724798065032,37.62324676006106],[127.05725996626306,37.62323330430932],[127.0572887968201,37.623206138166616],[127.05730302369022,37.62319060724981],[127.05732873889635,37.62315724021433],[127.05734453071085,37.62313514574155],[127.05737045582872,37.62310523297949],[127.05737888850565,37.623092520455174],[127.05738771507319,37.62307646237326],[127.05739725402553,37.62305288700806],[127.05740543671558,37.62302886180824],[127.05741540391598,37.62298771337887],[127.05741745999973,37.62297020980118],[127.05741909274279,37.622933964994665],[127.05742190251105,37.622919932553685],[127.05742647471233,37.62287922102369],[127.05738170240988,37.62283921734839],[127.05737114454094,37.62282369847232],[127.05736542143565,37.622805447253675],[127.05736484065149,37.62278669799189],[127.05736867591416,37.62276574817436],[127.05741034311048,37.62263907613358],[127.05741198078077,37.62260335119238],[127.05740333055954,37.62257908280412],[127.05738517152224,37.62256298198437],[127.05736917337843,37.62255815146184],[127.05735917108157,37.62255800315648],[127.05733729284287,37.62256645603994],[127.05729424090872,37.62260105684224],[127.05727868294105,37.622608911994256],[127.0572570414019,37.62261586009916],[127.05721992529759,37.62262126600688],[127.0571173710986,37.62262790190907],[127.05707531829952,37.622636076191625],[127.05701726119918,37.622661025566146],[127.05695746640738,37.622694868494825],[127.0569151593735,37.62272623425443],[127.05686049388572,37.62277236412531],[127.05683993942013,37.62279381752406],[127.05681634730544,37.62282771501535],[127.05679776384872,37.62286411483541],[127.05678960400556,37.62288862561494],[127.0567402660731,37.62292485101544],[127.0566183213272,37.623024648872445],[127.05656459966275,37.623061155608056],[127.05650384674564,37.62308696195839],[127.05640931580581,37.62311392868338],[127.0563616379716,37.62312439210537],[127.05634196181451,37.623128710022584],[127.05632372520799,37.62312978189358],[127.05629815592422,37.623125910840834],[127.0562774374956,37.62311803618508],[127.05625616070792,37.62310576677643],[127.05618269506634,37.62305229214935],[127.05615879647472,37.62304068079093],[127.05613324811011,37.623034449105994],[127.0561122236075,37.623033747325735],[127.05608378424543,37.62303930191727],[127.05605764868557,37.62305059469588],[127.05602265170812,37.623072658473035],[127.0559783007067,37.62306794933849],[127.0559471309411,37.62305780999553],[127.05593126578522,37.623049068930975],[127.05591527299295,37.62303627348241],[127.0558992629619,37.62301557638214],[127.05588616666229,37.62298313803647],[127.05587878050765,37.622952093515416],[127.05587269868414,37.62289299163439],[127.05585098270988,37.62277044963277],[127.05584979450597,37.622741753751725],[127.05587553833577,37.622630947162726],[127.05587842676476,37.622555163756566],[127.05588416814268,37.62253780802288],[127.05589606268636,37.62252357580011],[127.0559238235483,37.62250467795347],[127.05595217687612,37.62249038386429],[127.05596711383038,37.622485041134055],[127.05596750614367,37.622482528995455],[127.0559854670727,37.622453913228135],[127.05599443737066,37.622425302625615],[127.05600790085388,37.62239311567311],[127.05601237413153,37.62236450720332],[127.05601684740438,37.622335896931226],[127.05601682593965,37.62230729059461],[127.05601680447498,37.62227868425787],[127.05601678301034,37.622250077921],[127.05600777095226,37.62222147585162],[127.05599426572194,37.62219645193229],[127.05597177259432,37.6221750082936],[127.05594478403427,37.62215714189964],[127.05591330457274,37.622142853646224],[127.055881826256,37.62212856538382],[127.0558458551786,37.62212143037579],[127.0558368451343,37.622119644377776],[127.055832238228,37.62212262161782],[127.05577121942765,37.62215574373779],[127.0557184868329,37.622181590946006],[127.0556780574563,37.62219445810857],[127.05561587365575,37.62219965910056],[127.0555532983777,37.622196345913885],[127.05549496647289,37.62218403343908],[127.05548148970436,37.622215357194655],[127.05545749810967,37.622265598515405],[127.05543432110653,37.622325234042776],[127.05543012545546,37.62233902111945],[127.05542859415397,37.622346881150975],[127.05542147251849,37.62241241690587],[127.05541427844611,37.6224475281551],[127.05541309975185,37.622477192813875],[127.05541320200587,37.62254780494047],[127.05541413088211,37.62256767217448],[127.05541547808335,37.62257731480851],[127.0554205567391,37.62259787295267],[127.05542807613021,37.62264085011695],[127.05543097642108,37.62265213181794],[127.05543671162184,37.62266596828785],[127.05544332843051,37.62267871685162],[127.05545265895435,37.6226940292504],[127.05548403797972,37.62274216325828],[127.05548969438532,37.62275359863145],[127.05550630686045,37.62279256302102],[127.05551720806653,37.622813330153235],[127.05554019487485,37.62284812447253],[127.05556244358635,37.62288502924674],[127.05562068413535,37.622973142684415],[127.05562726754235,37.622986592220975],[127.05563914390027,37.623019231189794],[127.05565113453328,37.623066872441015],[127.05565259802303,37.62307594469176],[127.05565365413109,37.62309468472713],[127.0556535969064,37.623113650534286],[127.05565242939714,37.62313237359851],[127.05565095224526,37.6231414445331],[127.05564659587493,37.62315845632445],[127.05564430292522,37.62317788359017],[127.05564403021683,37.62327856903426],[127.0556447523292,37.623288416483334],[127.05564744270211,37.62330218049634],[127.05565086433936,37.62331223389929],[127.0556550375179,37.62332450337603],[127.05566069980601,37.623337656919574],[127.0556701475735,37.62335356209368],[127.0556786290863,37.623364894312154],[127.05569105204847,37.62338002233066],[127.05570797742297,37.623397751174146],[127.05571917286368,37.6234073206785],[127.05575469487096,37.62343117825675],[127.05579398229423,37.62345515207318],[127.0558441888989,37.623479718964774],[127.05587590189165,37.62349805435677],[127.05592152853232,37.62351774814262],[127.05597934493865,37.62354809390505],[127.05599797576568,37.62355898430614],[127.05605750993631,37.62358839218827],[127.05610089232147,37.623615157917335],[127.05611438842648,37.62362614534466],[127.05613128086125,37.62364053418312],[127.05614317045097,37.62365418659015],[127.05615991002497,37.623676171719346],[127.05617924975056,37.623695731952914],[127.05620521837572,37.62371821272906],[127.05621851597677,37.62372729284915],[127.05623328179233,37.623735060430874],[127.05624944809568,37.62374183355438],[127.05626101660675,37.62374574733298],[127.05629277332955,37.623752687807595],[127.05635753849418,37.623769559410455],[127.05640152683634,37.62377795361223],[127.05645896856245,37.62379165177916],[127.05647400384753,37.62379620357887],[127.0564864260052,37.623800978270395],[127.05649830601087,37.623806337960815],[127.0565085426028,37.62381200477267],[127.05651527855204,37.623817159697666],[127.05651901626138,37.623821081706126],[127.05655763136117,37.62386461241378],[127.05656763536635,37.62387725026882],[127.05657648864192,37.62389010130765],[127.05658410789916,37.623903873746336],[127.05658717238265,37.623913287591506],[127.05658874354026,37.6239222597681],[127.0565905438171,37.62397197176618],[127.0565920402707,37.62398849064595],[127.05659455155407,37.62399885529744],[127.05659632438132,37.62400189527841],[127.05657762496435,37.624035281310675],[127.05655313324272,37.624068113306],[127.05654728559169,37.624073729257674],[127.05654258693967,37.624076839914515],[127.056522954969,37.62408597451677],[127.05649900921212,37.62409337407833],[127.056468247887,37.624099718237034],[127.05645382478505,37.624104876081155],[127.05644775944431,37.62410874692012],[127.0564439602183,37.6241073765343],[127.05643097715526,37.6241054212952],[127.05638400685667,37.6241026281642],[127.05637196334249,37.62410130496255],[127.05631868293156,37.624093253055705],[127.05630793212248,37.624090703888164],[127.05628091499673,37.62408104918659],[127.05627166169582,37.62407847227187],[127.05615437000263,37.62405158863584],[127.05611313955633,37.624039818834426],[127.05608272568458,37.624032197428384],[127.05607263460467,37.6240287244141],[127.0560213496467,37.624007829656314],[127.055987704718,37.62399059442594],[127.0559731552409,37.62398434307243],[127.05593616831732,37.62397118818088],[127.05588615332809,37.62395187940029],[127.05584202807326,37.62393769172466],[127.05582541502868,37.62393338115456],[127.05578681936224,37.623925941938055],[127.05573365053493,37.6239199214398],[127.0557116461126,37.623916415278494],[127.05568505130715,37.62391085612794],[127.05564468318828,37.623900790423065],[127.0556183843574,37.62389108747839],[127.05558629785808,37.62387634713278],[127.05556808511571,37.623865606935254],[127.05554132509552,37.62384501215785],[127.05550584389117,37.62382440616024],[127.05549656472202,37.6238174287759],[127.05545757879118,37.62378314652711],[127.05542961199286,37.623763484812855],[127.05538033704069,37.62371831173414],[127.0553673665105,37.62370868897183],[127.05533686185987,37.6236883454779],[127.05528850037832,37.62364212228186],[127.05525107545508,37.62360919341595],[127.05522294047653,37.623588652367424],[127.05519299747928,37.6235617926342],[127.05516657840107,37.623542415745774],[127.05515908931623,37.62353577536781],[127.05511383392306,37.62349240407316],[127.05509989681941,37.62347763619504],[127.0550681870184,37.62344646603116],[127.05502787947339,37.62339518442954],[127.05499597367125,37.62335926793694],[127.05498422277337,37.62334440081827],[127.05495692280955,37.623313083509906],[127.05491993055716,37.623261194862714],[127.05489904586453,37.623228870854796],[127.05488291979754,37.62319484807096],[127.05486406841695,37.623160948185145],[127.05485415124993,37.623138014563146],[127.0548422507541,37.623098290163874],[127.05481802986566,37.6230701807073],[127.05481800269429,37.623033178076874],[127.05481800087158,37.623030695858],[127.05479070018308,37.622998139652374],[127.0547397069657,37.62295655572985],[127.0547072265319,37.622935208386195],[127.05467447809588,37.62291910490326],[127.05462016918183,37.62289731715396],[127.05456207997467,37.62287973873792],[127.05447625879351,37.62285919083162],[127.05443455006736,37.6228426949838],[127.05439415853458,37.622815017262475],[127.05434305028979,37.622754990011366],[127.05432367072562,37.62274195263948],[127.05431400649194,37.622739407294304],[127.05429887300461,37.62273953138744],[127.05428887287106,37.62274238310836],[127.05427342958797,37.62275265245711],[127.0542610068755,37.62277317364966],[127.05425027002619,37.62282221031169],[127.05423304345516,37.622872592426184],[127.0541834879904,37.62296975963323],[127.0541593205486,37.62302428946376],[127.05415395510417,37.62304517680953],[127.05415308534414,37.62306418803851],[127.05415680319337,37.623083116073154],[127.05416334970347,37.62309758292269],[127.05417422434587,37.62311341728534],[127.05420007181026,37.62314175047263],[127.05432337739572,37.62325728141535],[127.05437262180304,37.62330847084459],[127.05443238103416,37.62336339449955],[127.05460608433935,37.62351033732418],[127.05466625604063,37.62357118916304],[127.05479746131691,37.62373692795214],[127.05487108185353,37.62387827663279],[127.05489639357167,37.62391674601726],[127.05492080126609,37.62394276417571],[127.05504003716375,37.624050872113955],[127.05509553688674,37.624088597570086],[127.05519831910117,37.62414225737137],[127.0552622742905,37.62418649292892],[127.05532400408815,37.624223674766554],[127.05541384362733,37.62428353923686],[127.05547358488808,37.62431219859242],[127.05558896166283,37.62434728278768],[127.0556147533491,37.624360271876675],[127.055631708704,37.62437235512949],[127.05564646770539,37.62438608822181],[127.05566059576282,37.62440438961388],[127.05569581543122,37.624467261886345],[127.05574006361249,37.62451522755864],[127.0557553607684,37.62453659174236],[127.05577345499927,37.62457191088994],[127.05580211477351,37.62464824697425],[127.05581239239078,37.624667793530115],[127.05582392232785,37.62468055506092],[127.05584769856631,37.62469454514719],[127.05586946386167,37.624700616505635],[127.05589046721477,37.624702705858695],[127.05595525184565,37.62470376534946],[127.05603886814147,37.62471123989958],[127.05609737535303,37.624709887648365],[127.05613120768506,37.624704717914035],[127.05624379791954,37.62467858973958],[127.05633152161853,37.624664961010346],[127.056376662862,37.62464980287094],[127.05641794607004,37.62464095346752],[127.0564632884547,37.62463716565401],[127.05656846503045,37.624634268160285],[127.05661291140753,37.6246290319318],[127.05667065544102,37.62462222698952],[127.05670534134451,37.62462240854303],[127.0567279083474,37.624625037587776],[127.05674928867842,37.62463128015657],[127.0567705263081,37.62464351435331],[127.0567865911499,37.62466103081919],[127.05679371715799,37.62467698386826],[127.05680913948575,37.62475819140624],[127.05680949560302,37.62488377980084],[127.05681981602463,37.62491452551467],[127.05683762769704,37.624935023398216],[127.05686524305338,37.624947308564245],[127.05690446355557,37.624951821620726]]]]},"properties":{"toyanghyun":"Er₁","name":"약침식토양"},"id":"LT_C_FSDIFRSTS.1202748"},{"type":"Feature","geometry":{"type":"MultiPolygon","coordinates":[[[[127.05827200863749,37.62583562773116],[127.05824631781893,37.62582249501888],[127.0582245549825,37.625805720376306],[127.05821164926398,37.625787175426446],[127.05820687791504,37.625769743686355],[127.05820722188815,37.6257605174122],[127.05821493353959,37.625742520902094],[127.05822860893205,37.625731224790194],[127.05824823479806,37.62572414235753],[127.05826858960341,37.62572212310727],[127.0582998105896,37.62572494579408],[127.05832837536676,37.625732373828065],[127.0583715462982,37.62574684935694],[127.05839600079086,37.62575797345352],[127.0584231562025,37.62577529499663],[127.05844574812699,37.62579476314241],[127.05845652014655,37.62580952497932],[127.05846099799199,37.62582674061777],[127.05845892044499,37.62583542896133],[127.05854749413747,37.625800866441615],[127.05860827438646,37.62577477612706],[127.05864174621831,37.6257530087756],[127.058677697565,37.62573391881525],[127.05871964514277,37.625719593882074],[127.05875559872112,37.62570050659976],[127.05879155001479,37.625681418406565],[127.05882750128862,37.6256623284004],[127.05885745402662,37.62563847425443],[127.0588874067469,37.62561462190274],[127.05889971096433,37.62560286148797],[127.05888067373924,37.62559206815752],[127.05870135090832,37.625460883727015],[127.05864654465684,37.625429917033046],[127.05863744067342,37.62540575709112],[127.05862168430323,37.62537790640755],[127.05857885983984,37.6253283643899],[127.05850423364568,37.62526172838812],[127.05845017298587,37.625224958876856],[127.05843597718747,37.625193548496505],[127.05842449426302,37.62515468560975],[127.05842210046701,37.62512112503445],[127.05842534858493,37.62508836354379],[127.05845406927304,37.62507964578639],[127.05847958158175,37.62506763200015],[127.05854271590863,37.62501790225793],[127.05856662890974,37.625003285394115],[127.0585724176369,37.6250006336194],[127.05866928138191,37.62495627496288],[127.05874227788674,37.62492716379899],[127.05878743516698,37.624904021986254],[127.0588282945919,37.624875079943315],[127.05892875068224,37.62478986853552],[127.05898039117262,37.62475723601828],[127.05904176770642,37.624731536206426],[127.05914123974824,37.624705925393435],[127.05918129273208,37.62468884962938],[127.05920266667108,37.62467246797498],[127.05921677974057,37.624656428731825],[127.05919734553697,37.62464760881129],[127.05916265368768,37.62463994709881],[127.05913908654848,37.62463042106502],[127.05907153299648,37.624605923731345],[127.05905265813217,37.62459817568132],[127.05900627415322,37.624573819079615],[127.05899645568681,37.62456725489324],[127.05896217890385,37.6245400351905],[127.0589496851236,37.624532421786185],[127.0589260999239,37.62452289932265],[127.05888836312339,37.62451220722879],[127.05884221201869,37.62450435292307],[127.0588310906952,37.62450330431369],[127.05879864700088,37.62450217713245],[127.05876990081114,37.62449687472919],[127.05875872605057,37.62449557386324],[127.05869323334556,37.62449134208676],[127.05866209324495,37.624491347661134],[127.05859142239555,37.62449549577905],[127.05858095669768,37.62449700472249],[127.05856624382622,37.624500913299414],[127.05855028144417,37.62450764258365],[127.05853639923767,37.62451487538652],[127.05852944797194,37.62451997932185],[127.05851126846322,37.624536481805],[127.0585044191178,37.62454155235178],[127.05849705955173,37.62454602489575],[127.05847903182796,37.624553858903205],[127.0584718422284,37.624558398034395],[127.0584653668199,37.624563626967294],[127.05845360799523,37.62457737374487],[127.05842701605087,37.62461366064924],[127.05841411942247,37.62463548443304],[127.05840828883547,37.62464830926437],[127.0584037827444,37.62466148662671],[127.05840175471155,37.62467117053704],[127.05840136355566,37.62467796777605],[127.05840299544313,37.62468752553869],[127.058411243672,37.6247141465206],[127.05844018931778,37.624777362549445],[127.05844440932539,37.62479377373795],[127.05844514226808,37.62480972895213],[127.05844338514088,37.624825416004505],[127.05844072006369,37.62483601022753],[127.05842214580757,37.6248895803937],[127.05841750232096,37.624899458410034],[127.05840938676769,37.62491358089219],[127.0583909009922,37.624938398715365],[127.05837205041719,37.624957383726915],[127.05834057968968,37.62498391533496],[127.05832646648005,37.62499429627495],[127.05831554456122,37.6250006257001],[127.05823598636627,37.62504671713398],[127.05821595557043,37.62505725775278],[127.05817921264358,37.62507348102464],[127.05815696566921,37.625084924613915],[127.05813815316797,37.625093286032715],[127.0580791967435,37.625114551326654],[127.0580437037617,37.62512563741484],[127.05800889559906,37.62513898553367],[127.05799916044711,37.62514195096202],[127.05799011740699,37.62514343032208],[127.0579847684612,37.62514937315708],[127.05797609831137,37.625161324503075],[127.05795767106187,37.625191754475765],[127.05794515739892,37.62520815227533],[127.05793597858936,37.62521861363581],[127.05789895000775,37.625253756783025],[127.0578630190813,37.62529476480449],[127.05784903012915,37.62530631780983],[127.05782581469413,37.62532093959161],[127.05781889054269,37.62532610924316],[127.0578051369588,37.62533881539104],[127.0577935395919,37.625356579522276],[127.0577884988093,37.62536261860283],[127.05775850941379,37.625392100060296],[127.05774595948444,37.625405647133675],[127.05773403526092,37.62542118688236],[127.05772394594717,37.62543645363417],[127.05771446506066,37.625451876859195],[127.05770641954317,37.625467458856136],[127.05770540574446,37.62547045693505],[127.0577007379827,37.6254842713455],[127.0576997930032,37.6254927681132],[127.0577003275963,37.625501449760655],[127.0577077437147,37.6255347781408],[127.05771107312081,37.625545191018894],[127.057718021278,37.62555784648496],[127.05772962986597,37.62557356933259],[127.05774983943543,37.625594704702465],[127.057795766892,37.62563485721674],[127.0578261874845,37.62566909512712],[127.05788134061616,37.62571958010726],[127.05789324970142,37.62572831744051],[127.05792836444367,37.62575055458001],[127.05797762258838,37.62577620851017],[127.05802556755376,37.625802935239655],[127.05804647225534,37.62581170597474],[127.05806912743378,37.62581940186847],[127.05808279549508,37.625823386512614],[127.05809613400541,37.62582603425309],[127.05810170333388,37.62582520260307],[127.05811780490583,37.62582660381682],[127.05818317056058,37.62583932056625],[127.058284740299,37.62585464758026],[127.05830825623389,37.62585627485706],[127.05833314886553,37.62585544265576],[127.05830712444875,37.625848872909195],[127.05827200863749,37.62583562773116]]]]},"properties":{"toyanghyun":"B₂","name":"갈색약건산림토양"},"id":"LT_C_FSDIFRSTS.1202749"},{"type":"Feature","geometry":{"type":"MultiPolygon","coordinates":[[[[127.0545613625571,37.625906021921246],[127.0546208374549,37.62589443925003],[127.05465236040594,37.62589048914363],[127.05467365783757,37.62588691407279],[127.05472848231145,37.625882721593406],[127.05480360942208,37.625871622607065],[127.05482626077332,37.62586991102148],[127.05487335017544,37.62586840520714],[127.05491568631352,37.62586377606321],[127.0549929512958,37.6258485052936],[127.05503555841764,37.625841160406225],[127.05508581190166,37.62582917275322],[127.05512106631241,37.625822249325154],[127.05522709184805,37.62580544139478],[127.05524397202748,37.625801304270624],[127.05529147427265,37.62578678514419],[127.05531082825581,37.6257792915765],[127.05535944941724,37.625755254774845],[127.05537490790326,37.625746519662414],[127.05537841970067,37.625745157524264],[127.0553918400998,37.62573618190162],[127.05540428159789,37.62572546422865],[127.05541927659431,37.62571040530174],[127.05545242153379,37.625674354763454],[127.0554702353467,37.6256522623033],[127.05548087771976,37.625633630298864],[127.05549252490331,37.62560588974531],[127.0554950400143,37.625597155297406],[127.05549674326828,37.625581284514794],[127.0554949269292,37.625565418991414],[127.05549219720362,37.62555669601994],[127.05548495169685,37.62554125921624],[127.05547333578586,37.62552266110207],[127.05547207801881,37.62552064618587],[127.05546247346184,37.625507479174466],[127.05545094059269,37.625493909426375],[127.05544409349386,37.62548715163878],[127.05543024207952,37.62547700762893],[127.05541087220054,37.625467543751085],[127.05538293310008,37.625455512476],[127.05536342091554,37.625448135342616],[127.05534731588791,37.62544342172693],[127.05533059748934,37.6254395192848],[127.05531329737822,37.625436347813284],[127.05530176462756,37.625435118866946],[127.05527739309822,37.62543430137877],[127.055227482235,37.62543433826445],[127.0552031051293,37.62543516956942],[127.055191548129,37.625436378694005],[127.05517282562427,37.625439863456904],[127.05515595249459,37.62543810541102],[127.05511365570902,37.625438918943814],[127.05509292720537,37.62544111712079],[127.0550731584842,37.62544526728462],[127.0550585990394,37.6254503556448],[127.05495718615994,37.625489498541654],[127.05493534455951,37.62549385957772],[127.05491239238933,37.62549609840162],[127.05487108390957,37.62550689882641],[127.05482913344474,37.62552122149251],[127.05478717946555,37.62553077792505],[127.0547452219774,37.6255355645201],[127.05470327373783,37.625549887140345],[127.05466344540126,37.625563288856085],[127.05470593474351,37.62557780388396],[127.05473621874083,37.62558375437242],[127.0548418038882,37.62559540916514],[127.05492247064556,37.62559587619844],[127.05498844498295,37.62559626893561],[127.05502335059153,37.625601910861],[127.0550382186727,37.62560976954168],[127.05504516784126,37.62561672191823],[127.05505149063896,37.62563451345777],[127.05504653084512,37.62565239134969],[127.05504057770287,37.62565967410002],[127.05502713831984,37.625669059640664],[127.05500495308316,37.62567755728012],[127.05498361480454,37.62568247760316],[127.05491005798086,37.62569205330599],[127.05476694419316,37.62569731851123],[127.0546800194259,37.62570568394232],[127.05457401445476,37.62570876033326],[127.0545245962392,37.62571663978382],[127.05447204869773,37.62573621546681],[127.05443771674061,37.62575608004964],[127.05440757881222,37.62577963673444],[127.05436291148797,37.62582484180854],[127.0543411514503,37.625841835432325],[127.0543109378779,37.6258549316706],[127.05427726253342,37.625858785369346],[127.05425498993486,37.625856380967875],[127.05423445815065,37.62584888518686],[127.05422039247641,37.62583838614527],[127.0542111619288,37.625825226969695],[127.05420608576696,37.62580794837541],[127.05420550645205,37.625790163162605],[127.05421981200297,37.62572543870951],[127.0542215828766,37.625699354328255],[127.05421440585053,37.6256749228642],[127.0542039758878,37.62566359324197],[127.05419552156688,37.62565856060911],[127.05418543721683,37.625655177530035],[127.05416535155484,37.62565356497563],[127.0540969138835,37.625661741292085],[127.05405404814205,37.62566077886095],[127.05400124066945,37.625650000208374],[127.05389527559416,37.62561412631188],[127.05384281768693,37.62560104991226],[127.05379580395075,37.62559731424062],[127.0537496009011,37.62560246191087],[127.05372447018453,37.62561084352308],[127.05370085092311,37.62562595481349],[127.05368526635428,37.62564547727921],[127.05368085392736,37.625668850884225],[127.0536882289402,37.62568529954775],[127.05370591027989,37.625698779273755],[127.05372411850945,37.62570457333987],[127.0537711914937,37.62571184088123],[127.05379299493988,37.625723516742035],[127.0537987208672,37.62573086618373],[127.05380376256244,37.62574761322929],[127.05379805111725,37.6257760780059],[127.05378213182486,37.625802709422175],[127.05373844905316,37.62584709391312],[127.05371894957707,37.625873033191205],[127.05368228988027,37.625948624644565],[127.05371447995697,37.62594129398293],[127.05375643430655,37.625931740635146],[127.05379838751065,37.62592218456997],[127.053840338399,37.625907862270985],[127.05388465038251,37.625901877511325],[127.05393745605694,37.62590994424624],[127.05403393565115,37.62592882262887],[127.05406245794566,37.62593594267642],[127.05410460665409,37.62594766862096],[127.05414314558834,37.62595533185559],[127.05415759791173,37.62595694880133],[127.05420450053067,37.62595864634756],[127.05423108868735,37.62596043790614],[127.05424154892032,37.62596035831627],[127.05425180021756,37.62595959046766],[127.05427808197435,37.62595595911727],[127.05441448190551,37.62592856486172],[127.05443990942427,37.62592481403797],[127.05447820767219,37.62592085184215],[127.0545613625571,37.625906021921246]]]]},"properties":{"toyanghyun":"B₂","name":"갈색약건산림토양"},"id":"LT_C_FSDIFRSTS.1202751"},{"type":"Feature","geometry":{"type":"MultiPolygon","coordinates":[[[[127.0597405772066,37.62592922756077],[127.05974790953604,37.62592461620208],[127.05979280498218,37.62591929926255],[127.05980022053498,37.62591676733584],[127.0597844658349,37.62590723657263],[127.05975485935573,37.625899250807194],[127.05973518210301,37.62589862106976],[127.05970380643983,37.6259022679259],[127.05962369924104,37.62592204905065],[127.05956315406,37.625925854763025],[127.05953778861175,37.62592330876212],[127.05951515006106,37.62591680604863],[127.05949038759807,37.625903303734674],[127.05947559416572,37.62589027391404],[127.05945213870238,37.62585367864295],[127.05950187461617,37.62580435157829],[127.05954636012382,37.62577655171567],[127.05963525625174,37.625740773686395],[127.05972841006026,37.62571721081541],[127.05976524580036,37.62571365128592],[127.05981399867753,37.625711639005765],[127.05980462420514,37.62570951382471],[127.05976265167256,37.62569523192535],[127.0597206879175,37.62569048514956],[127.0596787230357,37.625685739260405],[127.05963676577645,37.62569052759448],[127.05958945085216,37.625693070657434],[127.05958724650009,37.62569458002249],[127.05956880114326,37.62570450019021],[127.05955212856148,37.62571719900454],[127.0595394635355,37.62572528814809],[127.05952286257607,37.62573263776367],[127.05950345529097,37.62573950946717],[127.05945015865407,37.62575564597489],[127.05940911151845,37.625766806448766],[127.05937719329789,37.6257775911084],[127.05932303262048,37.625794155061115],[127.05928412121058,37.62580444226253],[127.05926248682923,37.625811349282735],[127.0592490979423,37.62581664119468],[127.05923112386057,37.625826694418855],[127.05920293963389,37.62584504544553],[127.05917085625065,37.625870485582496],[127.05915098617004,37.62588381753491],[127.05911796209062,37.62590870582403],[127.05908353106616,37.62593075219517],[127.05906712952974,37.6259425741447],[127.05904166956171,37.62596373214443],[127.0590264276382,37.62597509580675],[127.05898209768824,37.62599945002153],[127.05896516501508,37.62600719615832],[127.0589351473183,37.626019223109935],[127.05889939368777,37.626030560959386],[127.05887456009309,37.626037370396574],[127.05883393847711,37.6260526227393],[127.05879221387448,37.626071234496045],[127.05874480208297,37.62609065815556],[127.05872445626481,37.62609989258497],[127.05869902821442,37.6261128524163],[127.05865748690866,37.626135597761056],[127.05863533918784,37.626143914965326],[127.05858491241275,37.626159810893654],[127.05853470801672,37.62617184596207],[127.05850057050644,37.626178517579575],[127.05847065505523,37.626185317738184],[127.05834474768513,37.62622076090843],[127.0583337959789,37.62622254126692],[127.0583210967676,37.626240800633745],[127.05831093459408,37.62625994441536],[127.05830572611578,37.626271757122645],[127.05829754885261,37.62629846190341],[127.05829362893856,37.626316803423926],[127.0582930016976,37.62633608845266],[127.0582936582545,37.62634563858708],[127.05829529667184,37.62635482513877],[127.05829976621636,37.6263686701947],[127.05831091814468,37.626392598494114],[127.05831848743456,37.626405475258686],[127.05833269374979,37.6264225689634],[127.05834850678023,37.62643870682598],[127.05835547816265,37.62644460033613],[127.05836274665414,37.62644944404949],[127.05836949950064,37.62645111203948],[127.05839816927373,37.62646351344997],[127.05841947603611,37.62647188117788],[127.05843852299992,37.62647754886318],[127.05846683678172,37.626483768763784],[127.0585115804087,37.62649088330019],[127.05852701510928,37.62649254247078],[127.05853962711265,37.62649309392518],[127.05866851834728,37.62649327317625],[127.05870671594457,37.62649232255773],[127.05875167253386,37.62648644106566],[127.05878588471896,37.62648381927362],[127.05884761415945,37.626477115796575],[127.05885781168638,37.62647564840903],[127.05888898923232,37.62646892951248],[127.05889983231623,37.62646728160178],[127.05895230057102,37.62646288201044],[127.0589695996807,37.626462855346574],[127.05897036639148,37.62645973304464],[127.05897255098911,37.626457550664135],[127.0589819568744,37.62645203192452],[127.05899274130745,37.626447845955205],[127.05902927336294,37.62643650768879],[127.05907780753365,37.62641803569702],[127.0590898859251,37.62641279942146],[127.0591218062759,37.626395727754584],[127.0591632343397,37.626377315149035],[127.05918984384549,37.626358549568494],[127.05922198145949,37.62633981094007],[127.0592557095723,37.62632113997909],[127.05929693900252,37.626300901126136],[127.05935797361055,37.62626684918141],[127.05936784678688,37.6262606949802],[127.05938186851972,37.6262477002015],[127.05939871133599,37.62622666900174],[127.05942823283368,37.626203210463395],[127.05945298901223,37.62617599990711],[127.05951790979942,37.62609468916819],[127.05954232773894,37.62605963207003],[127.05954898234538,37.626051764899806],[127.0595584004148,37.62604317734698],[127.05957484327887,37.62603211033539],[127.05962766792148,37.62600064282051],[127.05966529893757,37.62598137421693],[127.05968084834234,37.6259721627739],[127.0597060667108,37.62595508532749],[127.0597405772066,37.62592922756077]]]]},"properties":{"toyanghyun":"B₂","name":"갈색약건산림토양"},"id":"LT_C_FSDIFRSTS.1202752"},{"type":"Feature","geometry":{"type":"MultiPolygon","coordinates":[[[[127.05893875351674,37.62784756725252],[127.05902015114711,37.62783801214916],[127.05906509274777,37.627840827768395],[127.05910838840443,37.62785372623332],[127.05911024920549,37.627854601960955],[127.05911096876149,37.62785057419109],[127.05912403607807,37.627817831202655],[127.059121663232,37.62781122635898],[127.05911601928604,37.62777523117413],[127.05911243949781,37.62776086673854],[127.05911110655704,37.62775135749427],[127.05911192245964,37.627737389092474],[127.05911749759994,37.62771083332736],[127.05912134239864,37.627683634223544],[127.0591244043631,37.627673536234944],[127.0591316040241,37.62765277029494],[127.05915050638848,37.62760846562264],[127.05916990707142,37.62756974771432],[127.05917564996953,37.62755479026067],[127.05918374104088,37.62751961439304],[127.05918844019617,37.627502718539205],[127.05919057873396,37.627485278872825],[127.05919097570862,37.62746732111177],[127.05918970836068,37.62744053541881],[127.05918238699596,37.62740777291492],[127.05917361950584,37.627332752164975],[127.05915938851422,37.627284986292366],[127.05914024033873,37.62720909768653],[127.05913505561426,37.62717645754261],[127.05913068079633,37.62715946622778],[127.05912935676305,37.62715118051801],[127.059127565877,37.627116988074825],[127.0591255103998,37.62710057132781],[127.05911623593232,37.62706185337437],[127.05911128019117,37.62704511642775],[127.05910351849776,37.627009825969004],[127.05908912803838,37.626962252976256],[127.05906987435466,37.62692032619602],[127.05905855896279,37.626902104901475],[127.05903807280808,37.62687306734568],[127.05903005250079,37.62686307401108],[127.0590235911639,37.6268576497001],[127.05899472033347,37.62683914345782],[127.05894951410569,37.62680744501588],[127.05894293738173,37.62680364433593],[127.05892446577047,37.62679511220871],[127.05890724177311,37.62678849855719],[127.05889569422403,37.62678321102523],[127.05889155717496,37.62678032452702],[127.05888862074447,37.626777229301595],[127.05888805278308,37.62677525912734],[127.05887086291969,37.62677457034139],[127.05884110981245,37.62677201737034],[127.05882832807065,37.62677176155644],[127.058815901432,37.6267721813041],[127.05880407926499,37.62677346659735],[127.05879118657076,37.62677616787276],[127.05873510953967,37.626791406255634],[127.0587205792402,37.62679611934057],[127.05867517498551,37.62681495182459],[127.05862093228345,37.62683496897486],[127.05858211780112,37.62685265749991],[127.05856554779737,37.626860917861606],[127.05855136677177,37.6268690175609],[127.05854335863937,37.62687446349344],[127.05852730641207,37.62688861604515],[127.05850100856084,37.626915228012386],[127.0584883744633,37.62693138716307],[127.05848174592533,37.626943851994],[127.05847578411083,37.62695856625759],[127.05847171143114,37.62697565999125],[127.05847058475517,37.62700229911868],[127.05847185983491,37.62702917131233],[127.0584732713002,37.62703781467802],[127.05847774678637,37.62705481137366],[127.05848162647285,37.627076223198515],[127.05848636235658,37.62709157636517],[127.05850352128955,37.627124979143325],[127.05850804696883,37.62713228930623],[127.05852685268403,37.627158013056835],[127.05853702572605,37.62717719902395],[127.0585507990995,37.627199557379235],[127.05857353231164,37.627244016089186],[127.05857940514716,37.62726459440914],[127.05858038143089,37.627271545936544],[127.05858024078411,37.62728575456397],[127.05857486798996,37.62731052354894],[127.05857256457948,37.627328802105026],[127.05857194816117,37.62742531608664],[127.05857296449268,37.6274443227935],[127.05857443983996,37.627453506717565],[127.05858389300701,37.62748782510529],[127.05859788164992,37.627520234752346],[127.05860775750584,37.62754028580678],[127.05862245367997,37.62756484029897],[127.05866613233847,37.62763294398026],[127.05869719426651,37.627660072551926],[127.05870920922527,37.62769344001424],[127.05871034521887,37.627696024379176],[127.05872087326603,37.62767096540956],[127.05873528332816,37.627642802410136],[127.05875204090431,37.627617908820895],[127.0587620946074,37.62761054275499],[127.05876864052006,37.62760822395964],[127.05877901666203,37.62760752503164],[127.05879066489749,37.62761105109552],[127.05879999447413,37.62761919136448],[127.05880448747271,37.62762808186194],[127.05881758173585,37.62766966487112],[127.05882439401967,37.6277034754973],[127.0588363592433,37.6277354635609],[127.058840282132,37.62775402192581],[127.05884068549028,37.62776273426371],[127.05883877802017,37.627771627951205],[127.05883499984085,37.62777856743087],[127.05883151342672,37.627781992917754],[127.05885316854469,37.62780779357848],[127.05887117853214,37.627841158033085],[127.05887719979432,37.62787453026948],[127.05888183407052,37.62790020787241],[127.05889307964738,37.6278929817548],[127.0589165585583,37.627872706848734],[127.05893875351674,37.62784756725252]]]]},"properties":{"toyanghyun":"B₂","name":"갈색약건산림토양"},"id":"LT_C_FSDIFRSTS.1202754"},{"type":"Feature","geometry":{"type":"MultiPolygon","coordinates":[[[[127.05668941477323,37.62744643025835],[127.05671791901655,37.62736906686768],[127.05672029335659,37.62735855661953],[127.05672406625911,37.62733400832884],[127.05672847816675,37.627317038829446],[127.0567297114341,37.62730909153528],[127.05673022356743,37.627292824878154],[127.05672839545483,37.6272767737809],[127.05672255720867,37.62725184899298],[127.0567184737876,37.627219577617815],[127.05670440256637,37.62716828040455],[127.05670302591703,37.627160465007734],[127.05670026796925,37.62712827408327],[127.05669451250633,37.62710343664923],[127.05669246838363,37.627086349520134],[127.05669313632362,37.627060437726435],[127.05670025494999,37.62702613284605],[127.05670278772297,37.62699156167485],[127.05671354964943,37.626941083234115],[127.05673556134334,37.62686797110484],[127.05673872956966,37.62685868941943],[127.05674221311223,37.62685141678241],[127.0567590408604,37.62682282038398],[127.05677699899948,37.62679701199268],[127.05678741131737,37.6267799603153],[127.05681587976365,37.62672151762869],[127.05683470804408,37.626688513529984],[127.05686847063944,37.62662489931931],[127.05687417423532,37.62661285938881],[127.05688552548972,37.6265837637612],[127.05689008830288,37.62657464898246],[127.05689544005787,37.62656619875128],[127.05690216309044,37.62655850648931],[127.05690911392288,37.626552439497],[127.05691233017248,37.626551216207865],[127.0569134857555,37.62653651154836],[127.05691895239602,37.626500461336434],[127.05692433109066,37.62647832870741],[127.05692931881124,37.62645302659561],[127.05693397301533,37.62643602273162],[127.05693535990693,37.626427549183816],[127.05693621547539,37.62641011828287],[127.05693532653038,37.62639270263943],[127.05693394484933,37.62638424394222],[127.05692940860128,37.626367270640934],[127.05692429686611,37.62633838387018],[127.05691467321356,37.626300647081216],[127.05690990846884,37.62628706610404],[127.05689634611794,37.62625831765414],[127.05689003796358,37.62624700880772],[127.05688205610144,37.62623645759664],[127.0568709225584,37.626224133861236],[127.05686647784586,37.62622022031517],[127.0568397559945,37.62620075025388],[127.05681419779206,37.62617862441837],[127.05680415255131,37.62617180428032],[127.05677237545066,37.626169275187266],[127.05673524181071,37.62616441330377],[127.05672389860591,37.62616384663072],[127.05671280553139,37.62616448175264],[127.05667315446463,37.62617110683811],[127.05663464852701,37.626179054009086],[127.05656483604888,37.62619702974556],[127.05655467439517,37.626200999858895],[127.0565051922359,37.626220335313896],[127.0564794416703,37.62623280378348],[127.05646351023468,37.62624224563979],[127.056422928228,37.6262702352831],[127.0564164369406,37.6262758245044],[127.05637406948519,37.62632016879378],[127.05636017923229,37.62633697432595],[127.0563432507458,37.62636123426908],[127.05632032306694,37.62639172559417],[127.05630102800895,37.62642184847986],[127.05629370937758,37.626435957818984],[127.05628052839576,37.62646801580635],[127.0562714459261,37.62649108089171],[127.05626308487535,37.62651541602349],[127.05625766216183,37.62653501957372],[127.05624381563362,37.62657536334699],[127.05624223986696,37.62658434873694],[127.05623983699209,37.62662169397667],[127.05623838928464,37.62663074958242],[127.05622456719658,37.62668252235658],[127.05621807138296,37.62671676294355],[127.05620464503141,37.62676306833929],[127.05617186396744,37.62686131671766],[127.05616671548161,37.62689013272005],[127.05616234084951,37.62690709587504],[127.05615719417155,37.62694735800962],[127.05615284900409,37.62696434367474],[127.05614827611046,37.62699333959923],[127.0561459791318,37.62700287403128],[127.05613874291733,37.62702576433543],[127.05613349355458,37.627050018688514],[127.05612415442616,37.62708443721419],[127.0561096678421,37.62713252975691],[127.05610414251888,37.62715589496576],[127.0560866742236,37.62720686847581],[127.05607768702464,37.62723028398188],[127.0560729809526,37.62724039528744],[127.05606316671606,37.627254668874826],[127.05604373347218,37.62727770732262],[127.05599741154369,37.627326403310626],[127.0559665606386,37.62735561621821],[127.05592442873316,37.62739347132161],[127.0559137926003,37.62740096085724],[127.05590167332501,37.627408084393075],[127.05589509860782,37.62741136529671],[127.0558784576204,37.62741767557921],[127.05586464811903,37.627421709527866],[127.05584484551292,37.62742966470186],[127.05587052091754,37.627429596686206],[127.05594457735299,37.62747991773363],[127.05596667158355,37.6275005578669],[127.05598009834361,37.62751937310577],[127.0559910696913,37.62754193761204],[127.05599608030101,37.62756172990769],[127.05599803186742,37.6276413671776],[127.05593711638146,37.62774268497114],[127.05592845348554,37.6277621323656],[127.05592596823595,37.62778655928667],[127.05593129316094,37.62780251323295],[127.05593873231983,37.62781291610006],[127.0559579891018,37.6278262595886],[127.05598419782987,37.627834752468566],[127.05600674321018,37.62783749878797],[127.0560732748506,37.62783819698866],[127.05609524259356,37.62784107871364],[127.05612396599456,37.627849264031624],[127.05616064803803,37.62786564453159],[127.0562700831288,37.627930598566216],[127.05651240908992,37.628082803520755],[127.05671740801289,37.628203779713445],[127.05674653779135,37.628227673381765],[127.05678181665668,37.628200980004735],[127.05678618008358,37.62818426460716],[127.05679136373303,37.62816761728957],[127.05680109487997,37.62812903597157],[127.05680501504224,37.62810892586969],[127.05680750315332,37.62809011117453],[127.05680822279919,37.628062220793545],[127.05680794926957,37.62801540116581],[127.0568066812777,37.627997077514316],[127.05680278269821,37.6279740889204],[127.05679162571094,37.62793276604309],[127.05678368580197,37.62790908293084],[127.05677935097016,37.62789933364059],[127.05677259586516,37.62788886472553],[127.05675300024274,37.62786365193764],[127.05674078268552,37.62784579665802],[127.05673132272138,37.627829798786316],[127.05671962652218,37.627812266707856],[127.05669454710257,37.62776940982498],[127.05668096063476,37.62774942706657],[127.05667163367916,37.62773401206415],[127.05666557799852,37.62772113717286],[127.05665393144396,37.627689866821925],[127.05665027334582,37.627676174484805],[127.05664796281273,37.62766182197848],[127.05664060833055,37.627628761107104],[127.05663989420282,37.62760279411834],[127.05664204495443,37.62758573290671],[127.0566506146072,37.62755863162381],[127.05667037681087,37.62750648294633],[127.05668941477323,37.62744643025835]]]]},"properties":{"toyanghyun":"B₂","name":"갈색약건산림토양"},"id":"LT_C_FSDIFRSTS.1202755"},{"type":"Feature","geometry":{"type":"MultiPolygon","coordinates":[[[[127.0574728688117,37.628168266680966],[127.05749992022552,37.628167370534925],[127.05752686087595,37.62816974501733],[127.05757626300885,37.62818337987528],[127.05766363296517,37.62822007042531],[127.05769650338443,37.62822892907294],[127.05772714970433,37.62823294149275],[127.05775139167798,37.62823201062407],[127.05778194974755,37.628224454407594],[127.05781427901384,37.62820740992867],[127.05784220924141,37.628185691478],[127.05786545837972,37.6281607948344],[127.05787797237682,37.62814124630172],[127.05788718894682,37.62812057315239],[127.05789270922426,37.62809571222907],[127.05788620002212,37.627955566984944],[127.05787875662621,37.62792545966973],[127.05786303188835,37.62789489691217],[127.05787200077317,37.62783240910365],[127.0578780255157,37.627815332455334],[127.05789048647199,37.62780050511525],[127.05790922711935,37.62779060308795],[127.05793117759049,37.62778575401583],[127.05795446707747,37.62778384149778],[127.05807889647238,37.627783095567494],[127.05817366120662,37.62777312902379],[127.05823219491782,37.62777367678232],[127.05826354450926,37.62777906722539],[127.05828331740281,37.62778549951341],[127.05830454507155,37.62779801273783],[127.05831544102733,37.627810125621096],[127.05832483928596,37.627833708801155],[127.05832765314085,37.62789737111226],[127.05834062118412,37.62792268241996],[127.05836161106329,37.627949755692086],[127.05836857615436,37.627976394415526],[127.05837741372551,37.627992769976686],[127.0583948964536,37.62801124055736],[127.05841677224689,37.6280267266955],[127.05844017292218,37.628036526850025],[127.05847094583301,37.628043115835254],[127.058496729751,37.628043922953104],[127.0585224202666,37.628041189235034],[127.0585662854008,37.62802908524297],[127.05865542324108,37.62799415477175],[127.05867564776321,37.62798702962656],[127.05864348686515,37.62797000075381],[127.0586015132825,37.62795571844779],[127.05855953597508,37.627936668108475],[127.05851572776113,37.62793172000077],[127.05850761893952,37.62793025811688],[127.05849144101123,37.62792452595305],[127.05847704488014,37.627917157613595],[127.05846484433197,37.6279085385163],[127.0584457531628,37.62789028768208],[127.05841766147338,37.62786889956139],[127.05839963696319,37.6278529195783],[127.0583892813734,37.627840839772006],[127.05837326113736,37.62781943034963],[127.05835415506014,37.627790746985546],[127.05834935936817,37.62778150884008],[127.05833985992355,37.627758910489995],[127.05831689112456,37.62771162816377],[127.05831279437209,37.62770380782394],[127.05830487941242,37.62769234758342],[127.058296880662,37.627682383922256],[127.05828236064517,37.62766715541393],[127.05824003724607,37.62763108009037],[127.05822930349227,37.62761918425747],[127.05820595496074,37.62758888659214],[127.05818876040922,37.627572244842554],[127.05817067882238,37.6275599120451],[127.05814933546756,37.62754856022468],[127.058068908224,37.62751505430364],[127.05804294957424,37.627501996464694],[127.05801705927078,37.62748649691298],[127.05798853269344,37.627473653858395],[127.05797222054395,37.62746412042678],[127.05795301206732,37.627450597045225],[127.0579439404265,37.62744332152939],[127.05793389875183,37.62743269121539],[127.05792365431337,37.627417693017435],[127.05791865144657,37.62740852523251],[127.05790903491646,37.62738663598011],[127.0578935946492,37.62735611272758],[127.05788867465078,37.62734277513498],[127.0578835134596,37.6273193367005],[127.0578786760529,37.62728394561954],[127.05786494640257,37.62723591715714],[127.05785993993858,37.62720747006112],[127.05784581969971,37.62715240147845],[127.05784031705038,37.62711222918536],[127.05783177069861,37.627085441638],[127.05782125233755,37.627058939768],[127.05780723159617,37.62702988081097],[127.05779404494275,37.6270100178136],[127.05778333868535,37.62699099692349],[127.05774567193652,37.626972684791205],[127.05770760419178,37.62695584145109],[127.05765599359113,37.626931598607094],[127.05762352747354,37.626914509236094],[127.05760528535642,37.626908147267095],[127.05759452220778,37.62690633793416],[127.05757119336467,37.62690534922373],[127.05754720839994,37.62690701153122],[127.05753562830714,37.626909370555325],[127.05751694670941,37.62691629563622],[127.05748052096236,37.626933892535696],[127.05747129767941,37.62695021749943],[127.05746592539654,37.62696138333975],[127.05746025804929,37.62697627490299],[127.05745564204975,37.626994233813306],[127.0574488276534,37.62704509872444],[127.05744263929218,37.62707041405392],[127.0574390002173,37.627091895345195],[127.05743173508283,37.62712528043369],[127.05742940548308,37.627189383156974],[127.05742357257513,37.62721586689138],[127.057421384656,37.62723296237383],[127.05742098161817,37.62725978854325],[127.05742207586701,37.62727738517881],[127.05742595883459,37.627294605646725],[127.0574379593646,37.62733359179977],[127.05744313298352,37.62735863940961],[127.05744783931499,37.62737559008075],[127.05745009307607,37.62739399974201],[127.05744951434876,37.62742215314945],[127.05744675590104,37.627435371964594],[127.0574380012797,37.62745724947603],[127.05743076760271,37.62746825674528],[127.0574121596383,37.62748863079871],[127.05740581853489,37.627498053697785],[127.05739884345265,37.62751094930689],[127.05738979917199,37.62753035735138],[127.05738541073623,37.62754378778848],[127.05738422993397,37.627550637662075],[127.05738417624364,37.627564790384035],[127.05739099197042,37.62759804248049],[127.05739348874583,37.62762459423879],[127.0573969896402,37.62763992282087],[127.05740690762934,37.627666548453334],[127.05742351314547,37.62769815869158],[127.05743713742004,37.62772727824999],[127.05744643828082,37.6277424373244],[127.05745665548739,37.627755973275214],[127.05746755901431,37.62776486430565],[127.05749420930003,37.6277816673343],[127.05753512406613,37.62780272146425],[127.05757398588537,37.62782047266435],[127.05758543344996,37.62782675866649],[127.0575977387718,37.62783624365169],[127.05761442992373,37.627856832053126],[127.0576310519226,37.627880277513896],[127.05763665513516,37.627889379245055],[127.0576482164336,37.62791236226617],[127.05765376320454,37.62792611671797],[127.05765623349473,37.62793731116836],[127.05765748237123,37.62795555102846],[127.05765710684688,37.627973894394685],[127.05765599672523,37.62798276334654],[127.0576535823169,37.62799111937342],[127.05765093888296,37.62799629232708],[127.05764656418665,37.62800255181516],[127.05763943273722,37.6280095397458],[127.05760521354316,37.62803486246231],[127.05759402205452,37.62804043692254],[127.05758342581127,37.62804373519955],[127.05757483567172,37.628045379186666],[127.05755356737643,37.62804769158282],[127.05753650342301,37.62804905138442],[127.0575158376445,37.62804970116003],[127.05749502266983,37.62804931937527],[127.05744073585429,37.628045976125875],[127.05740475224228,37.62804559359957],[127.05738100503955,37.62804609078198],[127.05735982290742,37.62804849950685],[127.05735060672664,37.62805069158172],[127.05733646938965,37.62805566739237],[127.05732020542571,37.62806468245553],[127.05730684537896,37.62807578279065],[127.0572945247778,37.62809066946543],[127.05726201798466,37.62813776268613],[127.05724649809021,37.62816722616532],[127.05723978877981,37.62818261376301],[127.05723256746063,37.6282054347464],[127.05721802536848,37.62824549064421],[127.05720860341012,37.62828371145131],[127.05720341655555,37.6283197155798],[127.0571990148918,37.628336684188085],[127.05719691015751,37.62835452563956],[127.05719633253918,37.62842860862256],[127.05719749773411,37.62845604759731],[127.05719975728336,37.62846726558407],[127.05720351115045,37.628477137673705],[127.05720961989483,37.628488098814955],[127.05723936013986,37.6284819234469],[127.05732014144547,37.62847995612108],[127.05737698984244,37.62846845893477],[127.05741117998367,37.6284550806765],[127.05743515183636,37.628441617284],[127.05744837524637,37.62843102425688],[127.05746212578032,37.62841353842586],[127.05747166509047,37.62838516171929],[127.05746743200845,37.628360584872915],[127.0574493556643,37.62833602377698],[127.05739534717267,37.62828387393931],[127.05738273952547,37.628255480980464],[127.05738198758293,37.62823519113269],[127.05739044238555,37.62821072524019],[127.05740082032824,37.628197511731514],[127.05742418978438,37.62818156191126],[127.05744862955981,37.62817271133805],[127.0574728688117,37.628168266680966]]]]},"properties":{"toyanghyun":"B₂","name":"갈색약건산림토양"},"id":"LT_C_FSDIFRSTS.1202756"},{"type":"Feature","geometry":{"type":"MultiPolygon","coordinates":[[[[127.05819804425083,37.63481755378664],[127.0582336067097,37.63479525757434],[127.05822072697121,37.63479748936444],[127.05820767508482,37.63479689214397],[127.05819416736844,37.63479288942212],[127.05817693761304,37.63478117609916],[127.05816851201782,37.634771062187475],[127.05816286078786,37.63475924404516],[127.05815926994175,37.63474542469937],[127.05815886537422,37.634735108616056],[127.058160046978,37.63472487283956],[127.05817127133686,37.63467739438558],[127.05817492038624,37.63464961520647],[127.05818646111645,37.63460107343166],[127.05819233819302,37.6345828976574],[127.05820689355303,37.634550229756286],[127.058234198772,37.63450867184477],[127.05824350450975,37.634499756505555],[127.0582657325386,37.63448514055698],[127.05827987401813,37.63447383521536],[127.05831050438383,37.6344396096646],[127.05831818873973,37.634429064337056],[127.05833455484917,37.63439402593264],[127.05833993394825,37.63437657118497],[127.05834163722756,37.63435255908057],[127.05833811789672,37.63432879282455],[127.05833312412399,37.63431742485712],[127.05832230330772,37.63430120345838],[127.05827563966056,37.634245311357624],[127.05825979634399,37.63422440730906],[127.05820226155642,37.63413116568791],[127.05818368353087,37.63410461379868],[127.05817369543203,37.63409559985897],[127.05810915108503,37.634049897641134],[127.05807212054113,37.63401233576771],[127.05802554693547,37.633969778106405],[127.05797079133752,37.63390961918971],[127.05795713384865,37.633887596803234],[127.05794318798151,37.63385893429341],[127.05792823123211,37.63384152558737],[127.05791845922352,37.63383350260361],[127.05790814486241,37.63382734492527],[127.05788034534577,37.63381578991165],[127.0578741129229,37.63379943107155],[127.05786560380866,37.63378368601786],[127.05785700791348,37.633772905436345],[127.05782621445688,37.63374278256589],[127.05781734679712,37.63373216429203],[127.05780167996025,37.63370477299761],[127.05779713969484,37.63369368408963],[127.05779524942723,37.63368126042479],[127.05779667762678,37.63366756474474],[127.05780041639935,37.63365312011476],[127.0578088055508,37.63363104185853],[127.05781163141708,37.63360811940121],[127.05780861139509,37.6335851547588],[127.05779600034789,37.63355373456018],[127.05778791103634,37.633538737112595],[127.05775923129171,37.633502198170795],[127.05774437804146,37.63348662740027],[127.05772724866233,37.6334723821903],[127.05771476872202,37.63346392804092],[127.05770100979584,37.63345703322078],[127.05768604045709,37.63345247254346],[127.05766875014157,37.63344985011773],[127.05765597111181,37.63345018071781],[127.05764357874843,37.63345242121704],[127.05760859993265,37.63346702796047],[127.05760790949061,37.633492800990275],[127.05761758667374,37.63361874954338],[127.05762327834341,37.633662622057685],[127.05762644969026,37.633715835418606],[127.0576421954429,37.63379120417782],[127.05764249297043,37.63380531346598],[127.05763953841154,37.63382304179978],[127.05763133385179,37.63385391807681],[127.05762477185462,37.6338713733715],[127.05760223714563,37.633914244256495],[127.05758619718424,37.633940610417504],[127.057533384271,37.63400450884684],[127.05746764505984,37.634079307364125],[127.05744100974981,37.63411431190777],[127.05741276069854,37.63415612057188],[127.05740430573405,37.6341709296792],[127.05739164539067,37.63420347763164],[127.0573880959075,37.634228490714904],[127.05738999592275,37.63425807815358],[127.0573976798053,37.634286541051615],[127.0574083034146,37.634305871031074],[127.0574178349526,37.634316452972165],[127.05742796908825,37.63432393072425],[127.05744399744971,37.634330883034345],[127.05746293649511,37.634335135473286],[127.05748300571206,37.63433727634965],[127.05751480389337,37.634337623950564],[127.05754965775104,37.63433524997746],[127.05757712522352,37.634331812831995],[127.05763539413557,37.6343202346502],[127.05765214678902,37.63431588551764],[127.05774793219402,37.6342862169763],[127.05782807277396,37.63425781470263],[127.05786506583047,37.63424703429441],[127.05791725454243,37.634235883319235],[127.05793669440816,37.63423438084216],[127.05795183783238,37.63423530592512],[127.05796937562816,37.634239786019414],[127.05798081161622,37.63424590079443],[127.05799068501534,37.63425310833077],[127.05800484576272,37.63426659362729],[127.05801428025512,37.634281941781026],[127.05801927471475,37.63429863008081],[127.05802132892512,37.63431347280608],[127.05801891550229,37.634348077240226],[127.05801451980379,37.63437147799381],[127.05800454311552,37.63440631319426],[127.05799864480885,37.63442199504247],[127.05798876588305,37.634441236838306],[127.05797918954751,37.63445623664514],[127.05796503188735,37.63447156035376],[127.05793268284458,37.634500143786845],[127.0579128181087,37.634514846809275],[127.05788857834352,37.634530015081424],[127.05786087322616,37.6345441047665],[127.05779818550117,37.63457000278325],[127.0577052123031,37.63461218287414],[127.05764302524882,37.63463664709555],[127.05757149268774,37.63467152582992],[127.05752745151734,37.63469128159472],[127.05750268924716,37.63470045668707],[127.05738860101286,37.63473796079144],[127.05734162035168,37.634755501492336],[127.05729544750152,37.63477753409536],[127.05726895970017,37.634792597014965],[127.05725859942588,37.63480053071462],[127.05723277022165,37.634826424952706],[127.05721686356425,37.63484680755096],[127.05720383135493,37.634871879283274],[127.05719276233914,37.6349011531592],[127.05718679134661,37.63493018129704],[127.05718660499763,37.634953120474734],[127.05719237987277,37.634972714107185],[127.05719846789269,37.63498402753206],[127.05720646000195,37.634994841788505],[127.05721808035334,37.635004920882835],[127.05723170859552,37.63501393944327],[127.05725015238816,37.63502368185979],[127.0572657088168,37.63502963883342],[127.05728282373491,37.63503354981162],[127.05733080444709,37.635040396520424],[127.05737153051547,37.635045196995875],[127.05738236506896,37.63504552509161],[127.0574159059133,37.635042798610485],[127.05754113700579,37.63502286186608],[127.05765742130293,37.63499864337379],[127.0576917773009,37.63499522986503],[127.05776436498635,37.63499122100427],[127.05781036228119,37.63498534747692],[127.05785348963089,37.634976287652734],[127.05788835632512,37.634965263213005],[127.05795926627103,37.63492939891608],[127.05803307672602,37.63489969318668],[127.05814849879657,37.63484531595075],[127.05819804425083,37.63481755378664]]]]},"properties":{"toyanghyun":"B₂","name":"갈색약건산림토양"},"id":"LT_C_FSDIFRSTS.1202757"},{"type":"Feature","geometry":{"type":"MultiPolygon","coordinates":[[[[127.05635746427345,37.63422269141641],[127.05637364640127,37.63419339985574],[127.05639184514581,37.63415364148151],[127.05642473969436,37.634075783311374],[127.05644811821723,37.634004711402106],[127.05647467300808,37.633948077161],[127.05649673035059,37.63390679335548],[127.05650108495652,37.63389586051387],[127.05643952059009,37.633862582346126],[127.05642530608696,37.63385244404766],[127.05641793675278,37.63384537483522],[127.05640730051489,37.6338328922611],[127.05639913372053,37.633819976032555],[127.0563914299353,37.633805086423784],[127.05638742218233,37.63379378097064],[127.05637970694784,37.633748735380216],[127.05637161738917,37.633733062096894],[127.0563632595128,37.633722128125136],[127.0563533870248,37.633715825941955],[127.05634021971716,37.63371213818938],[127.05631887421886,37.63371041848781],[127.05629720235696,37.633711591101736],[127.05627704000128,37.63371637594378],[127.05626709735427,37.63372219204253],[127.05624427527998,37.63374552043001],[127.05622398705562,37.63376370297806],[127.05619630370352,37.633785673184335],[127.0561785257442,37.63379748456102],[127.0561659326148,37.63380405874101],[127.05614484382721,37.633812294776035],[127.05610281143147,37.633825991730205],[127.05609197408072,37.63383224972246],[127.05608303008735,37.63384034482425],[127.0560765575051,37.633850628145645],[127.05607308824545,37.63386235161625],[127.05607126670343,37.6338807055572],[127.05607160277583,37.633905797844456],[127.05607542134089,37.633936771912055],[127.05608423937618,37.6339721043729],[127.05608954034525,37.63398569772448],[127.05606928793173,37.6339913655394],[127.05605049882011,37.633999474326515],[127.05603814426969,37.634006994414094],[127.05602135281636,37.63402005766801],[127.05600452004325,37.634038454773346],[127.05596450645112,37.63410060571979],[127.0559483100699,37.634121651412336],[127.05591073587358,37.63415849250061],[127.05589766873406,37.63416760765528],[127.05588782731292,37.634172558727656],[127.05583012814547,37.634188731704086],[127.05576902220126,37.63419423859446],[127.0556938478431,37.63418797621448],[127.05566622980587,37.634180981382706],[127.05564472280315,37.63424086922083],[127.05562442546746,37.63428216194605],[127.05560378906208,37.63430936611754],[127.05556807891192,37.634350112890075],[127.05551731929864,37.63442643944143],[127.05543898036495,37.634531378011665],[127.05541529839391,37.63457216773739],[127.05538617611539,37.63463593784318],[127.0553702655851,37.634660887290174],[127.05536081821276,37.6346733226191],[127.05534541576591,37.63468984220472],[127.0553283096794,37.63470676712963],[127.0553047516549,37.63472692871306],[127.05525105783738,37.63476737657907],[127.05523527139566,37.63477639742842],[127.05522762306276,37.63477961392263],[127.05522070513048,37.634780837094816],[127.05521440199196,37.63479990669757],[127.05519042996126,37.63484247145334],[127.05517945064834,37.63486695095558],[127.05517168431025,37.634894457166205],[127.05516752111313,37.63491791356421],[127.0551646127271,37.63495297857184],[127.05516423389895,37.635022897015254],[127.05517132378685,37.63508565994393],[127.05517879628901,37.63511579981532],[127.05519712224839,37.63515496068017],[127.05521566071181,37.63518577921927],[127.05524274887628,37.63522033914854],[127.05526005319676,37.635235314431185],[127.05528790050711,37.63525004420826],[127.05532101952042,37.63526033595631],[127.05537350427899,37.635269560851135],[127.05541252464464,37.63527199681566],[127.05541603196285,37.63527010309922],[127.05542758579364,37.635267157756935],[127.05548349223913,37.635256817901066],[127.05551924281075,37.63524539100572],[127.0555339063254,37.63523908441542],[127.05554839422292,37.63523124442895],[127.05556297188711,37.63522072036314],[127.05557788184659,37.63520609935868],[127.05559747328759,37.63518410608636],[127.05560754030226,37.63516849357322],[127.05562762525447,37.63512920294663],[127.05565006901996,37.635074791768666],[127.05569475193707,37.63498795173598],[127.0557393260408,37.634928482771194],[127.05576274512937,37.634904400980005],[127.05583319694065,37.634851533879555],[127.05586772888184,37.63481677283405],[127.05594399669245,37.63472870411607],[127.05601212658088,37.6346468307829],[127.05603832985028,37.634610157243905],[127.05606588740122,37.634566547269536],[127.05608951970723,37.63453552141605],[127.05610410382734,37.63451879759836],[127.05611727809497,37.634505955894646],[127.05612767247372,37.6344980700308],[127.0561834283037,37.63446463405303],[127.05620568963386,37.63444407197256],[127.05622544284742,37.63442077208729],[127.05629781881036,37.63431696567446],[127.05635746427345,37.63422269141641]]]]},"properties":{"toyanghyun":"B₂","name":"갈색약건산림토양"},"id":"LT_C_FSDIFRSTS.1202758"},{"type":"Feature","geometry":{"type":"MultiPolygon","coordinates":[[[[127.05565259802303,37.62307594469176],[127.05565113453328,37.623066872441015],[127.05563914390027,37.623019231189794],[127.05562726754235,37.622986592220975],[127.05562068413535,37.622973142684415],[127.05556244358635,37.62288502924674],[127.05554019487485,37.62284812447253],[127.05551720806653,37.622813330153235],[127.05550630686045,37.62279256302102],[127.05548969438532,37.62275359863145],[127.05548403797972,37.62274216325828],[127.05545265895435,37.6226940292504],[127.05544332843051,37.62267871685162],[127.05543671162184,37.62266596828785],[127.05543097642108,37.62265213181794],[127.05542807613021,37.62264085011695],[127.0554205567391,37.62259787295267],[127.05541547808335,37.62257731480851],[127.05541413088211,37.62256767217448],[127.05541320200587,37.62254780494047],[127.05541309975185,37.622477192813875],[127.05541427844611,37.6224475281551],[127.05542147251849,37.62241241690587],[127.05542859415397,37.622346881150975],[127.05543012545546,37.62233902111945],[127.05543432110653,37.622325234042776],[127.05545749810967,37.622265598515405],[127.05548148970436,37.622215357194655],[127.05549496647289,37.62218403343908],[127.0554883026254,37.62218262742868],[127.05543492615175,37.62216527247072],[127.05540129569428,37.62215097157636],[127.05537020017559,37.6221334079088],[127.05533657900956,37.622101042195474],[127.0553020129459,37.62204697213011],[127.05527466596217,37.62198228504169],[127.05525893416498,37.62195435279187],[127.05516940246169,37.621847240257225],[127.05512930069148,37.621782090582016],[127.05510911988661,37.62175762018128],[127.05508767707099,37.62174215123021],[127.05505055930942,37.62172957274868],[127.05493145120566,37.62171314919607],[127.05491823232704,37.62166717796185],[127.05491604624751,37.621636518377755],[127.05492048682328,37.62160606293657],[127.05493344656855,37.62157697303029],[127.05496178602371,37.62154405577333],[127.05503345047879,37.62149298143446],[127.05507720152191,37.621453506782],[127.05509765033666,37.62142684602729],[127.05511233035115,37.62139588124339],[127.05511905111537,37.62137015491263],[127.05512198687623,37.621342159861165],[127.05511647249475,37.6212528385401],[127.05511885717733,37.621199525997525],[127.05513374414228,37.62114209911074],[127.05515243631048,37.62109900515409],[127.05518563492551,37.621050813831495],[127.05522202322219,37.62101176602971],[127.05532205644356,37.62093821661316],[127.05535709176469,37.62090782789338],[127.05538111641704,37.62087668750161],[127.05539029541366,37.62085144653273],[127.05538856003743,37.620833067201715],[127.05537797939701,37.62081644894767],[127.05536019866501,37.620805258015714],[127.05532852418918,37.620800497637475],[127.05530745756386,37.62080323750549],[127.05528341569146,37.620811132412385],[127.0552310600217,37.62084015070794],[127.05520246688499,37.62085116514529],[127.05516489702735,37.62085468755632],[127.05514024584274,37.62085048245631],[127.05512107401024,37.62084216628864],[127.05510241893903,37.62082802949706],[127.05504891679918,37.62076170574606],[127.0550261959332,37.62074844479682],[127.05500453529739,37.62074440045156],[127.054982143882,37.620747807609824],[127.05495846858946,37.6207613064223],[127.05494534229777,37.62077936832537],[127.05494024652812,37.62079677777727],[127.05494377349623,37.62083326613029],[127.05497002805373,37.620907495275006],[127.05497742425777,37.62093759382232],[127.05497742164027,37.62096480364649],[127.05496831109055,37.620990909498936],[127.05495553344551,37.62100562857639],[127.05493882286144,37.62101712394831],[127.05483602232567,37.62105577907944],[127.05476497139317,37.621093545432096],[127.05473494767772,37.62111567860531],[127.05471770852256,37.621132453977566],[127.05469529463257,37.62116720644624],[127.05468555153197,37.62119590741313],[127.05467226408564,37.621257054580134],[127.05466292398322,37.62132566009268],[127.05464427851983,37.6214175514288],[127.054626908493,37.62147232148787],[127.05458294980497,37.621584469715046],[127.05456362602105,37.621647394603045],[127.05455843789316,37.62169362666573],[127.054560933382,37.621713870698784],[127.0545699579562,37.621740292486045],[127.05457953853335,37.62176802044706],[127.05460132016337,37.62179773394425],[127.05461654149772,37.621809565874294],[127.05464942678748,37.62182761544586],[127.05468580647928,37.62185324069265],[127.05476620445839,37.621925183287125],[127.0547915120734,37.62195903965372],[127.05481602599714,37.622007240102064],[127.05484182840685,37.62208237045778],[127.05484826271187,37.62211364974763],[127.0548492513412,37.62213334487126],[127.05484428463686,37.62217240498058],[127.05482043513028,37.6222269708454],[127.05481084242501,37.62226006856572],[127.05481078392373,37.62228838662414],[127.0548201234497,37.62231157369892],[127.0548384537374,37.62233033274726],[127.05485661875643,37.622339982887915],[127.05487704626637,37.622345541491214],[127.05491882711853,37.62235254074439],[127.05494551011674,37.622361790472205],[127.05496932249915,37.62237994328576],[127.05498229760752,37.6224023177651],[127.05498825024664,37.62244083219794],[127.05498933649693,37.62253148903178],[127.05500118404701,37.62262236609558],[127.05500146458488,37.62266643144949],[127.05500229890498,37.62279794997025],[127.05500642145273,37.62282777973572],[127.05501771646281,37.62286048931606],[127.05500748970012,37.62289396575907],[127.05499575718795,37.622974690672],[127.05498555004874,37.623004085631315],[127.05497143150666,37.62302888737712],[127.05494832895717,37.62305201746885],[127.0549226696086,37.62306416571219],[127.05489999537787,37.62306903258464],[127.05485272765476,37.623072108913306],[127.05481800087158,37.623030695858],[127.05481800269429,37.623033178076874],[127.05481802986566,37.6230701807073],[127.0548422507541,37.623098290163874],[127.05485415124993,37.623138014563146],[127.05486406841695,37.623160948185145],[127.05488291979754,37.62319484807096],[127.05489904586453,37.623228870854796],[127.05491993055716,37.623261194862714],[127.05495692280955,37.623313083509906],[127.05498422277337,37.62334440081827],[127.05499597367125,37.62335926793694],[127.05502787947339,37.62339518442954],[127.0550681870184,37.62344646603116],[127.05509989681941,37.62347763619504],[127.05511383392306,37.62349240407316],[127.05515908931623,37.62353577536781],[127.05516657840107,37.623542415745774],[127.05519299747928,37.6235617926342],[127.05522294047653,37.623588652367424],[127.05525107545508,37.62360919341595],[127.05528850037832,37.62364212228186],[127.05533686185987,37.6236883454779],[127.0553673665105,37.62370868897183],[127.05538033704069,37.62371831173414],[127.05542961199286,37.623763484812855],[127.05545757879118,37.62378314652711],[127.05549656472202,37.6238174287759],[127.05550584389117,37.62382440616024],[127.05554132509552,37.62384501215785],[127.05556808511571,37.623865606935254],[127.05558629785808,37.62387634713278],[127.0556183843574,37.62389108747839],[127.05564468318828,37.623900790423065],[127.05568505130715,37.62391085612794],[127.0557116461126,37.623916415278494],[127.05573365053493,37.6239199214398],[127.05578681936224,37.623925941938055],[127.05582541502868,37.62393338115456],[127.05584202807326,37.62393769172466],[127.05588615332809,37.62395187940029],[127.05593616831732,37.62397118818088],[127.0559731552409,37.62398434307243],[127.055987704718,37.62399059442594],[127.0560213496467,37.624007829656314],[127.05607263460467,37.6240287244141],[127.05608272568458,37.624032197428384],[127.05611313955633,37.624039818834426],[127.05615437000263,37.62405158863584],[127.05627166169582,37.62407847227187],[127.05628091499673,37.62408104918659],[127.05630793212248,37.624090703888164],[127.05631868293156,37.624093253055705],[127.05637196334249,37.62410130496255],[127.05638400685667,37.6241026281642],[127.05643097715526,37.6241054212952],[127.0564439602183,37.6241073765343],[127.05644775944431,37.62410874692012],[127.05645382478505,37.624104876081155],[127.056468247887,37.624099718237034],[127.05649900921212,37.62409337407833],[127.056522954969,37.62408597451677],[127.05654258693967,37.624076839914515],[127.05654728559169,37.624073729257674],[127.05655313324272,37.624068113306],[127.05657762496435,37.624035281310675],[127.05659632438132,37.62400189527841],[127.05659455155407,37.62399885529744],[127.0565920402707,37.62398849064595],[127.0565905438171,37.62397197176618],[127.05658874354026,37.6239222597681],[127.05658717238265,37.623913287591506],[127.05658410789916,37.623903873746336],[127.05657648864192,37.62389010130765],[127.05656763536635,37.62387725026882],[127.05655763136117,37.62386461241378],[127.05651901626138,37.623821081706126],[127.05651527855204,37.623817159697666],[127.0565085426028,37.62381200477267],[127.05649830601087,37.623806337960815],[127.0564864260052,37.623800978270395],[127.05647400384753,37.62379620357887],[127.05645896856245,37.62379165177916],[127.05640152683634,37.62377795361223],[127.05635753849418,37.623769559410455],[127.05629277332955,37.623752687807595],[127.05626101660675,37.62374574733298],[127.05624944809568,37.62374183355438],[127.05623328179233,37.623735060430874],[127.05621851597677,37.62372729284915],[127.05620521837572,37.62371821272906],[127.05617924975056,37.623695731952914],[127.05615991002497,37.623676171719346],[127.05614317045097,37.62365418659015],[127.05613128086125,37.62364053418312],[127.05611438842648,37.62362614534466],[127.05610089232147,37.623615157917335],[127.05605750993631,37.62358839218827],[127.05599797576568,37.62355898430614],[127.05597934493865,37.62354809390505],[127.05592152853232,37.62351774814262],[127.05587590189165,37.62349805435677],[127.0558441888989,37.623479718964774],[127.05579398229423,37.62345515207318],[127.05575469487096,37.62343117825675],[127.05571917286368,37.6234073206785],[127.05570797742297,37.623397751174146],[127.05569105204847,37.62338002233066],[127.0556786290863,37.623364894312154],[127.0556701475735,37.62335356209368],[127.05566069980601,37.623337656919574],[127.0556550375179,37.62332450337603],[127.05565086433936,37.62331223389929],[127.05564744270211,37.62330218049634],[127.0556447523292,37.623288416483334],[127.05564403021683,37.62327856903426],[127.05564430292522,37.62317788359017],[127.05564659587493,37.62315845632445],[127.05565095224526,37.6231414445331],[127.05565242939714,37.62313237359851],[127.0556535969064,37.623113650534286],[127.05565365413109,37.62309468472713],[127.05565259802303,37.62307594469176]]]]},"properties":{"toyanghyun":"B₂","name":"갈색약건산림토양"},"id":"LT_C_FSDIFRSTS.1202767"},{"type":"Feature","geometry":{"type":"MultiPolygon","coordinates":[[[[127.05601520115042,37.62118954443176],[127.05597385617455,37.6211890685078],[127.055909226234,37.62119386537091],[127.05577472647693,37.62120973234055],[127.05566760878405,37.62123101919692],[127.0556165446551,37.62124533293676],[127.05556678863144,37.621267016115944],[127.0554636329849,37.621330854558835],[127.05533383837844,37.62138356920073],[127.05531670876412,37.62139520897994],[127.0552981915231,37.62141446275078],[127.05528856372796,37.6214303426609],[127.05527988288839,37.621455394178696],[127.0552768964628,37.621476082249195],[127.0552783582165,37.621507390877646],[127.05528763048848,37.62154676869399],[127.05529626509126,37.62156633409484],[127.05532794167395,37.62160407061943],[127.05533347466397,37.6216722727718],[127.0553424173498,37.621710110048824],[127.05535937216884,37.62173761825083],[127.05538846708006,37.62176125551657],[127.05542280245272,37.62177932221179],[127.05546461193222,37.621794718461416],[127.05555114977466,37.621820626190456],[127.05566974764017,37.62185114981028],[127.0557807260901,37.62188679452102],[127.0558419480059,37.62191350686969],[127.05590602443816,37.62195530036246],[127.0559276917903,37.62198289634754],[127.0559330305774,37.62200278761777],[127.05593219622305,37.62202307824832],[127.055925889382,37.622041578507776],[127.05591753997136,37.62205523242289],[127.05590082391035,37.62207465662021],[127.05588250771281,37.62209012623848],[127.0558368451343,37.622119644377776],[127.0558458551786,37.62212143037579],[127.055881826256,37.62212856538382],[127.05591330457274,37.622142853646224],[127.05594478403427,37.62215714189964],[127.05597177259432,37.6221750082936],[127.05599426572194,37.62219645193229],[127.05600777095226,37.62222147585162],[127.05601678301034,37.622250077921],[127.05601680447498,37.62227868425787],[127.05601682593965,37.62230729059461],[127.05601684740438,37.622335896931226],[127.05601237413153,37.62236450720332],[127.05600790085388,37.62239311567311],[127.05599443737066,37.622425302625615],[127.0559854670727,37.622453913228135],[127.05596750614367,37.622482528995455],[127.05596711383038,37.622485041134055],[127.05599842593506,37.62247383781868],[127.05602795788322,37.62246032701083],[127.05605935542462,37.62244224730373],[127.05607554403495,37.62242934648377],[127.05608860462522,37.62241427576905],[127.05609878405117,37.62239390861737],[127.05610396474697,37.62236913801367],[127.05610543443159,37.62233515207409],[127.05614552994535,37.62230008459715],[127.05619897758513,37.622246108034304],[127.0562315803684,37.62220414253304],[127.05625707717581,37.6221423226498],[127.05628831039571,37.6220417665785],[127.05630433725149,37.62200980992109],[127.05632339532268,37.62198687970779],[127.05635215969754,37.62196226001007],[127.05638695479091,37.62194367403889],[127.0564195362059,37.621933702555],[127.05650523690645,37.62191549764281],[127.05655235639931,37.621897239085826],[127.05656675736499,37.621887357361715],[127.05657809792324,37.62187482820041],[127.05658907523357,37.62184634272587],[127.05658951241627,37.621825349510424],[127.05658196869607,37.62179588183081],[127.05653584854835,37.6217126887417],[127.05649075660327,37.62161097084004],[127.05645595794071,37.6215497023303],[127.05635993539224,37.62141383427831],[127.05622919806582,37.62128203713561],[127.05619142143432,37.62125185403091],[127.0561391579971,37.62122270493259],[127.05607177708126,37.62119943743377],[127.05604225306305,37.62119265801369],[127.05601520115042,37.62118954443176]]]]},"properties":{"toyanghyun":"B₂","name":"갈색약건산림토양"},"id":"LT_C_FSDIFRSTS.1202768"},{"type":"Feature","geometry":{"type":"MultiPolygon","coordinates":[[[[127.05738100503955,37.62804609078198],[127.05740475224228,37.62804559359957],[127.05744073585429,37.628045976125875],[127.05749502266983,37.62804931937527],[127.0575158376445,37.62804970116003],[127.05753650342301,37.62804905138442],[127.05755356737643,37.62804769158282],[127.05757483567172,37.628045379186666],[127.05758342581127,37.62804373519955],[127.05759402205452,37.62804043692254],[127.05760521354316,37.62803486246231],[127.05763943273722,37.6280095397458],[127.05764656418665,37.62800255181516],[127.05765093888296,37.62799629232708],[127.0576535823169,37.62799111937342],[127.05765599672523,37.62798276334654],[127.05765710684688,37.627973894394685],[127.05765748237123,37.62795555102846],[127.05765623349473,37.62793731116836],[127.05765376320454,37.62792611671797],[127.0576482164336,37.62791236226617],[127.05763665513516,37.627889379245055],[127.0576310519226,37.627880277513896],[127.05761442992373,37.627856832053126],[127.0575977387718,37.62783624365169],[127.05758543344996,37.62782675866649],[127.05757398588537,37.62782047266435],[127.05753512406613,37.62780272146425],[127.05749420930003,37.6277816673343],[127.05746755901431,37.62776486430565],[127.05745665548739,37.627755973275214],[127.05744643828082,37.6277424373244],[127.05743713742004,37.62772727824999],[127.05742351314547,37.62769815869158],[127.05740690762934,37.627666548453334],[127.0573969896402,37.62763992282087],[127.05739348874583,37.62762459423879],[127.05739099197042,37.62759804248049],[127.05738417624364,37.627564790384035],[127.05738422993397,37.627550637662075],[127.05738541073623,37.62754378778848],[127.05738979917199,37.62753035735138],[127.05739884345265,37.62751094930689],[127.05740581853489,37.627498053697785],[127.0574121596383,37.62748863079871],[127.05743076760271,37.62746825674528],[127.0574380012797,37.62745724947603],[127.05744675590104,37.627435371964594],[127.05744951434876,37.62742215314945],[127.05745009307607,37.62739399974201],[127.05744783931499,37.62737559008075],[127.05744313298352,37.62735863940961],[127.0574379593646,37.62733359179977],[127.05742595883459,37.627294605646725],[127.05742207586701,37.62727738517881],[127.05742098161817,37.62725978854325],[127.057421384656,37.62723296237383],[127.05742357257513,37.62721586689138],[127.05742940548308,37.627189383156974],[127.05743173508283,37.62712528043369],[127.0574390002173,37.627091895345195],[127.05744263929218,37.62707041405392],[127.0574488276534,37.62704509872444],[127.05745564204975,37.626994233813306],[127.05746025804929,37.62697627490299],[127.05746592539654,37.62696138333975],[127.05747129767941,37.62695021749943],[127.05748052096236,37.626933892535696],[127.05751694670941,37.62691629563622],[127.05753562830714,37.626909370555325],[127.05754720839994,37.62690701153122],[127.05757119336467,37.62690534922373],[127.05759452220778,37.62690633793416],[127.05760528535642,37.626908147267095],[127.05762352747354,37.626914509236094],[127.05765599359113,37.626931598607094],[127.05770760419178,37.62695584145109],[127.05774567193652,37.626972684791205],[127.05778333868535,37.62699099692349],[127.05779404494275,37.6270100178136],[127.05780723159617,37.62702988081097],[127.05782125233755,37.627058939768],[127.05783177069861,37.627085441638],[127.05784031705038,37.62711222918536],[127.05784581969971,37.62715240147845],[127.05785993993858,37.62720747006112],[127.05786494640257,37.62723591715714],[127.0578786760529,37.62728394561954],[127.0578835134596,37.6273193367005],[127.05788867465078,37.62734277513498],[127.0578935946492,37.62735611272758],[127.05790903491646,37.62738663598011],[127.05791865144657,37.62740852523251],[127.05792365431337,37.627417693017435],[127.05793389875183,37.62743269121539],[127.0579439404265,37.62744332152939],[127.05795301206732,37.627450597045225],[127.05797222054395,37.62746412042678],[127.05798853269344,37.627473653858395],[127.05801705927078,37.62748649691298],[127.05804294957424,37.627501996464694],[127.058068908224,37.62751505430364],[127.05814933546756,37.62754856022468],[127.05817067882238,37.6275599120451],[127.05818876040922,37.627572244842554],[127.05820595496074,37.62758888659214],[127.05822930349227,37.62761918425747],[127.05824003724607,37.62763108009037],[127.05828236064517,37.62766715541393],[127.058296880662,37.627682383922256],[127.05830487941242,37.62769234758342],[127.05831279437209,37.62770380782394],[127.05831689112456,37.62771162816377],[127.05833985992355,37.627758910489995],[127.05834935936817,37.62778150884008],[127.05835415506014,37.627790746985546],[127.05837326113736,37.62781943034963],[127.0583892813734,37.627840839772006],[127.05839963696319,37.6278529195783],[127.05841766147338,37.62786889956139],[127.0584457531628,37.62789028768208],[127.05846484433197,37.6279085385163],[127.05847704488014,37.627917157613595],[127.05849144101123,37.62792452595305],[127.05850761893952,37.62793025811688],[127.05851572776113,37.62793172000077],[127.05855953597508,37.627936668108475],[127.0586015132825,37.62795571844779],[127.05864348686515,37.62797000075381],[127.05867564776321,37.62798702962656],[127.05878282022836,37.62794927630875],[127.05882695192638,37.62793054983655],[127.05885990450867,37.62791429762772],[127.05888183407052,37.62790020787241],[127.05887719979432,37.62787453026948],[127.05887117853214,37.627841158033085],[127.05885316854469,37.62780779357848],[127.05883151342672,37.627781992917754],[127.05881989959144,37.62779340519627],[127.05880379952174,37.62780453139379],[127.05878706291973,37.62781293692717],[127.05875701807851,37.62782453857796],[127.05871341495042,37.62783830032599],[127.05866260702197,37.62785208365978],[127.0586437130468,37.62785416532049],[127.05862569899098,37.627851552401616],[127.05861463749068,37.62784508881435],[127.05861070254551,37.62783996415612],[127.05860882814817,37.62783330679733],[127.05860996255689,37.62782089064061],[127.05861261748943,37.62781169926005],[127.05862109044342,37.62779649540947],[127.05863730725055,37.62777531417],[127.05867986080324,37.627737793959],[127.05869383952,37.62772289370021],[127.05871034521887,37.627696024379176],[127.05870920922527,37.62769344001424],[127.05869719426651,37.627660072551926],[127.05866613233847,37.62763294398026],[127.05862245367997,37.62756484029897],[127.05860775750584,37.62754028580678],[127.05859788164992,37.627520234752346],[127.05858389300701,37.62748782510529],[127.05857443983996,37.627453506717565],[127.05857296449268,37.6274443227935],[127.05857194816117,37.62742531608664],[127.05857256457948,37.627328802105026],[127.05857486798996,37.62731052354894],[127.05858024078411,37.62728575456397],[127.05858038143089,37.627271545936544],[127.05857940514716,37.62726459440914],[127.05857353231164,37.627244016089186],[127.0585507990995,37.627199557379235],[127.05853702572605,37.62717719902395],[127.05852685268403,37.627158013056835],[127.05850804696883,37.62713228930623],[127.05850352128955,37.627124979143325],[127.05848636235658,37.62709157636517],[127.05848162647285,37.627076223198515],[127.05847774678637,37.62705481137366],[127.0584732713002,37.62703781467802],[127.05847185983491,37.62702917131233],[127.05847058475517,37.62700229911868],[127.05847171143114,37.62697565999125],[127.05847578411083,37.62695856625759],[127.05848174592533,37.626943851994],[127.0584883744633,37.62693138716307],[127.05850100856084,37.626915228012386],[127.05852730641207,37.62688861604515],[127.05854335863937,37.62687446349344],[127.05855136677177,37.6268690175609],[127.05856554779737,37.626860917861606],[127.05858211780112,37.62685265749991],[127.05862093228345,37.62683496897486],[127.05867517498551,37.62681495182459],[127.0587205792402,37.62679611934057],[127.05873510953967,37.626791406255634],[127.05879118657076,37.62677616787276],[127.05880407926499,37.62677346659735],[127.058815901432,37.6267721813041],[127.05882832807065,37.62677176155644],[127.05884110981245,37.62677201737034],[127.05887086291969,37.62677457034139],[127.05888805278308,37.62677525912734],[127.05888862074447,37.626777229301595],[127.05889155717496,37.62678032452702],[127.05889569422403,37.62678321102523],[127.05890724177311,37.62678849855719],[127.05892446577047,37.62679511220871],[127.05894293738173,37.62680364433593],[127.05894951410569,37.62680744501588],[127.05899472033347,37.62683914345782],[127.0590235911639,37.6268576497001],[127.05903005250079,37.62686307401108],[127.05903807280808,37.62687306734568],[127.05905855896279,37.626902104901475],[127.05906987435466,37.62692032619602],[127.05908912803838,37.626962252976256],[127.05910351849776,37.627009825969004],[127.05911128019117,37.62704511642775],[127.05911623593232,37.62706185337437],[127.0591255103998,37.62710057132781],[127.059127565877,37.627116988074825],[127.05912935676305,37.62715118051801],[127.05913068079633,37.62715946622778],[127.05913505561426,37.62717645754261],[127.05914024033873,37.62720909768653],[127.05915938851422,37.627284986292366],[127.05917361950584,37.627332752164975],[127.05918238699596,37.62740777291492],[127.05918970836068,37.62744053541881],[127.05919097570862,37.62746732111177],[127.05919057873396,37.627485278872825],[127.05918844019617,37.627502718539205],[127.05918374104088,37.62751961439304],[127.05917564996953,37.62755479026067],[127.05916990707142,37.62756974771432],[127.05915050638848,37.62760846562264],[127.0591316040241,37.62765277029494],[127.0591244043631,37.627673536234944],[127.05912134239864,37.627683634223544],[127.05911749759994,37.62771083332736],[127.05911192245964,37.627737389092474],[127.05911110655704,37.62775135749427],[127.05911243949781,37.62776086673854],[127.05911601928604,37.62777523117413],[127.059121663232,37.62781122635898],[127.05912403607807,37.627817831202655],[127.05911096876149,37.62785057419109],[127.05911024920549,37.627854601960955],[127.05918291115671,37.62788881833946],[127.05923894071499,37.627902764522815],[127.05926545223691,37.627906886737485],[127.05930147708528,37.62790791378194],[127.05933650112557,37.62790401292289],[127.05935822401071,37.62789795637802],[127.05939446184288,37.62788191860388],[127.05943860364337,37.62787612105307],[127.05946133956152,37.62787612761761],[127.05954231424772,37.627890259300635],[127.0595708366689,37.62788742481668],[127.0595906780606,37.62788015284719],[127.05961328841335,37.6278647796074],[127.05963697421527,37.62783431429681],[127.05965860617115,37.62778541583703],[127.05967075213684,37.6277454509462],[127.05970320839997,37.62770386301318],[127.05972764414669,37.62766219804233],[127.05979305972008,37.6274859950249],[127.05983117689189,37.62739822862779],[127.05987782775209,37.62730086238045],[127.05989839064733,37.6272471080975],[127.05993237922384,37.627082714853906],[127.05997663686922,37.6269256684272],[127.06000712767005,37.62683538307883],[127.06001179398667,37.62680610765116],[127.0600116601026,37.626766392229904],[127.0600047266763,37.62672336463562],[127.05999244476997,37.626678330559905],[127.05994048586163,37.626583573172915],[127.05991837391186,37.62652777729119],[127.05986874743688,37.62633246857409],[127.05986253281431,37.62628156597996],[127.05986134669114,37.62608795355115],[127.05984490566735,37.62599813351527],[127.0598297462726,37.62595261434351],[127.05981669098875,37.625931727080136],[127.05980233876637,37.62591804836644],[127.05980022053498,37.62591676733584],[127.05979280498218,37.62591929926255],[127.05974790953604,37.62592461620208],[127.0597405772066,37.62592922756077],[127.0597060667108,37.62595508532749],[127.05968084834234,37.6259721627739],[127.05966529893757,37.62598137421693],[127.05962766792148,37.62600064282051],[127.05957484327887,37.62603211033539],[127.0595584004148,37.62604317734698],[127.05954898234538,37.626051764899806],[127.05954232773894,37.62605963207003],[127.05951790979942,37.62609468916819],[127.05945298901223,37.62617599990711],[127.05942823283368,37.626203210463395],[127.05939871133599,37.62622666900174],[127.05938186851972,37.6262477002015],[127.05936784678688,37.6262606949802],[127.05935797361055,37.62626684918141],[127.05929693900252,37.626300901126136],[127.0592557095723,37.62632113997909],[127.05922198145949,37.62633981094007],[127.05918984384549,37.626358549568494],[127.0591632343397,37.626377315149035],[127.0591218062759,37.626395727754584],[127.0590898859251,37.62641279942146],[127.05907780753365,37.62641803569702],[127.05902927336294,37.62643650768879],[127.05899274130745,37.626447845955205],[127.0589819568744,37.62645203192452],[127.05897255098911,37.626457550664135],[127.05897036639148,37.62645973304464],[127.0589695996807,37.626462855346574],[127.05895230057102,37.62646288201044],[127.05889983231623,37.62646728160178],[127.05888898923232,37.62646892951248],[127.05885781168638,37.62647564840903],[127.05884761415945,37.626477115796575],[127.05878588471896,37.62648381927362],[127.05875167253386,37.62648644106566],[127.05870671594457,37.62649232255773],[127.05866851834728,37.62649327317625],[127.05853962711265,37.62649309392518],[127.05852701510928,37.62649254247078],[127.0585115804087,37.62649088330019],[127.05846683678172,37.626483768763784],[127.05843852299992,37.62647754886318],[127.05841947603611,37.62647188117788],[127.05839816927373,37.62646351344997],[127.05836949950064,37.62645111203948],[127.05836274665414,37.62644944404949],[127.05835547816265,37.62644460033613],[127.05834850678023,37.62643870682598],[127.05833269374979,37.6264225689634],[127.05831848743456,37.626405475258686],[127.05831091814468,37.626392598494114],[127.05829976621636,37.6263686701947],[127.05829529667184,37.62635482513877],[127.0582936582545,37.62634563858708],[127.0582930016976,37.62633608845266],[127.05829362893856,37.626316803423926],[127.05829754885261,37.62629846190341],[127.05830572611578,37.626271757122645],[127.05831093459408,37.62625994441536],[127.0583210967676,37.626240800633745],[127.0583337959789,37.62622254126692],[127.05834474768513,37.62622076090843],[127.05847065505523,37.626185317738184],[127.05850057050644,37.626178517579575],[127.05853470801672,37.62617184596207],[127.05858491241275,37.626159810893654],[127.05863533918784,37.626143914965326],[127.05865748690866,37.626135597761056],[127.05869902821442,37.6261128524163],[127.05872445626481,37.62609989258497],[127.05874480208297,37.62609065815556],[127.05879221387448,37.626071234496045],[127.05883393847711,37.6260526227393],[127.05887456009309,37.626037370396574],[127.05889939368777,37.626030560959386],[127.0589351473183,37.626019223109935],[127.05896516501508,37.62600719615832],[127.05898209768824,37.62599945002153],[127.0590264276382,37.62597509580675],[127.05904166956171,37.62596373214443],[127.05906712952974,37.6259425741447],[127.05908353106616,37.62593075219517],[127.05911796209062,37.62590870582403],[127.05915098617004,37.62588381753491],[127.05917085625065,37.625870485582496],[127.05920293963389,37.62584504544553],[127.05923112386057,37.625826694418855],[127.0592490979423,37.62581664119468],[127.05926248682923,37.625811349282735],[127.05928412121058,37.62580444226253],[127.05932303262048,37.625794155061115],[127.05937719329789,37.6257775911084],[127.05940911151845,37.625766806448766],[127.05945015865407,37.62575564597489],[127.05950345529097,37.62573950946717],[127.05952286257607,37.62573263776367],[127.0595394635355,37.62572528814809],[127.05955212856148,37.62571719900454],[127.05956880114326,37.62570450019021],[127.05958724650009,37.62569458002249],[127.05958945085216,37.625693070657434],[127.05963676577645,37.62569052759448],[127.0596787230357,37.625685739260405],[127.0597206879175,37.62569048514956],[127.05976265167256,37.62569523192535],[127.05980462420514,37.62570951382471],[127.05981399867753,37.625711639005765],[127.0598686781543,37.62570938223416],[127.0599183207663,37.625699518260795],[127.059942555298,37.62569037895615],[127.05996598078976,37.625675329584446],[127.05998357784003,37.6256529941881],[127.05998841189428,37.62563517922205],[127.05998957429698,37.62561563622787],[127.05998608380169,37.62558559910307],[127.05997028064463,37.62554248590816],[127.05991878981568,37.625451233093834],[127.05986746528379,37.625369431522955],[127.05984466843142,37.62532072672954],[127.0598269247077,37.6252730825339],[127.0598196926853,37.62523880365135],[127.05981852053101,37.62518968244295],[127.0598238167032,37.62514068409305],[127.05983747528123,37.62508059035391],[127.05983839188487,37.62505113662848],[127.0598340384536,37.6250326055362],[127.05982614407363,37.625019905624136],[127.05981044564761,37.62500827283198],[127.05979976071853,37.62500484548745],[127.05978313101289,37.62500435837124],[127.0597633127351,37.62501122492055],[127.05974423788973,37.625026992840425],[127.05972781884098,37.62504911137031],[127.05972099097674,37.62506682822803],[127.0597187064898,37.625085669019555],[127.05972125957335,37.62514769166267],[127.05970909242899,37.62517478148486],[127.05969141295812,37.62519317056139],[127.05966987676427,37.625205020421106],[127.0596422770852,37.62521305315762],[127.05961906827176,37.62521563269884],[127.05954078223218,37.625217014697874],[127.0595116975167,37.625223714692645],[127.05948522272942,37.625236080571774],[127.05946821778124,37.62524809028783],[127.05938648621733,37.62531839941369],[127.05924205399349,37.62541673363887],[127.05919238751605,37.625453518826035],[127.05913442521721,37.625514211329666],[127.05910150244519,37.62556670129532],[127.05903371573156,37.62559507126292],[127.05899241351067,37.625608804938025],[127.05895776632293,37.62561520124119],[127.05892244316964,37.62561195731313],[127.0589033273353,37.62560491213065],[127.05889971096433,37.62560286148797],[127.0588874067469,37.62561462190274],[127.05885745402662,37.62563847425443],[127.05882750128862,37.6256623284004],[127.05879155001479,37.625681418406565],[127.05875559872112,37.62570050659976],[127.05871964514277,37.625719593882074],[127.058677697565,37.62573391881525],[127.05864174621831,37.6257530087756],[127.05860827438646,37.62577477612706],[127.05854749413747,37.625800866441615],[127.05845892044499,37.62583542896133],[127.05845744009797,37.6258414987415],[127.05844282654913,37.62585541721582],[127.05843260071153,37.62585969295734],[127.05841095582804,37.62586343375917],[127.05838803953556,37.62586376044637],[127.05835217220725,37.625860084143405],[127.05833314886553,37.62585544265576],[127.05830825623389,37.62585627485706],[127.058284740299,37.62585464758026],[127.05818317056058,37.62583932056625],[127.05811780490583,37.62582660381682],[127.05810170333388,37.62582520260307],[127.05809613400541,37.62582603425309],[127.05808279549508,37.625823386512614],[127.05806912743378,37.62581940186847],[127.05804647225534,37.62581170597474],[127.05802556755376,37.625802935239655],[127.05797762258838,37.62577620851017],[127.05792836444367,37.62575055458001],[127.05789324970142,37.62572831744051],[127.05788134061616,37.62571958010726],[127.0578261874845,37.62566909512712],[127.057795766892,37.62563485721674],[127.05774983943543,37.625594704702465],[127.05772962986597,37.62557356933259],[127.057718021278,37.62555784648496],[127.05771107312081,37.625545191018894],[127.0577077437147,37.6255347781408],[127.0577003275963,37.625501449760655],[127.0576997930032,37.6254927681132],[127.0577007379827,37.6254842713455],[127.05770540574446,37.62547045693505],[127.05770641954317,37.625467458856136],[127.05771446506066,37.625451876859195],[127.05772394594717,37.62543645363417],[127.05773403526092,37.62542118688236],[127.05774595948444,37.625405647133675],[127.05775850941379,37.625392100060296],[127.0577884988093,37.62536261860283],[127.0577935395919,37.625356579522276],[127.0578051369588,37.62533881539104],[127.05781889054269,37.62532610924316],[127.05782581469413,37.62532093959161],[127.05784903012915,37.62530631780983],[127.0578630190813,37.62529476480449],[127.05789895000775,37.625253756783025],[127.05793597858936,37.62521861363581],[127.05794515739892,37.62520815227533],[127.05795767106187,37.625191754475765],[127.05797609831137,37.625161324503075],[127.0579847684612,37.62514937315708],[127.05799011740699,37.62514343032208],[127.05799916044711,37.62514195096202],[127.05800889559906,37.62513898553367],[127.0580437037617,37.62512563741484],[127.0580791967435,37.625114551326654],[127.05813815316797,37.625093286032715],[127.05815696566921,37.625084924613915],[127.05817921264358,37.62507348102464],[127.05821595557043,37.62505725775278],[127.05823598636627,37.62504671713398],[127.05831554456122,37.6250006257001],[127.05832646648005,37.62499429627495],[127.05834057968968,37.62498391533496],[127.05837205041719,37.624957383726915],[127.0583909009922,37.624938398715365],[127.05840938676769,37.62491358089219],[127.05841750232096,37.624899458410034],[127.05842214580757,37.6248895803937],[127.05844072006369,37.62483601022753],[127.05844338514088,37.624825416004505],[127.05844514226808,37.62480972895213],[127.05844440932539,37.62479377373795],[127.05844018931778,37.624777362549445],[127.058411243672,37.6247141465206],[127.05840299544313,37.62468752553869],[127.05840136355566,37.62467796777605],[127.05840175471155,37.62467117053704],[127.0584037827444,37.62466148662671],[127.05840828883547,37.62464830926437],[127.05841411942247,37.62463548443304],[127.05842701605087,37.62461366064924],[127.05845360799523,37.62457737374487],[127.0584653668199,37.624563626967294],[127.0584718422284,37.624558398034395],[127.05847903182796,37.624553858903205],[127.05849705955173,37.62454602489575],[127.0585044191178,37.62454155235178],[127.05851126846322,37.624536481805],[127.05852944797194,37.62451997932185],[127.05853639923767,37.62451487538652],[127.05855028144417,37.62450764258365],[127.05856624382622,37.624500913299414],[127.05858095669768,37.62449700472249],[127.05859142239555,37.62449549577905],[127.05866209324495,37.624491347661134],[127.05869323334556,37.62449134208676],[127.05875872605057,37.62449557386324],[127.05876990081114,37.62449687472919],[127.05879864700088,37.62450217713245],[127.0588310906952,37.62450330431369],[127.05884221201869,37.62450435292307],[127.05888836312339,37.62451220722879],[127.0589260999239,37.62452289932265],[127.0589496851236,37.624532421786185],[127.05896217890385,37.6245400351905],[127.05899645568681,37.62456725489324],[127.05900627415322,37.624573819079615],[127.05905265813217,37.62459817568132],[127.05907153299648,37.624605923731345],[127.05913908654848,37.62463042106502],[127.05916265368768,37.62463994709881],[127.05919734553697,37.62464760881129],[127.05921677974057,37.624656428731825],[127.05922345486951,37.62464884267576],[127.05923165642356,37.62463198109358],[127.05923570153001,37.624604787277256],[127.05923213501528,37.62457843519962],[127.05919160530006,37.62446563395161],[127.05917278914532,37.62437901349208],[127.05917208757488,37.62435138057337],[127.0591752580275,37.6243239889793],[127.05918018526238,37.624306408252195],[127.0591953945373,37.624272901927085],[127.05920289309432,37.62424380529515],[127.0592089786893,37.624161379950976],[127.0592094476035,37.624109897317936],[127.05920626354204,37.62408011228484],[127.05919993902195,37.62406123077009],[127.05918425630738,37.624040461876326],[127.05916092045578,37.62402523788791],[127.05913135672891,37.62401585541186],[127.05903328849837,37.623993424888525],[127.0588930740522,37.623969078204155],[127.05888992383278,37.62397197284575],[127.05887510238232,37.62398025040179],[127.05886414811728,37.62398553565091],[127.05878080823952,37.62401769468068],[127.0587632993046,37.624025302326025],[127.05868995177688,37.62406498225942],[127.05857816016692,37.624133613733115],[127.05854420949372,37.62415200170757],[127.05857828214411,37.62415913593161],[127.05860344793447,37.6241678900394],[127.0586427277681,37.62419063846632],[127.0586609552764,37.62420653182683],[127.0586827714907,37.62423403712222],[127.05869789376914,37.62426250078969],[127.0587056840232,37.62428718395775],[127.05870826731696,37.624316708016046],[127.05870475620311,37.62434614500761],[127.05869521470227,37.62437048541241],[127.0586803809288,37.62439203538874],[127.05864642038442,37.624421046033106],[127.05862776038526,37.62443147071521],[127.05859919854043,37.62444161199629],[127.05857499517991,37.62444541716859],[127.05853824784678,37.62444542639457],[127.05848104544567,37.62443469697413],[127.0584133661252,37.624411106618915],[127.05834424963288,37.62437483103876],[127.058314814521,37.62435032612964],[127.05831467640668,37.62435043431633],[127.05828771947682,37.62437190103632],[127.05826076366634,37.62439337045246],[127.05823380330783,37.62441483806267],[127.05821584390237,37.62444345326078],[127.05819788221758,37.62447206845717],[127.05817992278462,37.624500683649565],[127.05816196107232,37.62452929884022],[127.05814400047905,37.624557914027456],[127.05813503188271,37.62458652478201],[127.05811707353304,37.624615142666734],[127.05809911063429,37.62464375514492],[127.05809501108033,37.624656833186755],[127.0580953340826,37.624670137901774],[127.05809015200965,37.624686670860235],[127.05806319489383,37.62470813752785],[127.05804523308696,37.62473675269982],[127.05802727353189,37.624765367867795],[127.05800032192734,37.624793987453195],[127.05798236007573,37.62482260261519],[127.05795540288057,37.62484407015872],[127.0579284456713,37.62486553949803],[127.05790148618026,37.62488700793122],[127.05787452893787,37.62490847455512],[127.05784757168068,37.62492994207376],[127.05781162235466,37.62495141579406],[127.05777566747241,37.62496573747214],[127.05773971257496,37.624980057337254],[127.05770375213504,37.6249872251602],[127.05766778616436,37.624987242742975],[127.05763182571545,37.62499441234598],[127.05759585974127,37.624994429906835],[127.05758037929958,37.62500059660832],[127.05755990479685,37.62500875151912],[127.05752394432574,37.62501591928726],[127.05748798709226,37.62503024177968],[127.05745202660458,37.62503741042687],[127.05741607711221,37.62505888312543],[127.05738011660382,37.62506605175071],[127.05736225800209,37.62507316561616],[127.05738423469678,37.62511521029472],[127.05738201852759,37.625117592680766],[127.05735678725705,37.62514473996941],[127.05734380393719,37.62517220835922],[127.05733589820554,37.62521793728385],[127.05733132255052,37.62529274844496],[127.05730548785637,37.625327836412026],[127.05726308066617,37.6254223615079],[127.05724279454566,37.62545478885659],[127.05722285980916,37.625472746183],[127.05720680341415,37.62548139443201],[127.05718560259086,37.62548803597153],[127.05715172371357,37.625491962668335],[127.05711695811638,37.625491790294674],[127.05708248465503,37.62548849134517],[127.05700317975909,37.62547633933163],[127.05697032213423,37.62546770572681],[127.05692882025596,37.625445822767574],[127.05687203267965,37.62539743111975],[127.05683201174915,37.62536852872497],[127.05681321059919,37.62535786108488],[127.05678489429688,37.625347585445546],[127.05673889951892,37.62534310263691],[127.05664569665356,37.625350418380386],[127.05662335736973,37.62534661792815],[127.05659904694765,37.62533374547975],[127.05658648668613,37.62531898432949],[127.0565735636642,37.625291906861655],[127.05656867687634,37.625271078388664],[127.05656984450485,37.62524230931879],[127.05658654711891,37.625204441842484],[127.05665152902125,37.62512154690023],[127.05666965026737,37.62508725564821],[127.0566859101856,37.62503338684248],[127.05669008789422,37.62500055557629],[127.05669409675836,37.62496914254427],[127.05670382608739,37.624922682984874],[127.056708035587,37.62487207252755],[127.05671018307794,37.62479119891013],[127.05670335783732,37.624753631035496],[127.05669255014001,37.6247374725231],[127.05667642156443,37.624725524174494],[127.05665977609941,37.624719090111874],[127.05663136325033,37.62471558990259],[127.05657517786582,37.624716436752664],[127.0565173990087,37.624722239767365],[127.05648123366801,37.62472807745949],[127.05638686607499,37.62474910657761],[127.05621827226106,37.62477696444892],[127.05619806801238,37.62478309177441],[127.05618418617745,37.62479118924757],[127.05617777946397,37.62479762534454],[127.05617160414693,37.62481049437761],[127.05617459758645,37.62482938664824],[127.0562107716762,37.624868165917945],[127.05621999556669,37.62488420810043],[127.05623466822762,37.6249183845519],[127.05626110139787,37.62500053384759],[127.05626414439618,37.625009991858],[127.05627830308875,37.62503851936061],[127.05642498669293,37.62523191821972],[127.056442135382,37.62525955229476],[127.05645600030164,37.62529191811927],[127.05646324570728,37.62532795412613],[127.05646192278623,37.62534616370313],[127.05645619289389,37.62536383479659],[127.05644697083669,37.62537732698143],[127.05643114420008,37.625390299751935],[127.05640059091098,37.625402829066864],[127.05637928622215,37.62540700180736],[127.05634701382372,37.62540817048589],[127.05621728648632,37.62539333004095],[127.05614696421186,37.62538029020467],[127.056093303339,37.625364584495955],[127.05604950457506,37.62534585577276],[127.05600757385959,37.625319647955784],[127.05598674006126,37.625302205727586],[127.05592730020965,37.6252386963227],[127.0558845142182,37.625207785715446],[127.0558507114816,37.62519227771626],[127.05581847550505,37.62518144508802],[127.05573882818837,37.625165120816696],[127.05570020689295,37.62516212975789],[127.05564802214575,37.625162938238525],[127.05561109646035,37.625167307413605],[127.05556348100853,37.625176745157475],[127.05550173384452,37.62519360465188],[127.05546650194374,37.62520598275821],[127.05531992973127,37.62526647174435],[127.05531288524821,37.62526846622771],[127.05528428599398,37.62527655247271],[127.05524955965092,37.62528029882321],[127.05521498353818,37.625275810073376],[127.05517994932474,37.62526457313609],[127.05509380299952,37.62522183453393],[127.05507388322516,37.62521462692816],[127.05504388400993,37.62521065856421],[127.05499371393917,37.62521230373343],[127.05496584566781,37.62521009128085],[127.05494158819934,37.625204074975905],[127.05488930464142,37.62518455690333],[127.05486663647734,37.625180062511475],[127.05484165823809,37.62517975877784],[127.0548172729996,37.625184833655034],[127.05479861165237,37.625194410803445],[127.05477902484654,37.62521175488531],[127.05476352251779,37.62523170092032],[127.05473365250333,37.62528033203024],[127.05471632352071,37.62529950405743],[127.05469473307413,37.62531573183039],[127.05463054078255,37.62535391836056],[127.0546059985101,37.62537360727322],[127.05459216665277,37.62538847094638],[127.05457956163185,37.625408019181975],[127.05457047141181,37.62543187250773],[127.05456821490212,37.625459786123216],[127.05457428424978,37.625487452621634],[127.0545881434662,37.62550997088135],[127.05461883978627,37.62553762598165],[127.05466344540126,37.625563288856085],[127.05470327373783,37.625549887140345],[127.0547452219774,37.6255355645201],[127.05478717946555,37.62553077792505],[127.05482913344474,37.62552122149251],[127.05487108390957,37.62550689882641],[127.05491239238933,37.62549609840162],[127.05493534455951,37.62549385957772],[127.05495718615994,37.625489498541654],[127.0550585990394,37.6254503556448],[127.0550731584842,37.62544526728462],[127.05509292720537,37.62544111712079],[127.05511365570902,37.625438918943814],[127.05515595249459,37.62543810541102],[127.05517282562427,37.625439863456904],[127.055191548129,37.625436378694005],[127.0552031051293,37.62543516956942],[127.055227482235,37.62543433826445],[127.05527739309822,37.62543430137877],[127.05530176462756,37.625435118866946],[127.05531329737822,37.625436347813284],[127.05533059748934,37.6254395192848],[127.05534731588791,37.62544342172693],[127.05536342091554,37.625448135342616],[127.05538293310008,37.625455512476],[127.05541087220054,37.625467543751085],[127.05543024207952,37.62547700762893],[127.05544409349386,37.62548715163878],[127.05545094059269,37.625493909426375],[127.05546247346184,37.625507479174466],[127.05547207801881,37.62552064618587],[127.05547333578586,37.62552266110207],[127.05548495169685,37.62554125921624],[127.05549219720362,37.62555669601994],[127.0554949269292,37.625565418991414],[127.05549674326828,37.625581284514794],[127.0554950400143,37.625597155297406],[127.05549252490331,37.62560588974531],[127.05548087771976,37.625633630298864],[127.0554702353467,37.6256522623033],[127.05545242153379,37.625674354763454],[127.05541927659431,37.62571040530174],[127.05540428159789,37.62572546422865],[127.0553918400998,37.62573618190162],[127.05537841970067,37.625745157524264],[127.05537490790326,37.625746519662414],[127.05535944941724,37.625755254774845],[127.05531082825581,37.6257792915765],[127.05529147427265,37.62578678514419],[127.05524397202748,37.625801304270624],[127.05522709184805,37.62580544139478],[127.05512106631241,37.625822249325154],[127.05508581190166,37.62582917275322],[127.05503555841764,37.625841160406225],[127.0549929512958,37.6258485052936],[127.05491568631352,37.62586377606321],[127.05487335017544,37.62586840520714],[127.05482626077332,37.62586991102148],[127.05480360942208,37.625871622607065],[127.05472848231145,37.625882721593406],[127.05467365783757,37.62588691407279],[127.05465236040594,37.62589048914363],[127.0546208374549,37.62589443925003],[127.0545613625571,37.625906021921246],[127.05447820767219,37.62592085184215],[127.05443990942427,37.62592481403797],[127.05441448190551,37.62592856486172],[127.05427808197435,37.62595595911727],[127.05425180021756,37.62595959046766],[127.05424154892032,37.62596035831627],[127.05423108868735,37.62596043790614],[127.05420450053067,37.62595864634756],[127.05415759791173,37.62595694880133],[127.05414314558834,37.62595533185559],[127.05410460665409,37.62594766862096],[127.05406245794566,37.62593594267642],[127.05403393565115,37.62592882262887],[127.05393745605694,37.62590994424624],[127.05388465038251,37.625901877511325],[127.053840338399,37.625907862270985],[127.05379838751065,37.62592218456997],[127.05375643430655,37.625931740635146],[127.05371447995697,37.62594129398293],[127.05368228988027,37.625948624644565],[127.05368094384258,37.62595140029615],[127.0536585172804,37.62598696343388],[127.05363844878809,37.62600935306905],[127.05356425140745,37.62607414069116],[127.05353918948171,37.62609971305893],[127.05350928947249,37.62613970340301],[127.05349499069328,37.62616268504786],[127.05350968908708,37.626169357397835],[127.05354230030511,37.62618045627578],[127.05357491419137,37.626195259099894],[127.05360287378987,37.626213769787725],[127.05362617796725,37.62623598654109],[127.05365879189374,37.62625078844085],[127.05369140316952,37.62626188727741],[127.0537240155878,37.6262729861044],[127.05376127851264,37.626276673088945],[127.05379853990438,37.62627665610607],[127.05383580129607,37.62627663911145],[127.0538777196537,37.626276619978746],[127.05391498104534,37.62627660295911],[127.0539569005357,37.62627658379776],[127.05399881889318,37.62627656462204],[127.05403608028472,37.62627654756417],[127.0540733416762,37.626276530494515],[127.05411060193488,37.62627651341362],[127.05414786332632,37.62627649632046],[127.05418512471773,37.62627647921551],[127.05422704038416,37.62627275600361],[127.05426895717922,37.62626903277631],[127.05430621473793,37.62626530987657],[127.05434813265762,37.62626158662063],[127.05439470527227,37.62625786120412],[127.05443196395257,37.626254139165155],[127.05446922149629,37.62625041711494],[127.05450648016978,37.626246695953434],[127.05454839964293,37.62624667658196],[127.0545856598864,37.626246659351075],[127.05462292126263,37.626246642107894],[127.05466018263884,37.626246624852946],[127.05469744514782,37.626246607585706],[127.05473470539118,37.62624659030775],[127.05477662373129,37.62624657085571],[127.05481388624018,37.62624655355171],[127.05485114648341,37.626246536236984],[127.05488840785942,37.62624651890997],[127.05493032733219,37.62624649940281],[127.05497224453934,37.62624647988182],[127.05501416287922,37.626246460345406],[127.05505142425508,37.62624644296691],[127.05508868563093,37.62624642557665],[127.0552043616864,37.62626115850825],[127.05526835303324,37.62631199015266],[127.0552818376694,37.62632229382652],[127.05528997790057,37.6263313061863],[127.05529824093331,37.626342463737274],[127.05530850936765,37.62636018133271],[127.05531321268423,37.626373802947676],[127.05531485849951,37.62638276609265],[127.05531588416507,37.62640174940118],[127.05531569022696,37.626450357723215],[127.05531462470486,37.626469310477304],[127.0553036663216,37.62652032587492],[127.05528936687503,37.62657234563479],[127.05528490355658,37.6265921703334],[127.05527984025025,37.626607952585765],[127.05527436234257,37.62661915892094],[127.05523130209211,37.62668830458139],[127.05522038555566,37.626708724245844],[127.05521485384824,37.62672379313292],[127.05521161757449,37.6267393429735],[127.05520742387696,37.626776071853484],[127.05520310457065,37.626793074590864],[127.0552016648397,37.6268023680404],[127.05520057267874,37.62683129923156],[127.05520121273709,37.62701666791506],[127.0552034342349,37.62703510556621],[127.05520920492405,37.627061296348145],[127.05521110575013,37.62711484018986],[127.05521622223019,37.62716474704554],[127.05522130467324,37.62718548087279],[127.05522016165646,37.627219166592106],[127.05525830221394,37.6272523095467],[127.05530541657042,37.62728331744983],[127.0553566131828,37.627304520685335],[127.05553266600838,37.62736669612958],[127.05561399775644,37.62740567054055],[127.0556473664197,37.627415070117515],[127.0557217228452,37.62742739656209],[127.05577444630455,37.62742984936522],[127.05584484551292,37.62742966470186],[127.05586464811903,37.627421709527866],[127.0558784576204,37.62741767557921],[127.05589509860782,37.62741136529671],[127.05590167332501,37.627408084393075],[127.0559137926003,37.62740096085724],[127.05592442873316,37.62739347132161],[127.0559665606386,37.62735561621821],[127.05599741154369,37.627326403310626],[127.05604373347218,37.62727770732262],[127.05606316671606,37.627254668874826],[127.0560729809526,37.62724039528744],[127.05607768702464,37.62723028398188],[127.0560866742236,37.62720686847581],[127.05610414251888,37.62715589496576],[127.0561096678421,37.62713252975691],[127.05612415442616,37.62708443721419],[127.05613349355458,37.627050018688514],[127.05613874291733,37.62702576433543],[127.0561459791318,37.62700287403128],[127.05614827611046,37.62699333959923],[127.05615284900409,37.62696434367474],[127.05615719417155,37.62694735800962],[127.05616234084951,37.62690709587504],[127.05616671548161,37.62689013272005],[127.05617186396744,37.62686131671766],[127.05620464503141,37.62676306833929],[127.05621807138296,37.62671676294355],[127.05622456719658,37.62668252235658],[127.05623838928464,37.62663074958242],[127.05623983699209,37.62662169397667],[127.05624223986696,37.62658434873694],[127.05624381563362,37.62657536334699],[127.05625766216183,37.62653501957372],[127.05626308487535,37.62651541602349],[127.0562714459261,37.62649108089171],[127.05628052839576,37.62646801580635],[127.05629370937758,37.626435957818984],[127.05630102800895,37.62642184847986],[127.05632032306694,37.62639172559417],[127.0563432507458,37.62636123426908],[127.05636017923229,37.62633697432595],[127.05637406948519,37.62632016879378],[127.0564164369406,37.6262758245044],[127.056422928228,37.6262702352831],[127.05646351023468,37.62624224563979],[127.0564794416703,37.62623280378348],[127.0565051922359,37.626220335313896],[127.05655467439517,37.626200999858895],[127.05656483604888,37.62619702974556],[127.05663464852701,37.626179054009086],[127.05667315446463,37.62617110683811],[127.05671280553139,37.62616448175264],[127.05672389860591,37.62616384663072],[127.05673524181071,37.62616441330377],[127.05677237545066,37.626169275187266],[127.05680415255131,37.62617180428032],[127.05681419779206,37.62617862441837],[127.0568397559945,37.62620075025388],[127.05686647784586,37.62622022031517],[127.0568709225584,37.626224133861236],[127.05688205610144,37.62623645759664],[127.05689003796358,37.62624700880772],[127.05689634611794,37.62625831765414],[127.05690990846884,37.62628706610404],[127.05691467321356,37.626300647081216],[127.05692429686611,37.62633838387018],[127.05692940860128,37.626367270640934],[127.05693394484933,37.62638424394222],[127.05693532653038,37.62639270263943],[127.05693621547539,37.62641011828287],[127.05693535990693,37.626427549183816],[127.05693397301533,37.62643602273162],[127.05692931881124,37.62645302659561],[127.05692433109066,37.62647832870741],[127.05691895239602,37.626500461336434],[127.0569134857555,37.62653651154836],[127.05691233017248,37.626551216207865],[127.05690911392288,37.626552439497],[127.05690216309044,37.62655850648931],[127.05689544005787,37.62656619875128],[127.05689008830288,37.62657464898246],[127.05688552548972,37.6265837637612],[127.05687417423532,37.62661285938881],[127.05686847063944,37.62662489931931],[127.05683470804408,37.626688513529984],[127.05681587976365,37.62672151762869],[127.05678741131737,37.6267799603153],[127.05677699899948,37.62679701199268],[127.0567590408604,37.62682282038398],[127.05674221311223,37.62685141678241],[127.05673872956966,37.62685868941943],[127.05673556134334,37.62686797110484],[127.05671354964943,37.626941083234115],[127.05670278772297,37.62699156167485],[127.05670025494999,37.62702613284605],[127.05669313632362,37.627060437726435],[127.05669246838363,37.627086349520134],[127.05669451250633,37.62710343664923],[127.05670026796925,37.62712827408327],[127.05670302591703,37.627160465007734],[127.05670440256637,37.62716828040455],[127.0567184737876,37.627219577617815],[127.05672255720867,37.62725184899298],[127.05672839545483,37.6272767737809],[127.05673022356743,37.627292824878154],[127.0567297114341,37.62730909153528],[127.05672847816675,37.627317038829446],[127.05672406625911,37.62733400832884],[127.05672029335659,37.62735855661953],[127.05671791901655,37.62736906686768],[127.05668941477323,37.62744643025835],[127.05667037681087,37.62750648294633],[127.0566506146072,37.62755863162381],[127.05664204495443,37.62758573290671],[127.05663989420282,37.62760279411834],[127.05664060833055,37.627628761107104],[127.05664796281273,37.62766182197848],[127.05665027334582,37.627676174484805],[127.05665393144396,37.627689866821925],[127.05666557799852,37.62772113717286],[127.05667163367916,37.62773401206415],[127.05668096063476,37.62774942706657],[127.05669454710257,37.62776940982498],[127.05671962652218,37.627812266707856],[127.05673132272138,37.627829798786316],[127.05674078268552,37.62784579665802],[127.05675300024274,37.62786365193764],[127.05677259586516,37.62788886472553],[127.05677935097016,37.62789933364059],[127.05678368580197,37.62790908293084],[127.05679162571094,37.62793276604309],[127.05680278269821,37.6279740889204],[127.0568066812777,37.627997077514316],[127.05680794926957,37.62801540116581],[127.05680822279919,37.628062220793545],[127.05680750315332,37.62809011117453],[127.05680501504224,37.62810892586969],[127.05680109487997,37.62812903597157],[127.05679136373303,37.62816761728957],[127.05678618008358,37.62818426460716],[127.05678181665668,37.628200980004735],[127.05674653779135,37.628227673381765],[127.05676332783365,37.628241445892655],[127.056790385206,37.62827811202896],[127.05681197443914,37.6283341790285],[127.05682182322147,37.62838462952297],[127.05683289732337,37.62842261878462],[127.0568460686909,37.62844770490994],[127.05686047705481,37.62846079830916],[127.0568823154015,37.62847198704381],[127.05691812093113,37.6284822049823],[127.05700268653995,37.62849586816149],[127.0570766329702,37.62850365297641],[127.05711169366744,37.628502726015235],[127.05717454934597,37.62849537956575],[127.05720961989483,37.628488098814955],[127.05720351115045,37.628477137673705],[127.05719975728336,37.62846726558407],[127.05719749773411,37.62845604759731],[127.05719633253918,37.62842860862256],[127.05719691015751,37.62835452563956],[127.0571990148918,37.628336684188085],[127.05720341655555,37.6283197155798],[127.05720860341012,37.62828371145131],[127.05721802536848,37.62824549064421],[127.05723256746063,37.6282054347464],[127.05723978877981,37.62818261376301],[127.05724649809021,37.62816722616532],[127.05726201798466,37.62813776268613],[127.0572945247778,37.62809066946543],[127.05730684537896,37.62807578279065],[127.05732020542571,37.62806468245553],[127.05733646938965,37.62805566739237],[127.05735060672664,37.62805069158172],[127.05735982290742,37.62804849950685],[127.05738100503955,37.62804609078198]]]]},"properties":{"toyanghyun":"Er₁","name":"약침식토양"},"id":"LT_C_FSDIFRSTS.1202769"},{"type":"Feature","geometry":{"type":"MultiPolygon","coordinates":[[[[127.05758037929958,37.62500059660832],[127.05759585974127,37.624994429906835],[127.05763182571545,37.62499441234598],[127.05766778616436,37.624987242742975],[127.05770375213504,37.6249872251602],[127.05773971257496,37.624980057337254],[127.05777566747241,37.62496573747214],[127.05781162235466,37.62495141579406],[127.05784757168068,37.62492994207376],[127.05787452893787,37.62490847455512],[127.05790148618026,37.62488700793122],[127.0579284456713,37.62486553949803],[127.05795540288057,37.62484407015872],[127.05798236007573,37.62482260261519],[127.05800032192734,37.624793987453195],[127.05802727353189,37.624765367867795],[127.05804523308696,37.62473675269982],[127.05806319489383,37.62470813752785],[127.05809015200965,37.624686670860235],[127.0580953340826,37.624670137901774],[127.05809501108033,37.624656833186755],[127.05809911063429,37.62464375514492],[127.05811707353304,37.624615142666734],[127.05813503188271,37.62458652478201],[127.05814400047905,37.624557914027456],[127.05816196107232,37.62452929884022],[127.05817992278462,37.624500683649565],[127.05819788221758,37.62447206845717],[127.05821584390237,37.62444345326078],[127.05823380330783,37.62441483806267],[127.05826076366634,37.62439337045246],[127.05828771947682,37.62437190103632],[127.05831467640668,37.62435043431633],[127.058314814521,37.62435032612964],[127.05829841030373,37.6243366698669],[127.05827669422423,37.62430669664811],[127.0582591285919,37.62428244985132],[127.05829706457584,37.624252554386445],[127.05833166591184,37.624217209586384],[127.05835021194855,37.624191432188546],[127.05837190831609,37.62415274208547],[127.05846889136306,37.624146252012565],[127.05854420949372,37.62415200170757],[127.05857816016692,37.624133613733115],[127.05868995177688,37.62406498225942],[127.0587632993046,37.624025302326025],[127.05878080823952,37.62401769468068],[127.05886414811728,37.62398553565091],[127.05887510238232,37.62398025040179],[127.05888992383278,37.62397197284575],[127.0588930740522,37.623969078204155],[127.0588310361312,37.62395830631634],[127.05868961965322,37.62392494110899],[127.058510210718,37.62389514446574],[127.05842475098942,37.6238906278159],[127.05837378969714,37.62389323887021],[127.05832929439894,37.623864140972],[127.05831740009035,37.62384935264356],[127.05831089510653,37.62383115591968],[127.05831093693041,37.62381219012138],[127.05831819319356,37.62379156294143],[127.05833401322809,37.62377099459681],[127.05835657633484,37.62375440527824],[127.05838690208125,37.62374189358599],[127.05841095894124,37.623737890307275],[127.0584352791704,37.62373750886124],[127.05847778556155,37.62374381273289],[127.05855331191258,37.623764254715574],[127.05859834428837,37.623770413132355],[127.05864877522242,37.62379358849451],[127.05867487797974,37.6238055838734],[127.05872877668617,37.62382196403436],[127.05876327227551,37.62382547872993],[127.0587863573592,37.623824521194905],[127.0588089414049,37.62382023926285],[127.058826527943,37.62381342804436],[127.05884433738109,37.623801985638565],[127.05885643719267,37.623789951426645],[127.0588689279272,37.62377088931932],[127.05887764536637,37.62375034246476],[127.05888559951728,37.623709947245125],[127.05888669544495,37.62363452506957],[127.05888261551095,37.623603298893],[127.05887545224884,37.62358363391906],[127.05886633427355,37.6235702678196],[127.05884572706978,37.623553105284],[127.0588144730895,37.62353747072015],[127.05869727656261,37.62349339872787],[127.05861509814798,37.62345474218139],[127.0585835071716,37.62344260355348],[127.05854251088526,37.62339725919832],[127.05851518196235,37.62337427956225],[127.05848999703693,37.623340748297686],[127.05847564575409,37.62331286084871],[127.05847040221616,37.62328540135901],[127.05847164899595,37.62325742509036],[127.05847663064266,37.6232253114397],[127.05849547174434,37.6231572415313],[127.05853986684141,37.62304456908914],[127.05854570117052,37.62301648242412],[127.05854603791757,37.62299811112834],[127.05854245592927,37.62298050761583],[127.05853252075828,37.622964916456226],[127.05851825164368,37.622955075743384],[127.05849860591923,37.62295031025229],[127.058471410512,37.62295294560408],[127.05841998723959,37.62297234229885],[127.05837951911597,37.622993553545776],[127.05835036759446,37.62301525472626],[127.05831714679547,37.62304804906284],[127.05828597733269,37.62309237411147],[127.05827714822267,37.62310493012459],[127.0582576708965,37.623127284224175],[127.05816049200597,37.62321513336137],[127.05810143268354,37.62326237418292],[127.05807145012758,37.62329358111714],[127.05803368590925,37.623339919445],[127.05797522504197,37.623355760506584],[127.05793812979498,37.623359256536645],[127.05779890584066,37.62336422618403],[127.05766764700378,37.62338621142168],[127.05756609429454,37.62340019927887],[127.05752437277395,37.62339777795027],[127.05750461227636,37.623391138296775],[127.05748998105781,37.62338172110072],[127.05747917662904,37.62336977026494],[127.05746811488801,37.62334728701382],[127.05745956256456,37.62331789196831],[127.05745625479123,37.62328831417101],[127.05746033563693,37.62317435532847],[127.05748086690254,37.623078732570264],[127.05748400563623,37.623050602221475],[127.0574833875127,37.623012824129894],[127.05747577791304,37.62295725494657],[127.05746674064127,37.62293058111716],[127.05745148557104,37.62290523476559],[127.05743121515354,37.622883458762395],[127.05742647471233,37.62287922102369],[127.05742190251105,37.622919932553685],[127.05741909274279,37.622933964994665],[127.05741745999973,37.62297020980118],[127.05741540391598,37.62298771337887],[127.05740543671558,37.62302886180824],[127.05739725402553,37.62305288700806],[127.05738771507319,37.62307646237326],[127.05737888850565,37.623092520455174],[127.05737045582872,37.62310523297949],[127.05734453071085,37.62313514574155],[127.05732873889635,37.62315724021433],[127.05730302369022,37.62319060724981],[127.0572887968201,37.623206138166616],[127.05725996626306,37.62323330430932],[127.05724798065032,37.62324676006106],[127.05724231160197,37.62325469149823],[127.05722869025925,37.62327699123034],[127.05720894790288,37.62330281678829],[127.05718276971103,37.62334264409904],[127.05717604028624,37.623356364889126],[127.05716660276249,37.623383840559406],[127.0571598458647,37.62340607208623],[127.05715174894378,37.62342835561788],[127.05714199984111,37.62345872450642],[127.05713265118082,37.62348985723721],[127.05712450606755,37.62352320040682],[127.05712306480157,37.62354341655235],[127.0571186578388,37.62356792193101],[127.05710441885974,37.62360774974966],[127.05709447571392,37.623649578382135],[127.05709132824401,37.62368132168021],[127.05708634851914,37.62373158024801],[127.05707928666195,37.623765415729],[127.05707680433724,37.623837449944986],[127.05706958473144,37.62387240182407],[127.05706829620259,37.623899810473524],[127.05706948321603,37.623936683695526],[127.05707701178483,37.62397098513591],[127.05708081302508,37.62399424227766],[127.05708557935493,37.62401449145756],[127.05708680491092,37.624027687621776],[127.05708541842475,37.6240321670991],[127.0571312330516,37.624058347430854],[127.0571545720739,37.62406936240778],[127.05716997831205,37.62407448606564],[127.05718695049363,37.62407871698541],[127.05720441358729,37.62408201694515],[127.05721556441415,37.62408324408908],[127.05725098998663,37.62408370893455],[127.05726277823247,37.62408302477126],[127.05727907691272,37.62408051481967],[127.05729217713218,37.62407716940191],[127.05730214962624,37.6240736444032],[127.05734951482016,37.624055198009586],[127.05735512456604,37.624057004464966],[127.0573611058797,37.62405736015033],[127.05737327130102,37.62405663344626],[127.05742866454867,37.62404718217563],[127.05745276055723,37.62404528017511],[127.0574896130369,37.62404526492909],[127.05751296556947,37.624047287077005],[127.05753121291032,37.6240510560204],[127.05755899049089,37.624058049450056],[127.05758732786525,37.624066768891126],[127.0576121320191,37.6240768163034],[127.05764357392918,37.62408647304358],[127.05765893072557,37.62409206697694],[127.05771251745598,37.62411519434457],[127.05772870352772,37.62412381337764],[127.05776461292456,37.62414783954364],[127.05777483654131,37.62415558392767],[127.05778145717737,37.62416234619734],[127.05780296588306,37.62418814353491],[127.05783787979499,37.62423870513416],[127.0578660564797,37.624275271391845],[127.05787263132267,37.624285770972755],[127.05788425627345,37.62430820074774],[127.05788977968133,37.624316951126694],[127.05789750043924,37.624325394091656],[127.0579040172723,37.62432973365117],[127.05790797175959,37.624331146260126],[127.05791164209441,37.62433424385407],[127.05791905965535,37.624357780300336],[127.05791008986394,37.62438639103937],[127.0579191040459,37.62441499295158],[127.0579191262412,37.62444359927698],[127.05791015643959,37.624472210015625],[127.05790118663109,37.62450082075344],[127.05788322707741,37.62452943590064],[127.05785626996017,37.62455090432353],[127.05782931056048,37.62457237093933],[127.0578023534129,37.62459384025077],[127.05776639870032,37.62460816102574],[127.05773044397388,37.62462248178977],[127.05769448923371,37.624636802542796],[127.05765853447969,37.624651123284856],[127.05762257971189,37.62466544401595],[127.05758662493025,37.62467976473604],[127.05755066462228,37.62468693521556],[127.05751470430529,37.62469410298115],[127.0574787439821,37.62470127163675],[127.05744278915694,37.62471559411496],[127.05740682331701,37.62471561161807],[127.05737086846835,37.624729930470394],[127.05733491360868,37.62474425291567],[127.05730795398915,37.62476571941183],[127.05727199909877,37.6247800400359],[127.05723603871078,37.62478720861751],[127.05720908679476,37.62481582802232],[127.0571821293808,37.624837297191384],[127.05716416720497,37.62486591222891],[127.057137215233,37.62489453161695],[127.05712824507766,37.62492314229426],[127.05711419074179,37.624945532315245],[127.05712739133871,37.62494436365196],[127.05722697220004,37.62495603723835],[127.0572627317596,37.62496753450258],[127.05728767530859,37.62498175798801],[127.0573089384351,37.62500039899242],[127.0573090994333,37.62500058451753],[127.05733801146914,37.62503438721264],[127.05735912917426,37.625067181881334],[127.05736225800209,37.62507316561616],[127.05738011660382,37.62506605175071],[127.05741607711221,37.62505888312543],[127.05745202660458,37.62503741042687],[127.05748798709226,37.62503024177968],[127.05752394432574,37.62501591928726],[127.05755990479685,37.62500875151912],[127.05758037929958,37.62500059660832]],[[127.05753759876411,37.62370034099201],[127.05758635226135,37.623699290083934],[127.05760922587123,37.62370322524226],[127.05761972183804,37.62370729618304],[127.05762982586995,37.62371136911627],[127.05764857368726,37.62372670376847],[127.05766162098632,37.623753204433264],[127.05766765461183,37.62379197996827],[127.05766877783833,37.62383828114463],[127.0576081601772,37.623892892550266],[127.05749250554989,37.623875356284074],[127.05746566975829,37.62386444578912],[127.0574516267499,37.623854064246466],[127.05743643938554,37.62382861875544],[127.05743382735731,37.62379051728376],[127.05744484591811,37.62375681500366],[127.05746538543625,37.623730541229406],[127.05749666927547,37.62371166833047],[127.05753759876411,37.62370034099201]]]]},"properties":{"toyanghyun":"B₂","name":"갈색약건산림토양"},"id":"LT_C_FSDIFRSTS.1202771"},{"type":"Feature","geometry":{"type":"MultiPolygon","coordinates":[[[[127.0538043141242,37.638235051320486],[127.05380477138402,37.63798930748267],[127.0538062200684,37.63797146732075],[127.05381175940694,37.63795443617954],[127.05381899235343,37.637944981548635],[127.05382839034237,37.63793697651524],[127.05384031562252,37.63792999745061],[127.0538551303711,37.637923521617445],[127.05386705824202,37.63792013747877],[127.05390745565273,37.637913532828115],[127.053945550144,37.637902838745035],[127.05403699190184,37.6378697577826],[127.05407384152815,37.63786107342458],[127.05409392445166,37.63785437891038],[127.05414431400533,37.63783119147412],[127.05415640801563,37.63782259953698],[127.05416881570608,37.63780911510637],[127.05418091907336,37.637810297047],[127.05418284104451,37.6378062147026],[127.0541993317707,37.637779947922205],[127.05421582361828,37.63775368113886],[127.05422818687602,37.637727417151766],[127.05423642267994,37.63770115415972],[127.05425291336472,37.637674888272386],[127.05426940403729,37.63764862148166],[127.05428176839241,37.63762235838895],[127.05429413160455,37.637596093493414],[127.05430236737146,37.63756983139717],[127.0543188591364,37.637543564598566],[127.05432709375519,37.63751730159992],[127.05433945806699,37.63749103669867],[127.05435182237079,37.637464772697],[127.05436005457862,37.637435228309464],[127.05436003305607,37.63740568682334],[127.05436001153419,37.63737614623806],[127.05435999001105,37.63734660385064],[127.05435996848989,37.63731706416606],[127.0543599469668,37.63728752177835],[127.05436818267661,37.63726125967619],[127.05438442576538,37.63723746528457],[127.05437918116736,37.637172082317406],[127.05438176970164,37.637106373186434],[127.05438823625586,37.63703115777572],[127.05439593364964,37.63699074775023],[127.05440475832539,37.63696275007544],[127.0544169819863,37.63693487156423],[127.05443882078671,37.63689719670974],[127.05449198665687,37.63682459421455],[127.05456054243587,37.63672074201938],[127.0545953480977,37.63665549369612],[127.05460522113697,37.63663125713251],[127.05460795105982,37.63661971064575],[127.05461243244733,37.63661732096096],[127.05466467593568,37.6365697589902],[127.05467970635874,37.63655967270479],[127.05469778682686,37.63655128786536],[127.05471922769374,37.63654295282088],[127.05474542456837,37.63653748430243],[127.0547617695592,37.6365371361448],[127.0547906660683,37.63654064017515],[127.05481570900751,37.63654672821224],[127.05486008083538,37.63656280278714],[127.05494914303227,37.636604347211176],[127.05502594021318,37.636652514123114],[127.05508484771322,37.63669418062194],[127.05511339230506,37.63673651719527],[127.05514262600119,37.636771497797035],[127.05525544827478,37.636891380543595],[127.05528391785661,37.63691481894752],[127.05531702291542,37.63693432777733],[127.05546885699674,37.63701725974105],[127.05552951919867,37.63704718895892],[127.05565386977331,37.63710230218692],[127.0557729685846,37.63716870710841],[127.05581624580105,37.63719136984175],[127.05592157338033,37.63723932805214],[127.05596961709391,37.63726349131264],[127.05601385249754,37.63728860870271],[127.05603689904186,37.63730617147156],[127.0560477430005,37.63731708265503],[127.05607302592267,37.63734653285142],[127.0560973875169,37.63738018567431],[127.0561193438854,37.637418436461466],[127.05614241282528,37.63746567674304],[127.05616305250912,37.637518695291746],[127.05618435140748,37.63759551123831],[127.05620608541805,37.637651276360295],[127.05622834976378,37.63771765572864],[127.05624850857548,37.637766847105254],[127.05629941289514,37.63788178489843],[127.05635380927193,37.6379937783828],[127.05638854474762,37.63805732627095],[127.05642799251487,37.63811806622762],[127.05647247357365,37.63817796764742],[127.05650598140424,37.6382150190227],[127.05657339704649,37.638283060627096],[127.05659872187344,37.63830132946374],[127.05662427571605,37.63831978198586],[127.05664424575227,37.63833167711267],[127.05666827151953,37.638326665109446],[127.05669475244966,37.638315660372335],[127.05671768980234,37.63830818919342],[127.05676176720968,37.63829872567477],[127.05677622027008,37.63829362815614],[127.05679534842814,37.63828308643675],[127.05683741768821,37.63825516267676],[127.05686332969827,37.63824104076815],[127.05689123127037,37.63822103446333],[127.05691087491859,37.63820308638094],[127.05692837529426,37.638182625581614],[127.05694347832922,37.638168193525495],[127.0570392239567,37.63809003188723],[127.05704897151391,37.63808028752778],[127.05708351855624,37.63803887957237],[127.05716518225393,37.63796250859273],[127.05718661138609,37.63793869418686],[127.05724879994077,37.63789320933908],[127.05725760321924,37.637887306318966],[127.05725544866598,37.63787451337877],[127.05725310706684,37.63784681913972],[127.05724158775081,37.637819862755286],[127.0572403091136,37.63781608284289],[127.05721028023365,37.637741766150995],[127.05718866430819,37.637665174890834],[127.05715831864639,37.63757946988744],[127.05708607241773,37.63743632934371],[127.0570105683346,37.63730396160215],[127.05699932798997,37.63728750243302],[127.05698498323386,37.6372665019958],[127.05696989828728,37.63724056902122],[127.05693866832803,37.6371832418063],[127.05689610327723,37.63710988161469],[127.0568831755683,37.63708097523834],[127.0568712647251,37.63704094030404],[127.05686802951918,37.63701342578013],[127.05686916298862,37.636999216699586],[127.05687258183383,37.63698524077349],[127.0568778260502,37.63697296052215],[127.05688763438941,37.63695988520317],[127.0568973117089,37.63695180230473],[127.05690437372695,37.636947640852874],[127.05691447339355,37.636943690567776],[127.0569247251502,37.63694158362386],[127.0569374735675,37.6369404359243],[127.0569666409383,37.63694074169473],[127.05699539708915,37.636944075867355],[127.0570061737073,37.63694532663413],[127.05702378301307,37.63694922119189],[127.05704506188833,37.63695592594719],[127.05710172324824,37.636978743915144],[127.05714231676785,37.63699254897652],[127.05720308098678,37.63701578296554],[127.05727080530421,37.63703488433041],[127.05729666640784,37.63703922623508],[127.05731374922881,37.63704057301946],[127.05740618610082,37.63704220931803],[127.05745088889162,37.637047052878366],[127.05752880911082,37.637063488521],[127.05760792325351,37.63708692238092],[127.05763174946813,37.6370925869507],[127.05781035363198,37.63712527740846],[127.05784394275354,37.637129565852064],[127.05786329021939,37.6371306609727],[127.05788307610705,37.63713024582416],[127.05790016340522,37.63712856160778],[127.0579351394317,37.637130113954264],[127.0579419242362,37.63712939253738],[127.05797046950839,37.637082808401225],[127.05799913559053,37.63702698729978],[127.05802491049344,37.636983078635105],[127.05805043368079,37.6369360436702],[127.05805643160329,37.63692729215407],[127.05807887844996,37.636901711150635],[127.05809402012775,37.63687932322712],[127.05809846189123,37.636865454879825],[127.05809761594028,37.63685575168723],[127.05809550495347,37.63685104057478],[127.05809174007437,37.636846636611544],[127.05808676381237,37.63684337749565],[127.05807566947621,37.63684004931237],[127.05805830086308,37.63683975152551],[127.05804133213837,37.636843760248006],[127.05802947628605,37.63685187494538],[127.05801827050969,37.6368655033505],[127.05800602663723,37.63688458322454],[127.05799235371404,37.63690172668176],[127.05798225539604,37.6369117055495],[127.05797051367726,37.636920919386554],[127.05795735481509,37.63692893560844],[127.05794282350571,37.63693495231603],[127.0579244846244,37.63693994376826],[127.05790068375822,37.63694355038125],[127.05788030825653,37.6368936367966],[127.05787757656242,37.63687742941536],[127.05787930402683,37.6368551201777],[127.0578886288848,37.63682660843524],[127.05789248416744,37.63680152311914],[127.05789257423127,37.63679932377036],[127.05787348644594,37.63679403444153],[127.05786575996633,37.63678864133062],[127.05778909749921,37.63675165742782],[127.05770446590896,37.63672356198676],[127.05765769131972,37.636711668425335],[127.05756827520321,37.636693706801786],[127.05749533085832,37.636682526007405],[127.05740246263564,37.636664514584126],[127.0573353538074,37.636655717561034],[127.05726237866986,37.636644178946426],[127.05717264105535,37.63663520360425],[127.05714407404795,37.63662868530163],[127.05711592718903,37.63661896378664],[127.05711282052765,37.636617384962626],[127.05708843874781,37.63660500731631],[127.05707114388558,37.63659292446317],[127.05705990701787,37.63658088913302],[127.05705029179984,37.63656638251648],[127.0570358338111,37.63653492710623],[127.05702964726846,37.63651342988877],[127.05702645307852,37.636480331942074],[127.0570267416695,37.63645768464034],[127.05703264632162,37.6364350048914],[127.05704081149612,37.63642008873918],[127.05704692420106,37.63641318063368],[127.05705907005361,37.636403486467216],[127.05708236682477,37.6363897793232],[127.05710754860142,37.636378730970335],[127.05713538129777,37.63636890306423],[127.05717763945387,37.63635693552976],[127.05720935285899,37.63635050694439],[127.05723691123352,37.63634199728859],[127.05725461018724,37.63633443754463],[127.05730558174072,37.6363089960076],[127.05735058702935,37.636284935855976],[127.05743329373176,37.63624615416388],[127.05747179901478,37.636232196272424],[127.05753324740087,37.63621771632429],[127.05756596355047,37.63621297289722],[127.0575861100855,37.63621187827972],[127.05762007732893,37.636213411390685],[127.05766611284938,37.63621789472636],[127.05771314190531,37.636226677059305],[127.05782400925331,37.636256765234606],[127.05784477999842,37.636261441977965],[127.05792106731688,37.63627258848068],[127.05795521271472,37.63627589634843],[127.05800724029372,37.636277186219026],[127.05805520972756,37.6362844416843],[127.05809003572212,37.63628442454291],[127.0581248620211,37.63628625260869],[127.05816200944739,37.63628623430237],[127.05819915574068,37.63628621598493],[127.05823398173598,37.636286198801045],[127.05823985086272,37.63628526248346],[127.05824069518113,37.63627108596625],[127.058239061212,37.6362533553849],[127.05822820368104,37.63621945667217],[127.05822598776003,37.636196410565226],[127.05822785496872,37.63617911072849],[127.05823719109358,37.63615079716647],[127.05824575396666,37.636104338143774],[127.05825221222446,37.63609035166532],[127.05826480697915,37.636071091392935],[127.05826729744132,37.63606848000895],[127.05825874646625,37.636045992938264],[127.05825865966878,37.63603204573035],[127.05825234292348,37.636005252648566],[127.05824367150991,37.63598521090985],[127.05823060096861,37.63596533081602],[127.05820461252972,37.635938224885784],[127.05817306325199,37.63591360750977],[127.05814544434008,37.635897884516346],[127.05812957045764,37.63589050425943],[127.05810970297915,37.63588319804615],[127.05807817959176,37.63587576241991],[127.05799892682715,37.63586346691755],[127.057948261431,37.63585791111004],[127.05789555595061,37.63585719277053],[127.05782076421535,37.63586022612385],[127.05770899548813,37.63585632461873],[127.05767522249403,37.63585671504171],[127.05755236676106,37.635864627119666],[127.05742465098379,37.635880350274114],[127.05736757709221,37.63589176378883],[127.05732216592786,37.635903347302374],[127.05726860897197,37.63591513026633],[127.05719820633189,37.63592866568116],[127.0571351173482,37.63595021177596],[127.05709955881085,37.63596545564],[127.05707242003754,37.63598026294785],[127.05702457677779,37.636011716048834],[127.05699802107235,37.6360275195473],[127.05697290553584,37.63604061037886],[127.05693528642242,37.63605779140536],[127.05688896032113,37.6360836134624],[127.05684085272358,37.636114783706496],[127.05680138553643,37.636151109713545],[127.05671639469813,37.63621987144205],[127.056654861562,37.63625425286687],[127.05662359158725,37.636271726267594],[127.05657523953846,37.63629459033761],[127.05654408722985,37.63630591714002],[127.05649981749141,37.63631871071339],[127.05641666929756,37.636337742367424],[127.05638056515416,37.63634206543373],[127.05634678718393,37.63634216806462],[127.05631037546277,37.63633826976681],[127.05624216215814,37.63632611737971],[127.05620536672028,37.636321170485665],[127.05613612932268,37.63631814550471],[127.05611464247119,37.63631927204656],[127.05609594247241,37.63632160548062],[127.05605464303454,37.636332581989606],[127.05601145557208,37.636348926549005],[127.055984184569,37.63636313271137],[127.05594650806277,37.63638588514116],[127.05591046072539,37.6364056067738],[127.05589295844582,37.63641426812773],[127.05586455270722,37.63642616557494],[127.05584527894388,37.63643243654598],[127.05581344813292,37.63643963336053],[127.05578400943521,37.636444386464795],[127.0557645430232,37.63644606429146],[127.05572493016695,37.63644604696801],[127.05566962390496,37.63644196728712],[127.05563931018423,37.636437111761616],[127.0556038005606,37.636429015130624],[127.05557095090533,37.636417566472375],[127.05555629333153,37.63641085562991],[127.05549678486693,37.63637314497199],[127.05548307031799,37.63636543088032],[127.05547228918057,37.63636100220175],[127.05546751923896,37.63636075757439],[127.05544213678151,37.6362789150027],[127.05543850826479,37.63625956084336],[127.05543791602108,37.63624470657911],[127.05544069107471,37.63622395108171],[127.05545101715407,37.636195394909834],[127.05546191718214,37.63617080280192],[127.05547298336127,37.63615178681209],[127.05548584837092,37.636133893503775],[127.05550299290906,37.63611343848195],[127.05553060254584,37.63608689147664],[127.0555658818597,37.63605979575686],[127.05560751877852,37.63603657577151],[127.05562626483358,37.636024669425254],[127.05563879957818,37.6360151995663],[127.0556670200033,37.63598893514995],[127.05581202305488,37.635837036221325],[127.05585202192519,37.635784078103974],[127.05587888587507,37.635751533509946],[127.05590291908409,37.635751445541494],[127.0559337555167,37.63574814413269],[127.05596651578323,37.63574193792784],[127.05599240642626,37.63573500968107],[127.05602054932474,37.63572500439559],[127.05605756260421,37.6357096655615],[127.05615312480047,37.63566169851558],[127.0562317693421,37.635625295493014],[127.05625768690945,37.63561509479659],[127.05632297802681,37.63559316790276],[127.05636682794417,37.63558006916086],[127.05654396339794,37.635534002619714],[127.05658092252959,37.635522227043715],[127.05662102346507,37.63550468274165],[127.0566724377887,37.63547644009893],[127.05676219082848,37.63541824285824],[127.05681231928837,37.63539316233022],[127.05684314046927,37.635380497651745],[127.05688719097598,37.63536775901351],[127.05691667307013,37.63536113606786],[127.05705285204242,37.635340641355825],[127.05709722012449,37.635338803506755],[127.05714700629878,37.6353389100461],[127.05717911835191,37.635340241461215],[127.0572282428676,37.63534475320409],[127.05733212542886,37.635363291899814],[127.05743485782324,37.6353785235469],[127.05754446918914,37.63539775843127],[127.05770511081808,37.6354141770143],[127.057746325063,37.63541998802671],[127.05778068085363,37.6354263033315],[127.05785939450449,37.635446766677525],[127.05792538341645,37.63546053469033],[127.05797925090485,37.635474228435655],[127.05807150449566,37.635494682282626],[127.05827740729877,37.635545444081544],[127.05832542518611,37.635554380652586],[127.05834787434915,37.635557038271266],[127.05842177159533,37.63555945058162],[127.05845572386941,37.6355566947698],[127.05848453366674,37.635551014196295],[127.05853149830423,37.63553730403989],[127.05854163538069,37.63553373561386],[127.0585723454396,37.63551980915979],[127.05860019267253,37.63550317755989],[127.05863268705828,37.635492083802525],[127.05865682773853,37.63547460980784],[127.05865343213924,37.63544990377663],[127.05865432090329,37.6354275228604],[127.05866317621847,37.63539320893815],[127.058674597944,37.63536648003495],[127.05869015367767,37.63532378361474],[127.05869327095608,37.63531151965412],[127.05869611205057,37.635279416134395],[127.0586965485957,37.63520066079108],[127.0586930176663,37.6351623436419],[127.05868361426276,37.635133543818405],[127.05867585625886,37.63509367907586],[127.0586663399946,37.63506541088813],[127.05866342614783,37.63504821252678],[127.05865932612453,37.63500652597335],[127.05866198422385,37.634972224139496],[127.0586616712584,37.63494881669558],[127.05865724977234,37.63491614015481],[127.0586540678119,37.63486051490017],[127.05864926084591,37.634827469146245],[127.0586452236711,37.634779232395765],[127.05863342681056,37.634724947582306],[127.05862861142477,37.63470279204144],[127.05861932214782,37.63467494719835],[127.05861564816496,37.63465635268496],[127.05861434867101,37.63461738571177],[127.05861691012896,37.634532160228915],[127.05861597129484,37.6345196460078],[127.05861300484723,37.634507556257105],[127.05860676541943,37.63449698178762],[127.05859233421863,37.63448553743023],[127.05858629359744,37.63448286450312],[127.05857306982927,37.63447972662945],[127.0585526540179,37.63447922320112],[127.05853916215811,37.63448094176814],[127.05851119513258,37.634487370656856],[127.05845402277752,37.634495895287955],[127.05841827666532,37.63450764382234],[127.05837934063835,37.63452573686162],[127.0583603195838,37.63454133331938],[127.05833462582457,37.63457177230312],[127.05832467940195,37.6345871930808],[127.05830927717477,37.63462342931694],[127.0583063059956,37.63463422459044],[127.05830091869846,37.63467022161947],[127.05830109006143,37.63470104424528],[127.05829837141071,37.63471604699546],[127.05828502502614,37.63474452472764],[127.05826731561456,37.63477144590819],[127.0582581123657,37.63478107297672],[127.0582469933286,37.634789259413694],[127.0582336067097,37.63479525757434],[127.05819804425083,37.63481755378664],[127.05814849879657,37.63484531595075],[127.05803307672602,37.63489969318668],[127.05795926627103,37.63492939891608],[127.05788835632512,37.634965263213005],[127.05785348963089,37.634976287652734],[127.05781036228119,37.63498534747692],[127.05776436498635,37.63499122100427],[127.0576917773009,37.63499522986503],[127.05765742130293,37.63499864337379],[127.05754113700579,37.63502286186608],[127.0574159059133,37.635042798610485],[127.05738236506896,37.63504552509161],[127.05737153051547,37.635045196995875],[127.05733080444709,37.635040396520424],[127.05728282373491,37.63503354981162],[127.0572657088168,37.63502963883342],[127.05725015238816,37.63502368185979],[127.05723170859552,37.63501393944327],[127.05721808035334,37.635004920882835],[127.05720646000195,37.634994841788505],[127.05719846789269,37.63498402753206],[127.05719237987277,37.634972714107185],[127.05718660499763,37.634953120474734],[127.05718679134661,37.63493018129704],[127.05719276233914,37.6349011531592],[127.05720383135493,37.634871879283274],[127.05721686356425,37.63484680755096],[127.05723277022165,37.634826424952706],[127.05725859942588,37.63480053071462],[127.05726895970017,37.634792597014965],[127.05729544750152,37.63477753409536],[127.05734162035168,37.634755501492336],[127.05738860101286,37.63473796079144],[127.05750268924716,37.63470045668707],[127.05752745151734,37.63469128159472],[127.05757149268774,37.63467152582992],[127.05764302524882,37.63463664709555],[127.0577052123031,37.63461218287414],[127.05779818550117,37.63457000278325],[127.05786087322616,37.6345441047665],[127.05788857834352,37.634530015081424],[127.0579128181087,37.634514846809275],[127.05793268284458,37.634500143786845],[127.05796503188735,37.63447156035376],[127.05797918954751,37.63445623664514],[127.05798876588305,37.634441236838306],[127.05799864480885,37.63442199504247],[127.05800454311552,37.63440631319426],[127.05801451980379,37.63437147799381],[127.05801891550229,37.634348077240226],[127.05802132892512,37.63431347280608],[127.05801927471475,37.63429863008081],[127.05801428025512,37.634281941781026],[127.05800484576272,37.63426659362729],[127.05799068501534,37.63425310833077],[127.05798081161622,37.63424590079443],[127.05796937562816,37.634239786019414],[127.05795183783238,37.63423530592512],[127.05793669440816,37.63423438084216],[127.05791725454243,37.634235883319235],[127.05786506583047,37.63424703429441],[127.05782807277396,37.63425781470263],[127.05774793219402,37.6342862169763],[127.05765214678902,37.63431588551764],[127.05763539413557,37.6343202346502],[127.05757712522352,37.634331812831995],[127.05754965775104,37.63433524997746],[127.05751480389337,37.634337623950564],[127.05748300571206,37.63433727634965],[127.05746293649511,37.634335135473286],[127.05744399744971,37.634330883034345],[127.05742796908825,37.63432393072425],[127.0574178349526,37.634316452972165],[127.0574083034146,37.634305871031074],[127.0573976798053,37.634286541051615],[127.05738999592275,37.63425807815358],[127.0573880959075,37.634228490714904],[127.05739164539067,37.63420347763164],[127.05740430573405,37.6341709296792],[127.05741276069854,37.63415612057188],[127.05744100974981,37.63411431190777],[127.05746764505984,37.634079307364125],[127.057533384271,37.63400450884684],[127.05758619718424,37.633940610417504],[127.05760223714563,37.633914244256495],[127.05762477185462,37.6338713733715],[127.05763133385179,37.63385391807681],[127.05763953841154,37.63382304179978],[127.05764249297043,37.63380531346598],[127.0576421954429,37.63379120417782],[127.05762644969026,37.633715835418606],[127.05762327834341,37.633662622057685],[127.05761758667374,37.63361874954338],[127.05760790949061,37.633492800990275],[127.05760859993265,37.63346702796047],[127.05759050743725,37.63347458434912],[127.05757300748955,37.63347925098507],[127.0575528290368,37.633477666085035],[127.05754162166944,37.63347399553006],[127.05752997051444,37.63346779342092],[127.05751411210073,37.63345621447756],[127.05749953240009,37.633442706799755],[127.05749080105686,37.63343245783844],[127.0574727553662,37.633405175776254],[127.05744503939657,37.63335468903056],[127.05743252160019,37.63331170009115],[127.05741955415995,37.633287992461135],[127.05741296577614,37.63327998590506],[127.05740347734634,37.63327225105527],[127.057385140764,37.63326437635074],[127.05736438433881,37.63326246734464],[127.05734358666218,37.63326584714055],[127.05733065311097,37.633271457556226],[127.05731928427087,37.63327875205344],[127.05730011753464,37.63329630355312],[127.05728507776686,37.63331798856994],[127.05727638662667,37.63334530166313],[127.057276040449,37.63336661014076],[127.0572812095359,37.63338527605309],[127.05722876517065,37.63336820980527],[127.05717891147279,37.63336106213015],[127.05713313215486,37.63334853357707],[127.05711260173679,37.633345894618934],[127.05708488042204,37.63334731357178],[127.05703130142058,37.63335754764896],[127.05701935208792,37.63336135558348],[127.05700998748351,37.633367369682645],[127.05700379580703,37.633374391352056],[127.05699502625357,37.6333881806683],[127.05698913714757,37.633405698673016],[127.05698727580254,37.63343096320821],[127.05698695029888,37.633509123865366],[127.05698054797546,37.633566708945835],[127.0569811799373,37.633607982789705],[127.0569777123307,37.63362167043507],[127.05696089379602,37.63365829460903],[127.05689716597786,37.63365678467219],[127.05687704321699,37.63365399230914],[127.0568484999804,37.63364740184097],[127.05682645162712,37.633645087919355],[127.05677309013114,37.633643717080034],[127.05673516082119,37.63364476244814],[127.05671324115362,37.6336477912879],[127.05666981532887,37.633661308917056],[127.05665178673424,37.6336711473273],[127.05663599177576,37.63368334524476],[127.05662249844185,37.63369792065745],[127.05661199736201,37.633714278584264],[127.0566074214724,37.63373066970695],[127.05660653651542,37.63375885295953],[127.05660881502642,37.633775556138374],[127.05661213127273,37.63378625825551],[127.0566364772167,37.63383035882356],[127.05664608223029,37.633857365758914],[127.0566492030068,37.633879195139976],[127.05664922606768,37.63392449668114],[127.05662339902497,37.633929230242686],[127.05660154598034,37.63393059220639],[127.05657965693882,37.63392930528588],[127.05656556115986,37.63392637483169],[127.05655182608719,37.633921029561726],[127.0565127368111,37.63390151492462],[127.05650108495652,37.63389586051387],[127.05649673035059,37.63390679335548],[127.05647467300808,37.633948077161],[127.05644811821723,37.634004711402106],[127.05642473969436,37.634075783311374],[127.05639184514581,37.63415364148151],[127.05637364640127,37.63419339985574],[127.05635746427345,37.63422269141641],[127.05629781881036,37.63431696567446],[127.05622544284742,37.63442077208729],[127.05620568963386,37.63444407197256],[127.0561834283037,37.63446463405303],[127.05612767247372,37.6344980700308],[127.05611727809497,37.634505955894646],[127.05610410382734,37.63451879759836],[127.05608951970723,37.63453552141605],[127.05606588740122,37.634566547269536],[127.05603832985028,37.634610157243905],[127.05601212658088,37.6346468307829],[127.05594399669245,37.63472870411607],[127.05586772888184,37.63481677283405],[127.05583319694065,37.634851533879555],[127.05576274512937,37.634904400980005],[127.0557393260408,37.634928482771194],[127.05569475193707,37.63498795173598],[127.05565006901996,37.635074791768666],[127.05562762525447,37.63512920294663],[127.05560754030226,37.63516849357322],[127.05559747328759,37.63518410608636],[127.05557788184659,37.63520609935868],[127.05556297188711,37.63522072036314],[127.05554839422292,37.63523124442895],[127.0555339063254,37.63523908441542],[127.05551924281075,37.63524539100572],[127.05548349223913,37.635256817901066],[127.05542758579364,37.635267157756935],[127.05541603196285,37.63527010309922],[127.05541252464464,37.63527199681566],[127.05537350427899,37.635269560851135],[127.05532101952042,37.63526033595631],[127.05528790050711,37.63525004420826],[127.05526005319676,37.635235314431185],[127.05524274887628,37.63522033914854],[127.05521566071181,37.63518577921927],[127.05519712224839,37.63515496068017],[127.05517879628901,37.63511579981532],[127.05517132378685,37.63508565994393],[127.05516423389895,37.635022897015254],[127.0551646127271,37.63495297857184],[127.05516752111313,37.63491791356421],[127.05517168431025,37.634894457166205],[127.05517945064834,37.63486695095558],[127.05519042996126,37.63484247145334],[127.05521440199196,37.63479990669757],[127.05522070513048,37.634780837094816],[127.05522762306276,37.63477961392263],[127.05523527139566,37.63477639742842],[127.05525105783738,37.63476737657907],[127.0553047516549,37.63472692871306],[127.0553283096794,37.63470676712963],[127.05534541576591,37.63468984220472],[127.05536081821276,37.6346733226191],[127.0553702655851,37.634660887290174],[127.05538617611539,37.63463593784318],[127.05541529839391,37.63457216773739],[127.05543898036495,37.634531378011665],[127.05551731929864,37.63442643944143],[127.05556807891192,37.634350112890075],[127.05560378906208,37.63430936611754],[127.05562442546746,37.63428216194605],[127.05564472280315,37.63424086922083],[127.05566622980587,37.634180981382706],[127.0556493607426,37.63417670785722],[127.05561192220853,37.63415258810805],[127.055597920172,37.63413862943175],[127.05558961411009,37.634121118187394],[127.05557271617998,37.63406740939208],[127.05559991567712,37.63404948498604],[127.05562982461556,37.63403392888812],[127.05570887284587,37.634009078450426],[127.05573577059224,37.63399676729513],[127.05576791825847,37.6339753086494],[127.05579456896803,37.633950825283016],[127.0558105272061,37.63392946437867],[127.0558251544838,37.63390084215846],[127.05585764630567,37.6338246484538],[127.0558748461844,37.63379724133947],[127.05591466325025,37.63374508244318],[127.05594807155587,37.63368263731699],[127.05595505167072,37.63365419890254],[127.05595365703297,37.6336375583605],[127.05594951422935,37.63362735215857],[127.0559380752288,37.633616870110274],[127.05591087585269,37.63360439534229],[127.05587170105254,37.63359125951004],[127.0558120537433,37.63357717830595],[127.05577032786523,37.633561304650534],[127.05574183463015,37.633545640966034],[127.05571155514798,37.633519824010484],[127.05567271332427,37.63346696349996],[127.05565184076033,37.633430870853864],[127.05564292063964,37.63341020645116],[127.05563251494678,37.63337238798217],[127.05561416359431,37.63326846794244],[127.05560215259817,37.633235209213815],[127.05559390603366,37.6332213919801],[127.0555771240269,37.63320137097558],[127.05556137837144,37.6331885934051],[127.05554259860598,37.63317861932618],[127.05551272982132,37.63317156965555],[127.05547745298347,37.63317428019479],[127.05544884385121,37.633185321707366],[127.05538542963843,37.63322415694321],[127.0553685081715,37.6332298681242],[127.05534317881322,37.63323331276304],[127.05528610853439,37.63324118440022],[127.0551983146973,37.633261177831976],[127.05508684067836,37.63330113458325],[127.05505479195658,37.633312232566034],[127.05502970605298,37.63331556980665],[127.05499044550487,37.63331172198185],[127.05487178808023,37.633300093242745],[127.0547504645517,37.63328329126097],[127.05471701200747,37.63327416537908],[127.05468889640395,37.63326319539944],[127.05464356889723,37.63323733558815],[127.05458960867746,37.63319295008303],[127.05456101022375,37.633163003736506],[127.0545229211366,37.6331109867194],[127.05443847933819,37.63306859649329],[127.0543368431898,37.63300558515819],[127.05422035528348,37.63296819648451],[127.05403944729169,37.632932809475456],[127.05392545382017,37.6329151257266],[127.05382257616206,37.63289228045629],[127.05371279138345,37.6328318644342],[127.0536667498454,37.632800025629464],[127.0536476997024,37.63278064598135],[127.05363559825015,37.632763642674824],[127.0536249622252,37.63274113457924],[127.05361693073938,37.63271387620337],[127.05361236175287,37.63266185896782],[127.05362184684816,37.63258677371451],[127.05363227026258,37.63255150980099],[127.05369430805612,37.6323910358439],[127.05370512460179,37.632351155993774],[127.05371000630518,37.63230714061645],[127.05369998112056,37.632158910492095],[127.05368351673552,37.63203132938321],[127.0536362279281,37.63186013655083],[127.0536082229004,37.631792381626994],[127.05357703123715,37.631729543020676],[127.05355458605088,37.63169269748233],[127.05352725733063,37.631657884076205],[127.05350716990493,37.63163708401738],[127.05347786453916,37.631615197940384],[127.05339801956904,37.631569015327926],[127.05338564269162,37.63158631174887],[127.05336562152822,37.63162957713843],[127.05335735098441,37.631660619842506],[127.05334824211636,37.63173923497895],[127.05333664219742,37.63177215323689],[127.05330978121462,37.63181950317326],[127.05328247433776,37.63184533776237],[127.05325632572983,37.63185913465129],[127.0532341934577,37.63186533441168],[127.05321094839823,37.63186795775593],[127.0531758958263,37.631866676139026],[127.05314576765473,37.63186022964479],[127.05311106884089,37.63184662236283],[127.05308663310444,37.631831713033804],[127.05306582041621,37.63181369366909],[127.05304589974952,37.63179149332519],[127.05303307314706,37.631772335121745],[127.05301347710335,37.6317286461133],[127.05300761658519,37.63167589602325],[127.0530094404545,37.63164388317544],[127.05301510626248,37.631613913839246],[127.0530299119296,37.63156443405046],[127.05304180012956,37.631538489322764],[127.05315705840002,37.63136130362222],[127.05319456048719,37.63128693736165],[127.05320786638787,37.63124748619759],[127.05320780715269,37.63122796185883],[127.05320475285488,37.63121835872591],[127.0531958394053,37.63120573092183],[127.05318785948641,37.63119950870633],[127.05317802274865,37.63119483702304],[127.05315472846739,37.63119168505865],[127.0531372956012,37.63119473824337],[127.05311924277223,37.6312021795062],[127.05309969881893,37.63121564002348],[127.05308253587032,37.631231856483325],[127.05301126105071,37.631320185149654],[127.05298141750211,37.63136325667175],[127.05293686025296,37.631441797594],[127.05287343142275,37.63153970914363],[127.05282381772287,37.631629235304686],[127.05280139660313,37.63167547492613],[127.05274670517166,37.63184201959639],[127.05272296419898,37.631896386683664],[127.05270937483898,37.631919989574484],[127.052668388944,37.63197118387258],[127.0526423593621,37.63200939728812],[127.05262075123461,37.63205214068459],[127.05261144926075,37.63208298557736],[127.05260968693622,37.63212220627575],[127.05261686721045,37.63215110669879],[127.0526376427603,37.63218073986529],[127.05267109223027,37.63220582640252],[127.05271511864204,37.63222477249184],[127.05274619889435,37.632231696192456],[127.0528467798597,37.63223505691215],[127.05288223113045,37.63223918556312],[127.05290894138032,37.6322502827436],[127.05292628801149,37.632269042497775],[127.05293201029993,37.63228664519312],[127.05293231773663,37.63230480892864],[127.05292447955554,37.63234522526095],[127.0529345645111,37.632346670423026],[127.05295769477492,37.6323832094326],[127.05305346725712,37.63255454381],[127.05309563419353,37.63261392593121],[127.05314793624709,37.63269252960623],[127.05317827488336,37.63273471180064],[127.05322258539651,37.63279080250865],[127.05325967965997,37.63284889574431],[127.05328066186023,37.6328864789984],[127.05331344074496,37.63295535626053],[127.05332635278423,37.63298746786205],[127.0533383389015,37.633030189887855],[127.05335644190255,37.633119269363355],[127.05336698358505,37.63318890628178],[127.05337366094264,37.633217387021595],[127.05338146546885,37.633261587648285],[127.05338504752052,37.6332818708182],[127.05338766870658,37.633308268511165],[127.05338645193994,37.63333358135194],[127.05337658463625,37.63338795669448],[127.05336626574397,37.63342713171173],[127.0533600460102,37.63344293330741],[127.05334891342522,37.63346433674974],[127.05331335151394,37.6335123429209],[127.05328932673463,37.63355020057501],[127.05327187443541,37.63358392784173],[127.05325995817451,37.63361375764615],[127.05324795892655,37.63365907993368],[127.05324554739894,37.63368194803584],[127.05324889584632,37.63370194209749],[127.05325420286064,37.63371523194237],[127.05326083961909,37.633726506582995],[127.05327660082591,37.63374559045032],[127.05329505152561,37.63376140702802],[127.05331433824439,37.63377234889315],[127.05333778443004,37.6337808345902],[127.05337486060435,37.63379064757612],[127.0533960897839,37.63379453293122],[127.05343674996558,37.63379880591745],[127.0534873075647,37.633801801310746],[127.0535201835718,37.63380623456824],[127.05362808965256,37.633831329375745],[127.0537157942137,37.63384790455406],[127.05374851779924,37.633856162500905],[127.05378989889546,37.63387031344245],[127.05385702699473,37.63389887289328],[127.05393520076615,37.63393945361191],[127.05400510545249,37.63398634856622],[127.0540191243379,37.633997427874576],[127.05403357213174,37.63401098199203],[127.05405697717173,37.63404221294396],[127.05409283624469,37.6341012597135],[127.05410400827553,37.6341234873093],[127.05409754852266,37.63414250106534],[127.054095011948,37.634164444829125],[127.05410058851841,37.634250816147095],[127.0540980167146,37.634297618115994],[127.0540899900192,37.63432745432599],[127.0540428176505,37.634425156281125],[127.05403441173998,37.6344257520785],[127.05399553273485,37.634434814870374],[127.05385424638449,37.63447441738833],[127.05388924864071,37.63449373475242],[127.05391354118811,37.634512878605136],[127.05395168093082,37.634551504436786],[127.0539117968981,37.634576191648875],[127.0538925981173,37.63458231811087],[127.05386142336114,37.63458723370706],[127.0538087844628,37.63458328437932],[127.05371256114438,37.63456288486377],[127.0536609657475,37.63456057478848],[127.05350537070845,37.634578989514395],[127.05344377132447,37.63459223488895],[127.05338860292754,37.634568149495],[127.0533657042411,37.63454933826851],[127.0533539935753,37.63452303478979],[127.0533571799992,37.634495382105534],[127.05336006874965,37.63449031545895],[127.05333532258915,37.63448936709833],[127.05331099558916,37.63448997004009],[127.05323178693486,37.63449823089899],[127.05320426699843,37.63450313476182],[127.05309796430392,37.63452896885262],[127.0529107368126,37.63454289570254],[127.05273454815533,37.63456749670247],[127.05248788232245,37.63459913667749],[127.05233782819093,37.63462900432937],[127.05236197088493,37.63470956874398],[127.05240893594927,37.63492628894003],[127.05242441465046,37.63497861129439],[127.05242696508925,37.63498372505513],[127.05244263532141,37.63501514716388],[127.05245485844925,37.6350616686147],[127.05246465531488,37.6350863152183],[127.0525410743543,37.6350685525237],[127.05270403120194,37.63501943470597],[127.05288462445068,37.63499132784689],[127.05291105477107,37.6349913159972],[127.05293748373865,37.6349878002101],[127.05296391270372,37.63498428441707],[127.05298593318261,37.63497726846783],[127.05300795479032,37.63497025251397],[127.05303438261289,37.634966736705664],[127.05305640172155,37.63495621681174],[127.05307842218346,37.63494920084521],[127.05310044014844,37.63493868184454],[127.05312246173268,37.6349316640673],[127.05314888953744,37.63492815003531],[127.05317531960368,37.634924633293416],[127.05320174853573,37.63492111834809],[127.05322817769823,37.63492110642789],[127.05325460912655,37.634921094500775],[127.05328104055488,37.634921082567715],[127.05330747335275,37.63492457365928],[127.05332950492938,37.634931570666495],[127.05335594023929,37.6349385665792],[127.0533779718233,37.63494556177536],[127.05340000227979,37.63495255876989],[127.05342203638122,37.634963058789786],[127.05344406797997,37.63497005577555],[127.05346609731627,37.634977051857206],[127.05348813394589,37.63499105579566],[127.05350576458417,37.63500505992616],[127.05352780009656,37.635019063857634],[127.05354983674884,37.63503306598248],[127.05356746740927,37.63504707100462],[127.05358950042923,37.63505757099354],[127.0536115334554,37.63506807097833],[127.05362916526927,37.63508207689162],[127.05365119830824,37.63509257686894],[127.05367323387242,37.63510657897105],[127.05369526553639,37.63511357500869],[127.05371729859395,37.6351240749736],[127.05373932913557,37.635131072805464],[127.05376576316144,37.635134562892674],[127.05378779484361,37.63514156071496],[127.05380982539504,37.63514855583066],[127.05383185595186,37.63515555274424],[127.05385828999135,37.63515904371168],[127.05388032055586,37.635166040616184],[127.0539023573183,37.635180043575744],[127.05392439042457,37.635190543501814],[127.0539420223261,37.63520454936802],[127.0539640554439,37.63521504748465],[127.05398168622568,37.635229053345356],[127.05400371935696,37.63523955235552],[127.05403015343549,37.63524304508634],[127.05405658497753,37.635243032979474],[127.05408301538661,37.63524302086719],[127.05410944552006,37.63523950391618],[127.05413587225348,37.63523598876277],[127.05416230125094,37.63523247450342],[127.05418873278917,37.635232462366936],[127.05421516319443,37.63523245022506],[127.05424159473263,37.63523243807675],[127.05426802627079,37.635232425922496],[127.05429445667602,37.63523241376286],[127.05431648843458,37.635239408783285],[127.05437817517225,37.635256897325725],[127.05438257891946,37.635256895296024],[127.05440901188754,37.635260386140494],[127.05443544599166,37.6352638778795],[127.05446188009763,37.63526736871158],[127.05448391075056,37.635274365503186],[127.05450594623231,37.63528486531938],[127.05452797832139,37.63529536513297],[127.05455000898813,37.635302361011206],[127.05457204335447,37.6353128608155],[127.05459407516344,37.63531985668496],[127.0546117049552,37.63533386245167],[127.05463374047247,37.63534436224384],[127.05465137027619,37.6353583662026],[127.05466900122008,37.63537237105913],[127.05468663473792,37.63538987894268],[127.05470426826534,37.6354073886255],[127.0547218992301,37.635421392573015],[127.05473953277193,37.6354389004485],[127.05475716375145,37.63545290529164],[127.0547703924169,37.6354704161076],[127.0547836210886,37.63548792692202],[127.05479244487105,37.635505438879605],[127.05480126752471,37.635522950837014],[127.05481009131547,37.63554046279319],[127.0548145116535,37.63556148072623],[127.05481893199337,37.63558249775805],[127.05481894743579,37.63560351773731],[127.05482336891302,37.63562453566928],[127.05481897832004,37.635645556794636],[127.05481458885824,37.63566657882019],[127.05480579335547,37.63568760289226],[127.05479699640755,37.6357051230326],[127.05478819832386,37.63572264497474],[127.05477059041742,37.63574016920416],[127.05475297993162,37.63575418950047],[127.05473536943985,37.63576821069508],[127.05471775894213,37.63578223278805],[127.05469574095741,37.635792752990035],[127.05467812931218,37.635806773275576],[127.05465611131463,37.63581729347015],[127.05463409074666,37.63582431153213],[127.05461206904027,37.635831327788566],[127.05459004846271,37.63583834404036],[127.05456803044275,37.63584886331745],[127.05454600872355,37.63585588046252],[127.05452398813382,37.635862898503945],[127.05450196640503,37.6358699138388],[127.05447994836396,37.63588043400041],[127.05444911423623,37.63588395216558],[127.05442268757723,37.63589097041937],[127.0543962569388,37.63589098260791],[127.05436982772052,37.63589449872144],[127.05434339849845,37.63589801302707],[127.05431697040817,37.63590152912825],[127.05429054118237,37.635905045224],[127.0542641119528,37.63590855951187],[127.05423768498794,37.63591207559476],[127.05421125207604,37.63591208774292],[127.05416279456993,37.63591210999784],[127.05416720203239,37.635915611906],[127.05414518138802,37.63592262807473],[127.05411875468666,37.635929646260415],[127.05409232403441,37.63592965838089],[127.05406589224917,37.635929670495955],[127.05403946046394,37.6359296826051],[127.05401302981161,37.63592969470782],[127.05398659802636,37.63592970680512],[127.05396016370848,37.63592621676808],[127.0539337279921,37.63591922099224],[127.05390288876131,37.63591573295588],[127.05387645445097,37.6359122410981],[127.05385442480008,37.635905245094406],[127.05383239175313,37.63589824728617],[127.05380595605989,37.63589125328362],[127.05378392415587,37.635884257267755],[127.05376189338828,37.63587726034626],[127.05373986149186,37.63587026342116],[127.05371783073383,37.6358632682934],[127.05369579997799,37.63585627045855],[127.0536737667071,37.63584577049109],[127.0536517323095,37.63583527052002],[127.05362969905234,37.635824772346254],[127.0536076646671,37.6358142723669],[127.05358563393604,37.63580727451139],[127.05356359956215,37.63579677452378],[127.05354156381455,37.63578277240298],[127.05351953309959,37.63577577543607],[127.05349749874432,37.63576527543603],[127.05347546803868,37.63575827846088],[127.05345343620549,37.63575128328407],[127.05343140664039,37.63574428539916],[127.05340937230683,37.635733785382605],[127.0533829380852,37.63573029521604],[127.05335650136055,37.63572330111304],[127.05333007078104,37.63572331306269],[127.05330364270327,37.63572682713502],[127.05327721098956,37.63572683907335],[127.05325078427566,37.63573385706486],[127.05322876246689,37.63574087486526],[127.05320674678127,37.63575489691816],[127.05318913713147,37.63576891788172],[127.05318033752833,37.635786437902595],[127.05316713527574,37.635803961708774],[127.0531539318827,37.63582148371194],[127.05314954080848,37.63584250567582],[127.05314955691374,37.635863525654216],[127.0531495707525,37.63588454473258],[127.05314958572484,37.63590556471134],[127.0531540067499,37.635926582705125],[127.05315842664326,37.63594759889722],[127.05316725010023,37.63596511277721],[127.05317607355941,37.63598262395352],[127.05318489589044,37.63600013603063],[127.05320252784475,37.63601414200534],[127.05323779337176,37.63604915820507],[127.05323779587174,37.63605266213541],[127.05325542671545,37.63606666810261],[127.05327746112512,37.636077167246285],[127.05329949440868,37.63608766728733],[127.05332152769843,37.63609816732422],[127.05334356576394,37.636112169484306],[127.05336559793416,37.63612266951344],[127.05338763124354,37.63613316953792],[127.05340966820012,37.63614717348804],[127.05343610645633,37.6361576715093],[127.05345373736078,37.63617167564459],[127.0534757743405,37.63618567868126],[127.0534934052603,37.63619968461251],[127.05351103618543,37.63621368873911],[127.05352866711847,37.63622769466501],[127.05354630170424,37.63624520271597],[127.0535595302258,37.63626271276447],[127.05357275762123,37.63628022371291],[127.05358598615518,37.63629773375832],[127.05359921582831,37.636315243801675],[127.0536124421101,37.636332755647],[127.05362126571791,37.636350267689814],[127.05363008932927,37.63636777883092],[127.05363891181308,37.63638529177377],[127.05364333187097,37.63640630884693],[127.05364775306495,37.6364273268203],[127.05364776817792,37.63644834679695],[127.05364778329029,37.63646936587253],[127.05364779840329,37.63649038584904],[127.05364781351632,37.63651140582546],[127.0536434225409,37.636532427805186],[127.0536346252206,37.63654994785663],[127.0536214218056,37.63656746990993],[127.05360821838572,37.63658499376366],[127.05359060748208,37.63659901388478],[127.05357299770546,37.636613034903704],[127.05355097818112,37.6366235548914],[127.05352895613683,37.63663057094499],[127.0535069352227,37.63663758879591],[127.05348491317011,37.63664460484125],[127.05345848226435,37.63664461681993],[127.05343646020515,37.636651632856235],[127.05341002929687,37.63665164482404],[127.05338800723099,37.6366586608513],[127.05336598880004,37.63666918080391],[127.05334397036285,37.63667970075239],[127.05332635825488,37.63669372173539],[127.05330434093784,37.636704241675936],[127.05328232134865,37.636714761613376],[127.05326030175324,37.636725281546695],[127.05324269075238,37.636739303417585],[127.05322067227712,37.636749823342974],[127.05320306239473,37.63676384340542],[127.05316783921245,37.63679188532584],[127.05316343424158,37.63679188731079],[127.0531458220732,37.63680590826661],[127.0531282110318,37.63681993012026],[127.05311059998252,37.63683395016929],[127.05309298892787,37.63684797201761],[127.05307538035778,37.63686549599118],[127.0530621778886,37.636883017980594],[127.05304456817066,37.636900542850974],[127.0530269595768,37.636918066817195],[127.053013755954,37.63693558880154],[127.05300055232625,37.63695311258635],[127.05299175367249,37.63697063258926],[127.0529829561469,37.63698815169],[127.05297856608922,37.63700917364293],[127.0529741748961,37.63703019559612],[127.05297418981964,37.637051215570835],[127.05297420474322,37.6370722355455],[127.05296981467812,37.63709325749781],[127.05296982959985,37.63711427657132],[127.05296984452222,37.63713529654574],[127.05296545445223,37.63715631849767],[127.05296106551147,37.637177338646865],[127.0529610804314,37.637198358621085],[127.05295668808931,37.63721938057347],[127.05296111027069,37.63724039766827],[127.05296112519069,37.63726141764228],[127.0529523253584,37.637278937641874],[127.05294793640803,37.637299959592134],[127.05293913656877,37.637317480491625],[127.05293033899066,37.637335000488434],[127.05292155269912,37.63737003652905],[127.05292155631734,37.637373540458114],[127.05291716508619,37.63739456150693],[127.0529083674945,37.63741208240286],[127.05289957124866,37.63743310542617],[127.0528907749985,37.63745412934972],[127.05288197739422,37.63747165114451],[127.0528731786516,37.637489171137126],[127.0528643799042,37.63750669022804],[127.0528511772728,37.63752421309303],[127.05284237851741,37.637541733984165],[127.05282917474105,37.63755925594614],[127.05281597095848,37.63757677790655],[127.05279836215145,37.63759430183679],[127.05278075085818,37.63760832273591],[127.0527675470562,37.63762584559177],[127.05275434438101,37.6376433684456],[127.05274114056603,37.637660890397434],[127.05273234176802,37.63767841037901],[127.05271913794166,37.63769593232828],[127.05270593411038,37.637713456078],[127.05268832524465,37.63773097909048],[127.05267071389906,37.63774500087386],[127.05265310367857,37.6377590208521],[127.05263549118676,37.63777304263069],[127.05261346985004,37.63778005851183],[127.05259144984598,37.63779057831873],[127.05256943096869,37.637801098121],[127.05254741208455,37.63781161701815],[127.05252539319484,37.637822136812154],[127.05242469766581,37.63784702355471],[127.0523404002152,37.63786776291203],[127.05218622248061,37.63788184332586],[127.05198737276979,37.63789008592748],[127.05199551367417,37.637898821893906],[127.05200277254944,37.63790999090782],[127.05201272468611,37.637932763419855],[127.05201841945765,37.637975584722575],[127.05202329871952,37.63798624122283],[127.05202756194316,37.637990834366015],[127.0520330707649,37.63799444488617],[127.05204591061016,37.63799893513758],[127.05207446565801,37.63800443656539],[127.05212360126848,37.63801789360247],[127.0521383128267,37.63802564458227],[127.05215375434123,37.63804032381152],[127.05211856671669,37.6380606835999],[127.05210195496161,37.63807377323771],[127.05209287526411,37.63808357996274],[127.05208559007781,37.638099683779295],[127.05208499699827,37.63811028863339],[127.05208764388732,37.638120360476016],[127.0520944705773,37.63812911503516],[127.0520994919139,37.638132275274906],[127.05211067707329,37.63813597338313],[127.05214828599173,37.6381432637536],[127.05217083821495,37.63815154284446],[127.05225687064885,37.63811302821071],[127.05234055012593,37.63808146295341],[127.05249031466928,37.638056872510894],[127.0526092489501,37.63804280651945],[127.05272819917374,37.63804976037886],[127.05291765207274,37.63808120552481],[127.05304547972842,37.63818274317909],[127.05314509525206,37.63830824338412],[127.05315762187442,37.638334100511386],[127.05317515036893,37.63835796510738],[127.0531908424175,37.63838199811183],[127.05320473795909,37.63840977821924],[127.05325537386183,37.63854033510667],[127.05327686107303,37.63860698296596],[127.05330390115073,37.63866890264664],[127.05334892195532,37.63880535446532],[127.0533725158231,37.63885493489788],[127.05338346941211,37.63887203153431],[127.05339536514376,37.63888682302426],[127.05341602961319,37.638905422609845],[127.05346192105695,37.63893455949293],[127.05347939009089,37.638943105525215],[127.05349762156888,37.63894997627849],[127.05353414831688,37.638959446178866],[127.05356467072856,37.63896336962892],[127.05358576056283,37.63896363305053],[127.05362609534764,37.638958927801504],[127.05366228842767,37.6389502537827],[127.0536892018269,37.638941006444725],[127.05371844206547,37.6389265755768],[127.05374400151115,37.63890945693882],[127.05377383520833,37.63888058750577],[127.05380004365061,37.6388522170618],[127.05381116628696,37.6388380800431],[127.05382121936591,37.638822366787856],[127.05383175911003,37.63879965265788],[127.05386468538505,37.638707421836465],[127.05387020387055,37.63869440549242],[127.05387035654323,37.63865949316249],[127.05386883329219,37.63862112992475],[127.05386684163533,37.63860877833228],[127.05385652891285,37.63857395096716],[127.05385046230228,37.63851979553843],[127.05384111729776,37.63849141878115],[127.05383431082457,37.638463905810184],[127.0538268445369,37.638448376238095],[127.05381151352965,37.63843039957404],[127.0538159553105,37.63841532407163],[127.05381925030632,37.638396834359575],[127.05382124603099,37.63835201846266],[127.0538193716566,37.63831375449076],[127.05381564229997,37.63829552025828],[127.05380727318814,37.6382691972976],[127.0538043141242,37.638235051320486]],[[127.05379340661435,37.63310048541977],[127.05382168332558,37.63309948144026],[127.05385901574283,37.63310368101774],[127.05382926687852,37.63318408954336],[127.053818722398,37.63320385296871],[127.05379906237769,37.63322972923245],[127.05376128945568,37.63325891135471],[127.05365581000541,37.633314568202174],[127.0536163707602,37.63334257975409],[127.05359049704388,37.63334541159379],[127.05357235802633,37.633343924195],[127.05356350818778,37.63334144149258],[127.05354614472087,37.633331367344695],[127.05353419459227,37.63331851570246],[127.05352533366853,37.63330057208885],[127.05352405963082,37.63327756149377],[127.05352895421282,37.633262323606225],[127.0535446304424,37.63324196322768],[127.05356512332243,37.63322408738076],[127.05360304466285,37.63319640989971],[127.05364877193091,37.63316900816286],[127.0537051866415,37.63313160060327],[127.05373356689307,37.63311703676364],[127.0537696529192,37.633105244441566],[127.05379340661435,37.63310048541977]]]]},"properties":{"toyanghyun":"Er₁","name":"약침식토양"},"id":"LT_C_FSDIFRSTS.1202772"},{"type":"Feature","geometry":{"type":"MultiPolygon","coordinates":[[[[127.05040442356332,37.63503382275353],[127.05044378917752,37.63502785942635],[127.05048504930505,37.63501890940986],[127.05053178559204,37.63500593683696],[127.05057076135193,37.63499314146222],[127.05058794763498,37.634985868548576],[127.05059749783383,37.63498182713794],[127.05062262869131,37.63496848537842],[127.05064156971248,37.6349559499494],[127.05066222263183,37.634938460164584],[127.05068064736297,37.63491975860689],[127.0506982002554,37.63489683810629],[127.05070518150069,37.63488529258237],[127.05072836740402,37.63483746912265],[127.05076089435788,37.63475470773214],[127.05079814246199,37.63467736012239],[127.05081308457791,37.634648854618106],[127.05086145447771,37.63456638099543],[127.05088315932652,37.634520051975066],[127.05090039835163,37.63447071918954],[127.05091353100651,37.63441717336309],[127.05091744289528,37.634385452481474],[127.05088582309388,37.63442571224271],[127.05086787986964,37.63444251434902],[127.05083789243251,37.6344609524264],[127.05081097034544,37.63447222634163],[127.05079062486854,37.63447510924523],[127.05077113701515,37.63447299130697],[127.0507598040565,37.63446762630977],[127.05075565248887,37.6344635466316],[127.05075079958671,37.63445439470682],[127.0507376928209,37.634406233660755],[127.05073198237349,37.63433886943221],[127.05071673820933,37.634296304421746],[127.050699144338,37.63426369630838],[127.05067610156665,37.63423510892797],[127.05066848650105,37.63422912965471],[127.05066288809275,37.63422655524023],[127.05064385253083,37.634223040559085],[127.05062348278206,37.63422345474412],[127.05059084603174,37.63422770337447],[127.05056077917826,37.63422922991836],[127.05053918470688,37.63422793274121],[127.05052607229312,37.634224712828996],[127.0505162368689,37.63421897776279],[127.05050714385669,37.634208728440605],[127.0504721604323,37.63416048662713],[127.05046505881124,37.63414643429084],[127.05046091672128,37.634122812222245],[127.05046023004162,37.634092467323704],[127.05046207912143,37.63406252678399],[127.05046625951066,37.63404562250757],[127.05047410210629,37.63403295129631],[127.05049214644274,37.63401490584543],[127.05053349472603,37.63395628804423],[127.05055571708537,37.63393131221509],[127.05057076491065,37.63391844870267],[127.05058771716352,37.63390724218522],[127.05062881956981,37.63389052028322],[127.05068794870928,37.63387669179739],[127.05074038892103,37.63387265987161],[127.05076239952598,37.633869623092515],[127.0508261253509,37.6338514858487],[127.0508502938332,37.6338396545046],[127.05086725685786,37.63382771814391],[127.05088759202992,37.63380998698925],[127.05090501155135,37.63378966225059],[127.05091355625314,37.633776693381456],[127.0509248624635,37.63375628117901],[127.0509285824336,37.63374553081554],[127.05093631604238,37.63370945201475],[127.05093737189908,37.63369281936517],[127.05093595949708,37.63368171082272],[127.05093223611412,37.633670855553795],[127.05092046547762,37.63365482309087],[127.05088815844758,37.63362717677174],[127.05085788446003,37.63360700774772],[127.05082397729187,37.63359193084954],[127.05078869006357,37.63357991788667],[127.05076753549304,37.63357550315158],[127.05072467379628,37.63357044903723],[127.05071057788564,37.63356688719341],[127.05068266462686,37.63355622250767],[127.05066521308191,37.63354607589506],[127.05064951409157,37.633534153585906],[127.05060507765747,37.63349566452813],[127.05054721323017,37.633436035074304],[127.0505307944935,37.633415175280106],[127.05052058462712,37.63339838528016],[127.05051204449155,37.63338131525896],[127.05050349511843,37.63335393796541],[127.05048754692181,37.63325824209607],[127.05048626229495,37.63321819383361],[127.05048971269952,37.633163953020585],[127.05048577180987,37.63312953705453],[127.05048124997327,37.63311053720152],[127.05046562637645,37.633075900985894],[127.05044918055813,37.633048346867],[127.05043042416045,37.63302159561054],[127.05041372792414,37.633002322552905],[127.05031623500926,37.633057080128424],[127.05020662784229,37.63311030299387],[127.05017412267836,37.63312759412218],[127.05004971027581,37.63320087006711],[127.0500200046907,37.633223573987934],[127.04999997709194,37.63324389249529],[127.0499678717779,37.633276467717494],[127.04990453482145,37.63333695336303],[127.04988786604079,37.63335526303428],[127.04984731961873,37.6334052992894],[127.04981478230599,37.63345111914024],[127.04969898182793,37.63359641946841],[127.04962700349544,37.63369250383898],[127.04959857183559,37.63373864265196],[127.04954956724052,37.63382714002476],[127.04953803384797,37.63385406091035],[127.04952903197585,37.63388527122527],[127.04951600350785,37.63395376961509],[127.04951535483903,37.63398866505734],[127.04951934209551,37.63400990321701],[127.04952530037335,37.63402561480489],[127.04953166625688,37.63403753667616],[127.04954043250969,37.634049007046464],[127.04954670969958,37.634055313111325],[127.04956276171728,37.63406666509406],[127.04959459239473,37.63408033768889],[127.0497110708114,37.634117955272],[127.04974790404333,37.63413258526711],[127.04976868800684,37.63414343788241],[127.0497790794914,37.63415066300646],[127.04979119777575,37.634161611174],[127.04980597893909,37.634180095861005],[127.04982698735789,37.634213176584566],[127.04984448914593,37.634247595848144],[127.0498489600807,37.634261766461144],[127.049852808585,37.63429051888617],[127.04985197738186,37.6343232880796],[127.04984646509173,37.63435293012799],[127.04983363375794,37.6343837979048],[127.04981202914088,37.634418266118274],[127.04979142133645,37.6344423275248],[127.04977409014178,37.63445647850726],[127.04974838694527,37.63447117541067],[127.04971156091808,37.634486318478224],[127.04967965969492,37.63449630582389],[127.04958003516762,37.63452155910472],[127.04946133819496,37.63454932593878],[127.04942960778112,37.63455900681008],[127.04939805308933,37.63457230055093],[127.04932530004051,37.63462957690045],[127.04930475266349,37.63466825938758],[127.04929354849298,37.63469652618015],[127.04928984193228,37.634748587567614],[127.04929173697096,37.6347857722462],[127.04930111195483,37.634819978745426],[127.0493142277546,37.63485567300912],[127.04934605804158,37.634907718637514],[127.04940594459893,37.634958266786974],[127.04949761700433,37.634996902261165],[127.04962796364875,37.63502209401781],[127.04972499198624,37.63502212434344],[127.04988877075276,37.63502880358649],[127.04999073921704,37.63502958392741],[127.04999997510586,37.63502983319072],[127.05006719135949,37.63503166071684],[127.05018671490079,37.635029332246],[127.05027335535256,37.63503612753304],[127.05031534783083,37.63503792151447],[127.05036256330388,37.63503656791169],[127.05040442356332,37.63503382275353]],[[127.05013570437897,37.63372259793283],[127.05014921964495,37.6337219074401],[127.05023744091801,37.63372314029961],[127.05025923721568,37.63372154528248],[127.05027315897763,37.63371884540455],[127.0502887895399,37.63371331570196],[127.05035461592458,37.63368532103477],[127.05038963723923,37.633672674265426],[127.05042518170568,37.633663018534214],[127.05050982299801,37.633630934273],[127.05054218490673,37.633622721445846],[127.0505633671795,37.63361953189104],[127.05058171084742,37.6336204069944],[127.05060095012288,37.63362384050989],[127.05069338919294,37.63364683002156],[127.0507066576282,37.63365138330714],[127.05071855834494,37.63365718053926],[127.05072916791048,37.63366519474986],[127.05073521122276,37.63367233696704],[127.05074122622777,37.63368783133243],[127.0507462355839,37.63372387761101],[127.0507457570737,37.63373659072326],[127.05073965415916,37.63376010006146],[127.05073158766844,37.63377495177227],[127.05072282404879,37.63378424470124],[127.05070679108331,37.63379609955287],[127.05068851138597,37.633804405484405],[127.05063895552006,37.63381828392147],[127.0506130365199,37.63382157463015],[127.05059744633978,37.63381982439494],[127.05056482303941,37.63381022486451],[127.05054474536857,37.63380680972212],[127.05050935198754,37.63380542835129],[127.05048124562063,37.633807494627035],[127.05040628009192,37.63382403273271],[127.05038928027496,37.63383192361771],[127.05034251956293,37.63385801810061],[127.05032046800788,37.63386755092471],[127.05030805350958,37.63387099798351],[127.05027845128792,37.63387420009052],[127.05022489963353,37.633874835568584],[127.05019462721302,37.633873722219064],[127.0501710372432,37.63386994811304],[127.0501431150057,37.633859463501125],[127.05013413780698,37.6338545118954],[127.05012605699335,37.6338482354594],[127.05011305114624,37.63383150067239],[127.05010441574095,37.633810835730976],[127.05010028406406,37.63378227624301],[127.05010004599916,37.633765175637976],[127.05010158718066,37.63374891219397],[127.0501048092926,37.63373891889569],[127.05010769514574,37.63373431363386],[127.05011186151195,37.633730176340606],[127.05012306249539,37.63372482873834],[127.05013570437897,37.63372259793283]]]]},"properties":{"toyanghyun":"B₂","name":"갈색약건산림토양"},"id":"LT_C_FSDIFRSTS.1202773"},{"type":"Feature","geometry":{"type":"MultiPolygon","coordinates":[[[[127.04047252660739,37.6206725332484],[127.04049672020507,37.620670074261696],[127.04053300245084,37.62067224219456],[127.04056561830917,37.62068108769488],[127.04066043643836,37.6207190136688],[127.04070380375153,37.62073131521806],[127.04074604625161,37.62073732824634],[127.04081649120573,37.62073905181667],[127.04083990639933,37.62074237736922],[127.04086139765835,37.620748793970805],[127.04088607563122,37.620762074989806],[127.0409462285972,37.62081319418775],[127.04097249329966,37.620828078395824],[127.0410036812098,37.62083540160158],[127.04105033883975,37.62083672785113],[127.04107485283633,37.62084008901425],[127.04110786729466,37.62085258322535],[127.0411334784635,37.62087363939001],[127.04119270401449,37.62094739159217],[127.04122556023822,37.620980905865046],[127.04126555973757,37.62100671418722],[127.0412896796425,37.62101422899603],[127.04131040927977,37.62101556421222],[127.04133024107117,37.62101149381393],[127.04133958362462,37.62100708471218],[127.0413605738394,37.62098806651946],[127.04137714300737,37.620962905138065],[127.04142008498958,37.62088185525115],[127.0414511191324,37.620836524678715],[127.04154699772215,37.620682368023004],[127.0415771647986,37.62064653413059],[127.04162334622123,37.620606586079035],[127.04178003829459,37.6205914301521],[127.04181756207002,37.62058563251994],[127.04197500926328,37.62053364098959],[127.04196942937388,37.62053142384178],[127.04193345750764,37.62051713345174],[127.04189748966878,37.62050999508903],[127.04186152183627,37.62050285581436],[127.04182555401115,37.62049571742971],[127.04178958619237,37.62048857813309],[127.04175362238027,37.62048859086389],[127.04171765856817,37.62048860358374],[127.04168169761624,37.620495768331416],[127.04164573778962,37.62050293216674],[127.04160977795657,37.62051009689209],[127.0415738181161,37.6205172607055],[127.04153785826925,37.62052442540892],[127.04150189443978,37.62052443806302],[127.0414659306103,37.62052445070615],[127.04142997074909,37.62053161447571],[127.04139401088146,37.6205387791353],[127.04135805100645,37.62054594288294],[127.041322091125,37.62055310752061],[127.04128613123615,37.62056027124632],[127.04125017134089,37.62056743586204],[127.04121421538636,37.62058175160416],[127.04117825941806,37.6205960673353],[127.04114229949467,37.620603231017135],[127.04110633843217,37.62061039558941],[127.04107037456109,37.620610408112015],[127.04103441068997,37.62061042062366],[127.04099844681886,37.62061043312434],[127.04096248687124,37.620617596751394],[127.04092652691723,37.62062476126846],[127.04089056303916,37.620624773736274],[127.04085459524732,37.62061763415479],[127.04081863137266,37.62061764660068],[127.04078266359164,37.62061050789826],[127.04074669581698,37.62060336828387],[127.04071073194913,37.62060338069686],[127.04067476418525,37.62059624196153],[127.04063879253523,37.62058195117684],[127.04060282478805,37.62057481151855],[127.04056685704823,37.62056767275028],[127.04053088429988,37.620553381932986],[127.04049491269804,37.6205390911043],[127.04045893723413,37.62051764822614],[127.04043195331184,37.62049620315743],[127.04039597788669,37.620474760259896],[127.04036899286523,37.620453315176995],[127.04034200899106,37.620431868285465],[127.04032401164793,37.620403268079194],[127.04029702780625,37.620381823880145],[127.04027903049237,37.62035322366673],[127.04025204441479,37.620331776755016],[127.04023404713027,37.620303176534485],[127.0402070644833,37.62028173231409],[127.04018007845221,37.62026028538562],[127.04015309583528,37.62023883935074],[127.04012610983618,37.62021739421172],[127.04009013847363,37.62020310325871],[127.0400541671248,37.62018881229467],[127.0400181957898,37.62017452131963],[127.03998222446853,37.62016023033358],[127.03995523967913,37.62013878425379],[127.03991927221115,37.62013164528744],[127.03988330092946,37.62011735427111],[127.03984733347816,37.62011021438182],[127.03983953030738,37.620104012815275],[127.03983557388933,37.6201170280172],[127.03982899540621,37.62012823401974],[127.03982581952249,37.6201286918924],[127.03981851513926,37.620131724379],[127.03975746259795,37.6201607027089],[127.03972193107771,37.62017882002234],[127.03968777245058,37.62019278961701],[127.03966779219515,37.62020286757555],[127.03965136990823,37.62021316687917],[127.03961836429926,37.620237702849685],[127.03957814717582,37.62026105553005],[127.03953347209983,37.620289520092285],[127.03952000777339,37.6202964405837],[127.03951738266366,37.62029743345024],[127.039523770593,37.620317719751085],[127.03952378573675,37.62034632610425],[127.03953279125378,37.62037492944568],[127.03954179791043,37.62040353278591],[127.03955080344126,37.62043213612567],[127.0395688004953,37.620460736449914],[127.03957780717657,37.62048934068795],[127.03959580425473,37.62051794100778],[127.03961380134672,37.62054654132473],[127.03963179845248,37.62057514163875],[127.03964979557203,37.62060374194992],[127.0396767793092,37.620625188098195],[127.03969477645808,37.62065378840224],[127.03972176135848,37.62067523363864],[127.03973975853664,37.62070383393556],[127.03974876531238,37.62073243725833],[127.03976676251467,37.620761037550835],[127.03977576817493,37.620789640871635],[127.03978477497483,37.62081824419121],[127.03978479021887,37.620846850541845],[127.03978480546294,37.62087545689234],[127.03978482070704,37.6209040632427],[127.03978483595162,37.62093267049391],[127.03976686917542,37.62096128290532],[127.03975789283271,37.6209898922851],[127.03974891761585,37.62101850166369],[127.03973095080524,37.62104711406924],[127.03972197443846,37.62107572344588],[127.03970400760377,37.62110433584707],[127.03967704535762,37.62112580013227],[127.03965008802658,37.62115441554764],[127.03962312574635,37.62117587891937],[127.03959616458384,37.62119734318546],[127.0395692022726,37.62121880654474],[127.03954224486667,37.62124742193505],[127.03951528630735,37.621276037319475],[127.0395063109632,37.62130464667828],[127.0395063261008,37.621333253026656],[127.03950634123845,37.621361859374886],[127.03951534687259,37.62139046451463],[127.03953334414439,37.62141906483949],[127.03956032927478,37.62144050920892],[127.0395873132894,37.62146195627543],[127.03962328516259,37.6214762473784],[127.03965925704956,37.62149053847033],[127.03968624224197,37.62151198281069],[127.0397222141582,37.62152627388335],[127.03974919938302,37.62154772091209],[127.0397761873002,37.621576318170256],[127.03978124781962,37.621581679141755],[127.03984940971101,37.6215086725536],[127.03994354176771,37.62142743472529],[127.03995951521834,37.62140985105119],[127.03997239524116,37.62139028625032],[127.03998176326726,37.62136974957147],[127.03998836464827,37.62134403315125],[127.03998744671814,37.62130095724958],[127.03996405180598,37.621208812171766],[127.03996418809332,37.62118832366925],[127.03996825508469,37.62116808611188],[127.03998334917989,37.62113725821487],[127.04005341816524,37.62102870149252],[127.04013553607845,37.620893372288336],[127.04015201083014,37.6208730566218],[127.04017542683259,37.62084418281179],[127.04022611531806,37.62080043160599],[127.04027254158387,37.620771890503384],[127.04035452806,37.620729948551144],[127.04037993795896,37.62071443386213],[127.04041880012782,37.6206906885438],[127.04044628501318,37.6206791104455],[127.04047252660739,37.6206725332484]]]]},"properties":{"toyanghyun":"B₂","name":"갈색약건산림토양"},"id":"LT_C_FSDIFRSTS.1202878"},{"type":"Feature","geometry":{"type":"MultiPolygon","coordinates":[[[[127.0444672426801,37.61012072766397],[127.04448035737424,37.61010109377072],[127.04448880469418,37.61008512145373],[127.04449595656214,37.61006948659452],[127.0445141285729,37.61002210572831],[127.04452385004042,37.60999099180404],[127.04452900309983,37.60997754980345],[127.04456632786247,37.60990186162818],[127.04457537117534,37.60987881541283],[127.04458159525265,37.60985717310201],[127.04458531432931,37.609847281538016],[127.04459637234437,37.609822164086374],[127.04460901624452,37.609797571310885],[127.0446296773568,37.60976515491553],[127.04466760753833,37.609715494254694],[127.04467752302645,37.60970597154967],[127.04468461001711,37.60970128372226],[127.0447331578332,37.60968188955589],[127.04477736349841,37.60966642082539],[127.04482586670554,37.60964637251947],[127.04486945382655,37.60963257352248],[127.04491429672619,37.60961466281733],[127.0449472970217,37.60959951363332],[127.04497916065591,37.60958884909697],[127.04501592681359,37.60957958191841],[127.04499876448344,37.6095764557239],[127.04494862406614,37.609572654637184],[127.04469481939783,37.6095734718235],[127.04463910768338,37.60957108726831],[127.04460381268214,37.60956330705606],[127.04448329452086,37.60951990684078],[127.04442410917315,37.60950395459446],[127.04435656014296,37.60959320497268],[127.04432456411,37.60965573483885],[127.04433233551873,37.60967451304129],[127.04433966249414,37.60970012090882],[127.04434326252964,37.60971668784791],[127.04434382019524,37.60973270362362],[127.04434323487337,37.60974068660848],[127.0443418962682,37.609748444629034],[127.04433026679988,37.60978977467259],[127.04431867698446,37.6098158797834],[127.04430127834847,37.60984974639309],[127.04428039097432,37.60988286378508],[127.04426440210308,37.60991250782441],[127.04425121931324,37.609931941700225],[127.04424199034278,37.60994765841273],[127.0442361087098,37.60996061323878],[127.04422685870799,37.60998481457348],[127.04419272273972,37.61004691723188],[127.04418226630587,37.61006115677672],[127.04417294024371,37.610071701841726],[127.04415293084102,37.61009009401457],[127.04413866643023,37.610100005726935],[127.04411504025286,37.61010989841274],[127.04410316478514,37.61011278151187],[127.04409022041251,37.61011414233741],[127.04408161274876,37.610113807681984],[127.04404931747887,37.6101094868837],[127.04401525500026,37.61010638036816],[127.04399279415922,37.610102727123035],[127.04393414643118,37.610096419521774],[127.04388898754634,37.61009016634095],[127.04384099701021,37.61008926426877],[127.04383598773286,37.610091261820685],[127.04382359823194,37.610098273415225],[127.04380884714034,37.61010880875297],[127.04380219106386,37.61011457845559],[127.04377760377254,37.61014074780062],[127.04376699239957,37.61015552345451],[127.04376200116467,37.61016706247225],[127.04376032576934,37.61017615407457],[127.04376034708741,37.61018547660195],[127.04376203990171,37.61019451559888],[127.04376685204262,37.6102059113277],[127.04377586399421,37.61021969311987],[127.04380217023055,37.61025285778101],[127.04380684731528,37.61025796465368],[127.04382132434337,37.61026864050571],[127.04387200740479,37.610297056893664],[127.04388947638166,37.61030528994428],[127.04391689920334,37.61031692052271],[127.04395444346372,37.610329966383354],[127.04396098824768,37.61033329310057],[127.04397509083319,37.610331183135656],[127.04404531415666,37.61032505815184],[127.0441154011215,37.6103124370452],[127.04415116510499,37.61030837913017],[127.0441735991273,37.61030486859008],[127.04420385150677,37.61030181191897],[127.0442189210255,37.61029925647411],[127.04430522242004,37.61027444690337],[127.04434043459635,37.61026238745315],[127.04435757703017,37.610254677553506],[127.0443638640612,37.61025115232252],[127.0443787209186,37.61024143767705],[127.04438544962468,37.61023596884511],[127.04440941230379,37.61021295577411],[127.04442806741372,37.610191230407985],[127.04443732344251,37.610177225550885],[127.04446075973323,37.61013186543217],[127.0444672426801,37.61012072766397]]]]},"properties":{"toyanghyun":"B₂","name":"갈색약건산림토양"},"id":"LT_C_FSDIFRSTS.1202910"},{"type":"Feature","geometry":{"type":"MultiPolygon","coordinates":[[[[127.04683796708983,37.609908205141544],[127.04680249851432,37.60989515486928],[127.04678590709663,37.60989604441746],[127.0467679846652,37.60990556596767],[127.0467603238086,37.60991604750816],[127.04675695759602,37.6099301222937],[127.04675909749474,37.60994719519175],[127.04676870431939,37.60996963502659],[127.04678922155271,37.61001630714539],[127.0468385664045,37.610105359364546],[127.04684801912866,37.610134835979125],[127.04684985539315,37.61015530572474],[127.04684731998636,37.61017580423542],[127.04683713089788,37.61020019805711],[127.04675947557021,37.610297823999545],[127.04674259513598,37.61032566224228],[127.0467324283736,37.610349623570656],[127.04672219687825,37.61039684846385],[127.04672289467956,37.61042604023628],[127.04673232345083,37.61045344459298],[127.04675215914571,37.6104786554228],[127.04676867945908,37.61049061401279],[127.04679236744754,37.61050020916715],[127.04682079787057,37.61050497313349],[127.04684161428216,37.61050469457617],[127.04691490706116,37.61049359230556],[127.0470244104301,37.610486376849245],[127.047141576903,37.61047226566349],[127.04722592050715,37.610456500670914],[127.04726227623367,37.61043914207553],[127.04727849770819,37.61042618836389],[127.04729616434788,37.61040610724658],[127.04731178710419,37.61037772883582],[127.04731715409898,37.610357697695],[127.04731885613195,37.61032697328199],[127.04731632888773,37.610306530851034],[127.04730991725408,37.610286567501475],[127.04729579130975,37.61026414754293],[127.04726215640194,37.61023187857553],[127.04722179748097,37.610204955154984],[127.0471884333221,37.61018883178421],[127.04709578861586,37.61015117140457],[127.04705178446687,37.61012665502129],[127.04701963975084,37.610104503498576],[127.04695774181899,37.61004495473763],[127.04683796708983,37.609908205141544]]]]},"properties":{"toyanghyun":"B₂","name":"갈색약건산림토양"},"id":"LT_C_FSDIFRSTS.1202912"},{"type":"Feature","geometry":{"type":"MultiPolygon","coordinates":[[[[127.04353946956509,37.619658289859466],[127.04357094581155,37.619636041863785],[127.04361000905021,37.61959077982857],[127.04362328271212,37.61956858359371],[127.04363291835328,37.619542910889734],[127.04363900677582,37.61947531653547],[127.04363315187825,37.61941918716158],[127.04361607013423,37.61937939684577],[127.04358570022112,37.61933686342325],[127.04355699182226,37.61930759191984],[127.04351972057978,37.619278918219536],[127.04348195513379,37.61925738051292],[127.04333895079945,37.619197193074854],[127.04332103209425,37.61918845736959],[127.04329298367274,37.61919535841814],[127.0432453640701,37.619197658982245],[127.04321183539284,37.619202177104995],[127.04319407530237,37.61920327109953],[127.04317605347455,37.61920226228158],[127.0431548247474,37.61919889855055],[127.04311906758285,37.61919477158272],[127.04310171951091,37.619191448770486],[127.04307686107293,37.61918516895257],[127.04301397888892,37.61916284288764],[127.04299442050838,37.61915484654042],[127.04298056687223,37.61914766891215],[127.04295783382511,37.619134251570316],[127.04294399072266,37.61912568190769],[127.04293616157682,37.61911988239494],[127.04289415262973,37.6190794433186],[127.04287994312061,37.619063976719595],[127.0428532519215,37.61902986150081],[127.04283157309304,37.61899801044103],[127.04281748122001,37.61898220772313],[127.04278076848495,37.61894697889838],[127.04277282563497,37.6189403658238],[127.04275799667818,37.61893098110236],[127.04274779220275,37.618926979908395],[127.04273548104,37.61892319571356],[127.0426947927731,37.618912012964685],[127.04260157100998,37.618890440967064],[127.04257179334247,37.6188860071404],[127.04252554866275,37.61887776175599],[127.0424801322438,37.61886597607393],[127.04246267382914,37.61885964841269],[127.04242372214942,37.61884264726655],[127.04239507094816,37.61882719390845],[127.04236910384859,37.61881104762097],[127.04236232039352,37.61880549006012],[127.04235136766056,37.618794231642944],[127.04234251625707,37.61878329232144],[127.0423358843024,37.61877323697313],[127.04232559585722,37.618754905560216],[127.04232179661898,37.61874658089372],[127.04231916052444,37.618738023355085],[127.04231818599689,37.61873130053288],[127.04231828860675,37.61872448452263],[127.04232062293873,37.61871423494812],[127.04233005143503,37.61869420260528],[127.04233650882564,37.61867807440722],[127.04234607350683,37.618658519537725],[127.042361303275,37.61861789573448],[127.04236716775803,37.61860488336358],[127.04238272522609,37.61857489740395],[127.04238570268727,37.61856624685048],[127.04238754034273,37.618557033588885],[127.04238872987816,37.61853745469396],[127.04238884985824,37.61851735361019],[127.04238760266153,37.6184672861587],[127.04237651980534,37.61841228032036],[127.04237159286453,37.61839874654763],[127.04236442721296,37.61838628665504],[127.04235094599922,37.61837035481921],[127.04234133602029,37.61836189618892],[127.04232202390683,37.61834824413932],[127.04230282647535,37.61833707426726],[127.0422696298208,37.618321260309536],[127.0422440140599,37.618311125258934],[127.0422102514609,37.61830198420391],[127.04216241597697,37.618292117466986],[127.04214528398686,37.6182898918397],[127.04210828992397,37.61828890044471],[127.04205844857117,37.618289256089824],[127.0420462578196,37.61828986139311],[127.04202602169481,37.618292640941675],[127.04198660253795,37.618301694586016],[127.04197052802007,37.61830671250035],[127.04195136732929,37.618314454295295],[127.04193117059222,37.61832486337964],[127.041893343558,37.618347325830825],[127.04184366621264,37.618371592646376],[127.0417999165847,37.61839657182479],[127.04178008137929,37.61840539952122],[127.0417704814822,37.618408780723534],[127.0417633355349,37.61841112041552],[127.04172536179017,37.61842052754914],[127.04169136155637,37.618432057796326],[127.04167687205535,37.61843582544026],[127.04165553347427,37.61843807102875],[127.041598298974,37.61843843809895],[127.04157565943684,37.618437522564896],[127.04156473966596,37.618436332602634],[127.04153062735902,37.61842970613389],[127.041480729276,37.618417830643594],[127.04146512638661,37.61841353210783],[127.04145052329248,37.6184085682897],[127.04141718072161,37.61839488948503],[127.04138363253406,37.618378061790146],[127.04135624203701,37.61836603149061],[127.04132830538022,37.6183515687085],[127.04130015873363,37.618332190202906],[127.04128970120485,37.61832706003303],[127.04126978405483,37.61831886170295],[127.04124384206803,37.6183064065053],[127.0412294764784,37.61830072719225],[127.04119070532128,37.618287566486],[127.04116217664055,37.618279827944214],[127.04115025535997,37.618278192303855],[127.04113917437344,37.61827832410775],[127.04113046491442,37.61827993991223],[127.04110235578857,37.61828742610444],[127.04106458455828,37.61829438136684],[127.0410477993299,37.618296509033414],[127.0410360310694,37.61829713030314],[127.04099974005496,37.61829754565935],[127.04096237250027,37.61829707030099],[127.0409497427296,37.618296472824454],[127.04091145236197,37.61829245598649],[127.04090110979428,37.6182924244332],[127.04089719582257,37.6182934997674],[127.04085888997011,37.61827566716819],[127.04084963649788,37.618270489690985],[127.0408360390169,37.618260871845685],[127.0408046354735,37.61823626771731],[127.04078881550416,37.618222185338574],[127.04077581822305,37.61820609007617],[127.04077140700302,37.61819678889942],[127.0407679234,37.61818531782295],[127.04076013461503,37.6181512929002],[127.04075818515146,37.6181344811376],[127.04075822434734,37.618117060521186],[127.04076026968828,37.618099941042765],[127.04076466652775,37.61808291535569],[127.04076992245894,37.618050248219845],[127.0407796368585,37.61801594605166],[127.04078368312518,37.61800618064622],[127.04079844118057,37.61797780703612],[127.0408090318787,37.61795525614889],[127.04069686867581,37.6180039013859],[127.04065985747512,37.61801274382681],[127.04061134581357,37.61801471567601],[127.0405874447463,37.6180119668758],[127.04046698189511,37.617986987809914],[127.04040926786608,37.617979700574594],[127.0403612971688,37.6179766085831],[127.04034227164448,37.61792021323859],[127.04034491619582,37.6178673333469],[127.04043148300057,37.61783931002044],[127.04048590024529,37.6178246322878],[127.04049580800387,37.61782295214942],[127.04062408557871,37.6178012041578],[127.04070466549622,37.617782643066015],[127.04075442202019,37.61777896788108],[127.04080493985069,37.61777971626323],[127.04092179390844,37.61779255091773],[127.04095429964987,37.61780315598306],[127.04097252430356,37.617809102484706],[127.04099153906655,37.617824448717315],[127.04099530359933,37.61783180848185],[127.04099694325387,37.61784746708432],[127.04099248790575,37.61786095642299],[127.04099009521363,37.61786421883082],[127.04099693885827,37.61786421645341],[127.04103290533699,37.617871355995625],[127.04106886395493,37.61786419144356],[127.04110482650324,37.61786417892219],[127.04114078230322,37.617849863207155],[127.04117674090091,37.6178426995232],[127.04121269554408,37.61782838378662],[127.04124865017344,37.61781406803905],[127.04128460478901,37.617799752280504],[127.04131156423982,37.61777828761724],[127.04134751882609,37.617763971839445],[127.04138346943509,37.61774250490992],[127.04141943022259,37.617735340250135],[127.04145538873831,37.61772817648119],[127.04149135008828,37.61772816384245],[127.04152730461588,37.617713848009785],[127.04156326026238,37.61769953216577],[127.04159921761385,37.61769236745237],[127.0416261769359,37.61767090361792],[127.04165313850731,37.61764943887544],[127.04167110263195,37.617620826162025],[127.0416800767049,37.6175922166214],[127.04168006073654,37.61756361025562],[127.04167105586932,37.61753500616329],[127.04166204761148,37.61750640297231],[127.04163506443348,37.617484959068285],[127.04160807615236,37.617456362215336],[127.04157210185474,37.617434918763635],[127.04154511986104,37.61741347483835],[127.04151813448335,37.61739202820505],[127.04148216421643,37.61737773766885],[127.04144619396325,37.61736344712165],[127.04141022372384,37.617349156563435],[127.04137425746173,37.61734201893745],[127.04133829120494,37.617334878597525],[127.04130232099995,37.617320588006336],[127.04126635080867,37.617306297404134],[127.04123038063118,37.61729200679093],[127.04119440652217,37.61727056502534],[127.04115842849146,37.61724197120632],[127.04113144441993,37.617220525384454],[127.04110445642725,37.61719192841486],[127.04108645957425,37.61716332830883],[127.04105946488697,37.61712042814417],[127.04104146413786,37.6170846768893],[127.041023463405,37.61704892382948],[127.04100546661753,37.61702032371036],[127.04099645980959,37.616991720465506],[127.04098745414119,37.616963117219406],[127.04097844734706,37.616934513972886],[127.04097843736187,37.61691631942108],[127.04095398080901,37.61693892559573],[127.04092440605109,37.61691665712125],[127.04089730153683,37.61689624742277],[127.0408213962963,37.61682419464969],[127.04068689145,37.61667666824345],[127.04065744354587,37.616637413326345],[127.04064991980405,37.616625885972006],[127.0406038132697,37.616612521269246],[127.04043319675934,37.61658013166166],[127.0403366452127,37.616564974943465],[127.0402710100241,37.61655894632341],[127.04020940444676,37.61656058820871],[127.04015037270393,37.61657146611755],[127.04009431649007,37.61659087444349],[127.04006096907837,37.61660841990095],[127.0400227536408,37.616632609085286],[127.039976339052,37.61667410361277],[127.03992543640848,37.61674239142574],[127.03989402550914,37.61680402153318],[127.03987700874472,37.61685772167627],[127.03985715284887,37.616946277503175],[127.03985272669739,37.616978678532824],[127.03985983326467,37.617110650175746],[127.03987100522535,37.61715181705508],[127.03981143709424,37.617215580275555],[127.03972825215402,37.617329425635496],[127.03968489894852,37.61737374541262],[127.03964113761813,37.61740681106813],[127.03959530571119,37.617433445247954],[127.03955399791394,37.61744985528251],[127.03950901418176,37.61746124082175],[127.03944826886874,37.61746753832809],[127.0393503981221,37.617465616761656],[127.03928183865563,37.61745502145894],[127.03916522375695,37.61742800174544],[127.03911779554988,37.61740888679648],[127.03908612525338,37.61738790877259],[127.03906136387911,37.617361853187326],[127.03905632673064,37.61735505239429],[127.03904851012648,37.617385297548175],[127.0390341390535,37.61743347092905],[127.03902898550429,37.61746185195691],[127.0390245282243,37.61747878299742],[127.03902308320599,37.61748797355387],[127.03902206580307,37.61750697753124],[127.03902192676303,37.61757469854499],[127.03902315861787,37.6176127621811],[127.03902716623287,37.61763050131099],[127.0390388025118,37.61766574681842],[127.03904389450689,37.61769075385956],[127.03904841481545,37.61770769364245],[127.03905366267178,37.617751322252616],[127.03906775108308,37.61780360643091],[127.0390728454348,37.61782875132062],[127.03908771894427,37.617881271294735],[127.03908946043676,37.617897494809434],[127.03914800744641,37.61795355559908],[127.03917693530704,37.61798658342759],[127.03918665098944,37.6179965108916],[127.03921856260709,37.618019214198135],[127.03923354295821,37.618031213081835],[127.03924679662401,37.618040137465805],[127.03926137829164,37.618047850478575],[127.03930319817596,37.61806533734839],[127.0393138245004,37.618068694493935],[127.03932671926961,37.6180714472206],[127.03937357543919,37.61807886024197],[127.03938495943095,37.61807987636147],[127.03940798676196,37.61807969117906],[127.03941907841116,37.61807835130924],[127.0394302034804,37.61807595096435],[127.03949633403603,37.618054618680596],[127.03951625201339,37.61804989984506],[127.0395184350387,37.61805269668179],[127.03952252967252,37.61805481623625],[127.03953061373392,37.61805716600814],[127.03954020156239,37.61805869447552],[127.03959291029632,37.618061804131905],[127.03960494004558,37.61806306237928],[127.0396278979887,37.61806660186168],[127.03966258957891,37.61807050229653],[127.0396831464392,37.618074414683235],[127.03969528615954,37.6180779866216],[127.03971967410813,37.618086821612565],[127.03976242202037,37.61810261685265],[127.0397762858074,37.61810853167154],[127.03982353060076,37.61813089627903],[127.0398310733884,37.6181356149104],[127.03984331134765,37.618144952222536],[127.03986475894989,37.61816450723029],[127.039898327445,37.61819896137886],[127.03991808341148,37.61822169112936],[127.03993377415672,37.6182422508712],[127.03994621365666,37.6182619728917],[127.0399504290523,37.6182717021348],[127.03995339096015,37.61828216700832],[127.03996028368097,37.61832299744922],[127.03996624114687,37.61834964395272],[127.03997005020642,37.61837684348913],[127.03997432951753,37.618393807642825],[127.03997586058605,37.618410126719],[127.0399743662491,37.61842644952295],[127.0399700858437,37.618443414774],[127.03996470037875,37.61847602605474],[127.03995845977286,37.61849813661022],[127.03995042518196,37.618533318404616],[127.03993574400128,37.618572810972104],[127.03991994567917,37.6186202290052],[127.0399169460398,37.61863030756981],[127.0399152974585,37.618639935183396],[127.03991398247607,37.618680326916405],[127.03991513133175,37.61871056368211],[127.03991742924407,37.61872267848917],[127.03992421290937,37.618741693345974],[127.03993211254232,37.618756962417976],[127.03995688781144,37.61879273316195],[127.03996353439483,37.618801087573914],[127.03996973328061,37.61880679323273],[127.03997658886689,37.618812008531336],[127.04003629341747,37.6188484548738],[127.04006206285318,37.61886233395522],[127.04007997883286,37.618871068354906],[127.04009016158285,37.61887707899003],[127.04015496007311,37.618922142391334],[127.0401692834206,37.61893344941922],[127.04018519223156,37.61895048618829],[127.04020083812632,37.61897147387652],[127.04022115691764,37.618995523328714],[127.04022962777938,37.61900707470949],[127.04023348701217,37.619013634387365],[127.04023951215949,37.6190268669436],[127.04025177149416,37.619060780450354],[127.04025410707388,37.61907330879072],[127.04025337648393,37.61909011606729],[127.04024457484658,37.61912476835898],[127.04024107954397,37.619133552380475],[127.04023700981199,37.61913995528685],[127.04023022019047,37.619145838349425],[127.04022258321571,37.61914944490416],[127.04020354267682,37.619155980851616],[127.04019504662975,37.61916079141698],[127.04019034445251,37.61916435822744],[127.04016424351305,37.619193530288406],[127.04014959359375,37.619206932061864],[127.04013596035577,37.619215231193635],[127.04010098797987,37.61923157799272],[127.04004855010909,37.6192514400578],[127.04002488031894,37.619258228021955],[127.03999229584528,37.619264401826264],[127.03997983774765,37.61926739732731],[127.03996463143963,37.61927198850627],[127.03995354909182,37.619276206179066],[127.0399265760178,37.61929088158822],[127.03991006763535,37.61930283877609],[127.03989772743452,37.619314510741255],[127.0398932937736,37.61932036595805],[127.03989113710742,37.619324599527886],[127.03989090410658,37.61932734761948],[127.0398930937864,37.619327663125965],[127.03990150920954,37.61932664126348],[127.03991254058386,37.61932451931048],[127.0399699268237,37.61931009309156],[127.03998782955135,37.61930659299547],[127.04002819330275,37.61930229060853],[127.0400986367894,37.61929117913622],[127.0401383634116,37.61928798514308],[127.04018142449918,37.61928231228472],[127.04020432382731,37.61928142782391],[127.04025132741361,37.619281274850096],[127.04028620378983,37.61928225854006],[127.04032974331827,37.61928791448508],[127.04036301972299,37.61928987897391],[127.0403735964071,37.61929109799616],[127.04040763784899,37.61929810143551],[127.04042391369589,37.61930241699868],[127.0404431991702,37.61930889660185],[127.04045318298361,37.619311334856675],[127.04047849761432,37.61931532746266],[127.04050880190712,37.61931743798888],[127.0405576075964,37.61931511469577],[127.0405599690959,37.61931269473182],[127.04056447619263,37.61931492673136],[127.04063205186608,37.619337582246665],[127.04069092749818,37.61934605376953],[127.04082501264392,37.619346943583416],[127.0409396161894,37.61934320622512],[127.04106246955807,37.61933190569635],[127.04115278813666,37.61931821976281],[127.04127746478324,37.61929408920883],[127.04138866602648,37.61928091836107],[127.04154974497398,37.61925222475747],[127.04159827981535,37.61924573225863],[127.04164239527923,37.619244064287294],[127.04169113622294,37.61924562200374],[127.04175793790714,37.61925094214233],[127.04180001543072,37.61925698728895],[127.0418285768596,37.619263762507536],[127.04185426602471,37.61927302005846],[127.04190472530863,37.61929881455036],[127.04206574996404,37.61940524140299],[127.04224351060452,37.61953338215613],[127.04230594848974,37.619569065032195],[127.04237728035665,37.61960261114233],[127.04247645505336,37.61964164681934],[127.0425258777783,37.61965843874738],[127.04259912369929,37.619679364798586],[127.04266630446465,37.61969314636256],[127.04270424200708,37.61967101068718],[127.0427377160671,37.61965574484582],[127.0427658697619,37.6196463553634],[127.04278966571405,37.6196425175391],[127.04281535559163,37.61964270643809],[127.04284027769549,37.61964719332183],[127.04289483158622,37.619671734429986],[127.04291422048638,37.61972557941812],[127.04293708391008,37.619774350577416],[127.04295936182314,37.619809462971034],[127.04298193942643,37.619833871516896],[127.04301455069123,37.61985453730222],[127.04305018033833,37.619864849628414],[127.04308624606875,37.61986531398881],[127.04311625861189,37.61985795096675],[127.04319475362408,37.61981580108377],[127.0432680019392,37.619769904963235],[127.04349737940178,37.61967978492987],[127.04353946956509,37.619658289859466]]]]},"properties":{"toyanghyun":"B₁","name":"갈색건조산림토양"},"id":"LT_C_FSDIFRSTS.1202917"},{"type":"Feature","geometry":{"type":"MultiPolygon","coordinates":[[[[127.04237728035665,37.61960261114233],[127.04230594848974,37.619569065032195],[127.04224351060452,37.61953338215613],[127.04206574996404,37.61940524140299],[127.04190472530863,37.61929881455036],[127.04185426602471,37.61927302005846],[127.0418285768596,37.619263762507536],[127.04180001543072,37.61925698728895],[127.04175793790714,37.61925094214233],[127.04169113622294,37.61924562200374],[127.04164239527923,37.619244064287294],[127.04159827981535,37.61924573225863],[127.04154974497398,37.61925222475747],[127.04138866602648,37.61928091836107],[127.04127746478324,37.61929408920883],[127.04115278813666,37.61931821976281],[127.04106246955807,37.61933190569635],[127.0409396161894,37.61934320622512],[127.04082501264392,37.619346943583416],[127.04069092749818,37.61934605376953],[127.04063205186608,37.619337582246665],[127.04056447619263,37.61931492673136],[127.0405599690959,37.61931269473182],[127.0405576075964,37.61931511469577],[127.04050880190712,37.61931743798888],[127.04047849761432,37.61931532746266],[127.04045318298361,37.619311334856675],[127.0404431991702,37.61930889660185],[127.04042391369589,37.61930241699868],[127.04040763784899,37.61929810143551],[127.0403735964071,37.61929109799616],[127.04036301972299,37.61928987897391],[127.04032974331827,37.61928791448508],[127.04028620378983,37.61928225854006],[127.04025132741361,37.619281274850096],[127.04020432382731,37.61928142782391],[127.04018142449918,37.61928231228472],[127.0401383634116,37.61928798514308],[127.0400986367894,37.61929117913622],[127.04002819330275,37.61930229060853],[127.03998782955135,37.61930659299547],[127.0399699268237,37.61931009309156],[127.03991254058386,37.61932451931048],[127.03990150920954,37.61932664126348],[127.0398930937864,37.619327663125965],[127.03989090410658,37.61932734761948],[127.03987955386316,37.61933262673951],[127.03986475018378,37.619342470528416],[127.03984997527034,37.61935528396155],[127.0398369190653,37.61936885634534],[127.03982679200922,37.619382403412395],[127.0397850354092,37.6194512826986],[127.03977615308833,37.619468922528995],[127.03976046738141,37.61950714771726],[127.03975497453382,37.619523477268544],[127.03975356572901,37.61953676551098],[127.03975421829452,37.619543387551325],[127.03975574787067,37.61955056790863],[127.03975917265832,37.61955811703234],[127.03978465829324,37.61957258641526],[127.03982647354132,37.61959229132834],[127.03984467920448,37.61959808484076],[127.03987318576904,37.61960402173118],[127.0398837692599,37.61960519214161],[127.03990600131297,37.61960602614793],[127.03992866218093,37.619605960819165],[127.03995105527433,37.61960504324227],[127.04001461005544,37.61959625059218],[127.04006898217123,37.61958570049615],[127.04008563179961,37.6195835856291],[127.040133099519,37.61958256489345],[127.04020509771463,37.61958269355274],[127.04022867427591,37.6195835099214],[127.04024008121765,37.61958462776187],[127.04026142663838,37.61958807757109],[127.04030185516419,37.61959230562083],[127.04031914887756,37.61959570724896],[127.04036009550651,37.61960705290512],[127.04040100144142,37.619622716094334],[127.04041290485189,37.61962654572129],[127.0404961510358,37.61964579832057],[127.04051527063073,37.61965326094615],[127.04054483915309,37.61966853154281],[127.04056725778277,37.61967915188945],[127.04060537297916,37.61970761990395],[127.04064039013586,37.619729635197785],[127.04065152966164,37.619738843960526],[127.04066973784711,37.619757402539015],[127.04075552386226,37.619830767403016],[127.0407673768147,37.61983959298847],[127.04078303979556,37.61984974621289],[127.04081076258298,37.61987205409443],[127.04082152398593,37.61987948352091],[127.04084471002241,37.61989301464031],[127.04087957489406,37.619907619291126],[127.04088729893452,37.619911923336346],[127.04090219611899,37.61992186507806],[127.04091277084804,37.61992760520889],[127.0409531172393,37.619946894875355],[127.0409778982853,37.61995649530643],[127.04105865937261,37.619981122762326],[127.04110151984997,37.619993150443136],[127.04113087051341,37.62000316010068],[127.041167982901,37.62001179934396],[127.04122156775543,37.62001941200337],[127.0412779002347,37.6200304987869],[127.04130468305078,37.620034315909905],[127.04132583291094,37.62003816473226],[127.04135736976771,37.620042060366174],[127.04137867804513,37.62004560729265],[127.04140061278126,37.620047232188746],[127.04145657288923,37.620048557716835],[127.04149947861214,37.62005417380859],[127.04153013247108,37.62005693536335],[127.04159435578858,37.620068542692195],[127.04164515082411,37.620076097578306],[127.04171922935912,37.62009482997528],[127.04176011478863,37.62009917178888],[127.0417814457239,37.62010266187234],[127.04180881356622,37.62010533982527],[127.04182762938608,37.620107943318594],[127.04186104099347,37.620113957276345],[127.04191490433645,37.62012708356658],[127.0419567253201,37.620135285711946],[127.04204186931008,37.62016580069207],[127.04207102187887,37.620179717769545],[127.04210129528752,37.620192645155434],[127.04212748119917,37.62020839318329],[127.04218827901933,37.620249376312344],[127.04219679656016,37.620256549633595],[127.04220824372375,37.620268471913334],[127.04222178561746,37.62027898429774],[127.04224591988506,37.62029210935708],[127.04226584910234,37.620306498201366],[127.04228615139874,37.62032360699029],[127.04230431847829,37.62031263095403],[127.04239604288784,37.62026756667171],[127.04242642922645,37.620259798246806],[127.04249787743773,37.62025370888987],[127.04252716628919,37.62024815726392],[127.04256077816723,37.62023569349615],[127.04258609629267,37.62021925034672],[127.04259769979357,37.62020729005219],[127.04260723884616,37.620190239921556],[127.04261194659976,37.62016279413703],[127.04260459091408,37.62013528062927],[127.04258762055875,37.62011137454201],[127.04254698074111,37.62007499830932],[127.04251436888845,37.62005324220064],[127.04248590640901,37.6200378635819],[127.04238492199504,37.619992409028185],[127.0424049560644,37.619946199180895],[127.04242403877893,37.61992018080658],[127.04244963688528,37.61989825056973],[127.04253623932965,37.61985051208428],[127.04256509915832,37.6198278418364],[127.04258497408632,37.61980077800405],[127.04261156003113,37.61974348360636],[127.04263458431798,37.61971724753671],[127.04266363669748,37.619694703332954],[127.04266630446465,37.61969314636256],[127.04259912369929,37.619679364798586],[127.0425258777783,37.61965843874738],[127.04247645505336,37.61964164681934],[127.04237728035665,37.61960261114233]]]]},"properties":{"toyanghyun":"B₂","name":"갈색약건산림토양"},"id":"LT_C_FSDIFRSTS.1202919"},{"type":"Feature","geometry":{"type":"MultiPolygon","coordinates":[[[[127.04444250252303,37.62461316931433],[127.0446200035148,37.62456550318439],[127.04466284665938,37.62454888268642],[127.04472385422208,37.62452521497712],[127.04483825749907,37.62447501361364],[127.04499134813527,37.62443000509915],[127.04503178691725,37.62440888855741],[127.04509155929136,37.624364212814406],[127.04512517107811,37.624330503050395],[127.04513970157538,37.62430675648437],[127.04514402097858,37.624293852697576],[127.0451460223634,37.624287851358176],[127.04516981928363,37.62417104730017],[127.04519029513385,37.62410712343814],[127.0452118146501,37.62406446246692],[127.04528042116513,37.62396194887966],[127.04532600231992,37.623884743815395],[127.0453361799368,37.62385623267361],[127.04534142850085,37.62382525472023],[127.04538191086942,37.62378337028672],[127.0454607912749,37.62368115897373],[127.04551480455149,37.6235930846791],[127.0455326362459,37.62355915563363],[127.04556170721864,37.623491822652234],[127.04559179878893,37.623444941677285],[127.04561703232004,37.62341913666241],[127.0456460277456,37.6233951952303],[127.04574151258058,37.62332819688791],[127.04576255563829,37.62330375395641],[127.04588865093817,37.623095027340725],[127.04590395608422,37.62306075684372],[127.04590857027908,37.62303021158168],[127.04590640840593,37.6230145442548],[127.04589534645739,37.622985969242784],[127.0458427876306,37.622895494514914],[127.04575785988057,37.62272086208787],[127.04573165944501,37.62268409394419],[127.04559654987088,37.62254405171516],[127.04553087800711,37.62249648962656],[127.04553427616597,37.622526058718805],[127.04554440797907,37.622552873596774],[127.04555116760226,37.622579689775584],[127.04555792722974,37.62260650505287],[127.04556805906286,37.62263332082944],[127.04558962924251,37.6226542658581],[127.04560752364563,37.62268632147671],[127.04562901940957,37.62271705575352],[127.04563810319718,37.62273413315737],[127.04564476612659,37.622750933992855],[127.04565843493242,37.62280073618187],[127.04566397006863,37.62283674109492],[127.04566833027789,37.622853795096304],[127.04567040576394,37.62287091665482],[127.04567033368666,37.62288826609325],[127.04566945191524,37.62289672670481],[127.04566764785777,37.622904822773435],[127.04566294282216,37.62291663743807],[127.0456525061777,37.622936084781074],[127.04563886899429,37.62296768857987],[127.04562935197039,37.62298316040929],[127.04561699217129,37.622999365839526],[127.04556815515144,37.62305425843537],[127.0455540026474,37.6230675309367],[127.04552247140809,37.62309387806069],[127.0455083113138,37.623104016024875],[127.04547814893988,37.62312192666563],[127.04543709188697,37.62314948926534],[127.04542052545554,37.623159077642256],[127.04540290511387,37.623167942929626],[127.04537163006735,37.6231817121329],[127.04523488766054,37.623250545094095],[127.04522604051252,37.623255679607375],[127.04520778882795,37.623269579823905],[127.04520031096095,37.623274346207864],[127.04519022868833,37.623278803649185],[127.04515862841735,37.62329064030281],[127.04511272703498,37.623311867999874],[127.04508117881167,37.62332927721854],[127.04502720185687,37.623354152460315],[127.04497023064307,37.623384118495025],[127.04491821285885,37.62340639179009],[127.04483410081406,37.62345000092414],[127.04480056080388,37.62346508177235],[127.04476847546074,37.62348051524609],[127.0447322477826,37.62349627824076],[127.04466617079856,37.62352182283163],[127.04463659395805,37.623534492893185],[127.04459754463365,37.6235561547756],[127.0445437969048,37.6235898512739],[127.04452861268534,37.623600194030395],[127.04451954361528,37.623607546804514],[127.0445063458023,37.62362092063039],[127.04446704101711,37.62366075097132],[127.04443663945005,37.6236943818579],[127.04442604379803,37.62370813220826],[127.04441594386203,37.623726867532795],[127.04440797718175,37.62374603723036],[127.04439811173538,37.62377432292849],[127.04438899207231,37.62380523472255],[127.04438690009171,37.62381707538115],[127.04438450099437,37.62384583489116],[127.04437937763991,37.62387278444153],[127.04437869969658,37.62388139182631],[127.04437937321204,37.62389010682123],[127.04438310999453,37.6239068727857],[127.04438690164656,37.623933996477035],[127.04439126192368,37.62395154696634],[127.04439787982992,37.62396912003168],[127.04443380129074,37.62405309652638],[127.04444081206809,37.62406459138226],[127.04444849131258,37.62407440023907],[127.04445448364416,37.624080042665696],[127.04446118806425,37.62408496853899],[127.04447861606411,37.62409494941261],[127.04450631275344,37.62410698516642],[127.0445268513788,37.62411699549315],[127.04459788564255,37.62415729324393],[127.04463388066432,37.62418189460045],[127.04468434230547,37.6242252940682],[127.04469390442753,37.62423536348199],[127.0447018401542,37.62424588040069],[127.04471255303272,37.62426515746457],[127.04471712217914,37.62427949764484],[127.04472486791559,37.62431132658131],[127.04472630753627,37.62432054853893],[127.04472688199562,37.6243396906917],[127.04472443047976,37.624358287092235],[127.04472029623874,37.62437029431129],[127.04471397236227,37.62438423497711],[127.0447077750088,37.624395706890176],[127.044696230586,37.62441226239522],[127.04466692100361,37.62444810124245],[127.04465157783093,37.62446377971855],[127.04462878689115,37.62448368753978],[127.04462157398545,37.62448853667673],[127.044586019452,37.62450752490287],[127.04454865409876,37.624529271723134],[127.04453482874861,37.624539150858475],[127.04453171196954,37.624542109074106],[127.04453053213976,37.624544891767215],[127.04452393625202,37.624545380789186],[127.04449598534161,37.62455182437972],[127.04441886599517,37.62456381854285],[127.04439596675917,37.62456559309528],[127.04434850325435,37.62456559472579],[127.04432581262782,37.62456385713885],[127.04430335090547,37.624560348121186],[127.04426764660444,37.624556202565266],[127.04420495666008,37.624545383589535],[127.04415449958506,37.62453449513253],[127.04412872735564,37.62452623911881],[127.04406802418264,37.624499781796715],[127.04402179016539,37.62448313980457],[127.04400151198178,37.62447302027401],[127.04394888749736,37.6244420729622],[127.04383434771506,37.62438420462646],[127.04382410477115,37.624379720614705],[127.04379180334999,37.62436961632454],[127.04376735405181,37.62436286619099],[127.0436998093151,37.6243482736114],[127.0436728689055,37.624343203820615],[127.04365880567327,37.62433966634375],[127.04365301264957,37.624337726859935],[127.04361913289266,37.62432109004931],[127.04358038880555,37.62430410634355],[127.04354661027777,37.62428618016214],[127.04354094159588,37.62428377661859],[127.0435197123509,37.62427620264421],[127.0435005161619,37.62427203364755],[127.04347412122624,37.624267938478205],[127.04346605983496,37.624265036665754],[127.04344422549974,37.62427074254873],[127.04342988382979,37.62427728539013],[127.0433882415426,37.62430600075071],[127.04335869129366,37.62432050489022],[127.04335054950757,37.62432546331036],[127.04332715270314,37.624342287925685],[127.04331713697002,37.62435253582549],[127.0433149128821,37.62435176719898],[127.04330999662955,37.624351769003546],[127.0433009580457,37.624353457166464],[127.04329412073487,37.624355640063925],[127.0432423729281,37.62437863961434],[127.04321532974326,37.624391676893104],[127.0432192196533,37.62442680945748],[127.04322586760844,37.62445951014825],[127.04324539939812,37.624518887045674],[127.04327049854267,37.62456994038188],[127.04329913954354,37.624610564389215],[127.04336349810768,37.62468982220449],[127.04344963663466,37.62480959655745],[127.04359723534125,37.62498663470469],[127.04361151656869,37.62500051904187],[127.04362302882917,37.625011712252],[127.04364794236851,37.62503133734618],[127.04367686393826,37.62504939143228],[127.04370563321548,37.62506270006955],[127.04376343332567,37.62507940186482],[127.04388819475056,37.625099766484496],[127.04392543199724,37.62511168620024],[127.04395446048551,37.62512646689279],[127.04398589733809,37.625150932289706],[127.04398348401473,37.62514434697497],[127.04396666019467,37.625121891641115],[127.04393932354601,37.625098485173815],[127.04391267008019,37.625081015949654],[127.04387257642716,37.625000506959005],[127.04387243919527,37.625000226803095],[127.0438663533326,37.624970410002085],[127.04386779152892,37.62495038052777],[127.04387589748107,37.62492679868565],[127.04390920864293,37.62487750230856],[127.04393061407967,37.62483185935194],[127.04394660829257,37.624811419011955],[127.04397060085213,37.62479250736734],[127.04400225228517,37.62477574622083],[127.04407948592493,37.62474196642269],[127.04425218562828,37.62467334568325],[127.04444250252303,37.62461316931433]]]]},"properties":{"toyanghyun":"B₂","name":"갈색약건산림토양"},"id":"LT_C_FSDIFRSTS.1202926"},{"type":"Feature","geometry":{"type":"MultiPolygon","coordinates":[[[[127.04266542088324,37.62533190283083],[127.0427138805894,37.625329903127685],[127.04277316256523,37.625335071337744],[127.0428144246796,37.62534521950538],[127.04284065550429,37.62535685974519],[127.0428618809514,37.62537121376795],[127.04293798244316,37.625450806309914],[127.04295929809255,37.62546434939391],[127.04298492737112,37.625473854481555],[127.04304180812245,37.62547931174699],[127.04317854227436,37.62546986449827],[127.04321453878954,37.62550262922264],[127.04326347375137,37.62553865977492],[127.04329897785706,37.625562153498976],[127.04335137562822,37.62559193890488],[127.04340163869202,37.625612967480485],[127.04345495812139,37.6256301927446],[127.04352372719454,37.6256444480402],[127.04354905823185,37.62564735789136],[127.04358750566367,37.62564787527756],[127.04361262967424,37.62564543332974],[127.04363647168469,37.62563967621911],[127.04365552021268,37.6256309296009],[127.04369871940959,37.62560189282443],[127.04371226971126,37.62558993171007],[127.04375110788052,37.6255381826512],[127.04376195546197,37.625530340043],[127.04378112877671,37.625521971772585],[127.04381322860219,37.625515860177046],[127.04384572883794,37.62551645176615],[127.0439169569893,37.6255323096757],[127.04393833390209,37.62553412171098],[127.04395968513028,37.62553078911705],[127.04396898306304,37.625526857350074],[127.04398211733117,37.625516410017525],[127.04398762864197,37.625507244926794],[127.0439903246371,37.62548792676353],[127.04398674720836,37.625472440133045],[127.04396963568334,37.625442461667824],[127.04392234392579,37.62538876244365],[127.0439197030362,37.625382393449435],[127.04379909041143,37.625394613316615],[127.04375973622835,37.62539299442863],[127.04371736549523,37.62538570313083],[127.0436642916136,37.6253716971198],[127.04346642737752,37.62530867225923],[127.04333720324001,37.62526418310749],[127.04318748701655,37.625219590494424],[127.04309092572234,37.6251804013318],[127.04303837739634,37.62515601277458],[127.04299691288496,37.6251326157461],[127.04294495825013,37.62509846113348],[127.04290754773098,37.62506859801666],[127.04287248546278,37.62503470662304],[127.04284150224377,37.62500055515466],[127.04273807920792,37.62488655564252],[127.04265643712836,37.62475974333874],[127.04263167754785,37.62472742757702],[127.04257452413832,37.624673845793644],[127.0424515898834,37.62456593472432],[127.04237846507964,37.62454723849943],[127.04233751206387,37.6245339456223],[127.04230741845483,37.62452164803244],[127.04228118224914,37.62451184208383],[127.04223167133449,37.62449692505347],[127.04220624687191,37.624488276565955],[127.04215029098474,37.6244622265079],[127.04209449228246,37.62443160836289],[127.04207710363077,37.6244246904795],[127.04206781005533,37.62442221697982],[127.04206091450462,37.62442163379638],[127.04205351966328,37.62441347709356],[127.04204372112011,37.62440541224642],[127.042032586127,37.62439774881375],[127.04201463278693,37.624387790291024],[127.04196463564377,37.624366112314696],[127.04194942310046,37.62436123797808],[127.04194243189527,37.62435975113173],[127.0419253309513,37.62435879765783],[127.0418950864136,37.62435990219823],[127.0418286006831,37.6243605744958],[127.04180294438156,37.62436255314545],[127.04178524117334,37.6243663120268],[127.04176356003617,37.624372788789394],[127.04174363893459,37.62438075966287],[127.04173375999842,37.62438687184937],[127.04171295375302,37.62440419617706],[127.04169868862488,37.624418296260096],[127.04169090423109,37.62442854323323],[127.04167882451226,37.62444721685275],[127.04167004282392,37.62446275747549],[127.04165981048776,37.62448518665544],[127.04164816651118,37.62450727395762],[127.04163761273115,37.62454035651937],[127.04163504549132,37.62455392809158],[127.04163431452794,37.62456350944532],[127.04163428895687,37.624592809551736],[127.04163803273131,37.624629245045995],[127.04164033310425,37.62467134104954],[127.04164392064847,37.62470590164432],[127.04164972503104,37.6247099693539],[127.04165899293326,37.62472120499389],[127.0416806267501,37.62476165166951],[127.04171375314947,37.62481509101567],[127.04172349924615,37.62482859786947],[127.0417359034488,37.624843158838026],[127.04175702724575,37.62486476604187],[127.04177429396945,37.624884436584445],[127.04179734663236,37.62490552412952],[127.04181321443164,37.62492123262119],[127.04188809785676,37.62498691504003],[127.04190563881103,37.62500059119952],[127.0419175144866,37.625009849127125],[127.04193951082013,37.62502574643349],[127.04196003894437,37.625043435419826],[127.04205096687332,37.625102075319475],[127.04207023083826,37.6251137092038],[127.04209028035247,37.62512425711552],[127.04209917626817,37.62513050138527],[127.04210817756886,37.62513881428269],[127.04212092686248,37.62515242454565],[127.04216710543402,37.62519124869727],[127.0421881015544,37.62521304237253],[127.04219758142635,37.62522426798256],[127.04222499927499,37.625265943234304],[127.04225995198674,37.625328747527576],[127.04226562560758,37.625341807102366],[127.042270640792,37.62536036293271],[127.04227392486222,37.62539255131449],[127.04228069949846,37.625427491861196],[127.04228312513368,37.62545606128568],[127.04228490876012,37.62546513448527],[127.0422914206551,37.62548217792203],[127.04230940415097,37.62551283295908],[127.04231467013282,37.6255241492677],[127.04231929668452,37.62554051583672],[127.04232403665868,37.62556712027842],[127.0423460471635,37.625629521037375],[127.04235215342645,37.625642361512256],[127.04236130843162,37.62565787321929],[127.04238052565252,37.625686598788846],[127.04239819836056,37.625708418846074],[127.04241803455729,37.6257299462031],[127.04243121713972,37.625740278485274],[127.04244875543219,37.62574878740374],[127.04249158995023,37.62576273007431],[127.04250391302284,37.62576557635833],[127.04251598156387,37.62576704332195],[127.04255416421861,37.62576798730699],[127.04263741792137,37.62576761307618],[127.0426423228775,37.62576750318528],[127.04264007274986,37.62575888966344],[127.04262997267881,37.625742954855944],[127.04258089778972,37.625699626099305],[127.04253186334319,37.62566753261319],[127.0425296457718,37.62563650342581],[127.04253233955068,37.62558876817187],[127.04254636878234,37.625498547300445],[127.04256431504083,37.62544384191558],[127.04258957768057,37.62538662013358],[127.04262034025388,37.62533978473798],[127.04266542088324,37.62533190283083]]]]},"properties":{"toyanghyun":"B₂","name":"갈색약건산림토양"},"id":"LT_C_FSDIFRSTS.1202928"},{"type":"Feature","geometry":{"type":"MultiPolygon","coordinates":[[[[127.04809719906139,37.630458118894026],[127.0480817347923,37.63045719718108],[127.04800117686447,37.630457905720554],[127.04796909375177,37.63045754035404],[127.04794827068672,37.630456116249846],[127.04792700458245,37.630452791241325],[127.04791651367768,37.63045196659493],[127.04790038135441,37.630451567701456],[127.04786290631151,37.63045202439219],[127.04784824659767,37.630451435687114],[127.04783951097765,37.63044957418809],[127.04783562398768,37.63044762963404],[127.0478312369705,37.63044324361028],[127.04782847962285,37.63043626208583],[127.04782906541793,37.6304311172178],[127.0478305252256,37.63042862990445],[127.04783498636854,37.63042494306283],[127.04783825944223,37.63042350916797],[127.04787326919808,37.630412223632526],[127.04788744008845,37.630410190663355],[127.04791381289031,37.630409576296216],[127.04805061875386,37.630410466698535],[127.04806677316935,37.630410000615846],[127.04808241694032,37.630408210289474],[127.04809565752463,37.63040408738669],[127.04811607717312,37.63039480791459],[127.04813660626802,37.63037958188606],[127.04814446369657,37.63037232574218],[127.04816297787313,37.63035957824292],[127.04816992052332,37.630356737302584],[127.04818998002291,37.63035116101754],[127.04821482782,37.630339807451634],[127.04822384379503,37.630337244966576],[127.0482377207099,37.630336131081286],[127.04825146348598,37.630337810306145],[127.04828250001674,37.630349050926434],[127.0482940132616,37.63035415480581],[127.04831200945355,37.63036379699973],[127.04831971618347,37.630368776297054],[127.04833006484327,37.63037737647586],[127.04833588060146,37.630383771094834],[127.04834323996842,37.63039465199182],[127.04835064696373,37.630409100773726],[127.048358313471,37.63042192767382],[127.04836714187215,37.63044457484545],[127.04837567943994,37.63045546426718],[127.04838376759471,37.63047211117363],[127.04838756563544,37.630476623556405],[127.04840151946848,37.630489267677774],[127.04842002741002,37.63050185586952],[127.04844382312614,37.630510225272616],[127.04847169255324,37.630528909288],[127.04849531848195,37.63053747696737],[127.04852317660922,37.630556169985006],[127.04854689306498,37.63056455741956],[127.04856537838637,37.63057713658779],[127.04857333598196,37.63058456644719],[127.04858004595403,37.63058974435459],[127.04858422891336,37.63059383310901],[127.0486074277374,37.63062494361287],[127.04861521572249,37.630632851061875],[127.04862549216683,37.63065221802747],[127.04863508286284,37.63066233214801],[127.04864227195303,37.6306725733959],[127.04865862150913,37.63069331636331],[127.04866757581993,37.63070038541074],[127.0486754881239,37.630707815281795],[127.0486846345211,37.630714109400685],[127.04869261463016,37.63072127795664],[127.04870174970756,37.630727581088706],[127.04870963937796,37.63073503799635],[127.04871851443862,37.6307421701416],[127.04874417296168,37.63077520771224],[127.04875305935323,37.630782330840326],[127.04876098302081,37.6307897877304],[127.04877015210451,37.63079609985292],[127.04877815490572,37.63080329542317],[127.04878723338022,37.63080963461139],[127.04880300131637,37.63082437723184],[127.04881343616735,37.63084332966132],[127.04882918148775,37.63085811733686],[127.0488382600145,37.63086451959008],[127.04884624021341,37.630871778234],[127.04885543197781,37.63087809935026],[127.04886344616021,37.63088534896908],[127.04887260397095,37.63089171514734],[127.04888058419378,37.63089900081848],[127.04888975333645,37.63090536699072],[127.04889775620222,37.630912625621725],[127.04890693663545,37.6309189287189],[127.04891487149044,37.63092612430789],[127.04892400664713,37.63093248148167],[127.04893794946344,37.6309453327699],[127.04894166825446,37.63094983615748],[127.04894668302278,37.630961195510814],[127.0489499151979,37.63096649196766],[127.04896561525028,37.630981270633576],[127.04898141492629,37.630992481351456],[127.04898712664107,37.63099554233263],[127.04900515401077,37.63100053531902],[127.04901866217621,37.63100701680708],[127.04902225416885,37.63100818659655],[127.04904714589114,37.631011816235485],[127.04905499835887,37.6310142816727],[127.0490584323832,37.63101641558176],[127.04906283177674,37.63102223412202],[127.04906471681491,37.631029017762714],[127.04906529170957,37.63105911045575],[127.04906682812728,37.631069804520536],[127.04906976631209,37.63107593000334],[127.04908513803035,37.63109094304598],[127.04909413720507,37.63109719214464],[127.04910192482863,37.63110439679195],[127.04911783766717,37.63111534615826],[127.0491242065087,37.6311184699282],[127.04912833093809,37.63111960345329],[127.04914217592653,37.63112141767949],[127.04917239045837,37.631122360136686],[127.04919205703705,37.63112202758411],[127.04920548033138,37.6311200037784],[127.04920952371388,37.631118488435696],[127.04921317011305,37.631116252469624],[127.04921597775328,37.63111336814342],[127.04921910016333,37.63110678964331],[127.04922033026611,37.631099608271896],[127.04921985976968,37.63103895409155],[127.04922067423887,37.630985597361125],[127.04921998685884,37.630973992948185],[127.04921848674863,37.63096684875496],[127.0492152992516,37.6309606152614],[127.04919945195732,37.630945953818234],[127.04918102328347,37.630933681061826],[127.0491643548124,37.6309278406092],[127.04915829180288,37.63092462661531],[127.04915409706129,37.63091992521591],[127.0491495942422,37.6309118812866],[127.0491456711371,37.630906792349734],[127.04911752986573,37.63088864919959],[127.04909137082963,37.63088725454802],[127.04907295808444,37.630881928370165],[127.04906297295628,37.63087510304858],[127.04905907306734,37.63087085201616],[127.04905467171687,37.630862042202835],[127.04905391865348,37.630853879582574],[127.04906014784537,37.630834172428386],[127.04908664028592,37.630791328534286],[127.04910556839332,37.630753497264685],[127.04912321196201,37.63072623509286],[127.04914049554337,37.63070283829831],[127.0491587689384,37.63066865628577],[127.0491632438915,37.63065161677508],[127.04916327422008,37.63062886686462],[127.04915986849937,37.63061808348055],[127.04914978919682,37.63060583426917],[127.04913911372303,37.63060003636538],[127.04912896148338,37.63059744575311],[127.04911872002596,37.63059699952394],[127.04910834370898,37.63059820215452],[127.0490939582286,37.63060123545405],[127.04907423937907,37.63060801006232],[127.04906487382142,37.630613023439686],[127.04905530693947,37.63062198321892],[127.04904453160604,37.630636610701984],[127.04903876319234,37.63065066848196],[127.04903751377866,37.63066295845094],[127.04903921061826,37.63069368136994],[127.0490374204853,37.63071062966142],[127.049017610793,37.63076887763018],[127.04899748128683,37.63080594354638],[127.04898472354958,37.63082082412281],[127.04897627542266,37.630825584836],[127.04896614894258,37.63082776041522],[127.04895607698984,37.630826710440985],[127.04895128376914,37.63082494649703],[127.04894060660146,37.63081658977589],[127.04892958145152,37.630795844640176],[127.0489212133172,37.63078437855788],[127.04889150211613,37.630756063872],[127.04883249438971,37.630709786635386],[127.04881387325779,37.63069753192049],[127.04877557908338,37.63067553666769],[127.04865932411411,37.63058940535193],[127.04860861971567,37.63054175507859],[127.04858172802317,37.6305110515388],[127.04854097683446,37.63047340709257],[127.04851951650073,37.630450179488186],[127.04848255743515,37.63042527340523],[127.0484403533183,37.63038307954089],[127.04838330528025,37.63033564800978],[127.04832870802996,37.630293963738275],[127.04830985114788,37.63028474536266],[127.04828103634695,37.63027549501967],[127.04826139748272,37.63026579042374],[127.04823139739278,37.630245521493215],[127.04821107369557,37.630227879481104],[127.0482039642699,37.63021804361735],[127.04820197817561,37.63021250336407],[127.04820193890015,37.63020431341627],[127.04820637386808,37.6301952296643],[127.04821585087828,37.63018736919302],[127.04826048470679,37.630168168950945],[127.04828341605412,37.630153978047794],[127.04830252741651,37.630136355946824],[127.04831642483408,37.63011447431347],[127.04832057211584,37.63009851615064],[127.04831822853436,37.63008325440516],[127.04830967747861,37.63006895024662],[127.04828676591573,37.63004363290456],[127.04827671375162,37.630037969814985],[127.04827048174474,37.63003602623456],[127.04825015631947,37.63003316040211],[127.04821364392792,37.63003285097234],[127.04818412294892,37.63003508846721],[127.0481698732678,37.63003778823403],[127.04815709741838,37.63004220828117],[127.04811585371225,37.63006576787507],[127.04809862687303,37.630072009722824],[127.04806892535382,37.63007539151487],[127.04803881311864,37.63007429556552],[127.04798947088399,37.63006496340799],[127.04793784413721,37.6300616417356],[127.04791802665518,37.6300558924839],[127.04787676853249,37.630039448215165],[127.04783549687025,37.63001952613092],[127.04782044516375,37.63000816178686],[127.04781653361782,37.63000321695809],[127.04781273129245,37.629993693273285],[127.04771293685238,37.63008144467141],[127.04769159410428,37.6301494615356],[127.04766763094446,37.6302156216204],[127.04765588474797,37.63025897551033],[127.04763140338056,37.63033690267442],[127.04760259480028,37.63040835078528],[127.04758080654743,37.630492214348635],[127.04756565597688,37.6305391194855],[127.0475402097122,37.630607154188986],[127.0475145636139,37.63066388159174],[127.04749008333212,37.63072437103688],[127.04748351237973,37.63074885437321],[127.04747346448428,37.63080338428938],[127.04744894101285,37.6308976327872],[127.04743873546275,37.6309465964709],[127.04742429091618,37.631029821849864],[127.047417777252,37.631048263146155],[127.04737974779783,37.63109134104869],[127.04717865969054,37.63127100254589],[127.04716069326517,37.63129961603264],[127.04715171851767,37.6313282259236],[127.04714274489622,37.631356835813285],[127.04713377013555,37.6313854466036],[127.04714278103724,37.63141404930737],[127.04716977083683,37.63143549369878],[127.0472057444442,37.63144263043732],[127.04724171353166,37.631442616041326],[127.04727767808889,37.63143545051078],[127.04731363923787,37.63142113294427],[127.04734959583539,37.63139966334218],[127.04738555127992,37.63137819463052],[127.04742150670258,37.631356724105856],[127.04744846814805,37.63133525989028],[127.04747543297493,37.63131379296414],[127.0475023943894,37.63129232873611],[127.04752935918526,37.63127086179752],[127.04755632056867,37.63124939755702],[127.04758328420064,37.63122793060642],[127.0476012504467,37.6311993170551],[127.04762821404938,37.631177852797016],[127.04765517763482,37.63115638582977],[127.04768214007301,37.63113492065871],[127.04770010625879,37.63110630709191],[127.04771807243078,37.63107769352226],[127.0477270549452,37.63106338673658],[127.04775401846145,37.631041920647355],[127.04776300096468,37.63102761385887],[127.04777198459732,37.63101330706919],[127.0477989480831,37.630991841870525],[127.04781691305682,37.63096322828576],[127.04783488028252,37.63093461469721],[127.04786184258779,37.6309131476824],[127.0478888014223,37.63088453043772],[127.04790676746866,37.630855916838335],[127.04792473350122,37.63082730323609],[127.04794269952,37.63079868963097],[127.04796066552504,37.63077007602299],[127.04798762773645,37.630748611681845],[127.04800559371222,37.630719998066816],[127.04801456805824,37.630691386306246],[127.04803253400993,37.63066277268684],[127.04805049994783,37.63063415906457],[127.04806846587198,37.63060554543943],[127.04808643178235,37.630576931811405],[127.04810439767897,37.630548318180544],[127.04812236356183,37.63051970454682],[127.04814542095451,37.63049522886381],[127.04814352225188,37.63049345469596],[127.04813784246345,37.63048708704173],[127.04813008635132,37.63047580085021],[127.04812551738208,37.63047036976779],[127.04811569077657,37.63046320192614],[127.04810705617179,37.63045988981813],[127.04809719906139,37.630458118894026]]]]},"properties":{"toyanghyun":"B₂","name":"갈색약건산림토양"},"id":"LT_C_FSDIFRSTS.1202937"},{"type":"Feature","geometry":{"type":"MultiPolygon","coordinates":[[[[127.0450565763497,37.60958698425067],[127.04501592681359,37.60957958191841],[127.04497916065591,37.60958884909697],[127.0449472970217,37.60959951363332],[127.04491429672619,37.60961466281733],[127.04486945382655,37.60963257352248],[127.04482586670554,37.60964637251947],[127.04477736349841,37.60966642082539],[127.0447331578332,37.60968188955589],[127.04468461001711,37.60970128372226],[127.04467752302645,37.60970597154967],[127.04466760753833,37.609715494254694],[127.0446296773568,37.60976515491553],[127.04460901624452,37.609797571310885],[127.04459637234437,37.609822164086374],[127.04458531432931,37.609847281538016],[127.04458159525265,37.60985717310201],[127.04457537117534,37.60987881541283],[127.04456632786247,37.60990186162818],[127.04452900309983,37.60997754980345],[127.04452385004042,37.60999099180404],[127.0445141285729,37.61002210572831],[127.04449595656214,37.61006948659452],[127.04448880469418,37.61008512145373],[127.04448035737424,37.61010109377072],[127.0444672426801,37.61012072766397],[127.04446075973323,37.61013186543217],[127.04443732344251,37.610177225550885],[127.04442806741372,37.610191230407985],[127.04440941230379,37.61021295577411],[127.04438544962468,37.61023596884511],[127.0443787209186,37.61024143767705],[127.0443638640612,37.61025115232252],[127.04435757703017,37.610254677553506],[127.04434043459635,37.61026238745315],[127.04430522242004,37.61027444690337],[127.0442189210255,37.61029925647411],[127.04420385150677,37.61030181191897],[127.0441735991273,37.61030486859008],[127.04415116510499,37.61030837913017],[127.0441154011215,37.6103124370452],[127.04404531415666,37.61032505815184],[127.04397509083319,37.610331183135656],[127.04396098824768,37.61033329310057],[127.04396105271972,37.61033507433215],[127.0439662057405,37.61034059367417],[127.04397515312246,37.61034656840364],[127.04399354403583,37.61035673371702],[127.04400679361287,37.61036583327264],[127.04403602856124,37.61039087887624],[127.0440490682827,37.610405159193064],[127.0440688427139,37.61043558722448],[127.04407935204156,37.61045519332867],[127.04408455868395,37.610467102460476],[127.04409667883588,37.610502571677294],[127.04411755713652,37.61055528074912],[127.04412673894184,37.61058224662424],[127.04413152057607,37.61059937894666],[127.04414326796562,37.61062877653151],[127.04414712675563,37.61064240344965],[127.0441569292751,37.610690516205565],[127.04415868276206,37.61071970309201],[127.0441612429214,37.610745533491965],[127.04416114610105,37.61076758523672],[127.0441569531528,37.610801779342346],[127.0441460936812,37.61084330098299],[127.04414103906436,37.61085680599732],[127.04411058278771,37.61091771794091],[127.0440955800428,37.61094342876628],[127.04417482450276,37.610959639458095],[127.04421720063928,37.61097068052613],[127.04426570960058,37.61098541063097],[127.04431004631407,37.611004192228314],[127.04435683422497,37.611019635624146],[127.04438008416534,37.61102990446535],[127.04441657229938,37.61104887728054],[127.04444165624949,37.61106354494886],[127.04447231021412,37.611080107995896],[127.04448138785281,37.61108588351854],[127.04448087174104,37.61108075438234],[127.04448669359003,37.611062426070305],[127.04449974188867,37.61104514018053],[127.0445273434309,37.61102728117596],[127.044596730735,37.61099897292806],[127.04462528526822,37.61098390660646],[127.04475394006386,37.61089884055699],[127.04481345890922,37.61086462543466],[127.04485532273777,37.61085232904873],[127.04492836978531,37.61084587720952],[127.04494628915667,37.610841797915405],[127.0449439204473,37.61083908413739],[127.04491971729581,37.610814470221314],[127.04488656017847,37.61077688005712],[127.04485970865397,37.610742070641976],[127.04482831586864,37.6107077963312],[127.04481656525637,37.61069237225651],[127.04480932875938,37.61068020174041],[127.04479994301991,37.610661099829414],[127.04479223852573,37.61064284420928],[127.04478798658741,37.61062916880805],[127.0447855028388,37.610610240869995],[127.04478498123699,37.61059031929718],[127.04478528635175,37.61057030010374],[127.04478776642804,37.61055099997515],[127.04479301323086,37.61053713986976],[127.04480062402392,37.61052381946023],[127.04480661757663,37.61051627680661],[127.04481329319519,37.61051105754469],[127.04482604203541,37.61050461243242],[127.04486632251334,37.610490733605396],[127.04488488528344,37.61048318887148],[127.04492580854475,37.61046472644778],[127.04494779833735,37.610456996597506],[127.04496448656366,37.61045299885832],[127.04501876056403,37.61044407188894],[127.04508120290386,37.610437493356294],[127.04509816633545,37.61043350089897],[127.04512533416492,37.61042384992978],[127.04514181353228,37.61041723397086],[127.04516758148448,37.61040381378873],[127.04520852757744,37.610378352374184],[127.04522165879314,37.610367547186],[127.04522917363836,37.61035865064204],[127.04523422808508,37.61035085514846],[127.0452592385774,37.61030610063496],[127.04526248043793,37.61029938702223],[127.04526732755133,37.610285875731336],[127.0452781085397,37.610235619824685],[127.0452805305099,37.610201033524326],[127.04528188899114,37.61019258172443],[127.04528633647466,37.61017562340117],[127.04529122185244,37.610150526274154],[127.04529595366928,37.610133675059],[127.04530658403684,37.61008350299828],[127.045309436523,37.61005104917263],[127.0453154327389,37.61001444328228],[127.04532367792474,37.60999042875313],[127.04534414036024,37.60994085747515],[127.0453590219352,37.6099012893189],[127.04535299335606,37.60987522331412],[127.04532427800497,37.60977364780786],[127.04531082711068,37.609742694982],[127.04529416172207,37.609714959919906],[127.0452789283188,37.6096953962786],[127.04525413365286,37.6096716917514],[127.04521626656937,37.60964343322246],[127.0451716074466,37.609620556187195],[127.04511849099774,37.60960234949308],[127.0450565763497,37.60958698425067]]]]},"properties":{"toyanghyun":"B₁","name":"갈색건조산림토양"},"id":"LT_C_FSDIFRSTS.1202974"},{"type":"Feature","geometry":{"type":"MultiPolygon","coordinates":[[[[127.04587336942888,37.61070463500101],[127.04585197488241,37.61070415678133],[127.04581751294346,37.61070770204323],[127.04572062423006,37.6107305796937],[127.04569327984798,37.61074234819221],[127.04568005787644,37.610752903893335],[127.04566727314253,37.610774685748034],[127.04566453218327,37.610792985897355],[127.04568248605887,37.61092687493779],[127.04571224122827,37.61102341340508],[127.04572111483793,37.61108797484372],[127.04573087032766,37.61113151586475],[127.04574569890389,37.61115514306035],[127.04576458824091,37.611170281362526],[127.0457840513834,37.61117919360476],[127.0458184064801,37.611185748481475],[127.04585450255465,37.6111870949551],[127.04590331530896,37.61118491360478],[127.04601692525519,37.611168300170725],[127.04604347818254,37.611158550122305],[127.04606366397655,37.61114548691368],[127.04607460677192,37.61113053523356],[127.04607896857222,37.61111441483643],[127.04607873185641,37.611097881779735],[127.04607197906746,37.611075251571116],[127.0460521500468,37.61104238221987],[127.04599705278059,37.61097292844059],[127.04597461723698,37.6109373571244],[127.04595781854638,37.61089628757525],[127.04594360456909,37.610840756142274],[127.0459288838712,37.61075313167232],[127.04591911893152,37.6107311693578],[127.04590380805347,37.61071514671799],[127.04589492562488,37.610710140673206],[127.04587336942888,37.61070463500101]]]]},"properties":{"toyanghyun":"B₂","name":"갈색약건산림토양"},"id":"LT_C_FSDIFRSTS.1202975"},{"type":"Feature","geometry":{"type":"MultiPolygon","coordinates":[[[[127.04240485846226,37.61151702967573],[127.04247557373006,37.61151141811289],[127.0426424384553,37.61151376357665],[127.0426750201207,37.61150897655739],[127.04269039567465,37.61150037556126],[127.04269660958953,37.61149344470781],[127.04270187756684,37.61147620688207],[127.04269637483578,37.611459225230256],[127.04268481642272,37.611448588731264],[127.0426754588398,37.61144428538805],[127.04265514928498,37.61144013917128],[127.04259838183678,37.611435816908994],[127.04252814528665,37.61142672423228],[127.04247713770182,37.611413624202825],[127.04245263246527,37.61140041551176],[127.04243904499529,37.6113866442767],[127.04243084524391,37.61136694259524],[127.04243260148267,37.61134830951072],[127.04244037466198,37.611334854949334],[127.04245497769708,37.6113221097119],[127.04249321544151,37.61130546369212],[127.04263179885565,37.61126752712143],[127.04268488775035,37.61125632665719],[127.0428179529683,37.611234042043144],[127.04287447276202,37.611221515794824],[127.04291374252387,37.6112075091615],[127.04296506647219,37.61118002834081],[127.04299858749866,37.61115468031979],[127.04303026826219,37.61111984554537],[127.04307087030284,37.61103984993443],[127.0430989007921,37.61099929519244],[127.04310508090911,37.61099281302182],[127.04308919040383,37.6109762721604],[127.04305721336551,37.61093709981632],[127.04303723394925,37.61091013689673],[127.04300281063209,37.61086903731285],[127.04297902714293,37.61084242174901],[127.04296767337638,37.61082714510818],[127.04295252030929,37.610802845542175],[127.04293051786422,37.61076151616776],[127.04291801400403,37.61074132954962],[127.04290430207617,37.61071588699873],[127.0428941456594,37.610693050616405],[127.04288965972158,37.61067954551882],[127.04288008013667,37.61063758272818],[127.04287783764082,37.61061784016805],[127.042877294774,37.610565910054106],[127.04287845162251,37.61053521113152],[127.04288106809433,37.610521821482045],[127.04288708161413,37.61050334992018],[127.04289467211355,37.61048566074432],[127.04291421634944,37.61044738772823],[127.04294179968677,37.61040349952219],[127.04295164183628,37.61039194976426],[127.04297163280022,37.610374319138515],[127.04299105687902,37.61035565798421],[127.04302585781686,37.61031740191468],[127.04303309295634,37.61030812539497],[127.0430396745747,37.61029683179836],[127.04304239665002,37.61028987967399],[127.04304290974265,37.610284055492755],[127.04307305978983,37.610258634795166],[127.04309478923248,37.61023717971548],[127.04310113079518,37.61022992083259],[127.04311492814762,37.610209151595626],[127.04311904955343,37.610199359941205],[127.04312111204685,37.61018971950412],[127.04312235072166,37.61016949995278],[127.04312211543008,37.610097408288006],[127.04312107434767,37.61007734363853],[127.04311955008264,37.61006781533346],[127.04311251316514,37.61004175769211],[127.04310678409443,37.61002505274166],[127.04308639219806,37.60998159556693],[127.04307487076969,37.60996212759343],[127.04306343530307,37.609948346631455],[127.04305747016747,37.60994254283333],[127.04304947114689,37.60993706773692],[127.04304025441216,37.60993318513207],[127.04302096319608,37.60992668702377],[127.04298632084353,37.60991154771115],[127.042965953462,37.60990462291692],[127.04291815969644,37.60989115610269],[127.04281546953355,37.60986942550312],[127.04280134758902,37.609865327520666],[127.04275088808019,37.60984634755114],[127.04270618790682,37.60982781777256],[127.04267077693424,37.60981514465279],[127.04264854622063,37.60980565536093],[127.04262137137873,37.60979127728084],[127.04260808281268,37.609782843413875],[127.04259648725947,37.60977412602369],[127.04259206490823,37.60977064619729],[127.04258200973007,37.60976010915239],[127.04256505481062,37.6097392600702],[127.04253488677239,37.60970518382002],[127.04251600007194,37.60968093869724],[127.04250777571299,37.609669445036616],[127.04248420009847,37.609630985788414],[127.0424622861185,37.609598774298135],[127.04244819370737,37.60957278492564],[127.04243797831182,37.609547284295395],[127.04242864933852,37.6095131518679],[127.04241966819195,37.60948721561425],[127.0424169969143,37.609469993262664],[127.04241682289012,37.60945671814862],[127.04242014476512,37.609454903263135],[127.04242316346377,37.609451706368915],[127.04243243493539,37.6094384675026],[127.04244266604023,37.60942587249778],[127.04245598884873,37.60941300247907],[127.04246808676211,37.60940305480801],[127.0425037520958,37.60937949551321],[127.04252087787592,37.60937040647055],[127.0425320659894,37.609365816403226],[127.04254045998542,37.609363012201925],[127.04255778579443,37.60935914161201],[127.04256957148294,37.60935781110502],[127.04258204738385,37.60935733989164],[127.04260813845272,37.609358246780715],[127.04262127696501,37.609359882738],[127.04265388343401,37.60936645718959],[127.04266126344488,37.60936700863042],[127.04265399206662,37.60934646419703],[127.04265114324224,37.60933573894862],[127.04264892521253,37.609324950402915],[127.0426470714428,37.60930548970315],[127.04264659524326,37.60927679426569],[127.04264714891087,37.60924876518805],[127.04264863649615,37.60923584356221],[127.04264917789969,37.609214106097454],[127.04262016669425,37.60920243705321],[127.0425830208847,37.609126046564505],[127.04257591933835,37.609105335381145],[127.04257394257782,37.6090747114655],[127.04258231831176,37.60904589480336],[127.0425964854163,37.609024220896096],[127.04268494010493,37.608910457045106],[127.04274418682743,37.60885701593947],[127.04281341612618,37.60877273031479],[127.04284629021079,37.60872700218081],[127.04287958409111,37.60868068824166],[127.04288399633933,37.60867455090038],[127.04294583252762,37.60857524838764],[127.04299453194305,37.60851671139078],[127.0430416725169,37.608445696237624],[127.0430954126709,37.60838909448672],[127.0431218149555,37.60835486526203],[127.04314288709351,37.608308150265565],[127.04314872131198,37.60827182924613],[127.04314243748294,37.60823561176559],[127.04312642883019,37.6082056687256],[127.04309608172007,37.608174658742655],[127.04307307158741,37.60815614910563],[127.04303244923481,37.6081234697183],[127.0430082088086,37.60809640381955],[127.04299629475676,37.60807702787608],[127.04298734583426,37.60805399283383],[127.0429849904791,37.608034847664214],[127.04298725581357,37.60801564675212],[127.04299865505945,37.60798672083521],[127.04301584253373,37.60795955874697],[127.04303474441106,37.607939856224405],[127.0430612126604,37.607922052026154],[127.04309571259722,37.607907848847475],[127.04310650749473,37.60790526537193],[127.04312224405832,37.60790149618959],[127.04315903816081,37.607898509474005],[127.04319582405093,37.60790091066748],[127.04323351888067,37.60790834804811],[127.04327426257184,37.60791984776165],[127.04335013674115,37.607949894946685],[127.04336496607115,37.607959650819296],[127.04338124786237,37.60797036300703],[127.04339875494647,37.60798673656017],[127.04342092749626,37.608021623729165],[127.04342707673283,37.60804041610818],[127.04343037890177,37.608071084576565],[127.04342822240172,37.60810197129101],[127.04342037950975,37.60813099504924],[127.0433984317504,37.60817117824465],[127.04333739444068,37.60824035161894],[127.04332589193788,37.60826682691377],[127.04332650252331,37.60828465727172],[127.04333560762888,37.6083033764903],[127.04334697336239,37.608314436467154],[127.04336926938102,37.60832778093996],[127.0434087699168,37.60834338056515],[127.04349082175813,37.608368179824254],[127.0435170026463,37.60837609167273],[127.04362249733326,37.608432643874366],[127.04365902009795,37.60844942481235],[127.04371828391947,37.60846571078254],[127.04377174539485,37.6084755387807],[127.04381271054719,37.608477767043425],[127.04385352558393,37.60847507594524],[127.04391133523484,37.60846429663529],[127.04399594570529,37.608442830583606],[127.04405119781006,37.60843549393827],[127.0440998299971,37.608437349833586],[127.04417071327589,37.60845287440291],[127.0442026176868,37.60845434008018],[127.04422380401988,37.60844856581036],[127.04423249874176,37.608443237704115],[127.04424770779951,37.608422599343925],[127.04425115645287,37.608394063714286],[127.04424081537059,37.60833495367165],[127.04423027250336,37.60822193750157],[127.04419104577136,37.60809503881416],[127.04416428138201,37.60797556861161],[127.0441494632642,37.60792939844194],[127.04412375983723,37.607880286104496],[127.04407180593878,37.607814461200654],[127.04399944613739,37.60769454846854],[127.04398478080883,37.60767678642065],[127.0439607376699,37.60765814489468],[127.0439203305574,37.607641176285554],[127.04385302688011,37.6076256592433],[127.04375682039586,37.60760871129909],[127.04364054731886,37.60759462683543],[127.04358844957237,37.60759174490236],[127.04344234162964,37.607589789569],[127.0433453033926,37.60758348228253],[127.04325546695141,37.607575334258094],[127.04317928792186,37.60756574679366],[127.04308615381773,37.60755402472006],[127.04304757840524,37.6075510835512],[127.04298692963694,37.60755121557855],[127.04295263916337,37.607551289331035],[127.04289044417114,37.60755676293794],[127.04273578716764,37.60753745677662],[127.04257848525842,37.607527125223335],[127.04241925364374,37.60750893752456],[127.04220266231822,37.60749504983732],[127.04218074605473,37.607491561832816],[127.04215219024398,37.60748280540663],[127.04212989544703,37.60747079416607],[127.04211544810227,37.607457140319966],[127.04210635605153,37.60744076357282],[127.04210293741875,37.60742347480152],[127.04210670070586,37.6073891817935],[127.04212422835559,37.60732226804796],[127.04212969137888,37.60726962127272],[127.04212693295484,37.607218103668835],[127.04211526390942,37.60719071774786],[127.04210405632493,37.60717831511916],[127.04208974700471,37.60716831923802],[127.0420669322067,37.607157821833],[127.04203688156485,37.60714897581222],[127.04196575251834,37.60713648637999],[127.04193108515723,37.60713463365369],[127.04189968233965,37.60713794242907],[127.04186609965656,37.607151766518875],[127.04185299117687,37.607162583044385],[127.04183745289492,37.607182527455166],[127.04181866393712,37.607222087560665],[127.04178722829984,37.6073085126133],[127.04177178290439,37.60733262856411],[127.04173114906688,37.60737487232387],[127.04172243449715,37.60739342497968],[127.0417209345583,37.60739661681524],[127.04171901896153,37.60741396154284],[127.0417218260547,37.60743144875923],[127.04173623599618,37.6074593743425],[127.04182304894961,37.60754958672947],[127.04188211820811,37.60762482544319],[127.04191755125697,37.60767892629829],[127.0419327781231,37.60770932027766],[127.04194441676896,37.607743049191704],[127.04195109034734,37.60780889113784],[127.0419464011648,37.60784829307839],[127.04193286321573,37.60790124003599],[127.04192354419011,37.607924407788246],[127.0419111990939,37.60794363028017],[127.04189332740889,37.60796313403946],[127.04182392175537,37.608016145851735],[127.04177831766927,37.60806178811477],[127.04174928110628,37.60808475560356],[127.04172230997044,37.608095036422405],[127.04170272950881,37.60809681829246],[127.04168335062903,37.608094527615435],[127.04165659485663,37.60808485142512],[127.04159716585573,37.60805531993048],[127.04157753601281,37.60804975873248],[127.0415582931128,37.6080475761057],[127.04153025362369,37.60805109082553],[127.04152156937356,37.608055148334145],[127.04150979778706,37.608067252764585],[127.04150629334735,37.60807877765327],[127.04150746838022,37.608094121091696],[127.04151902486248,37.60812289463204],[127.04153811113903,37.608148881463464],[127.04158267875148,37.60819405039278],[127.04159896839077,37.60822125453523],[127.04162577277953,37.60827744880926],[127.04164374536168,37.60829646235701],[127.0416526267311,37.60830059476453],[127.04166692067771,37.60830304942005],[127.04169028273017,37.608299248003675],[127.0417074132396,37.608290781659534],[127.04174772529758,37.60825953010016],[127.0417774897836,37.60824198631154],[127.0418208437222,37.60822278888971],[127.04189471421546,37.60819437250988],[127.04193739880988,37.608173229145365],[127.04196968710653,37.60815273817545],[127.0420097158171,37.60812143256727],[127.04203742613788,37.608096483310035],[127.04208412694007,37.60804782224116],[127.0421047406831,37.60803074113688],[127.0421291622103,37.60801808252834],[127.04215876213863,37.60801029641835],[127.0421923967654,37.608007644498926],[127.04222144760068,37.60801021994922],[127.04223779592716,37.608014692017306],[127.04226726550998,37.60802275433274],[127.04230149854467,37.60803686057326],[127.04234727980511,37.60806460364207],[127.04239811264351,37.60811310367692],[127.042430290086,37.608136977344714],[127.04243343445238,37.608169682133614],[127.04244122060602,37.60819957416578],[127.04245344166405,37.60822131965689],[127.04246813900578,37.60823608158691],[127.0424956574712,37.60825232553175],[127.04257259056725,37.60827240788985],[127.04261851599132,37.60829434842792],[127.04270444968552,37.60834858396068],[127.04273653877634,37.608376043514085],[127.04275837765825,37.60840212825893],[127.0427811093254,37.6084446106844],[127.04278648795528,37.6084627816921],[127.04278990204462,37.60849154904791],[127.04278792266702,37.608533583626865],[127.04278716067223,37.6085497539609],[127.04276628941952,37.60863134612061],[127.04274588949164,37.608665852397024],[127.04262663924654,37.60879570107684],[127.04259393156036,37.60881575089081],[127.04249655366641,37.60885211388934],[127.04244398392436,37.60887709021431],[127.04241909882012,37.60889149697228],[127.04231603219519,37.60898221855618],[127.04225680055693,37.60904302052368],[127.04219479034901,37.60909721019234],[127.04216287602611,37.60911872821491],[127.04209263222619,37.609153099004544],[127.04206941430785,37.609171946971045],[127.04205287002772,37.60919602730321],[127.04203995660355,37.60923203543867],[127.04202893089843,37.60928172892839],[127.04202143298065,37.60938158824667],[127.04200838716069,37.60942392136974],[127.04199810532089,37.60944712550423],[127.04197958000478,37.60947300850864],[127.04194386685548,37.6095065830589],[127.04193225462728,37.6095203993516],[127.04192736526943,37.60952622147968],[127.04190026094444,37.609582606006754],[127.0418837287034,37.60960821799111],[127.04187173003643,37.60961963778324],[127.04185652495606,37.6096287701986],[127.04182447876502,37.609637854522376],[127.04180162467934,37.6096393852916],[127.04176711408319,37.60963639721617],[127.04171307051733,37.60961954981114],[127.04168947314882,37.609608313803065],[127.04166221431824,37.60959112354364],[127.0416137973786,37.609549965415106],[127.04153576414183,37.60946787673929],[127.04150951528997,37.60943376550921],[127.04149322515313,37.60940608383591],[127.0414806038298,37.60937721156482],[127.04147250338087,37.60934988560326],[127.04146506579013,37.60937616016473],[127.04145097072437,37.60942019286082],[127.04144849683885,37.609437849516496],[127.04144783952789,37.60946564436692],[127.0414483186446,37.60948409736085],[127.0414509478975,37.60950150445193],[127.04145624873023,37.60951462820225],[127.04146527822041,37.609528279523005],[127.04149247363047,37.609559867659506],[127.04151092913332,37.60957716376788],[127.04155226953674,37.60960353108701],[127.04158189151782,37.60962598231666],[127.0416243301589,37.60964961381986],[127.04167663012132,37.60968161652101],[127.0417052569303,37.60970050465819],[127.04172836884786,37.609714454614306],[127.04174110404391,37.60972389247823],[127.04174883968552,37.609732512209305],[127.04175365393846,37.609740185132765],[127.0417563460867,37.609746375778535],[127.04175857836312,37.60975652012789],[127.04175787866104,37.60976703762326],[127.0417540263013,37.609784310950616],[127.04174856606899,37.609796149178365],[127.04174022210493,37.60980755685196],[127.04172787120669,37.60981703512181],[127.04171245003084,37.6098246422199],[127.04168971626564,37.609832849255326],[127.04162930873134,37.60985053267198],[127.04159615917473,37.60985938036246],[127.04157155028885,37.609868338560034],[127.0415372049357,37.609885690191746],[127.04150788335302,37.60989853149635],[127.041495459249,37.609904751790346],[127.04146122996315,37.60992722998785],[127.0414378973093,37.60994413173129],[127.04143015078955,37.60995058553404],[127.0414192238571,37.609962831110415],[127.04140269027147,37.609984423713264],[127.04139134657598,37.61000080767677],[127.0413807547627,37.610023084746075],[127.04137253058859,37.61004643496351],[127.04136956098107,37.61005659646008],[127.04138219707913,37.610095651714715],[127.04138838608985,37.610123478398386],[127.04140692229383,37.610151302552],[127.04145793501934,37.61022248261155],[127.04144875140048,37.61020471833027],[127.04144208831045,37.61017778109299],[127.04144285489993,37.610150967384854],[127.04144887037282,37.61013338697267],[127.04146026643367,37.6101174715],[127.04147299002749,37.610105952387066],[127.04150433107002,37.61009110207638],[127.04152986788594,37.61008672329483],[127.04156935972662,37.61008571830259],[127.04159588551265,37.610087889350034],[127.04162199399,37.61009317796141],[127.04165052950773,37.61010448431843],[127.04167205533513,37.61011732482562],[127.04169085294428,37.61013240074595],[127.0417002590781,37.61014291827372],[127.04170725683291,37.61013824507275],[127.04172522210496,37.61012306155892],[127.0417360714218,37.61011586782856],[127.04174343911491,37.610112497325],[127.04175372081444,37.61010899604759],[127.04177744829194,37.610103491616094],[127.04179099294224,37.61010209479208],[127.04180161636394,37.61010209102964],[127.04181523049616,37.610103425076574],[127.04184166739674,37.61010864144381],[127.04185004151056,37.610110583710195],[127.04186441286586,37.61011513311345],[127.04189557447657,37.61012983160494],[127.0419101062959,37.61013776506113],[127.04191833170566,37.61014313113448],[127.04196065037,37.61017626258741],[127.04197898518467,37.61019196211073],[127.04199210468214,37.610207886932365],[127.04199825037212,37.61022069050496],[127.04200215003331,37.61023321286697],[127.04201258111688,37.61027379511332],[127.0420141192788,37.610290151123515],[127.04201367087562,37.61029836830457],[127.04201022026432,37.6103130169142],[127.04200134952656,37.61033429242632],[127.04199387137488,37.61034870010264],[127.04195318772025,37.61041181264654],[127.04194241331027,37.61042537636332],[127.04192014503428,37.61045001461637],[127.04190656315045,37.610463882059385],[127.04183355254928,37.61052913687509],[127.04181519565529,37.61054084993293],[127.04177950483319,37.610560716770685],[127.04176814982837,37.61056903782091],[127.04175906082787,37.6105789149775],[127.04175150468956,37.61058968537228],[127.04173180232661,37.610629865644974],[127.04172773017791,37.61064507578154],[127.04172642656683,37.610663278025],[127.04172755069207,37.61069073346937],[127.04173085814737,37.61070352274152],[127.04173698842578,37.61071510188786],[127.04174325117859,37.61072255986275],[127.04176812243726,37.61074282692196],[127.04178126059672,37.61075557667327],[127.04178947014177,37.6107608220281],[127.04179537221032,37.61076327513331],[127.04181003432089,37.61076704238112],[127.04181979322288,37.61076823543685],[127.04184007756284,37.61076821473218],[127.04185000169477,37.61076716156094],[127.04191543614793,37.61075531826204],[127.04193827808965,37.61075374332682],[127.04194964589942,37.61075408887028],[127.04196514071484,37.610756301596574],[127.04197708433824,37.610759493157246],[127.04199436014825,37.61076678502285],[127.04201540598102,37.61077956436946],[127.04203200577007,37.61079309942378],[127.04204431707626,37.61080561878694],[127.04205552706881,37.61082134786449],[127.04206540588964,37.61084038134249],[127.04207000379151,37.610853848589606],[127.04207959235005,37.61092053728512],[127.0420676754946,37.61094883619512],[127.04206094838659,37.61097565743411],[127.04204410587262,37.61099980003231],[127.04203314007067,37.6110155207921],[127.0420441205859,37.61105611364641],[127.04206027269292,37.61113935928059],[127.04206217051077,37.61118895715079],[127.04206490519076,37.61126046857773],[127.04207649164758,37.611341193064824],[127.04208314699214,37.611454291843515],[127.04209825977237,37.61152191468819],[127.04210958644839,37.611543507353424],[127.0421254293425,37.61156014296601],[127.04215115710254,37.61157218000233],[127.04217179444296,37.611575136883125],[127.04218996065636,37.61157438256913],[127.04221523669115,37.611568670269776],[127.04232189331309,37.61153088963931],[127.04240485846226,37.61151702967573]]]]},"properties":{"toyanghyun":"B₂","name":"갈색약건산림토양"},"id":"LT_C_FSDIFRSTS.1202976"},{"type":"Feature","geometry":{"type":"MultiPolygon","coordinates":[[[[127.04755572732427,37.63323404789956],[127.04754208406952,37.63311020480843],[127.04750561207413,37.63292122153151],[127.04750337347079,37.63288566052677],[127.04750760753119,37.63280440792973],[127.04750661451646,37.63276966902278],[127.04749924967903,37.63272545160798],[127.04747588156592,37.632626208423154],[127.04747138630938,37.63259965457767],[127.04746899839176,37.632560850081646],[127.04747174751168,37.632531674155494],[127.04747828924795,37.63249841163355],[127.04749294661008,37.632446613468154],[127.04750482362942,37.63241231806889],[127.04751622034831,37.63238701289787],[127.04752280602655,37.63237477125453],[127.04750322881402,37.63238788397637],[127.04747650707729,37.63241096897771],[127.04738018965728,37.63252072073279],[127.04736005669889,37.63255437162432],[127.04734662056813,37.63259021823034],[127.04734116969033,37.63262338570329],[127.04733962377297,37.63266881402516],[127.04735031270765,37.63290984143851],[127.047358804746,37.632955887409786],[127.04737026123429,37.6329959766745],[127.04740652929264,37.63307306846354],[127.04740612216563,37.63312770439887],[127.0473688760065,37.63313390912953],[127.04732555499582,37.63313626006651],[127.04728545924885,37.6331330416036],[127.04721689906474,37.63312077060548],[127.04720347794742,37.633073158882226],[127.04719640182633,37.633008723216264],[127.04717102647331,37.63285026799734],[127.04716497978528,37.63271166276964],[127.04716080393285,37.63268303111185],[127.04715141399147,37.63265006779611],[127.04715096950717,37.63262793976364],[127.04715769794012,37.632608412713275],[127.04717159668273,37.63258736913997],[127.04724960106468,37.63250431208996],[127.04732448293171,37.63241042639055],[127.0473455886742,37.63237443255088],[127.04736035962542,37.632335495026574],[127.04739998587876,37.63231366624795],[127.0474257114619,37.63229185205395],[127.04746030326125,37.63224537430661],[127.04749047242822,37.63219214994517],[127.04754964250289,37.632225985161654],[127.047572891685,37.63224711291719],[127.04758099659648,37.632254479712984],[127.04759927867568,37.6322854842706],[127.04759968661855,37.632287416720594],[127.0476049225702,37.63228339170655],[127.04772025253017,37.632240623975285],[127.04782146464511,37.632210921643285],[127.04791203154278,37.63219817289274],[127.04799183707759,37.632204878932136],[127.0480031085554,37.632208853100344],[127.04801439282299,37.632215095944545],[127.04802446467416,37.6322227592348],[127.0480322915346,37.63223105773212],[127.04804913481013,37.63225646408],[127.04806098550199,37.63228200220107],[127.048083532049,37.63234294920931],[127.04808995983159,37.63237766968114],[127.04809843884374,37.632450350550215],[127.04812040800378,37.632582057603],[127.04812740304689,37.63260216385109],[127.04813888024808,37.63262111951324],[127.0481528142073,37.63263225451629],[127.04815853358645,37.63263476142733],[127.04817743263747,37.632638213497266],[127.04818829254286,37.63263805319191],[127.04820512239687,37.63263544156738],[127.04822079855361,37.63263045631453],[127.04823700531816,37.63262260210402],[127.04825348943375,37.63261092399431],[127.04827873994772,37.63258524277889],[127.04828894568833,37.63257034620885],[127.04830423392217,37.632543660861536],[127.04833202977943,37.63248786314298],[127.04834452856443,37.632459095853555],[127.0483584294604,37.63241221366886],[127.04836771366926,37.63238089880528],[127.04837784093894,37.63235512285579],[127.04841230493798,37.63228190722776],[127.04843685290628,37.63223879669488],[127.04845832113658,37.63220887785384],[127.04848262787766,37.6321834060094],[127.04850983069464,37.63216379478295],[127.04853140617236,37.63215253620156],[127.04855506911655,37.63214232190076],[127.0485809247719,37.63213471594734],[127.04860560010317,37.63213083154593],[127.0486421417635,37.63212927760326],[127.04867901242415,37.63213190588975],[127.04871589567485,37.63213819756786],[127.0487705866828,37.63215279797419],[127.0488359243625,37.63217558751399],[127.04886573892605,37.63218790966586],[127.04889428581046,37.63220199466373],[127.04891635651826,37.63221696890978],[127.04894517494321,37.63224084569646],[127.04896021405379,37.63225623820533],[127.04897264189152,37.632273432866725],[127.0489825374037,37.63229361534598],[127.0489887243259,37.63231112794129],[127.04899366435777,37.6323361949189],[127.04899419756623,37.632366666937926],[127.04898959505705,37.63238980165907],[127.04898385488461,37.63240740930449],[127.04896362980115,37.63244972258557],[127.0489441486245,37.63248453755072],[127.04893009426009,37.63251625267302],[127.04890244391123,37.63257214237231],[127.04887945191551,37.63263306484326],[127.04886705675392,37.632672750290766],[127.04885074684688,37.63273063546747],[127.04883882917267,37.632783303017],[127.04882648839327,37.632817869035875],[127.04880004207028,37.63288058948376],[127.04877229803381,37.63293389335895],[127.04874487036325,37.6330033031167],[127.04869668568557,37.63311644536997],[127.04866424127229,37.633177055448314],[127.04864519467867,37.63320820136703],[127.04861930549265,37.63324489116412],[127.04853528282598,37.633335120727565],[127.04847505483289,37.63339610527456],[127.04844580678046,37.63343162873501],[127.04842493080366,37.63346518550454],[127.04840127324432,37.63350882994527],[127.04836559063891,37.63358531933522],[127.04830953746674,37.63367135579023],[127.04830492753018,37.63367996749596],[127.04829700762627,37.633701486273985],[127.04825208353772,37.6338532342294],[127.04824523756078,37.63389044773258],[127.04824166820795,37.63393500923463],[127.04823746547991,37.63394792027387],[127.04824485673858,37.633955036839644],[127.04824916452483,37.63395917961166],[127.04826279074338,37.63397229509119],[127.04828183893159,37.63398859243341],[127.0482880315196,37.63399388769418],[127.04831697752633,37.6340110873709],[127.0483226397377,37.63400736848671],[127.04833372201276,37.6340038915491],[127.04840962011151,37.63398838060048],[127.04845848094118,37.63397283566121],[127.04849469170607,37.63395755989046],[127.04852270672329,37.63394376689764],[127.04857961522028,37.633911695424175],[127.04872753850496,37.63380913380414],[127.04874408893228,37.633794625605134],[127.04878032523008,37.633757972051],[127.04882822216499,37.63371887198958],[127.0488807566636,37.633678923060806],[127.04893762257488,37.63364119324144],[127.0489545817876,37.63362822913226],[127.04901527447991,37.63356786582996],[127.0490754667614,37.633501275091426],[127.04910936949982,37.633458574088635],[127.0491903797803,37.63332970660526],[127.04923545515172,37.63326981820926],[127.04929477976295,37.633195525191226],[127.04931149671152,37.63317793547064],[127.04933089718878,37.63316156095634],[127.04938552019568,37.63312516080955],[127.04943863611216,37.63308151734394],[127.04946950777082,37.633052262914084],[127.04948191850309,37.63303815728401],[127.04949722117766,37.6330166623568],[127.04951292485494,37.63298998749254],[127.04952633198914,37.632957999576426],[127.04953208559614,37.63293857281052],[127.04954733991069,37.63286818140248],[127.04956848698015,37.63281054547397],[127.0495846479867,37.63277831042419],[127.04969796986428,37.632577026680835],[127.049730676093,37.632511440057655],[127.04973172348399,37.632508925865906],[127.04981305425817,37.63235248493174],[127.04972960373686,37.63235578350398],[127.04959195051403,37.63234672346476],[127.04953758604393,37.63233468210226],[127.04947857113035,37.63231422745761],[127.04943999598274,37.63229717895668],[127.04938726184841,37.632266360297535],[127.04934148244571,37.63225071130752],[127.04931094820778,37.6322466876561],[127.0492636503783,37.63224763542896],[127.04920206380072,37.63226134710117],[127.04919246861735,37.63224485405188],[127.04918786539234,37.63223929688854],[127.04918200487246,37.63223407361387],[127.04915413604881,37.63221754312772],[127.0491301586409,37.63220947127146],[127.04911469834013,37.63219793607974],[127.04911068495305,37.6321934778705],[127.0491039351099,37.63217963252779],[127.04909573718417,37.632168860148866],[127.04909279854515,37.632162112987814],[127.0490905449513,37.63214621152569],[127.04909014273957,37.632120326370305],[127.04909101239856,37.632099044723226],[127.04909338381945,37.63208740299962],[127.04909489961597,37.63208393357348],[127.04909892927581,37.63207869716899],[127.04911318421425,37.63206623060218],[127.04912256064527,37.632060253162805],[127.04913682735011,37.63204846232757],[127.04914047214163,37.63204371261428],[127.04914162575912,37.63204077491999],[127.04914202748401,37.63203148558867],[127.0491394972396,37.63202557617536],[127.04913551813783,37.632021559435636],[127.04912471641494,37.63201359020867],[127.04911804170473,37.63201060171448],[127.04910495548954,37.63200863400241],[127.04909080561193,37.63200857682141],[127.04906289225471,37.63201030931467],[127.04903248410986,37.632008357805994],[127.04901909218187,37.63200664248748],[127.04901136442435,37.632004474321846],[127.04900081387038,37.63199942417333],[127.04899289351052,37.63199723806676],[127.04898384086134,37.63199597143528],[127.04895421425506,37.631993767305936],[127.04893949635037,37.631991295700416],[127.04891823849493,37.63198400653038],[127.04889795615344,37.63197858199295],[127.04886166506216,37.63197166844609],[127.04883557037607,37.63196530927949],[127.04878436458979,37.63194946410136],[127.04875844058179,37.63194422206954],[127.04869562306554,37.6319289672915],[127.04864684711961,37.631921401110795],[127.04861093325536,37.63191958691115],[127.04859653718579,37.631906780822405],[127.04858631542338,37.631902054856226],[127.04857730761564,37.63190003134696],[127.0485536621932,37.6318970047572],[127.04854437126956,37.63189514353936],[127.04852378200898,37.63188804323007],[127.04849832106807,37.631880557495805],[127.0484466975636,37.63186674857063],[127.04839659339648,37.631854858099544],[127.04837869990376,37.631846927752115],[127.04836979422028,37.631845138441435],[127.04835498653856,37.63184391016024],[127.04833952243436,37.63184369125026],[127.04832433082494,37.63184440024214],[127.04831484935204,37.63184567451508],[127.04830649017546,37.631848083569984],[127.04829285455486,37.63185486456553],[127.04827874153222,37.63185919507324],[127.04827217256549,37.63186198180725],[127.04824439492263,37.631880823772995],[127.0482280627702,37.631887236459335],[127.04822209457507,37.63189055452664],[127.0482182679518,37.63189450240859],[127.04821532526293,37.631898882402425],[127.04818898525502,37.6318984606898],[127.04817374813123,37.63189888136539],[127.0481641532259,37.63189994844577],[127.04815539741004,37.63190217745469],[127.04814881761178,37.631905748043955],[127.04813376994845,37.63191888154755],[127.0481166814476,37.6319294931211],[127.04810801949913,37.63193674958929],[127.04808926694515,37.631949389055485],[127.04808265260128,37.63195210371853],[127.0480685055032,37.63195634411636],[127.04805533448956,37.631963377171076],[127.04803423307418,37.63197017919675],[127.04802065408015,37.63197700518693],[127.04801674647553,37.63197836726586],[127.04800794502897,37.63198012776974],[127.04799839527585,37.631980960561954],[127.04797881870284,37.63198068020859],[127.04797040721884,37.631979302417385],[127.04796526787463,37.63197846028301],[127.04796134719129,37.63197710138812],[127.04794785010294,37.63197035848971],[127.04793372021174,37.63196612959732],[127.04792707969067,37.631963375278154],[127.04790871879177,37.631950859031456],[127.04789307525014,37.63193586396778],[127.04788968363583,37.631929216068784],[127.0478875463581,37.631917621248206],[127.04788697774161,37.631896583459074],[127.04788834653128,37.631875797159594],[127.047891602152,37.63186472272189],[127.04789558651109,37.6318593962781],[127.04790952419695,37.631846614639926],[127.0479282543119,37.63183430857597],[127.04793497069211,37.631831720018106],[127.04795264050202,37.63182660424829],[127.04796643491521,37.63182007550354],[127.04798566821304,37.63181512127061],[127.04799266755137,37.63181212715074],[127.04799825030702,37.63180840380813],[127.04800574528758,37.63180101267475],[127.04801052228716,37.63179510927356],[127.04801424528098,37.63178855759126],[127.04801547773687,37.63178483601804],[127.04801642447747,37.63177724032178],[127.04801575121475,37.63176969033407],[127.04801194541555,37.63175318582134],[127.04801060062468,37.631740779792885],[127.04801020185026,37.63171965183603],[127.04801168654024,37.63170298299289],[127.04801358464566,37.63169498146577],[127.04802536782118,37.63166153207376],[127.04802719520247,37.63164925990197],[127.04802969456158,37.63160733601043],[127.04803875538961,37.63156860794727],[127.04804357126052,37.63155272160475],[127.04804873454195,37.63153096069232],[127.04805674200733,37.63151019871557],[127.04806531821467,37.63149301342066],[127.0480696416933,37.631486578619835],[127.04807557370566,37.63147989088738],[127.04810349278519,37.63145215617132],[127.04811878085647,37.63144304096978],[127.04812965166231,37.63143545924426],[127.04814215184336,37.63142481350075],[127.04815461612748,37.63141121253666],[127.04817066157064,37.631399547229016],[127.04817600689857,37.63139662585219],[127.04819221445314,37.63139040243048],[127.04819754722878,37.631385588987314],[127.04819933516015,37.631382452825896],[127.04820147183537,37.63137552337112],[127.04820439157137,37.63135317772688],[127.04820631306151,37.63134634746837],[127.0482156613048,37.631331837774916],[127.0482178208152,37.63132518761611],[127.04822263252801,37.63130294931635],[127.04822560746193,37.631295911400166],[127.04823282686657,37.63128293425143],[127.04824040462681,37.6312635149061],[127.04824929073652,37.631252663401725],[127.04825630566653,37.63123883940828],[127.04825981423174,37.6312336302744],[127.04827600507646,37.631219153816424],[127.04828724935805,37.63121106737115],[127.04829937556417,37.63120032265518],[127.04830329245733,37.631195879190905],[127.04831022797124,37.63118190205904],[127.0483206984429,37.63116850011009],[127.0483282648749,37.63114913482256],[127.04833729470212,37.63113283228731],[127.04834579792018,37.63110806970871],[127.04835492973861,37.631091830199225],[127.04836118396439,37.63107547474027],[127.04836425040568,37.63106982430126],[127.04836949167031,37.63106370445788],[127.048372751097,37.63105866660997],[127.04838060743275,37.63103217440066],[127.04839043154021,37.63101786271437],[127.04839262464424,37.63101064491708],[127.04839376369814,37.631002697753395],[127.04839456559958,37.63098146118445],[127.04839457764768,37.630975582245824],[127.0483744499984,37.63099160732772],[127.04835648409885,37.63102022099756],[127.04832052447625,37.63103453888215],[127.04829356225805,37.631056004199294],[127.04826659889204,37.631077470411675],[127.04823064384608,37.63109893939264],[127.04820368157934,37.631120405590025],[127.04816772649458,37.631141874551695],[127.04814076306192,37.63116334163603],[127.04811379961203,37.63118480601118],[127.04808683728125,37.63120627308259],[127.04805987380034,37.63122773744528],[127.04802391862363,37.63124920816476],[127.04799695624199,37.63127067251248],[127.04796999271367,37.631292139557374],[127.04794303030101,37.63131360389263],[127.04791606674169,37.63133507092507],[127.04788010688281,37.63134938867482],[127.0478531432913,37.631370853890814],[127.04782618081775,37.631392320001105],[127.04779022549333,37.63141378884693],[127.04776326298617,37.63143525494268],[127.04773629933003,37.63145672013169],[127.04770933679184,37.631478186215],[127.04768237767425,37.631506803416],[127.04764641768776,37.63152112109421],[127.04761945966341,37.63154973828016],[127.047618502739,37.631550309891445],[127.04761810091964,37.6315508668629],[127.04755299105229,37.63162991679411],[127.04751967971272,37.63167632107785],[127.0475054347509,37.631704761928944],[127.04747664282363,37.63177491166526],[127.04740093576675,37.63194170557886],[127.04738360462328,37.6319735804099],[127.04734873148526,37.6320282626269],[127.04732374955663,37.63206322549418],[127.04727240678574,37.63212224713321],[127.04720876029263,37.63220572642799],[127.04713332659841,37.63231549395442],[127.04708244913223,37.63238350535874],[127.0470613202475,37.63241175068276],[127.04700704568181,37.63248791012179],[127.04699526457622,37.63250758783921],[127.0469790943679,37.63254488607976],[127.0469710211052,37.63258775819668],[127.04696766281978,37.63274198667032],[127.04697005028797,37.632778681967935],[127.04698198369435,37.63285148136848],[127.04698787189187,37.632911625226235],[127.04699953972013,37.63299439773983],[127.04700203238112,37.633037983731896],[127.04700289019902,37.633133641040416],[127.04701414016515,37.633218419309976],[127.04703895201327,37.63332796747466],[127.04705952707916,37.63340736763971],[127.04707429644995,37.63347850988036],[127.04711442230614,37.633595531895914],[127.04714214759527,37.6336609305743],[127.04716281344844,37.63370440297924],[127.04718567480106,37.633744096669666],[127.04722814177792,37.633800550751886],[127.04729004211792,37.633873559848546],[127.04732446835457,37.63390951068602],[127.04738389314753,37.63396778330434],[127.04739650476,37.63397834499735],[127.04741602266165,37.63399244658894],[127.04750870041111,37.634045932354034],[127.0475137063615,37.634050574918696],[127.04755296570407,37.6340383011942],[127.04758184532885,37.63403514060679],[127.04759860320594,37.63403105688796],[127.04760924392274,37.63402441233139],[127.04763099459957,37.63401501528345],[127.04764747009622,37.63400162899596],[127.04765154852325,37.6339713136902],[127.04765542488443,37.63389779170343],[127.04766887939736,37.63375402410984],[127.04766808054123,37.633704133256806],[127.04766246422521,37.63366797627096],[127.04764691860788,37.63359923554651],[127.0476035346097,37.63345530438826],[127.04758069815978,37.633330498257415],[127.04756015178737,37.63325607161162],[127.04755572732427,37.63323404789956]]]]},"properties":{"toyanghyun":"B₂","name":"갈색약건산림토양"},"id":"LT_C_FSDIFRSTS.1202977"},{"type":"Feature","geometry":{"type":"MultiPolygon","coordinates":[[[[127.04324311469017,37.61113383939147],[127.04323426414737,37.61112499852564],[127.04322717319712,37.61113106297761],[127.0432063572908,37.61115211770485],[127.04318413202276,37.61118419204019],[127.04314952990829,37.61124172563969],[127.04311450003448,37.61129996756217],[127.04309990992807,37.61133491324618],[127.04309679039615,37.61136561108153],[127.04310398763053,37.61139450317085],[127.0431172624869,37.611415869780934],[127.04313394492675,37.61143464930554],[127.0431528448294,37.61144926544769],[127.0431897324536,37.61146788440611],[127.04323195197534,37.611482041504246],[127.04329801125301,37.61149427073638],[127.04340298057949,37.61149702524291],[127.04344101477152,37.61150059718464],[127.04346485930643,37.61150691334769],[127.04348948971334,37.61152076148432],[127.04352148138571,37.611553131234984],[127.04358141073038,37.611638252577706],[127.04362635097347,37.611695205505754],[127.04364560250806,37.61172983150227],[127.0436455282705,37.61162024333988],[127.04364441920568,37.61159071924201],[127.04364292998713,37.611581249497526],[127.04363339061736,37.61154313218074],[127.0436219104843,37.61151164235444],[127.04361217217573,37.6114819268315],[127.04359484254861,37.61144702171251],[127.04358091547951,37.611414517370974],[127.04356552945623,37.61138554904713],[127.04355460093157,37.61136957674371],[127.04353349326142,37.611342770197695],[127.04351079025109,37.61130701471195],[127.04350122928294,37.61129580723014],[127.04348692844304,37.611282601298605],[127.04347220790919,37.61127412481135],[127.04342160379991,37.611255763265184],[127.04339179527553,37.61124374602552],[127.04337560209837,37.611228885659266],[127.04336233434566,37.61121982388235],[127.04330395508732,37.61118376881628],[127.04329543069097,37.61117684243716],[127.04327972864994,37.611161229551534],[127.04324785923002,37.611138054281646],[127.04324311469017,37.61113383939147]]]]},"properties":{"toyanghyun":"B₂","name":"갈색약건산림토양"},"id":"LT_C_FSDIFRSTS.1202979"},{"type":"Feature","geometry":{"type":"MultiPolygon","coordinates":[[[[127.04555318670256,37.61084481778285],[127.04552222088391,37.61073121500569],[127.04550633758632,37.61068639692295],[127.04545921618052,37.61058269321543],[127.04544522619862,37.61054092874715],[127.0454385382961,37.61049424206488],[127.04544078714389,37.6104302439394],[127.04543248085332,37.610385476986],[127.04545704270092,37.61036112280036],[127.04546871734773,37.61033907109786],[127.04547375781985,37.610302786321654],[127.04546874283561,37.610269316505914],[127.04538409583334,37.61000971103003],[127.0453590219352,37.6099012893189],[127.04534414036024,37.60994085747515],[127.04532367792474,37.60999042875313],[127.0453154327389,37.61001444328228],[127.045309436523,37.61005104917263],[127.04530658403684,37.61008350299828],[127.04529595366928,37.610133675059],[127.04529122185244,37.610150526274154],[127.04528633647466,37.61017562340117],[127.04528188899114,37.61019258172443],[127.0452805305099,37.610201033524326],[127.0452781085397,37.610235619824685],[127.04526732755133,37.610285875731336],[127.04526248043793,37.61029938702223],[127.0452592385774,37.61030610063496],[127.04523422808508,37.61035085514846],[127.04522917363836,37.61035865064204],[127.04522165879314,37.610367547186],[127.04520852757744,37.610378352374184],[127.04516758148448,37.61040381378873],[127.04514181353228,37.61041723397086],[127.04512533416492,37.61042384992978],[127.04509816633545,37.61043350089897],[127.04508120290386,37.610437493356294],[127.04501876056403,37.61044407188894],[127.04496448656366,37.61045299885832],[127.04494779833735,37.610456996597506],[127.04492580854475,37.61046472644778],[127.04488488528344,37.61048318887148],[127.04486632251334,37.610490733605396],[127.04482604203541,37.61050461243242],[127.04481329319519,37.61051105754469],[127.04480661757663,37.61051627680661],[127.04480062402392,37.61052381946023],[127.04479301323086,37.61053713986976],[127.04478776642804,37.61055099997515],[127.04478528635175,37.61057030010374],[127.04478498123699,37.61059031929718],[127.0447855028388,37.610610240869995],[127.04478798658741,37.61062916880805],[127.04479223852573,37.61064284420928],[127.04479994301991,37.610661099829414],[127.04480932875938,37.61068020174041],[127.04481656525637,37.61069237225651],[127.04482831586864,37.6107077963312],[127.04485970865397,37.610742070641976],[127.04488656017847,37.61077688005712],[127.04491971729581,37.610814470221314],[127.0449439204473,37.61083908413739],[127.04494628915667,37.610841797915405],[127.04497162812365,37.610836030941776],[127.04499898475049,37.610825542010474],[127.04507299793502,37.61078733885736],[127.04510821342521,37.610774945811826],[127.04513674131219,37.61077232203571],[127.04516408517908,37.610778267112245],[127.04518352827085,37.61079176549637],[127.04519489889866,37.610809834983755],[127.04520117227143,37.61084548471974],[127.0451959183113,37.61097843668145],[127.0451991934075,37.61101909706395],[127.0452050717227,37.6110382228103],[127.0452143689513,37.611054923585876],[127.04524517378948,37.611090302629854],[127.04536074127991,37.6112012330867],[127.0453891257524,37.61122327838475],[127.04542380565596,37.611242492147326],[127.04547029549097,37.611256971157445],[127.04550930246855,37.611258559882046],[127.04554576605433,37.61124962602348],[127.04557323208961,37.61123271286574],[127.04559244005286,37.611213235073485],[127.04560583624979,37.61119108358669],[127.04561257184005,37.61116722279368],[127.04561221561964,37.61114029236873],[127.04558899583083,37.61106286133166],[127.04557163285875,37.61093197234553],[127.04555318670256,37.61084481778285]]]]},"properties":{"toyanghyun":"B₂","name":"갈색약건산림토양"},"id":"LT_C_FSDIFRSTS.1202980"},{"type":"Feature","geometry":{"type":"MultiPolygon","coordinates":[[[[127.04428472166008,37.6112921371126],[127.04430825600404,37.61129103808215],[127.04433153225014,37.6112939755748],[127.04444417985525,37.611334180384596],[127.04447268013432,37.61134185508412],[127.04449651140972,37.61134486441417],[127.04452070313063,37.611344548953944],[127.04454729364718,37.61134042139971],[127.0445724663606,37.611332816557365],[127.04459778301691,37.6113197066123],[127.04461340484039,37.61130669042611],[127.04462465313783,37.61129072064769],[127.0446295911527,37.611271716921685],[127.04462763172518,37.611252652734734],[127.04461840043697,37.61123240199173],[127.0446031336444,37.61121404560621],[127.04451322062724,37.611141982411304],[127.0444895226533,37.61111547523969],[127.04448294531788,37.61110138625024],[127.04448138785281,37.61108588351854],[127.04447231021412,37.611080107995896],[127.04444165624949,37.61106354494886],[127.04441657229938,37.61104887728054],[127.04438008416534,37.61102990446535],[127.04435683422497,37.611019635624146],[127.04431004631407,37.611004192228314],[127.04426570960058,37.61098541063097],[127.04421720063928,37.61097068052613],[127.04417482450276,37.610959639458095],[127.0440955800428,37.61094342876628],[127.04408878743834,37.6109482380809],[127.04407892911361,37.610953316134015],[127.04404381276825,37.610967177447286],[127.04402847149072,37.610975835369985],[127.04402180397304,37.61098151138556],[127.04401829552747,37.61098581311512],[127.04400142696565,37.61101081013983],[127.04398701247044,37.611035445851726],[127.04397789070875,37.61105852628437],[127.04395935545567,37.61112476489609],[127.04395516828679,37.611151650167145],[127.04394800790836,37.61118591023958],[127.04394740328542,37.61120352750356],[127.04394797930408,37.61121236328861],[127.0439499441003,37.61122352581113],[127.04395872567022,37.61125548782953],[127.04397194748425,37.61128834377583],[127.04399027599295,37.61132676683017],[127.04400986385046,37.61136117730766],[127.04402652536521,37.61140173812347],[127.04403385830037,37.61141621338002],[127.04405576824158,37.61145872377504],[127.04407823220548,37.61149383774005],[127.04409308237933,37.611522198029114],[127.04410207989365,37.611536093323245],[127.04412893157881,37.61156745482116],[127.04415520440466,37.61154878731389],[127.04418159736822,37.611516882425406],[127.04419124021217,37.61148631726809],[127.0441918774264,37.61145305251545],[127.04418309802534,37.61139241924232],[127.04418427617425,37.61137372327913],[127.04418972474063,37.61135602581469],[127.04420793250662,37.6113299263533],[127.04422657753342,37.61131546750334],[127.04424971965534,37.611302295378565],[127.04428472166008,37.6112921371126]]]]},"properties":{"toyanghyun":"B₂","name":"갈색약건산림토양"},"id":"LT_C_FSDIFRSTS.1202981"},{"type":"Feature","geometry":{"type":"MultiPolygon","coordinates":[[[[127.0453699642276,37.61135657806965],[127.04536038152713,37.61133616534218],[127.0453439484229,37.61131854831218],[127.04531139709174,37.61129824351241],[127.04526302435784,37.61127910704871],[127.04521722750584,37.61126806946957],[127.04518040616075,37.611266074366625],[127.04514373486847,37.61126873730809],[127.04508308207926,37.61128221226049],[127.0450538230753,37.61129354886648],[127.0449773405135,37.611332014232424],[127.04495653991917,37.611340149079176],[127.04494001814608,37.61134441705003],[127.04492075447662,37.61134693814356],[127.04489116081145,37.61134802158146],[127.04479089042567,37.611342897014055],[127.04472361746173,37.61134671569172],[127.0446970952149,37.61135135682356],[127.04467543450829,37.61136063620256],[127.0446590421796,37.61137306704556],[127.04465478744915,37.61137937557871],[127.04465076350027,37.611392819857365],[127.04465402625647,37.61141330711297],[127.04465790357256,37.61141981078644],[127.04466750193215,37.61142883506372],[127.04468720265389,37.611437414030625],[127.04477436347572,37.61145189592647],[127.04498591288737,37.61151795707639],[127.04511634180959,37.61155662278203],[127.04516509509449,37.611568037683675],[127.04519767150597,37.61157351223458],[127.04521521557449,37.61157409115688],[127.04523462531137,37.61156956075392],[127.04524980738849,37.61155987831187],[127.04526316368253,37.61154636736494],[127.0453485610941,37.61143552194344],[127.0453614605397,37.6114157943365],[127.04536987438493,37.611395122414216],[127.04537248790966,37.61137197500168],[127.0453699642276,37.61135657806965]]]]},"properties":{"toyanghyun":"B₂","name":"갈색약건산림토양"},"id":"LT_C_FSDIFRSTS.1202982"},{"type":"Feature","geometry":{"type":"MultiPolygon","coordinates":[[[[127.04261845818078,37.61831466755114],[127.04270938888597,37.61825298006924],[127.04275387645477,37.6182158162254],[127.04277607211192,37.61819728386889],[127.0428421924744,37.618147822671574],[127.04286248506858,37.61811922695368],[127.04286680116694,37.61810050285543],[127.04286541973323,37.61808153755996],[127.04285640183309,37.61805875484894],[127.04284313861704,37.61803986594666],[127.04282080162501,37.61801922340923],[127.04279762887853,37.61800279779445],[127.04265166587646,37.61791345461062],[127.04254798718321,37.61784588189699],[127.04250952198501,37.61782698402092],[127.04246997277181,37.61781395195449],[127.04243502083585,37.61777851064908],[127.04239241443683,37.61774729771708],[127.0423147427618,37.617700257978576],[127.04218753713299,37.6176293777436],[127.04210962274645,37.617573292035566],[127.04207622075067,37.6175542120128],[127.04203697559089,37.617517528755016],[127.04195363453533,37.61745895814873],[127.04190913249724,37.61741979899936],[127.04187231381198,37.617387403527545],[127.04179686996372,37.61733279435444],[127.04170400646801,37.61725917143077],[127.04162999175793,37.61720765203395],[127.04155849440428,37.617140688766945],[127.04154506637661,37.61713006183506],[127.041506810682,37.617099784075606],[127.04138338372042,37.617017666314595],[127.04128106246695,37.61694258676946],[127.04117810220072,37.616879112085414],[127.04114611837011,37.61686327485959],[127.04111897445857,37.61685367077696],[127.04108729211436,37.61685050132402],[127.04106615831664,37.61685359906997],[127.04104206013824,37.61686251822684],[127.0410249402065,37.61687333603807],[127.04097843736187,37.61691631942108],[127.04097844734706,37.616934513972886],[127.04098745414119,37.616963117219406],[127.04099645980959,37.616991720465506],[127.04100546661753,37.61702032371036],[127.041023463405,37.61704892382948],[127.04104146413786,37.6170846768893],[127.04105946488697,37.61712042814417],[127.04108645957425,37.61716332830883],[127.04110445642725,37.61719192841486],[127.04113144441993,37.617220525384454],[127.04115842849146,37.61724197120632],[127.04119440652217,37.61727056502534],[127.04123038063118,37.61729200679093],[127.04126635080867,37.617306297404134],[127.04130232099995,37.617320588006336],[127.04133829120494,37.617334878597525],[127.04137425746173,37.61734201893745],[127.04141022372384,37.617349156563435],[127.04144619396325,37.61736344712165],[127.04148216421643,37.61737773766885],[127.04151813448335,37.61739202820505],[127.04154511986104,37.61741347483835],[127.04157210185474,37.617434918763635],[127.04160807615236,37.617456362215336],[127.04163506443348,37.617484959068285],[127.04166204761148,37.61750640297231],[127.04167105586932,37.61753500616329],[127.04168006073654,37.61756361025562],[127.0416800767049,37.6175922166214],[127.04167110263195,37.617620826162025],[127.04165313850731,37.61764943887544],[127.0416261769359,37.61767090361792],[127.04159921761385,37.61769236745237],[127.04156326026238,37.61769953216577],[127.04152730461588,37.617713848009785],[127.04149135008828,37.61772816384245],[127.04145538873831,37.61772817648119],[127.04141943022259,37.617735340250135],[127.04138346943509,37.61774250490992],[127.04134751882609,37.617763971839445],[127.04131156423982,37.61777828761724],[127.04128460478901,37.617799752280504],[127.04124865017344,37.61781406803905],[127.04121269554408,37.61782838378662],[127.04117674090091,37.6178426995232],[127.04114078230322,37.617849863207155],[127.04110482650324,37.61786417892219],[127.04106886395493,37.61786419144356],[127.04103290533699,37.617871355995625],[127.04099693885827,37.61786421645341],[127.04099009521363,37.61786421883082],[127.04098342193492,37.61787332112779],[127.04096300827214,37.617888888279026],[127.04092242440214,37.61790960706479],[127.04081865964314,37.61795107944247],[127.0408090318787,37.61795525614889],[127.04079844118057,37.61797780703612],[127.04078368312518,37.61800618064622],[127.0407796368585,37.61801594605166],[127.04076992245894,37.618050248219845],[127.04076466652775,37.61808291535569],[127.04076026968828,37.618099941042765],[127.04075822434734,37.618117060521186],[127.04075818515146,37.6181344811376],[127.04076013461503,37.6181512929002],[127.0407679234,37.61818531782295],[127.04077140700302,37.61819678889942],[127.04077581822305,37.61820609007617],[127.04078881550416,37.618222185338574],[127.0408046354735,37.61823626771731],[127.0408360390169,37.618260871845685],[127.04084963649788,37.618270489690985],[127.04085888997011,37.61827566716819],[127.04089719582257,37.6182934997674],[127.04090110979428,37.6182924244332],[127.04091145236197,37.61829245598649],[127.0409497427296,37.618296472824454],[127.04096237250027,37.61829707030099],[127.04099974005496,37.61829754565935],[127.0410360310694,37.61829713030314],[127.0410477993299,37.618296509033414],[127.04106458455828,37.61829438136684],[127.04110235578857,37.61828742610444],[127.04113046491442,37.61827993991223],[127.04113917437344,37.61827832410775],[127.04115025535997,37.618278192303855],[127.04116217664055,37.618279827944214],[127.04119070532128,37.618287566486],[127.0412294764784,37.61830072719225],[127.04124384206803,37.6183064065053],[127.04126978405483,37.61831886170295],[127.04128970120485,37.61832706003303],[127.04130015873363,37.618332190202906],[127.04132830538022,37.6183515687085],[127.04135624203701,37.61836603149061],[127.04138363253406,37.618378061790146],[127.04141718072161,37.61839488948503],[127.04145052329248,37.6184085682897],[127.04146512638661,37.61841353210783],[127.041480729276,37.618417830643594],[127.04153062735902,37.61842970613389],[127.04156473966596,37.618436332602634],[127.04157565943684,37.618437522564896],[127.041598298974,37.61843843809895],[127.04165553347427,37.61843807102875],[127.04167687205535,37.61843582544026],[127.04169136155637,37.618432057796326],[127.04172536179017,37.61842052754914],[127.0417633355349,37.61841112041552],[127.0417704814822,37.618408780723534],[127.04178008137929,37.61840539952122],[127.0417999165847,37.61839657182479],[127.04184366621264,37.618371592646376],[127.041893343558,37.618347325830825],[127.04193117059222,37.61832486337964],[127.04195136732929,37.618314454295295],[127.04197052802007,37.61830671250035],[127.04198660253795,37.618301694586016],[127.04202602169481,37.618292640941675],[127.0420462578196,37.61828986139311],[127.04205844857117,37.618289256089824],[127.04210828992397,37.61828890044471],[127.04214528398686,37.6182898918397],[127.04216241597697,37.618292117466986],[127.0422102514609,37.61830198420391],[127.0422440140599,37.618311125258934],[127.0422696298208,37.618321260309536],[127.04230282647535,37.61833707426726],[127.04232202390683,37.61834824413932],[127.04234133602029,37.61836189618892],[127.04235094599922,37.61837035481921],[127.04236442721296,37.61838628665504],[127.04237159286453,37.61839874654763],[127.04237651980534,37.61841228032036],[127.04238760266153,37.6184672861587],[127.04238884985824,37.61851735361019],[127.04238872987816,37.61853745469396],[127.04238754034273,37.618557033588885],[127.04238570268727,37.61856624685048],[127.04238272522609,37.61857489740395],[127.04236716775803,37.61860488336358],[127.042361303275,37.61861789573448],[127.04234607350683,37.618658519537725],[127.04233650882564,37.61867807440722],[127.04233005143503,37.61869420260528],[127.04232062293873,37.61871423494812],[127.04231828860675,37.61872448452263],[127.04231818599689,37.61873130053288],[127.04231916052444,37.618738023355085],[127.04232179661898,37.61874658089372],[127.04232559585722,37.618754905560216],[127.0423358843024,37.61877323697313],[127.04234251625707,37.61878329232144],[127.04235136766056,37.618794231642944],[127.04236232039352,37.61880549006012],[127.04236910384859,37.61881104762097],[127.04239507094816,37.61882719390845],[127.04242372214942,37.61884264726655],[127.04246267382914,37.61885964841269],[127.0424801322438,37.61886597607393],[127.04252554866275,37.61887776175599],[127.04257179334247,37.6188860071404],[127.04260157100998,37.618890440967064],[127.0426947927731,37.618912012964685],[127.04273548104,37.61892319571356],[127.04274779220275,37.618926979908395],[127.04275799667818,37.61893098110236],[127.04277282563497,37.6189403658238],[127.04278076848495,37.61894697889838],[127.04281748122001,37.61898220772313],[127.04283157309304,37.61899801044103],[127.0428532519215,37.61902986150081],[127.04287994312061,37.619063976719595],[127.04289415262973,37.6190794433186],[127.04293616157682,37.61911988239494],[127.04294399072266,37.61912568190769],[127.04295783382511,37.619134251570316],[127.04298056687223,37.61914766891215],[127.04299442050838,37.61915484654042],[127.04301397888892,37.61916284288764],[127.04307686107293,37.61918516895257],[127.04310171951091,37.619191448770486],[127.04311906758285,37.61919477158272],[127.0431548247474,37.61919889855055],[127.04317605347455,37.61920226228158],[127.04319407530237,37.61920327109953],[127.04321183539284,37.619202177104995],[127.0432453640701,37.619197658982245],[127.04329298367274,37.61919535841814],[127.04332103209425,37.61918845736959],[127.04328641269153,37.619171579255045],[127.04320978375428,37.61912920685203],[127.04316192876203,37.61909261722968],[127.04313117833894,37.6190574088584],[127.0430616246308,37.61894861294722],[127.0429472307391,37.618785882166485],[127.04283231518478,37.61864093696093],[127.04275327582405,37.618561453439945],[127.04262951102392,37.61844973967228],[127.04259884097038,37.618415522216],[127.04258779796078,37.61839687575143],[127.04258220436044,37.61838029959175],[127.04258296393512,37.618361621837415],[127.04259372330155,37.61833974196677],[127.04261845818078,37.61831466755114]]]]},"properties":{"toyanghyun":"B₂","name":"갈색약건산림토양"},"id":"LT_C_FSDIFRSTS.1202985"},{"type":"Feature","geometry":{"type":"MultiPolygon","coordinates":[[[[127.04096248687124,37.620617596751394],[127.04099844681886,37.62061043312434],[127.04103441068997,37.62061042062366],[127.04107037456109,37.620610408112015],[127.04110633843217,37.62061039558941],[127.04114229949467,37.620603231017135],[127.04117825941806,37.6205960673353],[127.04121421538636,37.62058175160416],[127.04125017134089,37.62056743586204],[127.04128613123615,37.62056027124632],[127.041322091125,37.62055310752061],[127.04135805100645,37.62054594288294],[127.04139401088146,37.6205387791353],[127.04142997074909,37.62053161447571],[127.0414659306103,37.62052445070615],[127.04150189443978,37.62052443806302],[127.04153785826925,37.62052442540892],[127.0415738181161,37.6205172607055],[127.04160977795657,37.62051009689209],[127.04164573778962,37.62050293216674],[127.04168169761624,37.620495768331416],[127.04171765856817,37.62048860358374],[127.04175362238027,37.62048859086389],[127.04178958619237,37.62048857813309],[127.04182555401115,37.62049571742971],[127.04186152183627,37.62050285581436],[127.04189748966878,37.62050999508903],[127.04193345750764,37.62051713345174],[127.04196942937388,37.62053142384178],[127.04197500926328,37.62053364098959],[127.04204473216677,37.62051061665655],[127.04207760601638,37.62049467547764],[127.04210050067961,37.62047887299844],[127.04211882902044,37.6204604863102],[127.04215657817888,37.620412675436135],[127.04218508602692,37.62038793313743],[127.04221983539954,37.62036367513211],[127.04228615139874,37.62032360699029],[127.04226584910234,37.620306498201366],[127.04224591988506,37.62029210935708],[127.04222178561746,37.62027898429774],[127.04220824372375,37.620268471913334],[127.04219679656016,37.620256549633595],[127.04218827901933,37.620249376312344],[127.04212748119917,37.62020839318329],[127.04210129528752,37.620192645155434],[127.04207102187887,37.620179717769545],[127.04204186931008,37.62016580069207],[127.0419567253201,37.620135285711946],[127.04191490433645,37.62012708356658],[127.04186104099347,37.620113957276345],[127.04182762938608,37.620107943318594],[127.04180881356622,37.62010533982527],[127.0417814457239,37.62010266187234],[127.04176011478863,37.62009917178888],[127.04171922935912,37.62009482997528],[127.04164515082411,37.620076097578306],[127.04159435578858,37.620068542692195],[127.04153013247108,37.62005693536335],[127.04149947861214,37.62005417380859],[127.04145657288923,37.620048557716835],[127.04140061278126,37.620047232188746],[127.04137867804513,37.62004560729265],[127.04135736976771,37.620042060366174],[127.04132583291094,37.62003816473226],[127.04130468305078,37.620034315909905],[127.0412779002347,37.6200304987869],[127.04122156775543,37.62001941200337],[127.041167982901,37.62001179934396],[127.04113087051341,37.62000316010068],[127.04110151984997,37.619993150443136],[127.04105865937261,37.619981122762326],[127.0409778982853,37.61995649530643],[127.0409531172393,37.619946894875355],[127.04091277084804,37.61992760520889],[127.04090219611899,37.61992186507806],[127.04088729893452,37.619911923336346],[127.04087957489406,37.619907619291126],[127.04084471002241,37.61989301464031],[127.04082152398593,37.61987948352091],[127.04081076258298,37.61987205409443],[127.04078303979556,37.61984974621289],[127.0407673768147,37.61983959298847],[127.04075552386226,37.619830767403016],[127.04066973784711,37.619757402539015],[127.04065152966164,37.619738843960526],[127.04064039013586,37.619729635197785],[127.04060537297916,37.61970761990395],[127.04056725778277,37.61967915188945],[127.04054483915309,37.61966853154281],[127.04051527063073,37.61965326094615],[127.0404961510358,37.61964579832057],[127.04041290485189,37.61962654572129],[127.04040100144142,37.619622716094334],[127.04036009550651,37.61960705290512],[127.04031914887756,37.61959570724896],[127.04030185516419,37.61959230562083],[127.04026142663838,37.61958807757109],[127.04024008121765,37.61958462776187],[127.04022867427591,37.6195835099214],[127.04020509771463,37.61958269355274],[127.040133099519,37.61958256489345],[127.04008563179961,37.6195835856291],[127.04006898217123,37.61958570049615],[127.04001461005544,37.61959625059218],[127.03995105527433,37.61960504324227],[127.03992866218093,37.619605960819165],[127.03990600131297,37.61960602614793],[127.0398837692599,37.61960519214161],[127.03987318576904,37.61960402173118],[127.03984467920448,37.61959808484076],[127.03982647354132,37.61959229132834],[127.03978465829324,37.61957258641526],[127.03975917265832,37.61955811703234],[127.03975485571549,37.619561985526325],[127.03975143759743,37.619566962833325],[127.03974862373953,37.6195729337262],[127.03974640882292,37.61958267324912],[127.03974628050388,37.61959057675709],[127.0397540712241,37.61963520275996],[127.03975884751256,37.61964946919304],[127.03976369068315,37.61966170387594],[127.03976978256651,37.61967269207173],[127.03978178685408,37.61968732096761],[127.03980584372462,37.61971365683602],[127.03981637924653,37.619728926826],[127.03982161735199,37.61974042166218],[127.03982899560292,37.61976127073153],[127.03985058429889,37.619808745496925],[127.03987580669042,37.61985398187761],[127.03988111595112,37.619869299577765],[127.03988911897893,37.619901918034415],[127.03989902997061,37.61992906234483],[127.03990314899853,37.61994270190613],[127.0399047423211,37.619956786508325],[127.03990345536909,37.619971261311186],[127.03989890317575,37.61998853928986],[127.03989333656253,37.62001521671504],[127.03988382372351,37.62004640942207],[127.03988170567338,37.620061480058254],[127.03987803429501,37.62006523841774],[127.03986611433133,37.62007291435564],[127.03985709134886,37.62008178492456],[127.03984802205412,37.62008877875103],[127.03984383193483,37.620096865629485],[127.03984004705273,37.62010231788295],[127.03983953030738,37.620104012815275],[127.03984733347816,37.62011021438182],[127.03988330092946,37.62011735427111],[127.03991927221115,37.62013164528744],[127.03995523967913,37.62013878425379],[127.03998222446853,37.62016023033358],[127.0400181957898,37.62017452131963],[127.0400541671248,37.62018881229467],[127.04009013847363,37.62020310325871],[127.04012610983618,37.62021739421172],[127.04015309583528,37.62023883935074],[127.04018007845221,37.62026028538562],[127.0402070644833,37.62028173231409],[127.04023404713027,37.620303176534485],[127.04025204441479,37.620331776755016],[127.04027903049237,37.62035322366673],[127.04029702780625,37.620381823880145],[127.04032401164793,37.620403268079194],[127.04034200899106,37.620431868285465],[127.04036899286523,37.620453315176995],[127.04039597788669,37.620474760259896],[127.04043195331184,37.62049620315743],[127.04045893723413,37.62051764822614],[127.04049491269804,37.6205390911043],[127.04053088429988,37.620553381932986],[127.04056685704823,37.62056767275028],[127.04060282478805,37.62057481151855],[127.04063879253523,37.62058195117684],[127.04067476418525,37.62059624196153],[127.04071073194913,37.62060338069686],[127.04074669581698,37.62060336828387],[127.04078266359164,37.62061050789826],[127.04081863137266,37.62061764660068],[127.04085459524732,37.62061763415479],[127.04089056303916,37.620624773736274],[127.04092652691723,37.62062476126846],[127.04096248687124,37.620617596751394]]]]},"properties":{"toyanghyun":"B₁","name":"갈색건조산림토양"},"id":"LT_C_FSDIFRSTS.1202993"},{"type":"Feature","geometry":{"type":"MultiPolygon","coordinates":[[[[127.04681888268753,37.63061064742271],[127.04683145212083,37.63058571485299],[127.0468498838921,37.63055494787142],[127.0468724093523,37.63052520187986],[127.04689572391648,37.630500086638705],[127.04691238683588,37.63048671568828],[127.04695327483607,37.63046040594758],[127.04697164144677,37.630446835192835],[127.04705670983849,37.630376864053446],[127.04712845772679,37.63031034534603],[127.04718701350383,37.6302657231305],[127.04720425309368,37.63024900023938],[127.04723781384583,37.630210738145344],[127.0472776048226,37.63015737662169],[127.04731301891809,37.63009954434409],[127.04733778044252,37.630052114610706],[127.0473566620374,37.630000580536915],[127.04739391896845,37.62984075315611],[127.04745250802614,37.629676470815234],[127.0474786585985,37.629604728278274],[127.04749062751851,37.62957135003098],[127.04752058658306,37.62954749877452],[127.04752655927173,37.629514122938055],[127.04752653801886,37.629480747713586],[127.04753251069955,37.62944737187643],[127.04753248944523,37.62941399845354],[127.04753846324964,37.62938062081329],[127.04755642603142,37.62934724014304],[127.04756239981982,37.62931386250121],[127.04756237855226,37.629280489077594],[127.04756235424564,37.629242346734664],[127.0475623329781,37.62920897331064],[127.0475623086716,37.62917083096726],[127.04756228740358,37.629137456641836],[127.04755627223193,37.62910408653415],[127.04755236254776,37.6290824031717],[127.0475506125379,37.62908989557802],[127.04753418289067,37.629138023875775],[127.04752683014257,37.6291549473601],[127.04751779918452,37.62918717026687],[127.04750674845796,37.62921423133461],[127.04748620391749,37.62927610132194],[127.0474465202072,37.62929407394224],[127.04743270233845,37.629298683537584],[127.0474200837285,37.62930083295684],[127.04740079134253,37.62930097585661],[127.04738358180853,37.629298604165115],[127.0473649552042,37.62929464730415],[127.04735195837887,37.62928990432302],[127.04733293116618,37.62927946051664],[127.04730320374631,37.629259407473846],[127.04728325377297,37.62924081010355],[127.04725499008633,37.62920653889845],[127.04723364868318,37.62919102344992],[127.0471920789734,37.62916454207672],[127.0471753617639,37.6291524124764],[127.04716033183412,37.6291392190355],[127.04714897110688,37.62912406898629],[127.04714473522047,37.6291076727283],[127.04714506808071,37.62909659947374],[127.04714772342902,37.6290857595476],[127.04716273874111,37.62905791307018],[127.04718058667464,37.62903087634577],[127.04720439042771,37.62899917913679],[127.04721947083118,37.628984748311915],[127.0472687685791,37.628943003896985],[127.04730925038227,37.628897559942445],[127.0473321475904,37.62886559277458],[127.04734509318638,37.6288432701494],[127.04734974200667,37.62883196090546],[127.04735206836787,37.62882045437638],[127.04735236312372,37.62880293908366],[127.04734818337306,37.62878578598105],[127.04734163987206,37.628774769543625],[127.04733314835559,37.62876450170599],[127.04731691788449,37.628751660150414],[127.04729734748295,37.62874190130474],[127.04727700920132,37.62873600799494],[127.04722329491439,37.62872627182245],[127.04721023315003,37.62872615091121],[127.04719982350991,37.62872803813721],[127.04718322101455,37.628735937417815],[127.04717420819817,37.62874324802081],[127.04716690671434,37.62875172922128],[127.04714947082134,37.62878534298054],[127.04714008352683,37.62880959227372],[127.04712597206327,37.628833528107755],[127.04709795565661,37.62886762360701],[127.04706871941548,37.628907530947856],[127.04703763353051,37.628960539359646],[127.04701926442947,37.62898754023099],[127.0469938171154,37.62901787756797],[127.0469494844421,37.629083036526],[127.04692712691329,37.62910886768719],[127.04690706993705,37.62913610346811],[127.04688708330009,37.62916713236983],[127.04688063590734,37.62918282110289],[127.04687898966486,37.62919511120983],[127.04688186328116,37.62920705714618],[127.04688890541046,37.62921839776519],[127.04689823273625,37.629224700962205],[127.0469171201034,37.62922905422719],[127.04695193454891,37.62923211274213],[127.04698796339989,37.6292387476787],[127.04703982816118,37.629243222934896],[127.04705955379443,37.62924748574424],[127.0470866356371,37.62925808855827],[127.04710975267733,37.629268963245],[127.04711832042018,37.629274320692254],[127.04712784303679,37.62928486743839],[127.04714014640174,37.629303738185904],[127.04714688833245,37.62932398065352],[127.04714721086981,37.62933243177575],[127.04714555101738,37.62934104586762],[127.0471381749123,37.6293570323108],[127.04713006971573,37.62936658600285],[127.04712002656437,37.62937491512696],[127.04710854391925,37.629382028493495],[127.04709567813892,37.62938747558639],[127.0470817120622,37.62939066164146],[127.04703214250931,37.629397213560694],[127.0470142810687,37.62940303204022],[127.04699481321954,37.62941241906244],[127.04698167150258,37.62941145123072],[127.046967919451,37.62941271808636],[127.04695336422905,37.62941582327197],[127.04693651148817,37.62942238915692],[127.04691916340376,37.62943391066078],[127.04689037304189,37.62946276267522],[127.04687229852709,37.62949011478899],[127.04684174713411,37.629546997172454],[127.04681730800863,37.62957766743324],[127.04678492784848,37.62962691016367],[127.04676323942438,37.629672319456525],[127.0467594643893,37.6296862231698],[127.04675889444403,37.62969869304476],[127.04676245728645,37.629707737534275],[127.04677055021413,37.629714626871085],[127.04678032936877,37.629718749511184],[127.0468462127525,37.62973093173512],[127.0468968777418,37.62973656079234],[127.0469145530795,37.629740914539056],[127.0469321162325,37.62974701624094],[127.04691844483888,37.62978658398179],[127.04689857922233,37.62983019060109],[127.04689852983185,37.62984173225373],[127.04690843706486,37.629869352551765],[127.04690890764802,37.629879074005544],[127.04690687466497,37.62988888655321],[127.04690116052224,37.62989971867851],[127.0468935878851,37.62990959649678],[127.04687966398444,37.629925990968175],[127.04686808060374,37.629935221668184],[127.04683366108168,37.62994821854572],[127.04679347146619,37.62995513604502],[127.04677968669203,37.629958583278125],[127.04675095186076,37.62996798294279],[127.0467103261792,37.62998411767498],[127.04668089260059,37.62999934697961],[127.04666466935274,37.630016427084534],[127.04665109200215,37.63002551439389],[127.04662530318133,37.63003588592809],[127.04656325723441,37.63005563301645],[127.04654395896985,37.630064830689285],[127.04653681424574,37.63007068090752],[127.04652453178315,37.63008529974649],[127.0465109342499,37.630098405445786],[127.04649525197745,37.630111088501536],[127.0464779488953,37.630122474773586],[127.04644239797435,37.6301380758322],[127.04640756913655,37.63014895542871],[127.04638009328913,37.630160967367416],[127.04636837044052,37.630164684037695],[127.046356680172,37.63016613921882],[127.04633955024198,37.630164524172535],[127.04631922284804,37.63015842346805],[127.04630359683073,37.630152293885615],[127.04628834215798,37.630142127737514],[127.04626296137302,37.63011642354722],[127.04625259144689,37.63010962516728],[127.04623973027617,37.630104530626554],[127.04621750118446,37.630100836282715],[127.04619445823398,37.63010005243857],[127.04617145060766,37.630101430942865],[127.04614941940542,37.63010630488701],[127.04613209220528,37.630115411622846],[127.04609413781779,37.63014656453702],[127.04604477809488,37.630182019594024],[127.04600798982256,37.630212090841745],[127.04598155356628,37.630238337862934],[127.04595407045493,37.63025711611087],[127.0459451952864,37.630267688134325],[127.04593640216662,37.630282729016315],[127.045933476636,37.630296695440045],[127.04593508002333,37.630306515564506],[127.04594011575577,37.63031593791871],[127.04594809613572,37.630324043686294],[127.04597453614002,37.630340593511846],[127.0459875600043,37.63035229224604],[127.04599574910154,37.63036817343908],[127.04599907201508,37.63039240866987],[127.04599805048144,37.630481147188554],[127.04599606454185,37.630512367130585],[127.04599205388942,37.630530280297265],[127.04597093779965,37.630586474017925],[127.04590211580694,37.63058643774269],[127.04589731755286,37.63057634676326],[127.04589733882214,37.630610932006284],[127.04589735934731,37.63064430722515],[127.04589738280364,37.6306824486589],[127.04588965901321,37.630721367953754],[127.04591264637334,37.63079721753128],[127.04592568125459,37.63086352503057],[127.04594038922792,37.63092400159572],[127.04594962210068,37.63095515950291],[127.04599680368895,37.63105361438514],[127.04601039444943,37.6310915721312],[127.04601933327783,37.63111060647921],[127.04602862377375,37.63112489249314],[127.04604736035193,37.63114672147884],[127.04606265506484,37.63116090964212],[127.04607875380586,37.63117273960907],[127.04610942425174,37.63119101584084],[127.04613843464335,37.631204983297806],[127.04618774046799,37.63122236835335],[127.04629215290295,37.631250413870426],[127.04632587900502,37.63125621830002],[127.04637541031349,37.631258958562526],[127.04642875756772,37.63125869161359],[127.04649221635891,37.63125569337215],[127.04652590135575,37.63121552314966],[127.0465499137161,37.63117706770615],[127.046566612374,37.631158900843566],[127.04680550379149,37.63064187550169],[127.04681888268753,37.63061064742271]]]]},"properties":{"toyanghyun":"B₂","name":"갈색약건산림토양"},"id":"LT_C_FSDIFRSTS.1203015"},{"type":"Feature","geometry":{"type":"MultiPolygon","coordinates":[[[[127.04395935545567,37.61112476489609],[127.04397789070875,37.61105852628437],[127.04398701247044,37.611035445851726],[127.04400142696565,37.61101081013983],[127.04401829552747,37.61098581311512],[127.04402180397304,37.61098151138556],[127.04402847149072,37.610975835369985],[127.04404381276825,37.610967177447286],[127.04407892911361,37.610953316134015],[127.04408878743834,37.6109482380809],[127.0440955800428,37.61094342876628],[127.04411058278771,37.61091771794091],[127.04414103906436,37.61085680599732],[127.0441460936812,37.61084330098299],[127.0441569531528,37.610801779342346],[127.04416114610105,37.61076758523672],[127.0441612429214,37.610745533491965],[127.04415868276206,37.61071970309201],[127.0441569292751,37.610690516205565],[127.04414712675563,37.61064240344965],[127.04414326796562,37.61062877653151],[127.04413152057607,37.61059937894666],[127.04412673894184,37.61058224662424],[127.04411755713652,37.61055528074912],[127.04409667883588,37.610502571677294],[127.04408455868395,37.610467102460476],[127.04407935204156,37.61045519332867],[127.0440688427139,37.61043558722448],[127.0440490682827,37.610405159193064],[127.04403602856124,37.61039087887624],[127.04400679361287,37.61036583327264],[127.04399354403583,37.61035673371702],[127.04397515312246,37.61034656840364],[127.0439662057405,37.61034059367417],[127.04396105271972,37.61033507433215],[127.04396098824768,37.61033329310057],[127.04395444346372,37.610329966383354],[127.04391689920334,37.61031692052271],[127.04388947638166,37.61030528994428],[127.04387200740479,37.610297056893664],[127.04382132434337,37.61026864050571],[127.04380684731528,37.61025796465368],[127.04380217023055,37.61025285778101],[127.04377586399421,37.61021969311987],[127.04376685204262,37.6102059113277],[127.04376203990171,37.61019451559888],[127.04376034708741,37.61018547660195],[127.04376032576934,37.61017615407457],[127.04376200116467,37.61016706247225],[127.04376699239957,37.61015552345451],[127.04377760377254,37.61014074780062],[127.04380219106386,37.61011457845559],[127.04380884714034,37.61010880875297],[127.04382359823194,37.610098273415225],[127.04383598773286,37.610091261820685],[127.04384099701021,37.61008926426877],[127.04388898754634,37.61009016634095],[127.04393414643118,37.610096419521774],[127.04399279415922,37.610102727123035],[127.04401525500026,37.61010638036816],[127.04404931747887,37.6101094868837],[127.04408161274876,37.610113807681984],[127.04409022041251,37.61011414233741],[127.04410316478514,37.61011278151187],[127.04411504025286,37.61010989841274],[127.04413866643023,37.610100005726935],[127.04415293084102,37.61009009401457],[127.04417294024371,37.610071701841726],[127.04418226630587,37.61006115677672],[127.04419272273972,37.61004691723188],[127.04422685870799,37.60998481457348],[127.0442361087098,37.60996061323878],[127.04424199034278,37.60994765841273],[127.04425121931324,37.609931941700225],[127.04426440210308,37.60991250782441],[127.04428039097432,37.60988286378508],[127.04430127834847,37.60984974639309],[127.04431867698446,37.6098158797834],[127.04433026679988,37.60978977467259],[127.0443418962682,37.609748444629034],[127.04434323487337,37.60974068660848],[127.04434382019524,37.60973270362362],[127.04434326252964,37.60971668784791],[127.04433966249414,37.60970012090882],[127.04433233551873,37.60967451304129],[127.04432456411,37.60965573483885],[127.04430532619327,37.60969333313746],[127.0442674117403,37.60975654275277],[127.0442344638121,37.60975337461495],[127.04421333858286,37.60974820184301],[127.04418639705722,37.60973239957178],[127.04417504171755,37.60972033957654],[127.04416294633177,37.60970170263542],[127.04413348395836,37.609636391934345],[127.0441195415656,37.6096161158787],[127.04409815905036,37.609597103986715],[127.04404012144737,37.609568465189874],[127.04402008881169,37.60955302970735],[127.04400631537133,37.609531095754704],[127.04400126401674,37.6095115822099],[127.04399981897073,37.60948097614195],[127.04400233245283,37.609460423638644],[127.04401473672934,37.60942680310168],[127.04403315895802,37.6094001719951],[127.04405927475882,37.60937959266174],[127.04408447998698,37.60937054632604],[127.04410606654088,37.60937079954728],[127.04411657870541,37.60937435452589],[127.04412900837242,37.60938381927652],[127.0441391339392,37.609403943591275],[127.04414465337591,37.60944889188379],[127.04415290026279,37.60947128739292],[127.0441690046603,37.60948961649908],[127.04419423301982,37.60950048199511],[127.04422003244295,37.60950029213302],[127.04424333551259,37.609492102416155],[127.04425944524107,37.609481158365355],[127.04432145533774,37.609428769594345],[127.0442752560307,37.60934804027289],[127.0441979612733,37.60923618439028],[127.04414314276141,37.60913497875397],[127.04412081655828,37.6090520059822],[127.04409661463397,37.608918686618786],[127.04406765640096,37.60870905521957],[127.0440602588352,37.60862873477374],[127.0440513546552,37.60860542049099],[127.0440378898592,37.60858805443973],[127.0440204083096,37.60857705087073],[127.04399193296099,37.60857137624536],[127.04395656649145,37.60857594843004],[127.04392232619448,37.60858896245611],[127.04388923411159,37.608609400198205],[127.04386236317661,37.60863584521848],[127.04383733577221,37.60867734508118],[127.04381997903431,37.60872463545235],[127.04381735767447,37.6087543961063],[127.04382858980341,37.608827038711915],[127.0438235887307,37.60885445767677],[127.04381036595656,37.60888283474246],[127.0437741788267,37.60893672733647],[127.04373090907148,37.6089834957176],[127.04360999965012,37.60908218978619],[127.04353203059381,37.609132574868084],[127.0435048791992,37.60914471219711],[127.04346837219536,37.60915553752172],[127.04344325439816,37.60915913270836],[127.04340486169059,37.60916021901247],[127.04330939524841,37.60915320834889],[127.04327474178307,37.60915746472094],[127.04324942248604,37.609165150431885],[127.04323079697367,37.609173590516605],[127.04319977695693,37.60919394621537],[127.04312351594227,37.609260980684375],[127.04310110097714,37.60927743192839],[127.0430479163478,37.609316482198615],[127.04302255535636,37.6093305649002],[127.04299517682504,37.60934188229409],[127.04293727587232,37.60935285940472],[127.04286406056846,37.60932043238417],[127.04280608963353,37.60928835117544],[127.04273221764922,37.60925605945932],[127.04266866219781,37.60922194396873],[127.04264917789969,37.609214106097454],[127.04264863649615,37.60923584356221],[127.04264714891087,37.60924876518805],[127.04264659524326,37.60927679426569],[127.0426470714428,37.60930548970315],[127.04264892521253,37.609324950402915],[127.04265114324224,37.60933573894862],[127.04265399206662,37.60934646419703],[127.04266126344488,37.60936700863042],[127.04265388343401,37.60936645718959],[127.04262127696501,37.609359882738],[127.04260813845272,37.609358246780715],[127.04258204738385,37.60935733989164],[127.04256957148294,37.60935781110502],[127.04255778579443,37.60935914161201],[127.04254045998542,37.609363012201925],[127.0425320659894,37.609365816403226],[127.04252087787592,37.60937040647055],[127.0425037520958,37.60937949551321],[127.04246808676211,37.60940305480801],[127.04245598884873,37.60941300247907],[127.04244266604023,37.60942587249778],[127.04243243493539,37.6094384675026],[127.04242316346377,37.609451706368915],[127.04242014476512,37.609454903263135],[127.04241682289012,37.60945671814862],[127.0424169969143,37.609469993262664],[127.04241966819195,37.60948721561425],[127.04242864933852,37.6095131518679],[127.04243797831182,37.609547284295395],[127.04244819370737,37.60957278492564],[127.0424622861185,37.609598774298135],[127.04248420009847,37.609630985788414],[127.04250777571299,37.609669445036616],[127.04251600007194,37.60968093869724],[127.04253488677239,37.60970518382002],[127.04256505481062,37.6097392600702],[127.04258200973007,37.60976010915239],[127.04259206490823,37.60977064619729],[127.04259648725947,37.60977412602369],[127.04260808281268,37.609782843413875],[127.04262137137873,37.60979127728084],[127.04264854622063,37.60980565536093],[127.04267077693424,37.60981514465279],[127.04270618790682,37.60982781777256],[127.04275088808019,37.60984634755114],[127.04280134758902,37.609865327520666],[127.04281546953355,37.60986942550312],[127.04291815969644,37.60989115610269],[127.042965953462,37.60990462291692],[127.04298632084353,37.60991154771115],[127.04302096319608,37.60992668702377],[127.04304025441216,37.60993318513207],[127.04304947114689,37.60993706773692],[127.04305747016747,37.60994254283333],[127.04306343530307,37.609948346631455],[127.04307487076969,37.60996212759343],[127.04308639219806,37.60998159556693],[127.04310678409443,37.61002505274166],[127.04311251316514,37.61004175769211],[127.04311955008264,37.61006781533346],[127.04312107434767,37.61007734363853],[127.04312211543008,37.610097408288006],[127.04312235072166,37.61016949995278],[127.04312111204685,37.61018971950412],[127.04311904955343,37.610199359941205],[127.04311492814762,37.610209151595626],[127.04310113079518,37.61022992083259],[127.04309478923248,37.61023717971548],[127.04307305978983,37.610258634795166],[127.04304290974265,37.610284055492755],[127.04304239665002,37.61028987967399],[127.0430396745747,37.61029683179836],[127.04303309295634,37.61030812539497],[127.04302585781686,37.61031740191468],[127.04299105687902,37.61035565798421],[127.04297163280022,37.610374319138515],[127.04295164183628,37.61039194976426],[127.04294179968677,37.61040349952219],[127.04291421634944,37.61044738772823],[127.04289467211355,37.61048566074432],[127.04288708161413,37.61050334992018],[127.04288106809433,37.610521821482045],[127.04287845162251,37.61053521113152],[127.042877294774,37.610565910054106],[127.04287783764082,37.61061784016805],[127.04288008013667,37.61063758272818],[127.04288965972158,37.61067954551882],[127.0428941456594,37.610693050616405],[127.04290430207617,37.61071588699873],[127.04291801400403,37.61074132954962],[127.04293051786422,37.61076151616776],[127.04295252030929,37.610802845542175],[127.04296767337638,37.61082714510818],[127.04297902714293,37.61084242174901],[127.04300281063209,37.61086903731285],[127.04303723394925,37.61091013689673],[127.04305721336551,37.61093709981632],[127.04308919040383,37.6109762721604],[127.04310508090911,37.61099281302182],[127.04319593755818,37.61089751101664],[127.04326743139171,37.6108293430207],[127.04328180402791,37.61081030886043],[127.04328611897387,37.61079050353721],[127.04328153748072,37.61076077257687],[127.04322807923627,37.6106614040606],[127.04321317074474,37.61061555818362],[127.04320164011838,37.61055496187558],[127.04319079024225,37.610535594580256],[127.04317431589295,37.61052380666047],[127.0431592398599,37.610521109207504],[127.04307779439813,37.61053635667203],[127.04304934273377,37.61053364606694],[127.04303180537727,37.61052460653194],[127.0430219795309,37.610513347749965],[127.04301731640268,37.61049897867281],[127.04301964684552,37.61047472319518],[127.04303102534888,37.61044848224243],[127.04304391675657,37.61043369230899],[127.04321155405495,37.610307339393586],[127.04328907206454,37.61023834026182],[127.04330772168765,37.61021243898988],[127.04332152252054,37.61018410682408],[127.04335318762918,37.61008424757159],[127.04335780361403,37.61005636025942],[127.04335686376884,37.61003716052436],[127.0433426523755,37.609982466688486],[127.04331968972949,37.60993364150302],[127.04326774360058,37.60986292389386],[127.0432536623837,37.609837277891565],[127.04321718223088,37.60972878511928],[127.04321063187088,37.609692180323584],[127.04321207661299,37.60966408694882],[127.0432187559582,37.60963980284169],[127.04323193510818,37.60961370536475],[127.0432487304481,37.609593399922176],[127.04326989947927,37.609576624751675],[127.04328777722682,37.60956753622334],[127.04331981274876,37.609557990199555],[127.04334824516228,37.60954962038063],[127.04336000749788,37.609541200819514],[127.04336713608588,37.609530016922925],[127.0433681698465,37.60951591606043],[127.04336357608486,37.609503988650054],[127.0433306535468,37.609466240280675],[127.04332269379705,37.60945031371186],[127.0433182666059,37.60943265594639],[127.04331818856933,37.609395742442565],[127.04332596305318,37.609365637535234],[127.0433359042704,37.60934168558878],[127.04335081909728,37.60932070507929],[127.04337196500582,37.6093032901958],[127.04340166363554,37.60928929592287],[127.04343732125594,37.60927838984271],[127.04346921030655,37.60927234147247],[127.04350932343682,37.609269353425645],[127.04357762697246,37.60926855337304],[127.04363153763394,37.609270867016264],[127.04367615382805,37.60927959911913],[127.04371030876904,37.60929429061973],[127.04372740604957,37.609306447642034],[127.04374167321365,37.609320741055576],[127.0437592690461,37.60935260252507],[127.04376480861016,37.60939364053468],[127.04376598162318,37.60944336479916],[127.04376775854976,37.60951866071772],[127.04376306920244,37.60959498526016],[127.04376124310319,37.6097063752424],[127.04375474497526,37.60974971523578],[127.04374688484386,37.60976872001336],[127.04373272942667,37.60979068236816],[127.0436952770623,37.60983158313362],[127.04360428461018,37.60990435365117],[127.0435880465064,37.60992852418127],[127.04358351671428,37.60994868999342],[127.04358065340702,37.610029870180625],[127.04357017064757,37.610096249927174],[127.04357020722739,37.61012012612784],[127.04358056241564,37.610145665348384],[127.04361467672193,37.61018709824899],[127.04364280053618,37.610210396442405],[127.04370480937915,37.61025086394892],[127.04373452965362,37.61027329657936],[127.04376351767563,37.61030237877394],[127.04378347944608,37.610331914804966],[127.04379169145797,37.61035279668713],[127.04379606882347,37.610381770874525],[127.0437916190763,37.61046114066134],[127.04379430470382,37.61050223378014],[127.04381201104626,37.610567512881694],[127.04383557151095,37.610630591392024],[127.04383963175339,37.610659502625],[127.0438358024649,37.61067674897934],[127.04382620693988,37.610691519754944],[127.04377971230198,37.61072566648031],[127.0437567271223,37.61075524546778],[127.04373080876195,37.61082384737578],[127.04368006784955,37.61089843202518],[127.04366966007889,37.61091878922052],[127.04366266207076,37.6109403795084],[127.04364929064953,37.61100583230169],[127.043639711978,37.611030198588736],[127.0436310559431,37.61104417612982],[127.04360736554263,37.61106884495694],[127.04357757913937,37.61108883989718],[127.04354365479323,37.611101934780464],[127.04350908094057,37.61110829049528],[127.04347587515689,37.61109116592102],[127.04342642510403,37.611049152988095],[127.04340255464793,37.611036953367645],[127.04337987841673,37.61103338477871],[127.04335662805278,37.61103580797366],[127.04333657445594,37.61104323948939],[127.04331076120901,37.61105957488766],[127.04323426414737,37.61112499852564],[127.04324311469017,37.61113383939147],[127.04324785923002,37.611138054281646],[127.04327972864994,37.611161229551534],[127.04329543069097,37.61117684243716],[127.04330395508732,37.61118376881628],[127.04336233434566,37.61121982388235],[127.04337560209837,37.611228885659266],[127.04339179527553,37.61124374602552],[127.04342160379991,37.611255763265184],[127.04347220790919,37.61127412481135],[127.04348692844304,37.611282601298605],[127.04350122928294,37.61129580723014],[127.04351079025109,37.61130701471195],[127.04353349326142,37.611342770197695],[127.04355460093157,37.61136957674371],[127.04356552945623,37.61138554904713],[127.04358091547951,37.611414517370974],[127.04359484254861,37.61144702171251],[127.04361217217573,37.6114819268315],[127.0436219104843,37.61151164235444],[127.04363339061736,37.61154313218074],[127.04364292998713,37.611581249497526],[127.04364441920568,37.61159071924201],[127.0436455282705,37.61162024333988],[127.04364560250806,37.61172983150227],[127.04364963875773,37.61173709288146],[127.0436802728773,37.61181056620616],[127.04372228433871,37.611875106506865],[127.04373801499976,37.61189276006101],[127.04376004242121,37.61190966345743],[127.04378523880285,37.6119226463721],[127.04381251651898,37.6119311325739],[127.0438472534521,37.611931867493304],[127.04386827043433,37.61192528246336],[127.0438867343713,37.61191067056768],[127.04389513977995,37.611894125284635],[127.04389695234796,37.61187558225803],[127.04388563363209,37.61181067922397],[127.04387954351753,37.611700472518905],[127.04388778649886,37.61165811396209],[127.04390086120038,37.61162752953308],[127.04393785356696,37.611611955686286],[127.04397422618553,37.6116017970026],[127.0440860597057,37.61158631232643],[127.04412545261049,37.61156992663384],[127.04412893157881,37.61156745482116],[127.04410207989365,37.611536093323245],[127.04409308237933,37.611522198029114],[127.04407823220548,37.61149383774005],[127.04405576824158,37.61145872377504],[127.04403385830037,37.61141621338002],[127.04402652536521,37.61140173812347],[127.04400986385046,37.61136117730766],[127.04399027599295,37.61132676683017],[127.04397194748425,37.61128834377583],[127.04395872567022,37.61125548782953],[127.0439499441003,37.61122352581113],[127.04394797930408,37.61121236328861],[127.04394740328542,37.61120352750356],[127.04394800790836,37.61118591023958],[127.04395516828679,37.611151650167145],[127.04395935545567,37.61112476489609]],[[127.04293455627088,37.609724617590416],[127.04291800967552,37.609724686678305],[127.04289929772095,37.60972096338618],[127.0428819766384,37.60971345543074],[127.04285909871396,37.609693182472874],[127.04284856354147,37.60966923800335],[127.04284987199594,37.60964024369307],[127.04286431863352,37.60961222668972],[127.0428763165888,37.60959983372853],[127.04289145315069,37.60958994437566],[127.0429264198678,37.60957857919693],[127.04295946770199,37.609578459052784],[127.04298075215766,37.60958502852474],[127.04300172625098,37.6096033199767],[127.0430115040376,37.60962967035024],[127.04301139684878,37.60965987155018],[127.04299858143672,37.60968841055075],[127.04297949761384,37.60970761758394],[127.04295324122963,37.60972078158676],[127.04293455627088,37.609724617590416]]]]},"properties":{"toyanghyun":"Er₁","name":"약침식토양"},"id":"LT_C_FSDIFRSTS.1203018"},{"type":"Feature","geometry":{"type":"MultiPolygon","coordinates":[[[[127.04213993760902,37.62361379949856],[127.0421488664163,37.623598359696686],[127.04215216600413,37.62359005321846],[127.04215507406897,37.623578469088706],[127.04215591774918,37.62356201405886],[127.04215406224523,37.623545905071296],[127.04214823602406,37.6235190964775],[127.04214537251264,37.623463124573355],[127.04213823187733,37.62342754804094],[127.04213687600746,37.623399536833645],[127.04212651764244,37.62336674369752],[127.04210851508559,37.62333337665662],[127.0420905136776,37.62330000961238],[127.04207251228472,37.62326664076322],[127.04206050547556,37.62323327157648],[127.04204849867715,37.62319990238833],[127.04203649075573,37.62316653139719],[127.0420244839788,37.623133162206216],[127.04200648265571,37.623099793345986],[127.04197649605656,37.623071197672424],[127.04194651102728,37.623047370916005],[127.04192251902157,37.62301877309736],[127.041892534029,37.62299494362401],[127.04186663754273,37.62295763392313],[127.04182656648236,37.62293775433508],[127.04180257075619,37.6229043902702],[127.04177857504997,37.6228710234973],[127.04176656843545,37.622837653377296],[127.04176055636442,37.62280428203555],[127.041748548636,37.62277091191375],[127.04175452449878,37.62273753542837],[127.04175450583261,37.622704161964805],[127.04176048168692,37.62267078457778],[127.04176121906836,37.62266666320092],[127.0417024556898,37.622695740823374],[127.04164931723123,37.62271415775161],[127.04160268611862,37.622721886652506],[127.04153208077561,37.62272031677684],[127.04130841103073,37.62268584242648],[127.04115599781069,37.622683246780845],[127.04105518740015,37.6226708662934],[127.04092521139033,37.62266345126887],[127.04086957127778,37.62266464183654],[127.04072823317848,37.62267477725745],[127.0406514118124,37.622680286255374],[127.04049696796991,37.62267210433678],[127.0404511708553,37.62267218311432],[127.04033678125775,37.622685160449954],[127.04028159910114,37.62269539649629],[127.04024939965926,37.62270412003096],[127.04020700063383,37.622724956301845],[127.0401771534745,37.62274762629848],[127.0401604332676,37.62276724648352],[127.04012220177198,37.62282848157492],[127.04010352109799,37.622846669848435],[127.04008864166101,37.62285590101411],[127.04005024832351,37.62286903242608],[127.03996684906495,37.622879268888845],[127.03992217898823,37.622890077837745],[127.03985332214755,37.622917563205434],[127.03981254612323,37.62294475975581],[127.03978991530118,37.62296909404514],[127.03973953555752,37.623042811779705],[127.03971612288264,37.62306677691302],[127.03966003704102,37.62310377229325],[127.03956699645056,37.62315441198065],[127.03951117125659,37.62319188472543],[127.03943040052282,37.623268270409866],[127.03932724214596,37.623358376526795],[127.0392914003524,37.623399149127515],[127.03926115534186,37.62344176687878],[127.0392462538631,37.62347413529552],[127.03923594421518,37.62351439483115],[127.03921411178463,37.62354980187459],[127.03920341068512,37.623578096427394],[127.03920226147982,37.62358346128678],[127.03921343989326,37.62357752817596],[127.0392573619179,37.62357139226483],[127.03928231168511,37.62354886649033],[127.0393086649138,37.623522001989706],[127.03932206797577,37.62351160914192],[127.03935486324742,37.62349341628746],[127.03937744107591,37.62348401145891],[127.0394015208632,37.623476600009155],[127.03943898344825,37.62346766772087],[127.03949342365358,37.62345186872222],[127.03950319404414,37.62344816149344],[127.03951785830633,37.623440805428864],[127.0395665483348,37.62341174128565],[127.03959992982706,37.62339484108285],[127.03961524327036,37.62338559181418],[127.03962560421145,37.623378362418],[127.03966324715635,37.62334446093961],[127.03967630930032,37.62333430242255],[127.0397138995321,37.623307863822504],[127.03974072866039,37.623290225173186],[127.03978842322998,37.62324920246972],[127.03982950923422,37.623223058177494],[127.03986993640987,37.62319990807401],[127.03990126836686,37.62318473476937],[127.03996548694539,37.62316177660477],[127.04001230539276,37.62314345267799],[127.04004254307657,37.6231304366702],[127.04007346942234,37.62311944764204],[127.04008584089631,37.6231163773804],[127.0400947062355,37.62311495801648],[127.04015108730961,37.623109163517306],[127.04018218364742,37.62310467953061],[127.0402026181625,37.62310384996897],[127.04022385867387,37.62310624656435],[127.04026425294848,37.62311274872745],[127.04028023340119,37.623116012055135],[127.04029472070695,37.62312105443936],[127.04031100294134,37.623129374000165],[127.04032040848391,37.623136121883974],[127.04035032784007,37.62316298810575],[127.04038098494085,37.62318621407896],[127.04040329992893,37.623206447118264],[127.04044293022406,37.62323908081387],[127.04047292328336,37.62326801474444],[127.04049683803474,37.623286629945],[127.04052205501475,37.623304399567495],[127.04054342795345,37.62332107760788],[127.04055381897912,37.623327706203945],[127.0405712146243,37.623335716307274],[127.04058378678289,37.62333921051725],[127.04059331420979,37.62334086325454],[127.04060319253061,37.62334203294121],[127.04062707177555,37.62334317528267],[127.04070050844525,37.62334263821492],[127.04075276854667,37.623338718002174],[127.04076468433438,37.623337128148826],[127.04077702193888,37.623334251538765],[127.04079302945964,37.62332887882524],[127.04080506671494,37.623323628214834],[127.04081803245134,37.62331560764734],[127.04083891702159,37.623300828736],[127.04085542260117,37.62329068691631],[127.04090061050913,37.62326550578844],[127.0409215753421,37.623254617297285],[127.0409362749851,37.62324806922949],[127.04095945779721,37.62323932611367],[127.04098003346037,37.62323350399824],[127.0409973922612,37.623230072415055],[127.0410220558953,37.62322809068143],[127.04104783398536,37.62322784385634],[127.0410732377553,37.623228730597816],[127.04108522312599,37.62323012385652],[127.04110667687907,37.623234974507824],[127.04111910759708,37.62323873450133],[127.04112685017154,37.62324107527078],[127.04114658799467,37.623248337554635],[127.04115858695026,37.62325381677813],[127.04117001546038,37.62326013772148],[127.04119256528529,37.62327442851865],[127.04119941358533,37.6232799104369],[127.04121500212247,37.623295381250344],[127.04123784125935,37.62332071894178],[127.04126428593995,37.62334595986324],[127.0412819156352,37.62336738277623],[127.0413052779686,37.62340262302141],[127.04131470777801,37.62341819868956],[127.04132273970073,37.62343366492603],[127.04132508533627,37.62344127654526],[127.0413272388055,37.6234578007969],[127.04133415880031,37.62348838148176],[127.04133894791107,37.623524811220285],[127.04134373488341,37.62353896315053],[127.0413506610988,37.62355416307999],[127.04136170685864,37.623570818461275],[127.04138232393015,37.6235987175079],[127.0413908819381,37.62360886322561],[127.04140248443468,37.623620349444344],[127.04143191909137,37.62364434771751],[127.04144538587417,37.62365332583012],[127.04148668351695,37.623676405420234],[127.04150048747624,37.623682625486325],[127.04151310227388,37.62368724311305],[127.04152982423696,37.62369141060137],[127.04155603529755,37.62369540445932],[127.04159757373088,37.62370327346077],[127.0416229932622,37.62370977863404],[127.04163911538132,37.62371486352333],[127.04165659354747,37.62372219679562],[127.04166919012027,37.623728634406056],[127.04176188379785,37.623779997546436],[127.04177448671214,37.62378558821542],[127.0417865110842,37.62378969245917],[127.04180791530365,37.623794724999414],[127.04183329084178,37.62379742887817],[127.04185967761741,37.62379752944094],[127.04188059590948,37.623796546249345],[127.04190078408911,37.62379447852481],[127.041926562454,37.62378832733899],[127.04196361598248,37.62377539851714],[127.04197398786796,37.623769810509955],[127.04199044665346,37.62375510775211],[127.04199972032943,37.62374853805746],[127.04202233226655,37.62373779925023],[127.04203060196296,37.62373263364864],[127.04204350534579,37.623720607180495],[127.04206213162975,37.623700829280665],[127.04209202353685,37.6236775010744],[127.0421001940762,37.623669272146955],[127.04210544668568,37.62366319221352],[127.04213067601026,37.62362766719597],[127.04213993760902,37.62361379949856]],[[127.04164345912915,37.623259257104365],[127.04158306518734,37.62316630553206],[127.04156460495166,37.62313233580781],[127.04154268148261,37.62308338388209],[127.04152850901309,37.62303966396015],[127.04152789115979,37.623008219722806],[127.04153429128405,37.622987945257165],[127.04155122622721,37.62296800945711],[127.0415699450616,37.62295790279707],[127.04159277887167,37.622953317735536],[127.0416157402404,37.62295403943952],[127.04165061102636,37.62296219909064],[127.04169168134219,37.62297634810641],[127.04169146431501,37.623013685094605],[127.04169608656184,37.62303503685904],[127.04170403486509,37.623048774105584],[127.04172202025913,37.623064039481406],[127.04173761042868,37.62307016068124],[127.04175552017395,37.62307166800359],[127.04185328207943,37.623060199840914],[127.0418756884778,37.623061002779984],[127.04188782222685,37.62306441321496],[127.04189832619667,37.623070301942285],[127.0419061128898,37.623078579249885],[127.0419105135743,37.623088524586],[127.04191098486915,37.62310075081533],[127.04190656360922,37.623114690658035],[127.04189827930726,37.62312803722065],[127.0418881018342,37.62313878060168],[127.04185990604974,37.62315645896685],[127.04181059364673,37.62317062194928],[127.04179777407158,37.62317644686836],[127.04177964730897,37.62319202234694],[127.04177112830759,37.62321110827216],[127.04177104050542,37.62323639000438],[127.04178211039823,37.62328191296873],[127.04179243654947,37.62331411059444],[127.04180340227397,37.62333539703761],[127.04181138265388,37.62334563843453],[127.04182644364651,37.623357390979784],[127.04187586673427,37.62337878090638],[127.04189576493805,37.6233910633084],[127.04191221217786,37.623410392652616],[127.04192029226323,37.62343677068703],[127.04191974139374,37.62346439514957],[127.04191526575732,37.62348239846318],[127.04190383981198,37.62350907174154],[127.04189168501105,37.623528834705866],[127.04187425213071,37.62354968973649],[127.04185888857364,37.623564074942635],[127.0417987652999,37.62361152421925],[127.04172308574552,37.623612506049305],[127.041682280394,37.62360692534032],[127.04166499055592,37.62360006592444],[127.0416531602792,37.623592537848445],[127.04163211090375,37.62356758793264],[127.04162321146721,37.62353430860641],[127.04162152288892,37.623492314190145],[127.0416302394368,37.62346171359086],[127.04165748860106,37.62341191542265],[127.04166893634951,37.62338358434357],[127.04167405030506,37.62335230927222],[127.04167065728811,37.62332116334318],[127.04166432499389,37.62330058703159],[127.04164345912915,37.623259257104365]]]]},"properties":{"toyanghyun":"B₂","name":"갈색약건산림토양"},"id":"LT_C_FSDIFRSTS.1203019"}]}