{"type":"FeatureCollection","features":[{"type":"Feature","geometry":{"type":"MultiPolygon","coordinates":[[[[127.07391035065706,37.63029485792041],[127.07395453416804,37.63029696612593],[127.07396899016452,37.63013432160991],[127.07392649467705,37.63013218534452],[127.07393413143,37.630051795348706],[127.07366346064796,37.63003054488027],[127.07355772170652,37.63010268776688],[127.07354396498276,37.63027478307208],[127.0736381891557,37.630361399660025],[127.07390252094478,37.63037491466765],[127.07391035065706,37.63029485792041]]]]},"properties":{"bld_nm":"서울동산고등학교","dong_nm":"강당동","usability":"10000","grnd_flr":"3","ugrnd_flr":"0","archarea":"0","height":"24.7","vl_rat":"0","bc_rat":"0","totalarea":"2811.55","platarea":"0","useapr_day":"19940729","strct_cd":"21","school_name":"위례정보고등학교"},"id":"LT_C_BLDGINFO.6844238"},{"type":"Feature","geometry":{"type":"MultiPolygon","coordinates":[[[[127.0582553164918,37.61904162124011],[127.05830406737864,37.618967176814955],[127.05826746820445,37.61894953520443],[127.05872869006606,37.61836267516394],[127.05861640676817,37.618302093556295],[127.05804564616598,37.61904352381486],[127.05815942130134,37.619098879555665],[127.0582086236174,37.619022092405],[127.0582553164918,37.61904162124011]]]]},"properties":{"bld_nm":"선곡초등학교(교사1동)","dong_nm":"","usability":"10000","grnd_flr":"4","ugrnd_flr":"0","archarea":"1783.81","height":"16.65","vl_rat":"","bc_rat":"","totalarea":"6594.22","platarea":"","useapr_day":"19970203","strct_cd":"21","school_name":"학교"},"id":"LT_C_BLDGINFO.6859894"},{"type":"Feature","geometry":{"type":"MultiPolygon","coordinates":[[[[127.07424978229774,37.619614223436045],[127.0743974041564,37.61964656765252],[127.07443061629095,37.61955527784375],[127.07373713883534,37.61940696142855],[127.0737867285997,37.61926700884009],[127.07380372069518,37.61926880039397],[127.07380914618082,37.61925699422937],[127.07429405371694,37.619364354329385],[127.07427790934315,37.619418873588],[127.0743930172668,37.619445831971234],[127.07440961578253,37.61939248369094],[127.07469092243879,37.619452765381034],[127.07472322426543,37.61935769193449],[127.07370323492215,37.61913497623252],[127.07358938850837,37.61947543615073],[127.07414770515278,37.619592392482346],[127.07413483248165,37.619633584208714],[127.0742357794313,37.61965792960451],[127.07424978229774,37.619614223436045]]]]},"properties":{"bld_nm":"서울공릉초등학교","dong_nm":"","usability":"10000","grnd_flr":"4","ugrnd_flr":"1","archarea":"2037.91","height":"16.65","vl_rat":"66.27","bc_rat":"17.34","totalarea":"7875.16","platarea":"11747.4","useapr_day":"19970203","strct_cd":"21","school_name":"공릉초등학교"},"id":"LT_C_BLDGINFO.6912885"},{"type":"Feature","geometry":{"type":"MultiPolygon","coordinates":[[[[127.04664675734564,37.61051856623465],[127.0466115133074,37.610314146952746],[127.04665794250177,37.610304939191074],[127.0466395268056,37.61019186401374],[127.04658799902116,37.6101974787982],[127.04657606785963,37.610132243264395],[127.04619680312003,37.61017744554145],[127.04621860771267,37.61027699576892],[127.04646209110543,37.61025068473385],[127.04649378581543,37.61041086721285],[127.04657464571562,37.610403178027646],[127.04657703511685,37.61042146704444],[127.0461034347451,37.610479850319585],[127.04612320193898,37.610581482596906],[127.04664675734564,37.61051856623465]]]]},"properties":{"bld_nm":"서울월곡초등학교","dong_nm":"별관:교사동","usability":"10000","grnd_flr":"4","ugrnd_flr":"0","archarea":"1171.55","height":"17.1","vl_rat":"21.43","bc_rat":"6.15","totalarea":"4080.8","platarea":"19041","useapr_day":"19970409","strct_cd":"21","school_name":"월곡초등학교"},"id":"LT_C_BLDGINFO.6952862"},{"type":"Feature","geometry":{"type":"MultiPolygon","coordinates":[[[[127.04628786531688,37.610374635938655],[127.04626923310465,37.61027733697723],[127.0462150993284,37.610281231711795],[127.04619476711173,37.61018177102459],[127.0461213820999,37.61018918683064],[127.04615491258583,37.61039027327925],[127.04628786531688,37.610374635938655]]]]},"properties":{"bld_nm":"","dong_nm":"","usability":"","grnd_flr":"0","ugrnd_flr":"0","archarea":"0","height":"0","vl_rat":"0","bc_rat":"0","totalarea":"0","platarea":"0","useapr_day":"19970409","strct_cd":"","school_name":"월곡초등학교"},"id":"LT_C_BLDGINFO.6952863"},{"type":"Feature","geometry":{"type":"MultiPolygon","coordinates":[[[[127.046621522518,37.61000978247969],[127.04660820069167,37.609910949867285],[127.04556022404367,37.61005371871827],[127.04557737955699,37.610145252063525],[127.04563819404915,37.61013919276806],[127.0456436492476,37.61017126567949],[127.04574828991274,37.61015906325828],[127.04574475819486,37.61012392629286],[127.046621522518,37.61000978247969]]]]},"properties":{"bld_nm":"서울월곡초등학교","dong_nm":"본관:교사동","usability":"10000","grnd_flr":"4","ugrnd_flr":"1","archarea":"1181.63","height":"4","vl_rat":"20.69","bc_rat":"6.21","totalarea":"4068.42","platarea":"19041","useapr_day":"19970409","strct_cd":"21","school_name":"월곡초등학교"},"id":"LT_C_BLDGINFO.6952917"},{"type":"Feature","geometry":{"type":"MultiPolygon","coordinates":[[[[127.04615954272636,37.6101784507203],[127.04619929258028,37.610173840671976],[127.04619712882001,37.6101539297942],[127.04618112621435,37.610097714588605],[127.04618043693264,37.61008140707934],[127.04613819583658,37.6100865586523],[127.04614103609606,37.610101423777735],[127.04615216805065,37.61015655965264],[127.04615954272636,37.6101784507203]]]]},"properties":{"bld_nm":"","dong_nm":"","usability":"","grnd_flr":"0","ugrnd_flr":"0","archarea":"0","height":"0","vl_rat":"0","bc_rat":"0","totalarea":"0","platarea":"0","useapr_day":"","strct_cd":"","school_name":"월곡초등학교"},"id":"LT_C_BLDGINFO.6953078"},{"type":"Feature","geometry":{"type":"MultiPolygon","coordinates":[[[[127.0460562518712,37.61017506601231],[127.04611011011,37.610468585526306],[127.04616831977899,37.6104622566475],[127.04611298829836,37.61016756644021],[127.0460562518712,37.61017506601231]]]]},"properties":{"bld_nm":"","dong_nm":"","usability":"","grnd_flr":"0","ugrnd_flr":"0","archarea":"0","height":"0","vl_rat":"0","bc_rat":"0","totalarea":"0","platarea":"0","useapr_day":"","strct_cd":"","school_name":"월곡초등학교"},"id":"LT_C_BLDGINFO.6953174"},{"type":"Feature","geometry":{"type":"MultiPolygon","coordinates":[[[[127.04614810232829,37.610175752101625],[127.04614593987345,37.610158003578555],[127.0461163821368,37.61016116818731],[127.0461197913073,37.61018044790875],[127.04614810232829,37.610175752101625]]]]},"properties":{"bld_nm":"","dong_nm":"","usability":"","grnd_flr":"0","ugrnd_flr":"0","archarea":"0","height":"0","vl_rat":"0","bc_rat":"0","totalarea":"0","platarea":"0","useapr_day":"","strct_cd":"","school_name":"월곡초등학교"},"id":"LT_C_BLDGINFO.6953175"},{"type":"Feature","geometry":{"type":"MultiPolygon","coordinates":[[[[127.04604350842449,37.61009533393412],[127.04604759748025,37.61011524408861],[127.04607194578601,37.61011262205277],[127.04607000851793,37.61009262098875],[127.04604350842449,37.61009533393412]]]]},"properties":{"bld_nm":"","dong_nm":"","usability":"","grnd_flr":"0","ugrnd_flr":"0","archarea":"0","height":"0","vl_rat":"0","bc_rat":"0","totalarea":"0","platarea":"0","useapr_day":"","strct_cd":"","school_name":"월곡초등학교"},"id":"LT_C_BLDGINFO.6953323"},{"type":"Feature","geometry":{"type":"MultiPolygon","coordinates":[[[[127.04604263298917,37.610127679509944],[127.04605035926666,37.61016948214886],[127.04610958757468,37.61016243212903],[127.04610241433299,37.61011747584883],[127.04604263298917,37.610127679509944]]]]},"properties":{"bld_nm":"서울월곡초등학교","dong_nm":"","usability":"10000","grnd_flr":"1","ugrnd_flr":"0","archarea":"36.03","height":"4","vl_rat":"0.19","bc_rat":"0.19","totalarea":"36.03","platarea":"19041","useapr_day":"19970409","strct_cd":"21","school_name":"월곡초등학교"},"id":"LT_C_BLDGINFO.6953324"},{"type":"Feature","geometry":{"type":"MultiPolygon","coordinates":[[[[127.04599326224331,37.61033222098195],[127.04597719407003,37.61035593186516],[127.04604414442576,37.61038329647142],[127.04605840022624,37.610359135772306],[127.04599326224331,37.61033222098195]]]]},"properties":{"bld_nm":"","dong_nm":"","usability":"","grnd_flr":"0","ugrnd_flr":"0","archarea":"0","height":"0","vl_rat":"0","bc_rat":"0","totalarea":"0","platarea":"0","useapr_day":"","strct_cd":"","school_name":"월곡초등학교"},"id":"LT_C_BLDGINFO.6953325"},{"type":"Feature","geometry":{"type":"MultiPolygon","coordinates":[[[[127.04600708719346,37.60998398632022],[127.04608907767262,37.60997368419389],[127.04608691077576,37.60994845752197],[127.04600084293133,37.609958400790894],[127.04600708719346,37.60998398632022]]]]},"properties":{"bld_nm":"","dong_nm":"","usability":"","grnd_flr":"0","ugrnd_flr":"0","archarea":"0","height":"0","vl_rat":"0","bc_rat":"0","totalarea":"0","platarea":"0","useapr_day":"19970409","strct_cd":"","school_name":"월곡초등학교"},"id":"LT_C_BLDGINFO.6953326"},{"type":"Feature","geometry":{"type":"MultiPolygon","coordinates":[[[[127.04592832531982,37.610262419348864],[127.04591848972487,37.61029207435855],[127.04594963877365,37.610298450597035],[127.04595856827083,37.610268723847426],[127.04592832531982,37.610262419348864]]]]},"properties":{"bld_nm":"","dong_nm":"","usability":"","grnd_flr":"0","ugrnd_flr":"0","archarea":"0","height":"0","vl_rat":"0","bc_rat":"0","totalarea":"0","platarea":"0","useapr_day":"","strct_cd":"","school_name":"월곡초등학교"},"id":"LT_C_BLDGINFO.6953634"},{"type":"Feature","geometry":{"type":"MultiPolygon","coordinates":[[[[127.04586152021061,37.61067023780132],[127.0459285636521,37.61066327503455],[127.04591925769951,37.61063138378404],[127.04585493280354,37.61063897621152],[127.04586152021061,37.61067023780132]]]]},"properties":{"bld_nm":"서울월곡초등학교","dong_nm":"","usability":"10000","grnd_flr":"1","ugrnd_flr":"0","archarea":"36.03","height":"4","vl_rat":"0.19","bc_rat":"0.19","totalarea":"36.03","platarea":"19041","useapr_day":"19970409","strct_cd":"21","school_name":"월곡초등학교"},"id":"LT_C_BLDGINFO.6953635"},{"type":"Feature","geometry":{"type":"MultiPolygon","coordinates":[[[[127.0664228371792,37.61063008829715],[127.06642088001605,37.61046313747753],[127.06628248370164,37.61046565516193],[127.06626819746569,37.610708477548044],[127.06632460749658,37.61071826728659],[127.0663386885037,37.610630684141505],[127.0664228371792,37.61063008829715]]]]},"properties":{"bld_nm":"석관고등학교(급식실및학생식당)","dong_nm":"","usability":"10000","grnd_flr":"3","ugrnd_flr":"0","archarea":"361.79","height":"13.5","vl_rat":"0","bc_rat":"0","totalarea":"1106.66","platarea":"0","useapr_day":"","strct_cd":"21","school_name":"석관중,고교"},"id":"LT_C_BLDGINFO.6957328"},{"type":"Feature","geometry":{"type":"MultiPolygon","coordinates":[[[[127.05573002627031,37.61790597816526],[127.05568860316284,37.61795094710475],[127.05571546386699,37.61797354938391],[127.05576221038307,37.61792838878257],[127.05573002627031,37.61790597816526]]]]},"properties":{"bld_nm":"","dong_nm":"","usability":"","grnd_flr":"0","ugrnd_flr":"0","archarea":"0","height":"0","vl_rat":"0","bc_rat":"0","totalarea":"0","platarea":"0","useapr_day":"","strct_cd":"","school_name":"초등학교(국민학교)"},"id":"LT_C_BLDGINFO.6957574"},{"type":"Feature","geometry":{"type":"MultiPolygon","coordinates":[[[[127.05610609691398,37.61824888918585],[127.05617388157579,37.61830264634787],[127.05619990793777,37.61828371370179],[127.05613473843506,37.61822815338333],[127.05610609691398,37.61824888918585]]]]},"properties":{"bld_nm":"","dong_nm":"","usability":"","grnd_flr":"0","ugrnd_flr":"0","archarea":"0","height":"0","vl_rat":"0","bc_rat":"0","totalarea":"0","platarea":"0","useapr_day":"","strct_cd":"","school_name":"초등학교(국민학교)"},"id":"LT_C_BLDGINFO.6957587"},{"type":"Feature","geometry":{"type":"MultiPolygon","coordinates":[[[[127.0541938974317,37.619172308056925],[127.05401801603348,37.61920824544682],[127.05403061721074,37.61924851366177],[127.05420649825268,37.61921194556723],[127.0541938974317,37.619172308056925]]]]},"properties":{"bld_nm":"","dong_nm":"","usability":"","grnd_flr":"0","ugrnd_flr":"0","archarea":"0","height":"0","vl_rat":"0","bc_rat":"0","totalarea":"0","platarea":"0","useapr_day":"","strct_cd":"","school_name":"초등학교(국민학교)"},"id":"LT_C_BLDGINFO.6957646"},{"type":"Feature","geometry":{"type":"MultiPolygon","coordinates":[[[[127.05453625017037,37.61929621974691],[127.05454233756774,37.61931899379469],[127.05471332892492,37.61927161537808],[127.05468790870935,37.61925201249145],[127.05453625017037,37.61929621974691]]]]},"properties":{"bld_nm":"","dong_nm":"","usability":"","grnd_flr":"0","ugrnd_flr":"0","archarea":"0","height":"0","vl_rat":"0","bc_rat":"0","totalarea":"0","platarea":"0","useapr_day":"","strct_cd":"","school_name":"초등학교(국민학교)"},"id":"LT_C_BLDGINFO.6957651"},{"type":"Feature","geometry":{"type":"MultiPolygon","coordinates":[[[[127.05386752446839,37.61912407063427],[127.05383185021452,37.61913183488422],[127.0538261780625,37.61911940386942],[127.05378325624062,37.61912951386569],[127.05385691602203,37.61932490385793],[127.05389644107333,37.61931650720543],[127.05387328426603,37.61924534003423],[127.0539068068379,37.61923811731531],[127.05386752446839,37.61912407063427]]]]},"properties":{"bld_nm":"","dong_nm":"","usability":"","grnd_flr":"0","ugrnd_flr":"0","archarea":"0","height":"0","vl_rat":"0","bc_rat":"0","totalarea":"0","platarea":"0","useapr_day":"","strct_cd":"","school_name":"초등학교(국민학교)"},"id":"LT_C_BLDGINFO.6957989"},{"type":"Feature","geometry":{"type":"MultiPolygon","coordinates":[[[[127.06644659204996,37.610075701216594],[127.06644611166854,37.61012239936226],[127.06652789238487,37.610121399304056],[127.06652657208481,37.61007484630698],[127.06644659204996,37.610075701216594]]]]},"properties":{"bld_nm":"","dong_nm":"","usability":"","grnd_flr":"0","ugrnd_flr":"0","archarea":"0","height":"0","vl_rat":"0","bc_rat":"0","totalarea":"0","platarea":"0","useapr_day":"","strct_cd":"","school_name":"석관중,고교"},"id":"LT_C_BLDGINFO.6958156"},{"type":"Feature","geometry":{"type":"MultiPolygon","coordinates":[[[[127.0480016325049,37.61666267832816],[127.0480324264108,37.61663986237264],[127.04799910034635,37.61659788979894],[127.04795811202762,37.61661979976723],[127.0480016325049,37.61666267832816]]]]},"properties":{"bld_nm":"","dong_nm":"","usability":"","grnd_flr":"0","ugrnd_flr":"0","archarea":"0","height":"0","vl_rat":"0","bc_rat":"0","totalarea":"0","platarea":"0","useapr_day":"","strct_cd":"","school_name":"초등학교(국민학교)"},"id":"LT_C_BLDGINFO.6958714"},{"type":"Feature","geometry":{"type":"MultiPolygon","coordinates":[[[[127.04961842630004,37.61202302289168],[127.04969305992266,37.61205276988881],[127.04971559328185,37.61200990100087],[127.04964788050032,37.61198130445192],[127.04961842630004,37.61202302289168]]]]},"properties":{"bld_nm":"","dong_nm":"","usability":"","grnd_flr":"0","ugrnd_flr":"0","archarea":"0","height":"0","vl_rat":"0","bc_rat":"0","totalarea":"0","platarea":"0","useapr_day":"20100305","strct_cd":"","school_name":"장위초등학교"},"id":"LT_C_BLDGINFO.6958722"},{"type":"Feature","geometry":{"type":"MultiPolygon","coordinates":[[[[127.05003110682424,37.612740999235385],[127.05004165701813,37.61276730355375],[127.05010484504176,37.61275096979564],[127.05009384302194,37.61272655772964],[127.05003110682424,37.612740999235385]]]]},"properties":{"bld_nm":"","dong_nm":"","usability":"","grnd_flr":"0","ugrnd_flr":"0","archarea":"0","height":"0","vl_rat":"0","bc_rat":"0","totalarea":"0","platarea":"0","useapr_day":"","strct_cd":"","school_name":"장위초등학교"},"id":"LT_C_BLDGINFO.6959676"},{"type":"Feature","geometry":{"type":"MultiPolygon","coordinates":[[[[127.04987686286012,37.61141730454196],[127.0498690278924,37.611438552897],[127.0499292213612,37.61145179968069],[127.04993714663863,37.61143011881348],[127.04987686286012,37.61141730454196]]]]},"properties":{"bld_nm":"","dong_nm":"","usability":"","grnd_flr":"0","ugrnd_flr":"0","archarea":"0","height":"0","vl_rat":"0","bc_rat":"0","totalarea":"0","platarea":"0","useapr_day":"","strct_cd":"","school_name":"장위초등학교"},"id":"LT_C_BLDGINFO.6959792"},{"type":"Feature","geometry":{"type":"MultiPolygon","coordinates":[[[[127.04951679812032,37.61223188473652],[127.0495340725547,37.612147726043546],[127.04926153916564,37.612112337934825],[127.04924698263228,37.612196495489414],[127.04951679812032,37.61223188473652]]]]},"properties":{"bld_nm":"","dong_nm":"","usability":"02000","grnd_flr":"2","ugrnd_flr":"1","archarea":"194.38","height":"0","vl_rat":"0","bc_rat":"0","totalarea":"460.23","platarea":"0","useapr_day":"19800902","strct_cd":"11","school_name":"장위초등학교"},"id":"LT_C_BLDGINFO.6959893"},{"type":"Feature","geometry":{"type":"MultiPolygon","coordinates":[[[[127.04693585377636,37.622344008471394],[127.0470572169801,37.62242108558017],[127.04704827252189,37.62242793647834],[127.0471264571299,37.622469891950544],[127.04718973905734,37.6224074295724],[127.0471802194826,37.62239995512312],[127.047195614083,37.622382560254],[127.0471374842616,37.62234924648325],[127.04733626748435,37.62214472812586],[127.04739927330965,37.62218668931145],[127.04751134318956,37.62207159055288],[127.04749445769833,37.622058983413375],[127.04754913237285,37.62200003801294],[127.04734663490092,37.62187262815979],[127.04736769145407,37.62185270832398],[127.04738012183671,37.62182288105729],[127.04738215890492,37.62180143694246],[127.04738258954492,37.62178332707776],[127.04738167168436,37.621764316757066],[127.04736762120366,37.6217567539848],[127.04734507885831,37.62175505087852],[127.04731211701596,37.62175596465347],[127.0472859533656,37.621759849016854],[127.04726489079967,37.62176994815903],[127.04724258757847,37.62178878728384],[127.04722866306672,37.621801946985535],[127.04717619842762,37.62177043299596],[127.04709684442383,37.62185281323898],[127.04717186292623,37.62190477078562],[127.04717120028943,37.62191405113547],[127.0471729048397,37.621922970177536],[127.04718038802682,37.62193468002172],[127.0471906975881,37.62193746907015],[127.04720927443357,37.621937551977325],[127.0472260382474,37.62193655440782],[127.04731317969708,37.62199265167565],[127.04726201333266,37.62204673031543],[127.04724286518285,37.62203862891655],[127.04693585377636,37.622344008471394]]]]},"properties":{"bld_nm":"서울장월초등학교","dong_nm":"서울장월초등학교","usability":"10000","grnd_flr":"6","ugrnd_flr":"1","archarea":"2179.4","height":"24.8","vl_rat":"135.09","bc_rat":"33","totalarea":"9987.84","platarea":"6604","useapr_day":"20060928","strct_cd":"21","school_name":"학교"},"id":"LT_C_BLDGINFO.6960469"},{"type":"Feature","geometry":{"type":"MultiPolygon","coordinates":[[[[127.04723584510916,37.62204331673191],[127.04724388182814,37.622034033525],[127.04726201046229,37.622042045220915],[127.04730457005024,37.62199121344835],[127.0472797527289,37.6219741044553],[127.04722213396923,37.622035033027295],[127.04723584510916,37.62204331673191]]]]},"properties":{"bld_nm":"","dong_nm":"","usability":"","grnd_flr":"0","ugrnd_flr":"0","archarea":"0","height":"0","vl_rat":"0","bc_rat":"0","totalarea":"0","platarea":"0","useapr_day":"20060928","strct_cd":"","school_name":"학교"},"id":"LT_C_BLDGINFO.6960480"},{"type":"Feature","geometry":{"type":"MultiPolygon","coordinates":[[[[127.04738647970592,37.6216622338566],[127.04736576319557,37.62168242385828],[127.04746163017417,37.62174455419468],[127.04748064730666,37.62172391434827],[127.04738647970592,37.6216622338566]]]]},"properties":{"bld_nm":"","dong_nm":"","usability":"","grnd_flr":"0","ugrnd_flr":"0","archarea":"0","height":"0","vl_rat":"0","bc_rat":"0","totalarea":"0","platarea":"0","useapr_day":"","strct_cd":"","school_name":"학교"},"id":"LT_C_BLDGINFO.6960483"},{"type":"Feature","geometry":{"type":"MultiPolygon","coordinates":[[[[127.05948095520044,37.610449991499685],[127.05919911041707,37.61038103329385],[127.05918372183801,37.61038473483842],[127.05917478055963,37.61039239755095],[127.05917500478638,37.61040411020328],[127.05917829587567,37.610412758019656],[127.05913553466625,37.61046215269835],[127.05911969943661,37.61048882948514],[127.05910931235157,37.61053091039781],[127.05910719814212,37.610579744635274],[127.05915896657078,37.610593324187015],[127.05914234874803,37.61063324578866],[127.059345004718,37.61068621448902],[127.05936331891125,37.61064322869026],[127.0594021720593,37.610651408574505],[127.05948095520044,37.610449991499685]]]]},"properties":{"bld_nm":"석관초등학교","dong_nm":"(별관동)","usability":"10000","grnd_flr":"4","ugrnd_flr":"1","archarea":"0","height":"18.75","vl_rat":"0","bc_rat":"0","totalarea":"3627.08","platarea":"0","useapr_day":"20030327","strct_cd":"21","school_name":"석관초등학교"},"id":"LT_C_BLDGINFO.6960536"},{"type":"Feature","geometry":{"type":"MultiPolygon","coordinates":[[[[127.05867890757962,37.61108027693988],[127.05869145851301,37.61105342160953],[127.05856379549813,37.611023570794266],[127.05855441605199,37.61105087506935],[127.05867890757962,37.61108027693988]]]]},"properties":{"bld_nm":"","dong_nm":"","usability":"","grnd_flr":"0","ugrnd_flr":"0","archarea":"0","height":"0","vl_rat":"0","bc_rat":"0","totalarea":"0","platarea":"0","useapr_day":"","strct_cd":"","school_name":"석관초등학교"},"id":"LT_C_BLDGINFO.6960720"},{"type":"Feature","geometry":{"type":"MultiPolygon","coordinates":[[[[127.05402958336313,37.61938906705295],[127.05404197489663,37.61945330143497],[127.05403223481126,37.619454837435946],[127.05403655248028,37.619473936297105],[127.05415796574088,37.61945757446113],[127.05414646952903,37.61937811312478],[127.05402958336313,37.61938906705295]]]]},"properties":{"bld_nm":"","dong_nm":"","usability":"","grnd_flr":"0","ugrnd_flr":"0","archarea":"0","height":"0","vl_rat":"0","bc_rat":"0","totalarea":"0","platarea":"0","useapr_day":"","strct_cd":"","school_name":"초등학교(국민학교)"},"id":"LT_C_BLDGINFO.6961083"},{"type":"Feature","geometry":{"type":"MultiPolygon","coordinates":[[[[127.04704090240625,37.62150559714411],[127.04682457033948,37.6217225552882],[127.04707963721702,37.62186967721837],[127.04729358692742,37.62164731365639],[127.04704090240625,37.62150559714411]]]]},"properties":{"bld_nm":"","dong_nm":"","usability":"","grnd_flr":"0","ugrnd_flr":"0","archarea":"0","height":"0","vl_rat":"0","bc_rat":"0","totalarea":"0","platarea":"0","useapr_day":"20060928","strct_cd":"","school_name":"학교"},"id":"LT_C_BLDGINFO.6961258"},{"type":"Feature","geometry":{"type":"MultiPolygon","coordinates":[[[[127.04677898417621,37.61007107906049],[127.04680967095838,37.61006223766736],[127.04677189489173,37.60995972043055],[127.04673814988155,37.60996793229849],[127.04677898417621,37.61007107906049]]]]},"properties":{"bld_nm":"서울월곡초등학교","dong_nm":"","usability":"10000","grnd_flr":"1","ugrnd_flr":"0","archarea":"43.27","height":"4","vl_rat":"0.23","bc_rat":"0.23","totalarea":"43.27","platarea":"19041","useapr_day":"19970409","strct_cd":"21","school_name":"월곡초등학교"},"id":"LT_C_BLDGINFO.6961458"},{"type":"Feature","geometry":{"type":"MultiPolygon","coordinates":[[[[127.0469814728994,37.622108384661445],[127.04701762094096,37.62213107542439],[127.04704875145806,37.62209880833707],[127.04701317055792,37.622077378736805],[127.0469814728994,37.622108384661445]]]]},"properties":{"bld_nm":"","dong_nm":"","usability":"","grnd_flr":"0","ugrnd_flr":"0","archarea":"0","height":"0","vl_rat":"0","bc_rat":"0","totalarea":"0","platarea":"0","useapr_day":"","strct_cd":"","school_name":"학교"},"id":"LT_C_BLDGINFO.6962481"},{"type":"Feature","geometry":{"type":"MultiPolygon","coordinates":[[[[127.04676881796809,37.62222802642628],[127.04674550370036,37.62226119142378],[127.04678504864246,37.62228171860377],[127.0468077962031,37.6222480132281],[127.04676881796809,37.62222802642628]]]]},"properties":{"bld_nm":"","dong_nm":"","usability":"","grnd_flr":"0","ugrnd_flr":"0","archarea":"0","height":"0","vl_rat":"0","bc_rat":"0","totalarea":"0","platarea":"0","useapr_day":"","strct_cd":"","school_name":"학교"},"id":"LT_C_BLDGINFO.6962583"},{"type":"Feature","geometry":{"type":"MultiPolygon","coordinates":[[[[127.04682955468265,37.62226440271018],[127.04681336644991,37.62228071666062],[127.0468588076153,37.62231106223347],[127.04687476951631,37.62229510875582],[127.04682955468265,37.62226440271018]]]]},"properties":{"bld_nm":"","dong_nm":"","usability":"","grnd_flr":"0","ugrnd_flr":"0","archarea":"0","height":"0","vl_rat":"0","bc_rat":"0","totalarea":"0","platarea":"0","useapr_day":"","strct_cd":"","school_name":"학교"},"id":"LT_C_BLDGINFO.6962584"},{"type":"Feature","geometry":{"type":"MultiPolygon","coordinates":[[[[127.05488593482065,37.61928064636209],[127.05502043578953,37.61919310027257],[127.05489937097907,37.61906224264917],[127.05472343064534,37.619173593173144],[127.05479121989582,37.61924987562729],[127.0548348120002,37.619226790845005],[127.05488593482065,37.61928064636209]]]]},"properties":{"bld_nm":"","dong_nm":"","usability":"","grnd_flr":"0","ugrnd_flr":"0","archarea":"0","height":"0","vl_rat":"0","bc_rat":"0","totalarea":"0","platarea":"0","useapr_day":"","strct_cd":"","school_name":"초등학교(국민학교)"},"id":"LT_C_BLDGINFO.6962682"},{"type":"Feature","geometry":{"type":"MultiPolygon","coordinates":[[[[127.05495219315239,37.61911663795863],[127.05501873307595,37.619187965456526],[127.05551236238867,37.61887905576332],[127.05543460271784,37.61879944464666],[127.05495219315239,37.61911663795863]]]]},"properties":{"bld_nm":"","dong_nm":"","usability":"","grnd_flr":"0","ugrnd_flr":"0","archarea":"0","height":"0","vl_rat":"0","bc_rat":"0","totalarea":"0","platarea":"0","useapr_day":"","strct_cd":"","school_name":"초등학교(국민학교)"},"id":"LT_C_BLDGINFO.6962684"},{"type":"Feature","geometry":{"type":"MultiPolygon","coordinates":[[[[127.04768217280088,37.616596851926815],[127.0477958476553,37.61652707149589],[127.0477724970602,37.61649797897058],[127.0476557619032,37.61656424675073],[127.04768217280088,37.616596851926815]]]]},"properties":{"bld_nm":"","dong_nm":"","usability":"","grnd_flr":"0","ugrnd_flr":"0","archarea":"0","height":"0","vl_rat":"0","bc_rat":"0","totalarea":"0","platarea":"0","useapr_day":"","strct_cd":"","school_name":"초등학교(국민학교)"},"id":"LT_C_BLDGINFO.6962851"},{"type":"Feature","geometry":{"type":"MultiPolygon","coordinates":[[[[127.05895567453689,37.61117078131962],[127.05896765487512,37.61113843025045],[127.05884326271719,37.61110596529927],[127.05883184978913,37.611139847749115],[127.05895567453689,37.61117078131962]]]]},"properties":{"bld_nm":"석관초등학교","dong_nm":"","usability":"10000","grnd_flr":"1","ugrnd_flr":"0","archarea":"0","height":"0","vl_rat":"0","bc_rat":"0","totalarea":"15","platarea":"0","useapr_day":"20030327","strct_cd":"31","school_name":"석관초등학교"},"id":"LT_C_BLDGINFO.6963056"},{"type":"Feature","geometry":{"type":"MultiPolygon","coordinates":[[[[127.04200273500216,37.61145625336181],[127.04191063468842,37.61101732667814],[127.04179489285234,37.61102916909156],[127.04179773835688,37.611055296588006],[127.04107113573583,37.61115339793866],[127.0410897654064,37.61125826595397],[127.04181195492507,37.611165571886616],[127.04184707302417,37.61137008271619],[127.04145680421443,37.61141968832279],[127.04148475258943,37.6115613131649],[127.04160864697654,37.611544152496386],[127.04160194467833,37.61150667393972],[127.04200273500216,37.61145625336181]]]]},"properties":{"bld_nm":"","dong_nm":"","usability":"","grnd_flr":"0","ugrnd_flr":"0","archarea":"0","height":"0","vl_rat":"0","bc_rat":"0","totalarea":"0","platarea":"0","useapr_day":"19960513","strct_cd":"","school_name":"장위중학교"},"id":"LT_C_BLDGINFO.6963097"},{"type":"Feature","geometry":{"type":"MultiPolygon","coordinates":[[[[127.04197788176224,37.611573209291365],[127.042083430465,37.61155992863275],[127.04204630378469,37.6113912776372],[127.04199749172241,37.61139453792204],[127.04200840128217,37.61146255828909],[127.04195279661522,37.611471136676805],[127.04197788176224,37.611573209291365]]]]},"properties":{"bld_nm":"","dong_nm":"","usability":"","grnd_flr":"0","ugrnd_flr":"0","archarea":"0","height":"0","vl_rat":"0","bc_rat":"0","totalarea":"0","platarea":"0","useapr_day":"","strct_cd":"","school_name":"장위중학교"},"id":"LT_C_BLDGINFO.6963102"},{"type":"Feature","geometry":{"type":"MultiPolygon","coordinates":[[[[127.04672711567926,37.622198940757954],[127.0467043668975,37.622230663963045],[127.04674175994136,37.62225173256952],[127.04676507458996,37.6222191982585],[127.04672711567926,37.622198940757954]]]]},"properties":{"bld_nm":"","dong_nm":"","usability":"","grnd_flr":"0","ugrnd_flr":"0","archarea":"0","height":"0","vl_rat":"0","bc_rat":"0","totalarea":"0","platarea":"0","useapr_day":"","strct_cd":"","school_name":"학교"},"id":"LT_C_BLDGINFO.6963243"},{"type":"Feature","geometry":{"type":"MultiPolygon","coordinates":[[[[127.04947253797545,37.612092701095065],[127.04948687560353,37.61203845618483],[127.04947022406087,37.61203440853479],[127.04948151851069,37.61198557074988],[127.0494064166634,37.61196722122422],[127.04940031419021,37.61198821656848],[127.04931955436201,37.611977527625335],[127.0492982038733,37.612063940393256],[127.04947253797545,37.612092701095065]]]]},"properties":{"bld_nm":"","dong_nm":"","usability":"02000","grnd_flr":"2","ugrnd_flr":"1","archarea":"109.87","height":"0","vl_rat":"0","bc_rat":"0","totalarea":"329.61","platarea":"0","useapr_day":"19871119","strct_cd":"11","school_name":"장위초등학교"},"id":"LT_C_BLDGINFO.6963342"},{"type":"Feature","geometry":{"type":"MultiPolygon","coordinates":[[[[127.05387385080063,37.61924561007701],[127.05391505703992,37.61937326070223],[127.05420486959243,37.61931168481752],[127.05417739289399,37.619218715910264],[127.05402291795825,37.61925284179302],[127.05401133810525,37.61921527606403],[127.05387385080063,37.61924561007701]]]]},"properties":{"bld_nm":"","dong_nm":"","usability":"","grnd_flr":"0","ugrnd_flr":"0","archarea":"0","height":"0","vl_rat":"0","bc_rat":"0","totalarea":"0","platarea":"0","useapr_day":"","strct_cd":"","school_name":"초등학교(국민학교)"},"id":"LT_C_BLDGINFO.6964464"},{"type":"Feature","geometry":{"type":"MultiPolygon","coordinates":[[[[127.05853619490581,37.61077139937953],[127.05875225066823,37.61029439620093],[127.05863579969441,37.6102625578619],[127.05847592419032,37.61061357649791],[127.05842778342377,37.61060440970751],[127.05839760440608,37.610683620542225],[127.05844008317347,37.610693781155426],[127.0584230274324,37.6107391988544],[127.05853619490581,37.61077139937953]]]]},"properties":{"bld_nm":"석관초등학교","dong_nm":"(서관동)","usability":"10000","grnd_flr":"4","ugrnd_flr":"1","archarea":"0","height":"13.2","vl_rat":"0","bc_rat":"0","totalarea":"2400.75","platarea":"0","useapr_day":"19970613","strct_cd":"21","school_name":"석관초등학교"},"id":"LT_C_BLDGINFO.6965265"},{"type":"Feature","geometry":{"type":"MultiPolygon","coordinates":[[[[127.0585332590796,37.61107971670233],[127.05855495997457,37.61102159290495],[127.05841392813572,37.61098562171238],[127.05839675054311,37.61103473348859],[127.05849224595575,37.611061086189046],[127.05848704584177,37.611073792539464],[127.0585332590796,37.61107971670233]]]]},"properties":{"bld_nm":"","dong_nm":"","usability":"","grnd_flr":"0","ugrnd_flr":"0","archarea":"0","height":"0","vl_rat":"0","bc_rat":"0","totalarea":"0","platarea":"0","useapr_day":"","strct_cd":"","school_name":"석관초등학교"},"id":"LT_C_BLDGINFO.6965331"},{"type":"Feature","geometry":{"type":"MultiPolygon","coordinates":[[[[127.06603098253676,37.61000034576621],[127.06606801931827,37.610003109549496],[127.06606998611771,37.60992003795914],[127.06603656391121,37.60991924535056],[127.06603098253676,37.61000034576621]]]]},"properties":{"bld_nm":"","dong_nm":"","usability":"","grnd_flr":"0","ugrnd_flr":"0","archarea":"0","height":"0","vl_rat":"0","bc_rat":"0","totalarea":"0","platarea":"0","useapr_day":"","strct_cd":"","school_name":"석관중,고교"},"id":"LT_C_BLDGINFO.6965577"},{"type":"Feature","geometry":{"type":"MultiPolygon","coordinates":[[[[127.05471627405512,37.61927180325643],[127.05451858001047,37.61932788813247],[127.0545489544499,37.619401502599274],[127.054750820556,37.61935044326141],[127.05471627405512,37.61927180325643]]]]},"properties":{"bld_nm":"","dong_nm":"","usability":"","grnd_flr":"0","ugrnd_flr":"0","archarea":"0","height":"0","vl_rat":"0","bc_rat":"0","totalarea":"0","platarea":"0","useapr_day":"","strct_cd":"","school_name":"초등학교(국민학교)"},"id":"LT_C_BLDGINFO.6965730"},{"type":"Feature","geometry":{"type":"MultiPolygon","coordinates":[[[[127.05549975265906,37.618827975943425],[127.05557954519568,37.61889920696796],[127.05623265281243,37.61843722559704],[127.05609719461516,37.61831160154466],[127.05602746920994,37.61836109759759],[127.05606532674726,37.61839685804033],[127.05605559111216,37.618404241569685],[127.05606772090252,37.61841812007263],[127.05568699678888,37.618687598489025],[127.0555646680811,37.618688915946],[127.05550414165248,37.618631920597835],[127.05540961001071,37.61869737498149],[127.05552907014028,37.61880165390209],[127.05549975265906,37.618827975943425]]]]},"properties":{"bld_nm":"","dong_nm":"","usability":"","grnd_flr":"0","ugrnd_flr":"0","archarea":"0","height":"0","vl_rat":"0","bc_rat":"0","totalarea":"0","platarea":"0","useapr_day":"","strct_cd":"","school_name":"초등학교(국민학교)"},"id":"LT_C_BLDGINFO.6965763"},{"type":"Feature","geometry":{"type":"MultiPolygon","coordinates":[[[[127.05458631061089,37.61940143174852],[127.05459698610059,37.61944107008129],[127.05477353915143,37.61939358996895],[127.05475006268018,37.61935188517178],[127.05458631061089,37.61940143174852]]]]},"properties":{"bld_nm":"","dong_nm":"","usability":"","grnd_flr":"0","ugrnd_flr":"0","archarea":"0","height":"0","vl_rat":"0","bc_rat":"0","totalarea":"0","platarea":"0","useapr_day":"","strct_cd":"","school_name":"초등학교(국민학교)"},"id":"LT_C_BLDGINFO.6965776"},{"type":"Feature","geometry":{"type":"MultiPolygon","coordinates":[[[[127.05493649405908,37.619322428975245],[127.05512579924981,37.61922557784982],[127.05558341413338,37.618923801960115],[127.05553309103784,37.61887976706223],[127.05489148597097,37.619281995322176],[127.05493649405908,37.619322428975245]]]]},"properties":{"bld_nm":"","dong_nm":"","usability":"","grnd_flr":"0","ugrnd_flr":"0","archarea":"0","height":"0","vl_rat":"0","bc_rat":"0","totalarea":"0","platarea":"0","useapr_day":"","strct_cd":"","school_name":"초등학교(국민학교)"},"id":"LT_C_BLDGINFO.6965821"},{"type":"Feature","geometry":{"type":"MultiPolygon","coordinates":[[[[127.05446801732482,37.61934481321988],[127.05449844748838,37.6194491330834],[127.05459358763696,37.61944053102152],[127.05458064547719,37.6193990827372],[127.0545335316172,37.61940776233186],[127.05452660913787,37.619389376433205],[127.0545387258175,37.61938496519651],[127.05451784648533,37.619331726638045],[127.05446801732482,37.61934481321988]]]]},"properties":{"bld_nm":"","dong_nm":"","usability":"","grnd_flr":"0","ugrnd_flr":"0","archarea":"0","height":"0","vl_rat":"0","bc_rat":"0","totalarea":"0","platarea":"0","useapr_day":"","strct_cd":"","school_name":"초등학교(국민학교)"},"id":"LT_C_BLDGINFO.6965822"},{"type":"Feature","geometry":{"type":"MultiPolygon","coordinates":[[[[127.0660274185342,37.61045029796543],[127.06601363140781,37.61074744923959],[127.06624773536578,37.61075146559452],[127.06625201136568,37.610458103633455],[127.0660274185342,37.61045029796543]]]]},"properties":{"bld_nm":"석관고등학교(체육관)","dong_nm":"","usability":"10000","grnd_flr":"2","ugrnd_flr":"0","archarea":"1116.04","height":"12","vl_rat":"0","bc_rat":"0","totalarea":"1557.36","platarea":"0","useapr_day":"19960308","strct_cd":"21","school_name":"석관중,고교"},"id":"LT_C_BLDGINFO.6965869"},{"type":"Feature","geometry":{"type":"MultiPolygon","coordinates":[[[[127.05883230667499,37.61113011692627],[127.0588452897888,37.61109091792236],[127.05871671873288,37.611058635063515],[127.05870553847637,37.61110062622283],[127.05883230667499,37.61113011692627]]]]},"properties":{"bld_nm":"","dong_nm":"","usability":"","grnd_flr":"0","ugrnd_flr":"0","archarea":"0","height":"0","vl_rat":"0","bc_rat":"0","totalarea":"0","platarea":"0","useapr_day":"","strct_cd":"","school_name":"석관초등학교"},"id":"LT_C_BLDGINFO.6966117"},{"type":"Feature","geometry":{"type":"MultiPolygon","coordinates":[[[[127.05615478464331,37.61836455254889],[127.0562377523717,37.61844064695845],[127.05624781894151,37.618421181112694],[127.05625900035031,37.61837738827643],[127.05621695599194,37.61834731502307],[127.05619442760431,37.618363543110846],[127.05617742729675,37.61834967588647],[127.05615478464331,37.61836455254889]]]]},"properties":{"bld_nm":"","dong_nm":"","usability":"","grnd_flr":"0","ugrnd_flr":"0","archarea":"0","height":"0","vl_rat":"0","bc_rat":"0","totalarea":"0","platarea":"0","useapr_day":"","strct_cd":"","school_name":"초등학교(국민학교)"},"id":"LT_C_BLDGINFO.6966349"},{"type":"Feature","geometry":{"type":"MultiPolygon","coordinates":[[[[127.05497856699662,37.618474758564055],[127.05530786271723,37.61880959346069],[127.05532405366445,37.61880066637411],[127.05536089881248,37.61884632927628],[127.05543312944884,37.61879836414324],[127.05538598622758,37.61876568008202],[127.05508808782491,37.61846191497917],[127.0550771065972,37.618469938689294],[127.05505023918995,37.618437966073024],[127.05497856699662,37.618474758564055]]]]},"properties":{"bld_nm":"","dong_nm":"","usability":"","grnd_flr":"0","ugrnd_flr":"0","archarea":"0","height":"0","vl_rat":"0","bc_rat":"0","totalarea":"0","platarea":"0","useapr_day":"","strct_cd":"","school_name":"초등학교(국민학교)"},"id":"LT_C_BLDGINFO.6966350"},{"type":"Feature","geometry":{"type":"MultiPolygon","coordinates":[[[[127.06650593076073,37.609950522198325],[127.06650625030095,37.60992727669394],[127.06665246506597,37.60993034051946],[127.06665246711657,37.60993269208062],[127.06670852866893,37.609933111619576],[127.06670957390436,37.60996283442918],[127.06670447736256,37.60996275615582],[127.06670060594548,37.6101985452048],[127.06683437213094,37.61019891273396],[127.06683721313632,37.6099638450364],[127.06674071909192,37.609962916329955],[127.06673865311846,37.60993155429794],[127.06684726555855,37.60993266550515],[127.0668465071313,37.609971948727875],[127.06697142810428,37.60997278049813],[127.06697345109642,37.60982573915845],[127.06650615678241,37.609819789624744],[127.06624578033092,37.609815427799376],[127.06624679719835,37.60982569843358],[127.06619697606313,37.60982527525561],[127.06619589336763,37.609882848581925],[127.0661784520516,37.609882768040315],[127.06618010532381,37.60983014980113],[127.06607387092362,37.609828496090145],[127.06606866189787,37.6100914054054],[127.06606673656879,37.61009141546819],[127.0660662107022,37.61013817670591],[127.06606768301174,37.61013816689087],[127.06606527809082,37.610369549310285],[127.0661625656834,37.61037075743842],[127.06616303985615,37.61038210954759],[127.0661903231961,37.610382184698864],[127.06619042709046,37.61037137286204],[127.06620584124659,37.61037145451295],[127.06620635523349,37.61032415269406],[127.06630137710495,37.61032472225258],[127.06630127228898,37.61033445291207],[127.06674332107674,37.61033574111492],[127.06674379262685,37.61022726266143],[127.06630468599332,37.610222368918386],[127.0663029385345,37.61029688106201],[127.06620474624893,37.61029712412591],[127.06620953770651,37.609944918745065],[127.06624532679723,37.6099455298103],[127.06624521565035,37.60994796252192],[127.06650593076073,37.609950522198325]]]]},"properties":{"bld_nm":"석관고등학교(교사동1)","dong_nm":"","usability":"10000","grnd_flr":"4","ugrnd_flr":"1","archarea":"1859","height":"18","vl_rat":"0","bc_rat":"0","totalarea":"7536","platarea":"0","useapr_day":"19960308","strct_cd":"21","school_name":"석관중,고교"},"id":"LT_C_BLDGINFO.6966652"},{"type":"Feature","geometry":{"type":"MultiPolygon","coordinates":[[[[127.06606238170346,37.61076616300673],[127.06606149671197,37.610777425760645],[127.06607243344897,37.61079922353381],[127.06621401272146,37.61080958838764],[127.06621589092653,37.61079437878882],[127.06623072931036,37.61077033246496],[127.06606238170346,37.61076616300673]]]]},"properties":{"bld_nm":"","dong_nm":"","usability":"","grnd_flr":"0","ugrnd_flr":"0","archarea":"0","height":"0","vl_rat":"0","bc_rat":"0","totalarea":"0","platarea":"0","useapr_day":"19960308","strct_cd":"","school_name":"석관중,고교"},"id":"LT_C_BLDGINFO.6966843"},{"type":"Feature","geometry":{"type":"MultiPolygon","coordinates":[[[[127.06602393079811,37.61080500732511],[127.06601935309824,37.61082875069182],[127.06607436560365,37.61083329760068],[127.066076225815,37.6108103395723],[127.06602393079811,37.61080500732511]]]]},"properties":{"bld_nm":"","dong_nm":"","usability":"","grnd_flr":"0","ugrnd_flr":"0","archarea":"0","height":"0","vl_rat":"0","bc_rat":"0","totalarea":"0","platarea":"0","useapr_day":"","strct_cd":"","school_name":"석관중,고교"},"id":"LT_C_BLDGINFO.6966892"},{"type":"Feature","geometry":{"type":"MultiPolygon","coordinates":[[[[127.06635030418059,37.6106386784782],[127.06634717225597,37.610723039106595],[127.06638008545461,37.6107241562601],[127.06638530124361,37.610639785475726],[127.06635030418059,37.6106386784782]]]]},"properties":{"bld_nm":"","dong_nm":"","usability":"","grnd_flr":"0","ugrnd_flr":"0","archarea":"0","height":"0","vl_rat":"0","bc_rat":"0","totalarea":"0","platarea":"0","useapr_day":"","strct_cd":"","school_name":"석관중,고교"},"id":"LT_C_BLDGINFO.6966893"},{"type":"Feature","geometry":{"type":"MultiPolygon","coordinates":[[[[127.059068273416,37.611198837093426],[127.05907866880277,37.61116737875775],[127.05897116652619,37.61113932952264],[127.05895782690037,37.61117141095923],[127.059068273416,37.611198837093426]]]]},"properties":{"bld_nm":"","dong_nm":"","usability":"","grnd_flr":"0","ugrnd_flr":"0","archarea":"0","height":"0","vl_rat":"0","bc_rat":"0","totalarea":"0","platarea":"0","useapr_day":"","strct_cd":"","school_name":"석관초등학교"},"id":"LT_C_BLDGINFO.6966911"},{"type":"Feature","geometry":{"type":"MultiPolygon","coordinates":[[[[127.05831376727028,37.611079200852735],[127.0583370517959,37.61101827428055],[127.05839516460829,37.61103428376208],[127.05841143594411,37.61098490212851],[127.05834742690735,37.610959795579944],[127.05835001898603,37.610942945975864],[127.05827015712497,37.61092181133671],[127.05822989429612,37.6109961706819],[127.05831376727028,37.611079200852735]]]]},"properties":{"bld_nm":"석관초등학교","dong_nm":"","usability":"10000","grnd_flr":"1","ugrnd_flr":"0","archarea":"0","height":"0","vl_rat":"0","bc_rat":"0","totalarea":"76.47","platarea":"0","useapr_day":"20030327","strct_cd":"31","school_name":"석관초등학교"},"id":"LT_C_BLDGINFO.6967166"},{"type":"Feature","geometry":{"type":"MultiPolygon","coordinates":[[[[127.06637173829978,37.610345676483405],[127.06636989243434,37.61043721723365],[127.06645471957165,37.61043563892385],[127.06645614921509,37.61051681658306],[127.06656329143294,37.6105193704307],[127.06663819361367,37.61043544773657],[127.06663918282915,37.61040093959367],[127.06666058868329,37.61040155846801],[127.06666269464881,37.61034893997702],[127.06637173829978,37.610345676483405]]]]},"properties":{"bld_nm":"석관고등학교(교사동2)","dong_nm":"","usability":"10000","grnd_flr":"4","ugrnd_flr":"0","archarea":"293.28","height":"18","vl_rat":"0","bc_rat":"0","totalarea":"1091.52","platarea":"0","useapr_day":"19960308","strct_cd":"21","school_name":"석관중,고교"},"id":"LT_C_BLDGINFO.6967175"},{"type":"Feature","geometry":{"type":"MultiPolygon","coordinates":[[[[127.0662692202048,37.6104511476251],[127.06633762686225,37.610451389380046],[127.06634092819212,37.61034037761747],[127.06627478597275,37.610339242650106],[127.0662692202048,37.6104511476251]]]]},"properties":{"bld_nm":"","dong_nm":"","usability":"","grnd_flr":"0","ugrnd_flr":"0","archarea":"0","height":"0","vl_rat":"0","bc_rat":"0","totalarea":"0","platarea":"0","useapr_day":"","strct_cd":"","school_name":"석관중,고교"},"id":"LT_C_BLDGINFO.6967242"},{"type":"Feature","geometry":{"type":"MultiPolygon","coordinates":[[[[127.05000002589068,37.611428354106465],[127.04997528731631,37.611423417877205],[127.0499638704154,37.6114574526373],[127.05000002690112,37.61146480781967],[127.05011628952606,37.61148844680932],[127.05012807978855,37.611453916341006],[127.05000002589068,37.611428354106465]]]]},"properties":{"bld_nm":"","dong_nm":"","usability":"","grnd_flr":"0","ugrnd_flr":"0","archarea":"0","height":"0","vl_rat":"0","bc_rat":"0","totalarea":"0","platarea":"0","useapr_day":"","strct_cd":"","school_name":"장위초등학교"},"id":"LT_C_BLDGINFO.6973216"},{"type":"Feature","geometry":{"type":"MultiPolygon","coordinates":[[[[127.04630161031196,37.623229841938326],[127.04618195485918,37.62316808007292],[127.04616683775873,37.62327133807284],[127.04644593808077,37.6234246689978],[127.04641356500119,37.62346405413143],[127.04653186404089,37.62352951029292],[127.046534692072,37.62352311225828],[127.04664902383271,37.623583884720475],[127.04667358540428,37.623552070741695],[127.04711030940554,37.6237953385296],[127.04718026466726,37.62371476390064],[127.04630161031196,37.623229841938326]]]]},"properties":{"bld_nm":"서울오현초등학교","dong_nm":"","usability":"10000","grnd_flr":"4","ugrnd_flr":"1","archarea":"2149.29","height":"16.2","vl_rat":"0","bc_rat":"0","totalarea":"7072.19","platarea":"0","useapr_day":"19960610","strct_cd":"21","school_name":"초등학교(국민학교)"},"id":"LT_C_BLDGINFO.7012745"},{"type":"Feature","geometry":{"type":"MultiPolygon","coordinates":[[[[127.04618316599053,37.62316655695876],[127.04630220956734,37.623228003712256],[127.04631257788517,37.62319632132906],[127.04647534404654,37.62299145772392],[127.04654159633299,37.62296917826586],[127.0466852425903,37.62280496485596],[127.0464516930105,37.622672700074055],[127.04629979343683,37.62284467377166],[127.04635781107305,37.62287978094469],[127.04631932682028,37.62292827728368],[127.04635638000534,37.622948886639016],[127.04618316599053,37.62316655695876]]]]},"properties":{"bld_nm":"","dong_nm":"","usability":"","grnd_flr":"0","ugrnd_flr":"0","archarea":"0","height":"0","vl_rat":"0","bc_rat":"0","totalarea":"0","platarea":"0","useapr_day":"19960610","strct_cd":"","school_name":"초등학교(국민학교)"},"id":"LT_C_BLDGINFO.7013031"},{"type":"Feature","geometry":{"type":"MultiPolygon","coordinates":[[[[127.04626491954139,37.62305812911291],[127.04624814941718,37.62304903557462],[127.04623615146228,37.62306435677772],[127.04625258192588,37.62307372074038],[127.04626491954139,37.62305812911291]]]]},"properties":{"bld_nm":"","dong_nm":"","usability":"","grnd_flr":"0","ugrnd_flr":"0","archarea":"0","height":"0","vl_rat":"0","bc_rat":"0","totalarea":"0","platarea":"0","useapr_day":"","strct_cd":"","school_name":"초등학교(국민학교)"},"id":"LT_C_BLDGINFO.7013033"},{"type":"Feature","geometry":{"type":"MultiPolygon","coordinates":[[[[127.0468488399516,37.62374832702714],[127.04689570389782,37.6236952323041],[127.0466998873626,37.623588460254624],[127.04665936356358,37.62363622768592],[127.0468488399516,37.62374832702714]]]]},"properties":{"bld_nm":"서울오현초등학교","dong_nm":"","usability":"10000","grnd_flr":"1","ugrnd_flr":"0","archarea":"72","height":"3","vl_rat":"0","bc_rat":"0","totalarea":"72","platarea":"0","useapr_day":"19960610","strct_cd":"19","school_name":"초등학교(국민학교)"},"id":"LT_C_BLDGINFO.7016156"},{"type":"Feature","geometry":{"type":"MultiPolygon","coordinates":[[[[127.04670654112844,37.62335257220848],[127.04675220525073,37.62337598018741],[127.04677359898984,37.623350744552894],[127.04672736991871,37.62332967934589],[127.04670654112844,37.62335257220848]]]]},"properties":{"bld_nm":"","dong_nm":"","usability":"","grnd_flr":"0","ugrnd_flr":"0","archarea":"0","height":"0","vl_rat":"0","bc_rat":"0","totalarea":"0","platarea":"0","useapr_day":"","strct_cd":"","school_name":"초등학교(국민학교)"},"id":"LT_C_BLDGINFO.7016365"},{"type":"Feature","geometry":{"type":"MultiPolygon","coordinates":[[[[127.0470462885054,37.62376256758575],[127.0470361018058,37.6237759060143],[127.04710159552035,37.623809036786575],[127.04711314278947,37.62379777008003],[127.0470462885054,37.62376256758575]]]]},"properties":{"bld_nm":"","dong_nm":"","usability":"","grnd_flr":"0","ugrnd_flr":"0","archarea":"0","height":"0","vl_rat":"0","bc_rat":"0","totalarea":"0","platarea":"0","useapr_day":"","strct_cd":"","school_name":"초등학교(국민학교)"},"id":"LT_C_BLDGINFO.7016369"},{"type":"Feature","geometry":{"type":"MultiPolygon","coordinates":[[[[127.04188028054926,37.63198994472505],[127.04192534658094,37.63203162658317],[127.04206048836029,37.63194815863956],[127.0420167710546,37.6319076206122],[127.04188028054926,37.63198994472505]]]]},"properties":{"bld_nm":"","dong_nm":"","usability":"","grnd_flr":"0","ugrnd_flr":"0","archarea":"0","height":"0","vl_rat":"0","bc_rat":"0","totalarea":"0","platarea":"0","useapr_day":"","strct_cd":"","school_name":"신화초등학교"},"id":"LT_C_BLDGINFO.7039358"},{"type":"Feature","geometry":{"type":"MultiPolygon","coordinates":[[[[127.05659083000451,37.62148026384868],[127.05675873622651,37.621529550067095],[127.05697187973854,37.621070148514605],[127.05680398573683,37.62102086258959],[127.05659083000451,37.62148026384868]]]]},"properties":{"bld_nm":"광운대학교 공공기숙사","dong_nm":"기숙사B동","usability":"10000","grnd_flr":"7","ugrnd_flr":"1","archarea":"1061.24","height":"26","vl_rat":"8.5378","bc_rat":"1.6069","totalarea":"6816.61","platarea":"66044","useapr_day":"20170804","strct_cd":"21","school_name":"학교"},"id":"LT_C_BLDGINFO.7045614"},{"type":"Feature","geometry":{"type":"MultiPolygon","coordinates":[[[[127.06356750491537,37.62923372063105],[127.06357880389875,37.62919831523349],[127.06359523315781,37.62920199159516],[127.06370831376628,37.62897128148506],[127.06369007147964,37.62896696639921],[127.06370318252095,37.62893110053427],[127.06358194462163,37.628901882548575],[127.06357449082128,37.6289294564203],[127.06356520065981,37.628928380130816],[127.06348084524546,37.62911420628272],[127.06302782396874,37.62897858469319],[127.06311659392637,37.628801045561495],[127.06355274888845,37.62893973901025],[127.06355953310543,37.628924328705985],[127.0635721090924,37.62892612405116],[127.0635803555043,37.62889809927331],[127.06365887712076,37.628917338897466],[127.06368850146242,37.62885011027396],[127.06309405453857,37.628668613434535],[127.06306024233291,37.62874079947881],[127.0630098193415,37.62872641010286],[127.06300168839242,37.62875731791388],[127.06297777824427,37.62874841067853],[127.06286447640252,37.62898794980538],[127.06288294580685,37.628992985683766],[127.0628724344087,37.62902218286263],[127.06291923456526,37.629039096922234],[127.06290294665898,37.6290694683815],[127.06350317388869,37.62925106224188],[127.06351345759846,37.6292207749434],[127.06356750491537,37.62923372063105]]]]},"properties":{"bld_nm":"서울녹천초등학교","dong_nm":"가동","usability":"10000","grnd_flr":"4","ugrnd_flr":"0","archarea":"1831.48","height":"15.4","vl_rat":"58.35","bc_rat":"18.07","totalarea":"5915.1","platarea":"10.137","useapr_day":"19950105","strct_cd":"21","school_name":"녹천초등학교"},"id":"LT_C_BLDGINFO.7046767"},{"type":"Feature","geometry":{"type":"MultiPolygon","coordinates":[[[[127.06344806385971,37.628121074492064],[127.0634386940754,37.628160452188375],[127.06345719104955,37.62819891428147],[127.0635056878165,37.628213124283675],[127.06349404229923,37.62824033996378],[127.06395261094862,37.62837613704273],[127.06403571983283,37.628192203246975],[127.06348945126594,37.62803194594711],[127.06346230679624,37.628084126879926],[127.06345402413278,37.628082058975814],[127.06344013214392,37.628118736109094],[127.06344806385971,37.628121074492064]]]]},"properties":{"bld_nm":"서울녹천초등학교","dong_nm":"나동","usability":"10000","grnd_flr":"2","ugrnd_flr":"0","archarea":"1128.32","height":"12.4","vl_rat":"0","bc_rat":"0","totalarea":"1431.67","platarea":"0","useapr_day":"20060919","strct_cd":"21","school_name":"녹천초등학교"},"id":"LT_C_BLDGINFO.7046769"},{"type":"Feature","geometry":{"type":"MultiPolygon","coordinates":[[[[127.0539689014377,37.63175040480661],[127.05400488499889,37.63173896440075],[127.05399123954949,37.631714923355304],[127.05395479217546,37.63172730098067],[127.0539689014377,37.63175040480661]]]]},"properties":{"bld_nm":"","dong_nm":"","usability":"","grnd_flr":"0","ugrnd_flr":"0","archarea":"0","height":"0","vl_rat":"0","bc_rat":"0","totalarea":"0","platarea":"0","useapr_day":"","strct_cd":"","school_name":"인덕대학"},"id":"LT_C_BLDGINFO.7052450"},{"type":"Feature","geometry":{"type":"MultiPolygon","coordinates":[[[[127.05229971647711,37.63116885957013],[127.05238843513797,37.63114074686767],[127.0523696243843,37.63110001272666],[127.05227901328885,37.63112727029959],[127.05229971647711,37.63116885957013]]]]},"properties":{"bld_nm":"","dong_nm":"","usability":"","grnd_flr":"0","ugrnd_flr":"0","archarea":"0","height":"0","vl_rat":"0","bc_rat":"0","totalarea":"0","platarea":"0","useapr_day":"","strct_cd":"","school_name":"월계중학교,신계초등학교"},"id":"LT_C_BLDGINFO.7052451"},{"type":"Feature","geometry":{"type":"MultiPolygon","coordinates":[[[[127.05507820762634,37.63287287690036],[127.0551166138478,37.632858497868895],[127.05508967295827,37.63281031677639],[127.0550510847692,37.632823686786146],[127.05507820762634,37.63287287690036]]]]},"properties":{"bld_nm":"","dong_nm":"","usability":"","grnd_flr":"0","ugrnd_flr":"0","archarea":"0","height":"0","vl_rat":"0","bc_rat":"0","totalarea":"0","platarea":"0","useapr_day":"","strct_cd":"","school_name":"인덕대학"},"id":"LT_C_BLDGINFO.7052452"},{"type":"Feature","geometry":{"type":"MultiPolygon","coordinates":[[[[127.05983359298926,37.63297902836691],[127.0597928434392,37.63295106411475],[127.05943944060922,37.633278464378265],[127.05944205899976,37.633280247029745],[127.05948941681986,37.63331257789923],[127.05983359298926,37.63297902836691]]]]},"properties":{"bld_nm":"","dong_nm":"","usability":"","grnd_flr":"0","ugrnd_flr":"0","archarea":"0","height":"0","vl_rat":"0","bc_rat":"0","totalarea":"0","platarea":"0","useapr_day":"19971230","strct_cd":"","school_name":"연지초등학교"},"id":"LT_C_BLDGINFO.7052520"},{"type":"Feature","geometry":{"type":"MultiPolygon","coordinates":[[[[127.06608053783037,37.63234246021964],[127.06616239563108,37.632153831638426],[127.06605280636317,37.63212164560908],[127.06592832673404,37.6323994852272],[127.06641284740414,37.63253696131871],[127.06639298535293,37.632586273769455],[127.06654482832431,37.632626815300675],[127.06656457917963,37.632580007605526],[127.06682014394046,37.63265252133829],[127.06694587501653,37.63237107618544],[127.06683063094566,37.63233771373362],[127.0667444725516,37.63252966975893],[127.06608053783037,37.63234246021964]]]]},"properties":{"bld_nm":"중현초등학교","dong_nm":"(교사1동)","usability":"10000","grnd_flr":"4","ugrnd_flr":"1","archarea":"1431.28","height":"14.75","vl_rat":"44.58","bc_rat":"11.95","totalarea":"5340.28","platarea":"11979","useapr_day":"19900307","strct_cd":"21","school_name":"초등학교(국민학교)"},"id":"LT_C_BLDGINFO.7052532"},{"type":"Feature","geometry":{"type":"MultiPolygon","coordinates":[[[[127.0551997267143,37.63234363208964],[127.05519088331296,37.63233408574214],[127.05522859897752,37.63232082420017],[127.05521385632979,37.63229984712432],[127.0553018587557,37.632267903404745],[127.05528892364826,37.63223988887344],[127.05537307578784,37.632210208310475],[127.05527121296421,37.63203032937778],[127.05520167150429,37.632054867646346],[127.05517023905439,37.631998931185066],[127.0548035023441,37.63212659480543],[127.05483357665402,37.63218469432489],[127.05476426360464,37.63221220546046],[127.05486737247153,37.632393255533955],[127.05493397103699,37.63237178212213],[127.05495075714978,37.63239880387192],[127.05505971496011,37.63236225585342],[127.05506731502058,37.63237577608935],[127.05509947989458,37.63236296759669],[127.05510968534264,37.63237611724569],[127.0551997267143,37.63234363208964]]]]},"properties":{"bld_nm":"인덕대학","dong_nm":"학술정보센터","usability":"10000","grnd_flr":"9","ugrnd_flr":"1","archarea":"1405.49","height":"37.9","vl_rat":"0","bc_rat":"0","totalarea":"9158.96","platarea":"0","useapr_day":"19950221","strct_cd":"21","school_name":"인덕대학"},"id":"LT_C_BLDGINFO.7052535"},{"type":"Feature","geometry":{"type":"MultiPolygon","coordinates":[[[[127.05450327657145,37.63241432227636],[127.05409764251327,37.631719038513296],[127.05392151904918,37.63177507662709],[127.0539339947791,37.6317950728069],[127.0539175714261,37.6317999453842],[127.05417494452725,37.63224085973133],[127.0541504814668,37.63225123189583],[127.05429476772277,37.63249389101168],[127.05450327657145,37.63241432227636]]]]},"properties":{"bld_nm":"인덕대학","dong_nm":"제1공학관","usability":"Z8000","grnd_flr":"5","ugrnd_flr":"0","archarea":"1316.48","height":"18.2","vl_rat":"0","bc_rat":"0","totalarea":"6784.46","platarea":"0","useapr_day":"19921228","strct_cd":"21","school_name":"인덕대학"},"id":"LT_C_BLDGINFO.7052537"},{"type":"Feature","geometry":{"type":"MultiPolygon","coordinates":[[[[127.06219875554132,37.631639135240995],[127.06225372716065,37.63158879632614],[127.06218256483182,37.63153926109912],[127.0621240699012,37.63158953872239],[127.06219875554132,37.631639135240995]]]]},"properties":{"bld_nm":"","dong_nm":"","usability":"","grnd_flr":"0","ugrnd_flr":"0","archarea":"0","height":"0","vl_rat":"0","bc_rat":"0","totalarea":"0","platarea":"0","useapr_day":"","strct_cd":"","school_name":"녹천중학교"},"id":"LT_C_BLDGINFO.7052545"},{"type":"Feature","geometry":{"type":"MultiPolygon","coordinates":[[[[127.0523175088424,37.63119473702465],[127.05240109792459,37.63117000519031],[127.05239159946423,37.631146052267],[127.05230494018389,37.631170578191],[127.0523175088424,37.63119473702465]]]]},"properties":{"bld_nm":"","dong_nm":"","usability":"","grnd_flr":"0","ugrnd_flr":"0","archarea":"0","height":"0","vl_rat":"0","bc_rat":"0","totalarea":"0","platarea":"0","useapr_day":"","strct_cd":"","school_name":"월계중학교,신계초등학교"},"id":"LT_C_BLDGINFO.7052555"},{"type":"Feature","geometry":{"type":"MultiPolygon","coordinates":[[[[127.05313274587363,37.630784879507296],[127.05316690028596,37.63073361690236],[127.05307322774772,37.63069028475517],[127.0530418179267,37.63074604201811],[127.05313274587363,37.630784879507296]]]]},"properties":{"bld_nm":"","dong_nm":"","usability":"","grnd_flr":"0","ugrnd_flr":"0","archarea":"0","height":"0","vl_rat":"0","bc_rat":"0","totalarea":"0","platarea":"0","useapr_day":"","strct_cd":"","school_name":"월계중학교,신계초등학교"},"id":"LT_C_BLDGINFO.7052556"},{"type":"Feature","geometry":{"type":"MultiPolygon","coordinates":[[[[127.05069829203754,37.6279060486011],[127.05057025025086,37.627821490952975],[127.05056177292636,37.62783290988072],[127.0506051103376,37.62786080419224],[127.0505849156767,37.62788342716422],[127.05066384154063,37.62793836305103],[127.05069829203754,37.6279060486011]]]]},"properties":{"bld_nm":"","dong_nm":"","usability":"","grnd_flr":"0","ugrnd_flr":"0","archarea":"0","height":"0","vl_rat":"0","bc_rat":"0","totalarea":"0","platarea":"0","useapr_day":"19940321","strct_cd":"","school_name":"월계초등학교"},"id":"LT_C_BLDGINFO.7052561"},{"type":"Feature","geometry":{"type":"MultiPolygon","coordinates":[[[[127.05279764123237,37.630895954083826],[127.05276543384267,37.630846495342794],[127.05274640577761,37.63085245907303],[127.05273461104069,37.63083362473109],[127.05254672659652,37.63091858731642],[127.05259594180816,37.630989833426895],[127.05279764123237,37.630895954083826]]]]},"properties":{"bld_nm":"","dong_nm":"","usability":"","grnd_flr":"0","ugrnd_flr":"0","archarea":"0","height":"0","vl_rat":"0","bc_rat":"0","totalarea":"0","platarea":"0","useapr_day":"","strct_cd":"","school_name":"월계중학교,신계초등학교"},"id":"LT_C_BLDGINFO.7052603"},{"type":"Feature","geometry":{"type":"MultiPolygon","coordinates":[[[[127.05475665281901,37.63110354593043],[127.05447837695925,37.63120277878355],[127.0545306671706,37.63129403343513],[127.05459488446819,37.631270660216074],[127.05477285621633,37.631584571026885],[127.05470931868163,37.63160829541678],[127.05475969238118,37.63169602799864],[127.05504102808624,37.631596252515166],[127.05475665281901,37.63110354593043]]]]},"properties":{"bld_nm":"인덕대학","dong_nm":"인관","usability":"Z8000","grnd_flr":"5","ugrnd_flr":"0","archarea":"1227.57","height":"15.2","vl_rat":"0","bc_rat":"0","totalarea":"6344.47","platarea":"0","useapr_day":"19920221","strct_cd":"21","school_name":"인덕대학"},"id":"LT_C_BLDGINFO.7052604"},{"type":"Feature","geometry":{"type":"MultiPolygon","coordinates":[[[[127.052412821992,37.63116831530459],[127.05254527206169,37.63112747981804],[127.05251237579621,37.63106452464945],[127.052381546021,37.631105647714264],[127.052412821992,37.63116831530459]]]]},"properties":{"bld_nm":"","dong_nm":"","usability":"","grnd_flr":"0","ugrnd_flr":"0","archarea":"0","height":"0","vl_rat":"0","bc_rat":"0","totalarea":"0","platarea":"0","useapr_day":"","strct_cd":"","school_name":"월계중학교,신계초등학교"},"id":"LT_C_BLDGINFO.7052624"},{"type":"Feature","geometry":{"type":"MultiPolygon","coordinates":[[[[127.05294491666614,37.63075186856993],[127.05275350326029,37.63066277297288],[127.05272459433729,37.630698365165216],[127.05295463542684,37.63081585183196],[127.05301571719039,37.63074672914532],[127.05296860734795,37.63072258544929],[127.05294491666614,37.63075186856993]]]]},"properties":{"bld_nm":"","dong_nm":"","usability":"","grnd_flr":"0","ugrnd_flr":"0","archarea":"0","height":"0","vl_rat":"0","bc_rat":"0","totalarea":"0","platarea":"0","useapr_day":"","strct_cd":"","school_name":"월계중학교,신계초등학교"},"id":"LT_C_BLDGINFO.7052668"},{"type":"Feature","geometry":{"type":"MultiPolygon","coordinates":[[[[127.05561505660425,37.63189222344993],[127.05568651200196,37.63200769609891],[127.05569999063749,37.6320039958996],[127.0559248280436,37.63239969223483],[127.05611872603728,37.63232752441181],[127.05565963918154,37.63152244146147],[127.055464154526,37.631591455840415],[127.055486155411,37.631623340417086],[127.05540732753725,37.63165167617428],[127.05545689559304,37.63173643559674],[127.05553232366084,37.63170638950407],[127.05563272356083,37.631883935358125],[127.05561505660425,37.63189222344993]]]]},"properties":{"bld_nm":"","dong_nm":"본관","usability":"10000","grnd_flr":"4","ugrnd_flr":"1","archarea":"1865.22","height":"14.9","vl_rat":"0","bc_rat":"0","totalarea":"6831.29","platarea":"0","useapr_day":"19720817","strct_cd":"21","school_name":"고등학교"},"id":"LT_C_BLDGINFO.7052675"},{"type":"Feature","geometry":{"type":"MultiPolygon","coordinates":[[[[127.05668428702384,37.632205079698664],[127.05639536306089,37.63230783584733],[127.05645208261859,37.632409899309025],[127.05651845336726,37.63238734393519],[127.05650473139802,37.63236833968777],[127.05666307036594,37.63231554955839],[127.05667940513484,37.63234419303421],[127.05674701666666,37.63231451922286],[127.05668428702384,37.632205079698664]]]]},"properties":{"bld_nm":"","dong_nm":"제4실습장","usability":"10000","grnd_flr":"4","ugrnd_flr":"0","archarea":"284.72","height":"11.9","vl_rat":"0","bc_rat":"0","totalarea":"854.16","platarea":"0","useapr_day":"20040802","strct_cd":"21","school_name":"고등학교"},"id":"LT_C_BLDGINFO.7052739"},{"type":"Feature","geometry":{"type":"MultiPolygon","coordinates":[[[[127.06620157919048,37.6321373222634],[127.06636846455851,37.63177215424517],[127.06617457922768,37.631715048511985],[127.06600882654537,37.63208093642347],[127.06620157919048,37.6321373222634]]]]},"properties":{"bld_nm":"중현초등학교","dong_nm":"(교사2동-정보화센터)","usability":"10000","grnd_flr":"3","ugrnd_flr":"0","archarea":"752.15","height":"17.05","vl_rat":"0","bc_rat":"0","totalarea":"2238.12","platarea":"0","useapr_day":"20030128","strct_cd":"21","school_name":"초등학교(국민학교)"},"id":"LT_C_BLDGINFO.7052818"},{"type":"Feature","geometry":{"type":"MultiPolygon","coordinates":[[[[127.05643642150359,37.63146450097703],[127.05657368510862,37.63142433446487],[127.05654918067292,37.631377774318395],[127.0564086264312,37.63142604212943],[127.05643642150359,37.63146450097703]]]]},"properties":{"bld_nm":"","dong_nm":"","usability":"","grnd_flr":"0","ugrnd_flr":"0","archarea":"0","height":"0","vl_rat":"0","bc_rat":"0","totalarea":"0","platarea":"0","useapr_day":"","strct_cd":"","school_name":"고등학교"},"id":"LT_C_BLDGINFO.7052868"},{"type":"Feature","geometry":{"type":"MultiPolygon","coordinates":[[[[127.05995276194022,37.63384632304835],[127.06015441706656,37.63397199955316],[127.06024690123172,37.63387681027758],[127.06023783367469,37.633871399911925],[127.06028129005738,37.63382551849553],[127.06025306674618,37.63380797248429],[127.06026156610729,37.633796787115536],[127.06002386365836,37.633644198432464],[127.06013016359574,37.63354205585112],[127.06024736516773,37.633616958957184],[127.06028030619233,37.63358315587887],[127.06038685565221,37.633654280041824],[127.0603846129607,37.63366923739704],[127.06039277044545,37.63368427966149],[127.06040965548415,37.63369021769124],[127.060425403136,37.63369048012439],[127.06043831460265,37.6336857885921],[127.06051981703743,37.63360096582925],[127.06027589034507,37.63344242529528],[127.06026762850396,37.63345306095081],[127.06023396632088,37.63343415716462],[127.0602453963999,37.63341856455494],[127.06015370289471,37.63336581283435],[127.06009076524442,37.6334318857891],[127.0601073131596,37.633441427942266],[127.06009304894536,37.633454679402256],[127.06012184271938,37.633477549950285],[127.0599013224928,37.63369480399652],[127.0597000125085,37.63355984680805],[127.05968053265768,37.6335822907662],[127.05943887368748,37.633423837480905],[127.0594170283974,37.63344934588278],[127.0593840476413,37.633432333573744],[127.05931137846792,37.63351417800119],[127.05938380871223,37.63356252503025],[127.05940780684945,37.63353737597007],[127.05960515124328,37.63365801005818],[127.0595753784511,37.63368721640063],[127.05990181883683,37.63389482088449],[127.05995276194022,37.63384632304835]]]]},"properties":{"bld_nm":"서울연지초등학교","dong_nm":"","usability":"Z8000","grnd_flr":"4","ugrnd_flr":"1","archarea":"3068.67","height":"15.6","vl_rat":"86.67","bc_rat":"31.63","totalarea":"8575.02","platarea":"9701.7","useapr_day":"19971230","strct_cd":"21","school_name":"연지초등학교"},"id":"LT_C_BLDGINFO.7052882"},{"type":"Feature","geometry":{"type":"MultiPolygon","coordinates":[[[[127.05215786313993,37.63067504012782],[127.05219244802231,37.63072295734194],[127.05230615192362,37.630670471506534],[127.0522721337304,37.63062300457083],[127.05215786313993,37.63067504012782]]]]},"properties":{"bld_nm":"","dong_nm":"","usability":"","grnd_flr":"0","ugrnd_flr":"0","archarea":"0","height":"0","vl_rat":"0","bc_rat":"0","totalarea":"0","platarea":"0","useapr_day":"","strct_cd":"","school_name":"월계중학교,신계초등학교"},"id":"LT_C_BLDGINFO.7052888"},{"type":"Feature","geometry":{"type":"MultiPolygon","coordinates":[[[[127.05654906492762,37.63137444075205],[127.05635271248238,37.63103161974326],[127.05619200107596,37.63108998762321],[127.05638733096522,37.63142956584922],[127.05654906492762,37.63137444075205]]]]},"properties":{"bld_nm":"","dong_nm":"제3실습장","usability":"10000","grnd_flr":"2","ugrnd_flr":"0","archarea":"607.5","height":"9.7","vl_rat":"0","bc_rat":"0","totalarea":"1215","platarea":"0","useapr_day":"20020403","strct_cd":"21","school_name":"고등학교"},"id":"LT_C_BLDGINFO.7052895"},{"type":"Feature","geometry":{"type":"MultiPolygon","coordinates":[[[[127.05439613886827,37.63060699855206],[127.0542269079783,37.63031281464779],[127.05402168574219,37.63038633589289],[127.0541918344368,37.630681690950475],[127.0542131276945,37.63067519439818],[127.0542342078005,37.63070374600393],[127.05439006177771,37.63064799580074],[127.05437190364822,37.63061836173956],[127.05439613886827,37.63060699855206]]]]},"properties":{"bld_nm":"인덕대학","dong_nm":"강당","usability":"10000","grnd_flr":"2","ugrnd_flr":"1","archarea":"690.58","height":"11.05","vl_rat":"0","bc_rat":"0","totalarea":"982.52","platarea":"0","useapr_day":"19760529","strct_cd":"21","school_name":"인덕대학"},"id":"LT_C_BLDGINFO.7052945"},{"type":"Feature","geometry":{"type":"MultiPolygon","coordinates":[[[[127.05356348158573,37.63013148082443],[127.05352133447033,37.630124471771865],[127.05351116293535,37.630159163932404],[127.0535519495746,37.63016464192475],[127.05356348158573,37.63013148082443]]]]},"properties":{"bld_nm":"","dong_nm":"","usability":"","grnd_flr":"0","ugrnd_flr":"0","archarea":"0","height":"0","vl_rat":"0","bc_rat":"0","totalarea":"0","platarea":"0","useapr_day":"","strct_cd":"","school_name":"월계중학교,신계초등학교"},"id":"LT_C_BLDGINFO.7052947"},{"type":"Feature","geometry":{"type":"MultiPolygon","coordinates":[[[[127.06248402634556,37.63165380929686],[127.06252619283721,37.63168243861722],[127.06261368640766,37.63158715993345],[127.06248651413625,37.63150956136822],[127.06223882358455,37.63173431200725],[127.06194378383547,37.63154769063332],[127.06208822330407,37.63140517189308],[127.06238881512468,37.631593231612065],[127.06247824450864,37.631510016129766],[127.0618779581605,37.63113462570325],[127.06178864503693,37.63122179597213],[127.06199164033113,37.63134260342673],[127.06176118323822,37.63157147972789],[127.06236780945177,37.63195192193896],[127.06252118788969,37.631796234774704],[127.0624077351779,37.63173331498184],[127.06248402634556,37.63165380929686]]]]},"properties":{"bld_nm":"녹천중학교","dong_nm":"","usability":"10000","grnd_flr":"4","ugrnd_flr":"0","archarea":"2098.81","height":"15.4","vl_rat":"60.8","bc_rat":"16.11","totalarea":"7922.01","platarea":"13030.4","useapr_day":"19941019","strct_cd":"21","school_name":"녹천중학교"},"id":"LT_C_BLDGINFO.7052957"},{"type":"Feature","geometry":{"type":"MultiPolygon","coordinates":[[[[127.056235788317,37.632977706204976],[127.056044866422,37.632644162336554],[127.05585968348186,37.63270624407481],[127.05605095063514,37.6330480770795],[127.056235788317,37.632977706204976]]]]},"properties":{"bld_nm":"","dong_nm":"제2실습장","usability":"10000","grnd_flr":"2","ugrnd_flr":"1","archarea":"704.7","height":"8.9","vl_rat":"0","bc_rat":"0","totalarea":"1395.9","platarea":"0","useapr_day":"19760519","strct_cd":"21","school_name":"고등학교"},"id":"LT_C_BLDGINFO.7052964"},{"type":"Feature","geometry":{"type":"MultiPolygon","coordinates":[[[[127.06255396591739,37.63062331504804],[127.06253781172244,37.63067927417049],[127.06266767201603,37.63070704718581],[127.06268224321227,37.630654872976315],[127.06255396591739,37.63062331504804]]]]},"properties":{"bld_nm":"","dong_nm":"","usability":"","grnd_flr":"0","ugrnd_flr":"0","archarea":"0","height":"0","vl_rat":"0","bc_rat":"0","totalarea":"0","platarea":"0","useapr_day":"","strct_cd":"","school_name":"녹천중학교"},"id":"LT_C_BLDGINFO.7053001"},{"type":"Feature","geometry":{"type":"MultiPolygon","coordinates":[[[[127.06162804380345,37.63127152180325],[127.06154779331435,37.63121795443602],[127.06152889218463,37.63124013712974],[127.06160902793877,37.631291893601365],[127.06162804380345,37.63127152180325]]]]},"properties":{"bld_nm":"","dong_nm":"","usability":"","grnd_flr":"0","ugrnd_flr":"0","archarea":"0","height":"0","vl_rat":"0","bc_rat":"0","totalarea":"0","platarea":"0","useapr_day":"","strct_cd":"","school_name":"녹천중학교"},"id":"LT_C_BLDGINFO.7053003"},{"type":"Feature","geometry":{"type":"MultiPolygon","coordinates":[[[[127.05210644365546,37.630693541253024],[127.05224506369697,37.63063094482215],[127.05221875759185,37.63059608825572],[127.05228296962832,37.6305647966924],[127.0524707583682,37.630821764947875],[127.05221050430235,37.63093747258258],[127.05228182662879,37.631032945647696],[127.05240889374733,37.630973065942555],[127.05243656129915,37.631010534714605],[127.052541434455,37.630965890978345],[127.05251432006393,37.63092562895809],[127.0525794384916,37.630894246745555],[127.05257593522093,37.630890283955736],[127.05265576551417,37.630853038973925],[127.05238974042014,37.63047951813589],[127.05237513013955,37.6304848402072],[127.05233045034547,37.630418637525835],[127.0517501520723,37.63068495396303],[127.05181807655137,37.630782771303416],[127.05207866504755,37.63065894657076],[127.05210644365546,37.630693541253024]]]]},"properties":{"bld_nm":"월계중학교","dong_nm":"","usability":"10000","grnd_flr":"5","ugrnd_flr":"0","archarea":"1826.84","height":"16.95","vl_rat":"0","bc_rat":"0","totalarea":"7377.49","platarea":"0","useapr_day":"19970203","strct_cd":"21","school_name":"월계중학교,신계초등학교"},"id":"LT_C_BLDGINFO.7053010"},{"type":"Feature","geometry":{"type":"MultiPolygon","coordinates":[[[[127.05535829302471,37.63243203591919],[127.05552934855749,37.632730001365246],[127.05545595762409,37.63275860495472],[127.05562985696044,37.633055307568675],[127.05572488269924,37.63302146826244],[127.0557423466279,37.63304524606357],[127.0558557223874,37.63300744292396],[127.05583803040912,37.63298168309236],[127.05585082842441,37.63297654162456],[127.05567703089564,37.632664973144315],[127.0557347946028,37.63264584587957],[127.05571323907401,37.63260378009584],[127.0557034975692,37.63260567662378],[127.05557166627669,37.63236022049925],[127.05555694243611,37.63236536281925],[127.05554174891964,37.63233203357827],[127.055457244147,37.63235982236764],[127.05546608810644,37.63237008947756],[127.05543335307273,37.63237767265643],[127.05544469661402,37.6323979394851],[127.05535829302471,37.63243203591919]]]]},"properties":{"bld_nm":"인덕대학","dong_nm":"제2공학관","usability":"10000","grnd_flr":"5","ugrnd_flr":"1","archarea":"1533.85","height":"25.7","vl_rat":"0","bc_rat":"0","totalarea":"7584.95","platarea":"0","useapr_day":"19990907","strct_cd":"21","school_name":"인덕대학"},"id":"LT_C_BLDGINFO.7053129"},{"type":"Feature","geometry":{"type":"MultiPolygon","coordinates":[[[[127.07199180588337,37.631310160683185],[127.07184202333244,37.631412700295186],[127.07188386029014,37.631448624392824],[127.07203455111203,37.631348156435934],[127.07199180588337,37.631310160683185]]]]},"properties":{"bld_nm":"","dong_nm":"","usability":"","grnd_flr":"0","ugrnd_flr":"0","archarea":"0","height":"0","vl_rat":"0","bc_rat":"0","totalarea":"0","platarea":"0","useapr_day":"","strct_cd":"","school_name":"한천중학교"},"id":"LT_C_BLDGINFO.7053138"},{"type":"Feature","geometry":{"type":"MultiPolygon","coordinates":[[[[127.07195076896639,37.631233638057886],[127.07210701408187,37.63112515699135],[127.07207881630819,37.631100532095395],[127.07192401813386,37.6312056786416],[127.07195076896639,37.631233638057886]]]]},"properties":{"bld_nm":"","dong_nm":"","usability":"","grnd_flr":"0","ugrnd_flr":"0","archarea":"0","height":"0","vl_rat":"0","bc_rat":"0","totalarea":"0","platarea":"0","useapr_day":"","strct_cd":"","school_name":"한천중학교"},"id":"LT_C_BLDGINFO.7053141"},{"type":"Feature","geometry":{"type":"MultiPolygon","coordinates":[[[[127.06647246446546,37.63241170154987],[127.06637797196541,37.63238778750345],[127.06636495980757,37.63241932889413],[127.0664587971486,37.63244540565924],[127.06647246446546,37.63241170154987]]]]},"properties":{"bld_nm":"","dong_nm":"","usability":"","grnd_flr":"0","ugrnd_flr":"0","archarea":"0","height":"0","vl_rat":"0","bc_rat":"0","totalarea":"0","platarea":"0","useapr_day":"19900307","strct_cd":"","school_name":"초등학교(국민학교)"},"id":"LT_C_BLDGINFO.7053150"},{"type":"Feature","geometry":{"type":"MultiPolygon","coordinates":[[[[127.05567988473354,37.631180420743405],[127.05564755203424,37.63111718688821],[127.05563792420475,37.631119353652544],[127.05559084944926,37.63103567432891],[127.05527418355518,37.63115285611679],[127.05535393140632,37.631301210918856],[127.055390297491,37.63128668856885],[127.05539561593262,37.63129398406642],[127.0556212386065,37.63121531551396],[127.05561464911197,37.631204957282286],[127.05567988473354,37.631180420743405]]]]},"properties":{"bld_nm":"인덕대학","dong_nm":"창업선도관","usability":"10000","grnd_flr":"3","ugrnd_flr":"1","archarea":"546.4","height":"12.75","vl_rat":"0","bc_rat":"0","totalarea":"2169.4","platarea":"0","useapr_day":"19890929","strct_cd":"21","school_name":"인덕대학"},"id":"LT_C_BLDGINFO.7053154"},{"type":"Feature","geometry":{"type":"MultiPolygon","coordinates":[[[[127.0518937327969,37.630754358205536],[127.05195587028953,37.630837942474386],[127.05206651786469,37.63078851249449],[127.05203998576319,37.63075446686664],[127.05208664563303,37.63073354417788],[127.05206963783726,37.63071165768545],[127.0520970451526,37.63069984312204],[127.05207651907614,37.63066849786325],[127.0518937327969,37.630754358205536]]]]},"properties":{"bld_nm":"","dong_nm":"","usability":"","grnd_flr":"0","ugrnd_flr":"0","archarea":"0","height":"0","vl_rat":"0","bc_rat":"0","totalarea":"0","platarea":"0","useapr_day":"","strct_cd":"","school_name":"월계중학교,신계초등학교"},"id":"LT_C_BLDGINFO.7053156"},{"type":"Feature","geometry":{"type":"MultiPolygon","coordinates":[[[[127.05627401374609,37.63094127913104],[127.0561139642084,37.6306653024687],[127.05573387517815,37.63080305713413],[127.05589766254313,37.631079672278155],[127.05627401374609,37.63094127913104]]]]},"properties":{"bld_nm":"인덕대학","dong_nm":"조형관","usability":"10000","grnd_flr":"6","ugrnd_flr":"1","archarea":"1208","height":"20.05","vl_rat":"0","bc_rat":"0","totalarea":"5398","platarea":"0","useapr_day":"19980915","strct_cd":"21","school_name":"인덕대학"},"id":"LT_C_BLDGINFO.7053157"},{"type":"Feature","geometry":{"type":"MultiPolygon","coordinates":[[[[127.07299719853924,37.63045991524394],[127.07304180188055,37.63042718269681],[127.07302580359591,37.63041295693155],[127.07298132581954,37.63044668047306],[127.07299719853924,37.63045991524394]]]]},"properties":{"bld_nm":"","dong_nm":"","usability":"","grnd_flr":"0","ugrnd_flr":"0","archarea":"0","height":"0","vl_rat":"0","bc_rat":"0","totalarea":"0","platarea":"0","useapr_day":"","strct_cd":"","school_name":"한천중학교"},"id":"LT_C_BLDGINFO.7053171"},{"type":"Feature","geometry":{"type":"MultiPolygon","coordinates":[[[[127.0724419584632,37.63452262593798],[127.0724489304269,37.63446775219213],[127.07228623360415,37.6344579391213],[127.07228412406154,37.63451524258212],[127.0724419584632,37.63452262593798]]]]},"properties":{"bld_nm":"","dong_nm":"","usability":"","grnd_flr":"0","ugrnd_flr":"0","archarea":"0","height":"0","vl_rat":"0","bc_rat":"0","totalarea":"0","platarea":"0","useapr_day":"19980625","strct_cd":"","school_name":"경기기계공"},"id":"LT_C_BLDGINFO.7053173"},{"type":"Feature","geometry":{"type":"MultiPolygon","coordinates":[[[[127.07155540880838,37.63142782699629],[127.07158629052766,37.63137906573203],[127.07156940563264,37.631373669886365],[127.07155539105375,37.63139683335],[127.07154665388867,37.63139395540449],[127.07153071493356,37.63141874176824],[127.07155540880838,37.63142782699629]]]]},"properties":{"bld_nm":"","dong_nm":"","usability":"","grnd_flr":"0","ugrnd_flr":"0","archarea":"0","height":"0","vl_rat":"0","bc_rat":"0","totalarea":"0","platarea":"0","useapr_day":"","strct_cd":"","school_name":"한천중학교"},"id":"LT_C_BLDGINFO.7053211"},{"type":"Feature","geometry":{"type":"MultiPolygon","coordinates":[[[[127.0730418641289,37.63049214321147],[127.07307050450939,37.63047023207036],[127.07305157210297,37.63045600808777],[127.07302259100119,37.63047701845228],[127.0730418641289,37.63049214321147]]]]},"properties":{"bld_nm":"","dong_nm":"","usability":"","grnd_flr":"0","ugrnd_flr":"0","archarea":"0","height":"0","vl_rat":"0","bc_rat":"0","totalarea":"0","platarea":"0","useapr_day":"","strct_cd":"","school_name":"한천중학교"},"id":"LT_C_BLDGINFO.7053237"},{"type":"Feature","geometry":{"type":"MultiPolygon","coordinates":[[[[127.0530189735745,37.63037643452874],[127.0528961800221,37.63038865126672],[127.05290458470424,37.630419911565475],[127.0530247681911,37.630401118814085],[127.0530189735745,37.63037643452874]]]]},"properties":{"bld_nm":"","dong_nm":"","usability":"","grnd_flr":"0","ugrnd_flr":"0","archarea":"0","height":"0","vl_rat":"0","bc_rat":"0","totalarea":"0","platarea":"0","useapr_day":"19970203","strct_cd":"","school_name":"월계중학교,신계초등학교"},"id":"LT_C_BLDGINFO.7053301"},{"type":"Feature","geometry":{"type":"MultiPolygon","coordinates":[[[[127.07354618853816,37.631264155199275],[127.07346734824324,37.63128384462565],[127.07348961196823,37.63134545797152],[127.0735241683723,37.63133759837801],[127.07352302958851,37.63133147241982],[127.07356901484494,37.63132171378414],[127.07354618853816,37.631264155199275]]]]},"properties":{"bld_nm":"","dong_nm":"","usability":"","grnd_flr":"0","ugrnd_flr":"0","archarea":"0","height":"0","vl_rat":"0","bc_rat":"0","totalarea":"0","platarea":"0","useapr_day":"19961001","strct_cd":"","school_name":"경기기계공"},"id":"LT_C_BLDGINFO.7053309"},{"type":"Feature","geometry":{"type":"MultiPolygon","coordinates":[[[[127.07308116156193,37.63346801467592],[127.07276855844013,37.633455833414715],[127.07276596014255,37.633582242206224],[127.07307411689595,37.633588272490115],[127.07308116156193,37.63346801467592]]]]},"properties":{"bld_nm":"서울정민학교수치료실","dong_nm":"","usability":"10000","grnd_flr":"1","ugrnd_flr":"1","archarea":"353.26","height":"5.7","vl_rat":"0","bc_rat":"0","totalarea":"451.12","platarea":"0","useapr_day":"20021205","strct_cd":"21","school_name":"경기기계공"},"id":"LT_C_BLDGINFO.7053316"},{"type":"Feature","geometry":{"type":"MultiPolygon","coordinates":[[[[127.0721813248753,37.63119111819558],[127.07219935330941,37.63120777549924],[127.07238605475118,37.63108089585613],[127.0727306418418,37.631403599072705],[127.07254191053144,37.631528588421304],[127.07211147883405,37.63112646974896],[127.07195116782657,37.63123613353004],[127.07208565724835,37.631362451441404],[127.07215087001487,37.63131934565754],[127.07246812854137,37.63161440594677],[127.0725165851858,37.63158230197225],[127.07257147630717,37.63163326430853],[127.07290171067172,37.63140853218121],[127.07239145383365,37.63093277175567],[127.07214148377841,37.631109423302775],[127.07221143987395,37.63117064794785],[127.0721813248753,37.63119111819558]]]]},"properties":{"bld_nm":"한천중학교","dong_nm":"교사동","usability":"10000","grnd_flr":"5","ugrnd_flr":"1","archarea":"2339.35","height":"19.15","vl_rat":"69.038963","bc_rat":"18.898798","totalarea":"8634.65","platarea":"12378.3","useapr_day":"19931123","strct_cd":"21","school_name":"한천중학교"},"id":"LT_C_BLDGINFO.7053336"},{"type":"Feature","geometry":{"type":"MultiPolygon","coordinates":[[[[127.07192845893923,37.63131370330417],[127.07199129672908,37.63127484263352],[127.07192036254595,37.63120948295156],[127.0718625319915,37.63124825951199],[127.07192845893923,37.63131370330417]]]]},"properties":{"bld_nm":"","dong_nm":"","usability":"","grnd_flr":"0","ugrnd_flr":"0","archarea":"0","height":"0","vl_rat":"0","bc_rat":"0","totalarea":"0","platarea":"0","useapr_day":"","strct_cd":"","school_name":"한천중학교"},"id":"LT_C_BLDGINFO.7053350"},{"type":"Feature","geometry":{"type":"MultiPolygon","coordinates":[[[[127.05093992509434,37.63086928490942],[127.05099396772832,37.630876650287696],[127.05100830292328,37.630797898749904],[127.05095845409538,37.63079377514399],[127.05093992509434,37.63086928490942]]]]},"properties":{"bld_nm":"","dong_nm":"","usability":"","grnd_flr":"0","ugrnd_flr":"0","archarea":"0","height":"0","vl_rat":"0","bc_rat":"0","totalarea":"0","platarea":"0","useapr_day":"","strct_cd":"","school_name":"염광여중,고, 염광여상"},"id":"LT_C_BLDGINFO.7053375"},{"type":"Feature","geometry":{"type":"MultiPolygon","coordinates":[[[[127.073523509497,37.630208393435325],[127.0734572791942,37.63014599601466],[127.07333173915002,37.630231575347906],[127.07350295010302,37.63038661953749],[127.07356918198798,37.63034477371154],[127.07346135399426,37.63024816450071],[127.073523509497,37.630208393435325]]]]},"properties":{"bld_nm":"서울동산고등학교","dong_nm":"기숙사동","usability":"10000","grnd_flr":"3","ugrnd_flr":"0","archarea":"220.26","height":"11.68","vl_rat":"0","bc_rat":"0","totalarea":"631.67","platarea":"0","useapr_day":"20041201","strct_cd":"21","school_name":"위례정보고등학교"},"id":"LT_C_BLDGINFO.7053380"},{"type":"Feature","geometry":{"type":"MultiPolygon","coordinates":[[[[127.07246180046839,37.63115454136843],[127.07241968499712,37.63118331690245],[127.07248805784523,37.63124714616151],[127.07253051491053,37.63122018136448],[127.07246180046839,37.63115454136843]]]]},"properties":{"bld_nm":"","dong_nm":"","usability":"","grnd_flr":"0","ugrnd_flr":"0","archarea":"0","height":"0","vl_rat":"0","bc_rat":"0","totalarea":"0","platarea":"0","useapr_day":"19931123","strct_cd":"","school_name":"한천중학교"},"id":"LT_C_BLDGINFO.7053383"},{"type":"Feature","geometry":{"type":"MultiPolygon","coordinates":[[[[127.07173978004033,37.63147150497379],[127.071825827981,37.63141775542468],[127.07193665247135,37.63134074578672],[127.07188050107843,37.63128614395104],[127.07185743843316,37.631300978795366],[127.0718391690851,37.63128106905122],[127.07163696655753,37.63141795789738],[127.07167518988689,37.631454244607625],[127.07173978004033,37.63147150497379]]]]},"properties":{"bld_nm":"","dong_nm":"","usability":"","grnd_flr":"0","ugrnd_flr":"0","archarea":"0","height":"0","vl_rat":"0","bc_rat":"0","totalarea":"0","platarea":"0","useapr_day":"19931123","strct_cd":"","school_name":"한천중학교"},"id":"LT_C_BLDGINFO.7053414"},{"type":"Feature","geometry":{"type":"MultiPolygon","coordinates":[[[[127.0721774692149,37.63153403288362],[127.07194800668876,37.63147579567189],[127.07192811890903,37.631529686047315],[127.07215678567233,37.63158486044706],[127.0721774692149,37.63153403288362]]]]},"properties":{"bld_nm":"","dong_nm":"","usability":"","grnd_flr":"0","ugrnd_flr":"0","archarea":"0","height":"0","vl_rat":"0","bc_rat":"0","totalarea":"0","platarea":"0","useapr_day":"19931123","strct_cd":"","school_name":"한천중학교"},"id":"LT_C_BLDGINFO.7053416"},{"type":"Feature","geometry":{"type":"MultiPolygon","coordinates":[[[[127.07153158252127,37.63138954955342],[127.07155004447998,37.631385394097514],[127.07156474444604,37.631356193672325],[127.0715821868085,37.631352038816566],[127.07157775870695,37.631341499998314],[127.0716382378919,37.63132416529033],[127.07159261011293,37.631232292596096],[127.0715308886358,37.631253682420905],[127.07153611260973,37.63126728409549],[127.07150904456758,37.631275408959134],[127.07151369694866,37.631283515005336],[127.07148255292162,37.631294165020115],[127.07153158252127,37.63138954955342]]]]},"properties":{"bld_nm":"","dong_nm":"","usability":"","grnd_flr":"0","ugrnd_flr":"0","archarea":"0","height":"0","vl_rat":"0","bc_rat":"0","totalarea":"0","platarea":"0","useapr_day":"","strct_cd":"","school_name":"한천중학교"},"id":"LT_C_BLDGINFO.7053417"},{"type":"Feature","geometry":{"type":"MultiPolygon","coordinates":[[[[127.05258425589209,37.6311300307432],[127.05260161027003,37.63116137728415],[127.05263943902861,37.631148026420355],[127.05262129020988,37.63111460797832],[127.05258425589209,37.6311300307432]]]]},"properties":{"bld_nm":"","dong_nm":"","usability":"","grnd_flr":"0","ugrnd_flr":"0","archarea":"0","height":"0","vl_rat":"0","bc_rat":"0","totalarea":"0","platarea":"0","useapr_day":"","strct_cd":"","school_name":"월계중학교,신계초등학교"},"id":"LT_C_BLDGINFO.7053431"},{"type":"Feature","geometry":{"type":"MultiPolygon","coordinates":[[[[127.0527587213276,37.630969851230866],[127.05278321361796,37.6310023659184],[127.05281798208831,37.630986935066],[127.0527956413765,37.63095316709053],[127.0527587213276,37.630969851230866]]]]},"properties":{"bld_nm":"","dong_nm":"","usability":"","grnd_flr":"0","ugrnd_flr":"0","archarea":"0","height":"0","vl_rat":"0","bc_rat":"0","totalarea":"0","platarea":"0","useapr_day":"","strct_cd":"","school_name":"월계중학교,신계초등학교"},"id":"LT_C_BLDGINFO.7053432"},{"type":"Feature","geometry":{"type":"MultiPolygon","coordinates":[[[[127.0724838689679,37.634395472755344],[127.07250057130483,37.63444636796226],[127.07255912123387,37.6344350614934],[127.07254309801108,37.63438353520136],[127.0724838689679,37.634395472755344]]]]},"properties":{"bld_nm":"","dong_nm":"","usability":"","grnd_flr":"0","ugrnd_flr":"0","archarea":"0","height":"0","vl_rat":"0","bc_rat":"0","totalarea":"0","platarea":"0","useapr_day":"","strct_cd":"","school_name":"경기기계공"},"id":"LT_C_BLDGINFO.7053456"},{"type":"Feature","geometry":{"type":"MultiPolygon","coordinates":[[[[127.06593544496393,37.6323774974718],[127.06594753918952,37.632345416042355],[127.06590572440325,37.63233246477862],[127.06589215872711,37.632366078669634],[127.06593544496393,37.6323774974718]]]]},"properties":{"bld_nm":"","dong_nm":"","usability":"","grnd_flr":"0","ugrnd_flr":"0","archarea":"0","height":"0","vl_rat":"0","bc_rat":"0","totalarea":"0","platarea":"0","useapr_day":"","strct_cd":"","school_name":"초등학교(국민학교)"},"id":"LT_C_BLDGINFO.7053482"},{"type":"Feature","geometry":{"type":"MultiPolygon","coordinates":[[[[127.05522419934255,37.629717412720055],[127.05526124296605,37.62977958140638],[127.05519228034849,37.62980272289761],[127.0555031928578,37.6303531961648],[127.05554944939522,37.63034017387278],[127.05574925838958,37.63013107319145],[127.05546421423024,37.62963638634253],[127.05522419934255,37.629717412720055]]]]},"properties":{"bld_nm":"인덕대학","dong_nm":"연지스퀘어","usability":"10000","grnd_flr":"1","ugrnd_flr":"2","archarea":"625.9","height":"4.55","vl_rat":"0","bc_rat":"0","totalarea":"18352.83","platarea":"0","useapr_day":"20111208","strct_cd":"21","school_name":"인덕대학"},"id":"LT_C_BLDGINFO.7053492"},{"type":"Feature","geometry":{"type":"MultiPolygon","coordinates":[[[[127.05398275390795,37.631698277047086],[127.05391163763684,37.63157757753386],[127.05380279710415,37.63161898972858],[127.05387515965941,37.63174004914495],[127.05398275390795,37.631698277047086]]]]},"properties":{"bld_nm":"","dong_nm":"","usability":"","grnd_flr":"0","ugrnd_flr":"0","archarea":"0","height":"0","vl_rat":"0","bc_rat":"0","totalarea":"0","platarea":"0","useapr_day":"","strct_cd":"","school_name":"인덕대학"},"id":"LT_C_BLDGINFO.7053502"},{"type":"Feature","geometry":{"type":"MultiPolygon","coordinates":[[[[127.05248981806528,37.63102799070617],[127.05231233220536,37.63107907163121],[127.05223940822081,37.63097737351207],[127.05220963355957,37.63098981980993],[127.05229649641798,37.63111492838189],[127.05249436997042,37.631057901227095],[127.05257711770265,37.63096281221712],[127.05256328291102,37.630942636283045],[127.05248981806528,37.63102799070617]]]]},"properties":{"bld_nm":"","dong_nm":"","usability":"","grnd_flr":"0","ugrnd_flr":"0","archarea":"0","height":"0","vl_rat":"0","bc_rat":"0","totalarea":"0","platarea":"0","useapr_day":"","strct_cd":"","school_name":"월계중학교,신계초등학교"},"id":"LT_C_BLDGINFO.7053514"},{"type":"Feature","geometry":{"type":"MultiPolygon","coordinates":[[[[127.06350303559633,37.62896174901653],[127.06333352261231,37.62891292379484],[127.06331520616334,37.62895581997968],[127.06347700965956,37.62899709006325],[127.06348279310906,37.62900428584714],[127.06350303559633,37.62896174901653]]]]},"properties":{"bld_nm":"","dong_nm":"","usability":"","grnd_flr":"0","ugrnd_flr":"0","archarea":"0","height":"0","vl_rat":"0","bc_rat":"0","totalarea":"0","platarea":"0","useapr_day":"","strct_cd":"","school_name":"녹천초등학교"},"id":"LT_C_BLDGINFO.7053516"},{"type":"Feature","geometry":{"type":"MultiPolygon","coordinates":[[[[127.07147304118264,37.63129885574703],[127.07141693811141,37.6313922303558],[127.0715207387032,37.63142343277449],[127.07153724689165,37.63138954619252],[127.07153090431808,37.63139117171692],[127.0714839183653,37.63130056115726],[127.07147304118264,37.63129885574703]]]]},"properties":{"bld_nm":"","dong_nm":"","usability":"","grnd_flr":"0","ugrnd_flr":"0","archarea":"0","height":"0","vl_rat":"0","bc_rat":"0","totalarea":"0","platarea":"0","useapr_day":"","strct_cd":"","school_name":"한천중학교"},"id":"LT_C_BLDGINFO.7053536"},{"type":"Feature","geometry":{"type":"MultiPolygon","coordinates":[[[[127.04963124371332,37.6310550849497],[127.04964695080251,37.63099336151451],[127.04956073028852,37.63097907108932],[127.04955318396422,37.63104727823708],[127.04963124371332,37.6310550849497]]]]},"properties":{"bld_nm":"","dong_nm":"","usability":"","grnd_flr":"0","ugrnd_flr":"0","archarea":"0","height":"0","vl_rat":"0","bc_rat":"0","totalarea":"0","platarea":"0","useapr_day":"19780515","strct_cd":"","school_name":"염광여중,고, 염광여상"},"id":"LT_C_BLDGINFO.7053555"},{"type":"Feature","geometry":{"type":"MultiPolygon","coordinates":[[[[127.07374889832055,37.634172226696045],[127.07375958515836,37.63398851074484],[127.07337506236004,37.63397632104206],[127.0733852377876,37.63360177828176],[127.07293556585361,37.63359205043653],[127.07293122829537,37.63367647470467],[127.07290811600868,37.63367549761396],[127.0729071631359,37.63373343107817],[127.07293027526806,37.633734227973555],[127.07292426720801,37.63384883601396],[127.07287045107503,37.63384589534024],[127.07287044574299,37.63384031828952],[127.07276100324805,37.63383696069978],[127.07275099757891,37.63415528226505],[127.07301701213166,37.63416124803109],[127.07301779818114,37.634153949633244],[127.07374889832055,37.634172226696045]],[[127.07305448628348,37.633957469148214],[127.07306381353544,37.63379553972546],[127.07306779166223,37.63372631517155],[127.07306939659387,37.633698717241174],[127.07319554802868,37.633700730949215],[127.07319478273402,37.63372961676981],[127.07319302311842,37.633796641594046],[127.07318978819058,37.63392002348783],[127.07312984550755,37.63391976255815],[127.07312807128372,37.63395982111668],[127.07305448628348,37.633957469148214]]]]},"properties":{"bld_nm":"서울정민학교","dong_nm":"","usability":"10000","grnd_flr":"4","ugrnd_flr":"1","archarea":"3079.16","height":"23.25","vl_rat":"0","bc_rat":"0","totalarea":"10259.95","platarea":"0","useapr_day":"20010115","strct_cd":"21","school_name":"경기기계공"},"id":"LT_C_BLDGINFO.7053567"},{"type":"Feature","geometry":{"type":"MultiPolygon","coordinates":[[[[127.04935395004348,37.62836638879566],[127.04939561167065,37.628325107064256],[127.04937147498319,37.62831349422581],[127.04933309780144,37.62835360334539],[127.04935395004348,37.62836638879566]]]]},"properties":{"bld_nm":"","dong_nm":"","usability":"","grnd_flr":"0","ugrnd_flr":"0","archarea":"0","height":"0","vl_rat":"0","bc_rat":"0","totalarea":"0","platarea":"0","useapr_day":"","strct_cd":"","school_name":"염광여중,고, 염광여상"},"id":"LT_C_BLDGINFO.7053628"},{"type":"Feature","geometry":{"type":"MultiPolygon","coordinates":[[[[127.04914725889581,37.62982977015134],[127.04919927217416,37.62985389537642],[127.04928790447639,37.62974456180103],[127.04923215411034,37.62972242027885],[127.04914725889581,37.62982977015134]]]]},"properties":{"bld_nm":"","dong_nm":"","usability":"","grnd_flr":"0","ugrnd_flr":"0","archarea":"0","height":"0","vl_rat":"0","bc_rat":"0","totalarea":"0","platarea":"0","useapr_day":"","strct_cd":"","school_name":"염광여중,고, 염광여상"},"id":"LT_C_BLDGINFO.7053630"},{"type":"Feature","geometry":{"type":"MultiPolygon","coordinates":[[[[127.04991443552369,37.629827466851665],[127.04995310888219,37.629893943214306],[127.04999093764883,37.629880863490335],[127.04995192242056,37.62981132395259],[127.04991443552369,37.629827466851665]]]]},"properties":{"bld_nm":"","dong_nm":"","usability":"","grnd_flr":"0","ugrnd_flr":"0","archarea":"0","height":"0","vl_rat":"0","bc_rat":"0","totalarea":"0","platarea":"0","useapr_day":"","strct_cd":"","school_name":"염광여중,고, 염광여상"},"id":"LT_C_BLDGINFO.7053631"},{"type":"Feature","geometry":{"type":"MultiPolygon","coordinates":[[[[127.04895424885433,37.63163823805817],[127.04905452182373,37.6316411979657],[127.04905786192822,37.63160266177177],[127.04895611361815,37.63159553092993],[127.04895424885433,37.63163823805817]]]]},"properties":{"bld_nm":"","dong_nm":"","usability":"","grnd_flr":"0","ugrnd_flr":"0","archarea":"0","height":"0","vl_rat":"0","bc_rat":"0","totalarea":"0","platarea":"0","useapr_day":"","strct_cd":"","school_name":"고등학교"},"id":"LT_C_BLDGINFO.7053633"},{"type":"Feature","geometry":{"type":"MultiPolygon","coordinates":[[[[127.07249579117733,37.63136187210071],[127.0725010508139,37.63135321954436],[127.07250309358653,37.631333180555885],[127.07248839960741,37.63132062975519],[127.07248160028772,37.63131844446675],[127.07246367049687,37.63132223034736],[127.07245303087521,37.63133211146692],[127.07244931726805,37.631346367177514],[127.07245361126924,37.63135871701022],[127.07246484321072,37.63136414315756],[127.07247486987073,37.63136490296047],[127.07248574492691,37.63136433781404],[127.07249579117733,37.63136187210071]]]]},"properties":{"bld_nm":"","dong_nm":"","usability":"","grnd_flr":"0","ugrnd_flr":"0","archarea":"0","height":"0","vl_rat":"0","bc_rat":"0","totalarea":"0","platarea":"0","useapr_day":"","strct_cd":"","school_name":"한천중학교"},"id":"LT_C_BLDGINFO.7053731"},{"type":"Feature","geometry":{"type":"MultiPolygon","coordinates":[[[[127.07266122707091,37.63384818401514],[127.0726581906207,37.634121281285736],[127.07269367379251,37.63412153018171],[127.07269342305653,37.63414372142039],[127.07274659118463,37.63414409477858],[127.07275706112733,37.63384926142965],[127.07266122707091,37.63384818401514]]]]},"properties":{"bld_nm":"","dong_nm":"","usability":"","grnd_flr":"0","ugrnd_flr":"0","archarea":"0","height":"0","vl_rat":"0","bc_rat":"0","totalarea":"0","platarea":"0","useapr_day":"","strct_cd":"","school_name":"경기기계공"},"id":"LT_C_BLDGINFO.7053732"},{"type":"Feature","geometry":{"type":"MultiPolygon","coordinates":[[[[127.04952618994496,37.62826784185066],[127.04965910383994,37.62814372289898],[127.04959675827607,37.62809896065063],[127.04946113806487,37.62822489160025],[127.04952618994496,37.62826784185066]]]]},"properties":{"bld_nm":"","dong_nm":"","usability":"10000","grnd_flr":"4","ugrnd_flr":"0","archarea":"0","height":"0","vl_rat":"0","bc_rat":"0","totalarea":"10419.02","platarea":"0","useapr_day":"19831110","strct_cd":"21","school_name":"염광여중,고, 염광여상"},"id":"LT_C_BLDGINFO.7053764"},{"type":"Feature","geometry":{"type":"MultiPolygon","coordinates":[[[[127.04992039452361,37.63061392868351],[127.04996320568296,37.63059688262033],[127.04991649418413,37.63053896886295],[127.04987493147762,37.630559537224094],[127.04971846579234,37.630532571878824],[127.0496867234593,37.63049816745665],[127.0496060886587,37.63053685232601],[127.0496372671538,37.63057531140332],[127.04952311129641,37.63096701328626],[127.04980545536819,37.63101843406299],[127.04992039452361,37.63061392868351]]]]},"properties":{"bld_nm":"","dong_nm":"","usability":"10000","grnd_flr":"5","ugrnd_flr":"1","archarea":"1370.29","height":"0","vl_rat":"0","bc_rat":"0","totalarea":"7181.95","platarea":"0","useapr_day":"19780515","strct_cd":"21","school_name":"염광여중,고, 염광여상"},"id":"LT_C_BLDGINFO.7053767"},{"type":"Feature","geometry":{"type":"MultiPolygon","coordinates":[[[[127.07174980508385,37.63126586870704],[127.07171375463129,37.631203046912624],[127.07163152133107,37.63124121619854],[127.07166793077185,37.631300334783006],[127.07174980508385,37.63126586870704]]]]},"properties":{"bld_nm":"","dong_nm":"","usability":"","grnd_flr":"0","ugrnd_flr":"0","archarea":"0","height":"0","vl_rat":"0","bc_rat":"0","totalarea":"0","platarea":"0","useapr_day":"","strct_cd":"","school_name":"한천중학교"},"id":"LT_C_BLDGINFO.7053813"},{"type":"Feature","geometry":{"type":"MultiPolygon","coordinates":[[[[127.04741666113844,37.62850701715433],[127.04730662728899,37.628448406170925],[127.0472773109644,37.628487520028386],[127.0473881355605,37.62854243671775],[127.04741666113844,37.62850701715433]]]]},"properties":{"bld_nm":"","dong_nm":"","usability":"","grnd_flr":"0","ugrnd_flr":"0","archarea":"0","height":"0","vl_rat":"0","bc_rat":"0","totalarea":"0","platarea":"0","useapr_day":"","strct_cd":"","school_name":"신창중학교"},"id":"LT_C_BLDGINFO.7053834"},{"type":"Feature","geometry":{"type":"MultiPolygon","coordinates":[[[[127.0469017353807,37.62825044631479],[127.046949464018,37.628310604335184],[127.0470760743581,37.6282453246469],[127.0470246093618,37.62818849273032],[127.0469017353807,37.62825044631479]]]]},"properties":{"bld_nm":"","dong_nm":"","usability":"","grnd_flr":"0","ugrnd_flr":"0","archarea":"0","height":"0","vl_rat":"0","bc_rat":"0","totalarea":"0","platarea":"0","useapr_day":"","strct_cd":"","school_name":"신창중학교"},"id":"LT_C_BLDGINFO.7053835"},{"type":"Feature","geometry":{"type":"MultiPolygon","coordinates":[[[[127.04833729604788,37.63005138366481],[127.04842105620945,37.629938277575945],[127.04833006086123,37.629894796435885],[127.04825423295475,37.63001168343028],[127.04833729604788,37.63005138366481]]]]},"properties":{"bld_nm":"","dong_nm":"","usability":"","grnd_flr":"0","ugrnd_flr":"0","archarea":"0","height":"0","vl_rat":"0","bc_rat":"0","totalarea":"0","platarea":"0","useapr_day":"","strct_cd":"","school_name":"염광여중,고, 염광여상"},"id":"LT_C_BLDGINFO.7053836"},{"type":"Feature","geometry":{"type":"MultiPolygon","coordinates":[[[[127.04817180000616,37.629548162488376],[127.04814166572402,37.62954727341923],[127.04783593811426,37.629938878087295],[127.04810303298865,37.63006941486195],[127.04839912740533,37.629672857955086],[127.04839481545181,37.629661507335726],[127.04837849632735,37.6296517832466],[127.0483641081944,37.6296502572953],[127.04834769379016,37.629651164789045],[127.04819152601533,37.62957130984257],[127.04818653343351,37.62955842782067],[127.04817180000616,37.629548162488376]]]]},"properties":{"bld_nm":"","dong_nm":"","usability":"","grnd_flr":"0","ugrnd_flr":"0","archarea":"0","height":"0","vl_rat":"0","bc_rat":"0","totalarea":"0","platarea":"0","useapr_day":"19790502","strct_cd":"","school_name":"염광여중,고, 염광여상"},"id":"LT_C_BLDGINFO.7053838"},{"type":"Feature","geometry":{"type":"MultiPolygon","coordinates":[[[[127.04747249798595,37.62850637374831],[127.04742678049922,37.628549025865645],[127.04754459824373,37.62860940862873],[127.04757327862332,37.62858627832001],[127.04747249798595,37.62850637374831]]]]},"properties":{"bld_nm":"","dong_nm":"","usability":"","grnd_flr":"0","ugrnd_flr":"0","archarea":"0","height":"0","vl_rat":"0","bc_rat":"0","totalarea":"0","platarea":"0","useapr_day":"","strct_cd":"","school_name":"신창중학교"},"id":"LT_C_BLDGINFO.7053839"},{"type":"Feature","geometry":{"type":"MultiPolygon","coordinates":[[[[127.04768604144661,37.62864235623492],[127.04767469044799,37.62866065955691],[127.0477096270168,37.628678944768644],[127.04772405939939,37.628660775383736],[127.04768604144661,37.62864235623492]]]]},"properties":{"bld_nm":"","dong_nm":"","usability":"","grnd_flr":"0","ugrnd_flr":"0","archarea":"0","height":"0","vl_rat":"0","bc_rat":"0","totalarea":"0","platarea":"0","useapr_day":"","strct_cd":"","school_name":"신창중학교"},"id":"LT_C_BLDGINFO.7053840"},{"type":"Feature","geometry":{"type":"MultiPolygon","coordinates":[[[[127.055714950088,37.62133876498753],[127.0561764941701,37.62146947352977],[127.05641223609003,37.621776724415625],[127.05656387666524,37.62170282748588],[127.05629499417323,37.62135375077483],[127.05577564597363,37.621204842457054],[127.055714950088,37.62133876498753]]]]},"properties":{"bld_nm":"광운대학교 공공기숙사","dong_nm":"기숙사A동","usability":"10000","grnd_flr":"7","ugrnd_flr":"3","archarea":"1687.42","height":"26","vl_rat":"12.9156","bc_rat":"2.555","totalarea":"13105.09","platarea":"66044","useapr_day":"20170804","strct_cd":"21","school_name":"학교"},"id":"LT_C_BLDGINFO.7053999"},{"type":"Feature","geometry":{"type":"MultiPolygon","coordinates":[[[[127.04761674598785,37.62855054654339],[127.04751066122535,37.6284666166998],[127.04747069095569,37.62849690516336],[127.0475759819002,37.62857948388388],[127.04761674598785,37.62855054654339]]]]},"properties":{"bld_nm":"","dong_nm":"","usability":"","grnd_flr":"0","ugrnd_flr":"0","archarea":"0","height":"0","vl_rat":"0","bc_rat":"0","totalarea":"0","platarea":"0","useapr_day":"","strct_cd":"","school_name":"신창중학교"},"id":"LT_C_BLDGINFO.7054021"},{"type":"Feature","geometry":{"type":"MultiPolygon","coordinates":[[[[127.04779389372851,37.628689498256485],[127.0478951203493,37.62861107335269],[127.04733124069047,37.62814819042601],[127.04737562547103,37.62811240432067],[127.04743581072397,37.62816481789504],[127.04787615940228,37.627831004193766],[127.04778468120927,37.627753195504695],[127.04705221029289,37.628308582581155],[127.04715319383071,37.6283880099174],[127.04729461389279,37.62827335062005],[127.04738835357325,37.628362601235835],[127.04735098997817,37.628394780701925],[127.04746966852403,37.628492220471],[127.04751190289743,37.62845940838433],[127.04779389372851,37.628689498256485]]]]},"properties":{"bld_nm":"신창중학교(교사1동)","dong_nm":"","usability":"10000","grnd_flr":"4","ugrnd_flr":"0","archarea":"1219.82","height":"16.65","vl_rat":"0","bc_rat":"10.466964","totalarea":"4445.94","platarea":"11654","useapr_day":"19970203","strct_cd":"21","school_name":"신창중학교"},"id":"LT_C_BLDGINFO.7054023"},{"type":"Feature","geometry":{"type":"MultiPolygon","coordinates":[[[[127.04881407953911,37.628422836498814],[127.04879991474735,37.6284337440202],[127.04881034146092,37.62844112786944],[127.04882495995541,37.62843112114386],[127.04881407953911,37.628422836498814]]]]},"properties":{"bld_nm":"","dong_nm":"","usability":"","grnd_flr":"0","ugrnd_flr":"0","archarea":"0","height":"0","vl_rat":"0","bc_rat":"0","totalarea":"0","platarea":"0","useapr_day":"","strct_cd":"","school_name":"신창중학교"},"id":"LT_C_BLDGINFO.7054108"},{"type":"Feature","geometry":{"type":"MultiPolygon","coordinates":[[[[127.04876186997475,37.62846268068125],[127.04873311955673,37.62848188303912],[127.04874320659232,37.62848953732381],[127.04877274959257,37.628469703960896],[127.04876186997475,37.62846268068125]]]]},"properties":{"bld_nm":"","dong_nm":"","usability":"","grnd_flr":"0","ugrnd_flr":"0","archarea":"0","height":"0","vl_rat":"0","bc_rat":"0","totalarea":"0","platarea":"0","useapr_day":"","strct_cd":"","school_name":"신창중학교"},"id":"LT_C_BLDGINFO.7054109"},{"type":"Feature","geometry":{"type":"MultiPolygon","coordinates":[[[[127.04731340254595,37.62806215385548],[127.04734377650061,37.628085387322734],[127.04770090303502,37.62781647704999],[127.0476679125989,37.62779378528434],[127.04735677382858,37.628036278919105],[127.04735178763428,37.62803339772295],[127.04731340254595,37.62806215385548]]]]},"properties":{"bld_nm":"","dong_nm":"","usability":"","grnd_flr":"0","ugrnd_flr":"0","archarea":"0","height":"0","vl_rat":"0","bc_rat":"0","totalarea":"0","platarea":"0","useapr_day":"","strct_cd":"","school_name":"신창중학교"},"id":"LT_C_BLDGINFO.7054110"},{"type":"Feature","geometry":{"type":"MultiPolygon","coordinates":[[[[127.0486323985304,37.6283007364278],[127.04859752414494,37.62832723912755],[127.0486334512859,37.62835335317871],[127.04866730578405,37.6283263102886],[127.0486323985304,37.6283007364278]]]]},"properties":{"bld_nm":"","dong_nm":"","usability":"","grnd_flr":"0","ugrnd_flr":"0","archarea":"0","height":"0","vl_rat":"0","bc_rat":"0","totalarea":"0","platarea":"0","useapr_day":"","strct_cd":"","school_name":"신창중학교"},"id":"LT_C_BLDGINFO.7054114"},{"type":"Feature","geometry":{"type":"MultiPolygon","coordinates":[[[[127.04819690960338,37.63001017445524],[127.04823282664498,37.63001907993157],[127.0482612204246,37.629953837829795],[127.04822586910447,37.62994376086577],[127.04819690960338,37.63001017445524]]]]},"properties":{"bld_nm":"","dong_nm":"","usability":"","grnd_flr":"0","ugrnd_flr":"0","archarea":"0","height":"0","vl_rat":"0","bc_rat":"0","totalarea":"0","platarea":"0","useapr_day":"","strct_cd":"","school_name":"염광여중,고, 염광여상"},"id":"LT_C_BLDGINFO.7054119"},{"type":"Feature","geometry":{"type":"MultiPolygon","coordinates":[[[[127.04830760527946,37.63021618444192],[127.04835475462028,37.63025202468875],[127.04837707164195,37.63023354576642],[127.04833240337075,37.63019788473983],[127.04830760527946,37.63021618444192]]]]},"properties":{"bld_nm":"","dong_nm":"","usability":"","grnd_flr":"0","ugrnd_flr":"0","archarea":"0","height":"0","vl_rat":"0","bc_rat":"0","totalarea":"0","platarea":"0","useapr_day":"","strct_cd":"","school_name":"염광여중,고, 염광여상"},"id":"LT_C_BLDGINFO.7054179"},{"type":"Feature","geometry":{"type":"MultiPolygon","coordinates":[[[[127.04835679438528,37.630253014955706],[127.04841074358026,37.63029308708047],[127.04843113400628,37.63027343764133],[127.0483784323713,37.63023561747701],[127.04835679438528,37.630253014955706]]]]},"properties":{"bld_nm":"","dong_nm":"","usability":"","grnd_flr":"0","ugrnd_flr":"0","archarea":"0","height":"0","vl_rat":"0","bc_rat":"0","totalarea":"0","platarea":"0","useapr_day":"","strct_cd":"","school_name":"염광여중,고, 염광여상"},"id":"LT_C_BLDGINFO.7054180"},{"type":"Feature","geometry":{"type":"MultiPolygon","coordinates":[[[[127.04827190223337,37.630187367275234],[127.04830465397863,37.630206815433894],[127.04838083877377,37.63011686753194],[127.04834763514971,37.63009940172657],[127.04827190223337,37.630187367275234]]]]},"properties":{"bld_nm":"","dong_nm":"","usability":"","grnd_flr":"0","ugrnd_flr":"0","archarea":"0","height":"0","vl_rat":"0","bc_rat":"0","totalarea":"0","platarea":"0","useapr_day":"","strct_cd":"","school_name":"염광여중,고, 염광여상"},"id":"LT_C_BLDGINFO.7054181"},{"type":"Feature","geometry":{"type":"MultiPolygon","coordinates":[[[[127.0474527467616,37.62851506687501],[127.04742782631736,37.628499642803504],[127.04740420298255,37.628530303294816],[127.04742470340611,37.62854250358624],[127.0474527467616,37.62851506687501]]]]},"properties":{"bld_nm":"","dong_nm":"","usability":"","grnd_flr":"0","ugrnd_flr":"0","archarea":"0","height":"0","vl_rat":"0","bc_rat":"0","totalarea":"0","platarea":"0","useapr_day":"","strct_cd":"","school_name":"신창중학교"},"id":"LT_C_BLDGINFO.7054182"},{"type":"Feature","geometry":{"type":"MultiPolygon","coordinates":[[[[127.05009945878196,37.6276783489496],[127.0501375379625,37.62770365077858],[127.05034527863211,37.627502466479534],[127.05031513101562,37.627479954472385],[127.05009945878196,37.6276783489496]]]]},"properties":{"bld_nm":"","dong_nm":"","usability":"10000","grnd_flr":"1","ugrnd_flr":"0","archarea":"72","height":"0","vl_rat":"0","bc_rat":"0","totalarea":"72","platarea":"0","useapr_day":"19940321","strct_cd":"19","school_name":"월계초등학교"},"id":"LT_C_BLDGINFO.7054186"},{"type":"Feature","geometry":{"type":"MultiPolygon","coordinates":[[[[127.04786240980255,37.62847421849429],[127.04781367574839,37.62843819846541],[127.0477495899545,37.628490489377654],[127.04779843947354,37.62853002320528],[127.04786240980255,37.62847421849429]]]]},"properties":{"bld_nm":"","dong_nm":"","usability":"","grnd_flr":"0","ugrnd_flr":"0","archarea":"0","height":"0","vl_rat":"0","bc_rat":"0","totalarea":"0","platarea":"0","useapr_day":"","strct_cd":"","school_name":"신창중학교"},"id":"LT_C_BLDGINFO.7054317"},{"type":"Feature","geometry":{"type":"MultiPolygon","coordinates":[[[[127.0485169846083,37.628334479062936],[127.0484906047362,37.6283583655086],[127.04863568140168,37.628476516110226],[127.04866670535971,37.62845181689622],[127.0485169846083,37.628334479062936]]]]},"properties":{"bld_nm":"","dong_nm":"","usability":"","grnd_flr":"0","ugrnd_flr":"0","archarea":"0","height":"0","vl_rat":"0","bc_rat":"0","totalarea":"0","platarea":"0","useapr_day":"","strct_cd":"","school_name":"신창중학교"},"id":"LT_C_BLDGINFO.7054319"},{"type":"Feature","geometry":{"type":"MultiPolygon","coordinates":[[[[127.04854053946124,37.62936483813564],[127.04848479050733,37.629344137824354],[127.04842437144961,37.62928289529658],[127.04834754781933,37.62943655170324],[127.04842876865914,37.629429933289096],[127.04849380585753,37.629448827971906],[127.04854053946124,37.62936483813564]]]]},"properties":{"bld_nm":"","dong_nm":"2동","usability":"10000","grnd_flr":"1","ugrnd_flr":"1","archarea":"121.32","height":"4","vl_rat":"0.97","bc_rat":"0.97","totalarea":"194.44","platarea":"12554","useapr_day":"19790502","strct_cd":"11","school_name":"염광여중,고, 염광여상"},"id":"LT_C_BLDGINFO.7054320"},{"type":"Feature","geometry":{"type":"MultiPolygon","coordinates":[[[[127.04861407876011,37.629392919348014],[127.04854674860684,37.62951052393147],[127.04860895441472,37.6295304107556],[127.04867560705797,37.62941641032294],[127.04861407876011,37.629392919348014]]]]},"properties":{"bld_nm":"","dong_nm":"","usability":"","grnd_flr":"0","ugrnd_flr":"0","archarea":"0","height":"0","vl_rat":"0","bc_rat":"0","totalarea":"0","platarea":"0","useapr_day":"","strct_cd":"","school_name":"염광여중,고, 염광여상"},"id":"LT_C_BLDGINFO.7054321"},{"type":"Feature","geometry":{"type":"MultiPolygon","coordinates":[[[[127.0483164001131,37.62892137535522],[127.04833431950766,37.62895416387832],[127.04836763488478,37.62897000788468],[127.04841192097572,37.62895746668848],[127.04843580227347,37.62892312990132],[127.04842422814215,37.6288925913187],[127.04838592734579,37.628875217644115],[127.04833642985547,37.62888713021323],[127.0483164001131,37.62892137535522]]]]},"properties":{"bld_nm":"","dong_nm":"","usability":"","grnd_flr":"0","ugrnd_flr":"0","archarea":"0","height":"0","vl_rat":"0","bc_rat":"0","totalarea":"0","platarea":"0","useapr_day":"","strct_cd":"","school_name":"신창중학교"},"id":"LT_C_BLDGINFO.7054322"},{"type":"Feature","geometry":{"type":"MultiPolygon","coordinates":[[[[127.04878645213472,37.62844438096495],[127.04876856106557,37.628456461247666],[127.0487771767341,37.628466188370176],[127.04879733272236,37.628452935906154],[127.04878645213472,37.62844438096495]]]]},"properties":{"bld_nm":"","dong_nm":"","usability":"","grnd_flr":"0","ugrnd_flr":"0","archarea":"0","height":"0","vl_rat":"0","bc_rat":"0","totalarea":"0","platarea":"0","useapr_day":"","strct_cd":"","school_name":"신창중학교"},"id":"LT_C_BLDGINFO.7054323"},{"type":"Feature","geometry":{"type":"MultiPolygon","coordinates":[[[[127.04835114711312,37.63009958052856],[127.04838038433068,37.630114795461466],[127.04845294420495,37.630025479636146],[127.0484267667316,37.63001188526645],[127.04835114711312,37.63009958052856]]]]},"properties":{"bld_nm":"","dong_nm":"","usability":"","grnd_flr":"0","ugrnd_flr":"0","archarea":"0","height":"0","vl_rat":"0","bc_rat":"0","totalarea":"0","platarea":"0","useapr_day":"","strct_cd":"","school_name":"염광여중,고, 염광여상"},"id":"LT_C_BLDGINFO.7054324"},{"type":"Feature","geometry":{"type":"MultiPolygon","coordinates":[[[[127.04847200362451,37.629726977803635],[127.04844145231982,37.6297656419438],[127.0484096082575,37.629748175614125],[127.04842319152597,37.62973078132614],[127.04837695486951,37.62970467131146],[127.04828108316556,37.6298333691056],[127.04904521272928,37.63020506892215],[127.04908516467053,37.630145588232246],[127.04909808341743,37.63015216016849],[127.04916316189158,37.63005699056202],[127.04897107213206,37.629963276079096],[127.04894969051844,37.629991575406486],[127.04890061137094,37.62996753899171],[127.04892245826689,37.6299405008564],[127.04847200362451,37.629726977803635]]]]},"properties":{"bld_nm":"","dong_nm":"3동","usability":"10000","grnd_flr":"3","ugrnd_flr":"1","archarea":"2731.85","height":"12","vl_rat":"36.77","bc_rat":"21.76","totalarea":"4716.19","platarea":"12554","useapr_day":"19790502","strct_cd":"21","school_name":"염광여중,고, 염광여상"},"id":"LT_C_BLDGINFO.7054325"},{"type":"Feature","geometry":{"type":"MultiPolygon","coordinates":[[[[127.04825954739697,37.63169626799036],[127.04828199637305,37.63172493724],[127.04823858139292,37.631738207829585],[127.04819958566863,37.63173502478885],[127.04820348856835,37.631671837626776],[127.04802188472408,37.63166650346272],[127.04801057573368,37.63180741193655],[127.0481344154,37.631814498829456],[127.04813262391806,37.63186646797244],[127.04818200729395,37.63186814229401],[127.04818402536837,37.631816254148795],[127.04819543388025,37.63181688933135],[127.04819544297881,37.63177709311064],[127.04825132932399,37.63177923333958],[127.04831059093112,37.631762145324],[127.04830955181228,37.631785210783875],[127.04836272503589,37.63181461564297],[127.0484172740081,37.63183382085551],[127.04848495791458,37.631842659563866],[127.04850938374547,37.63184409140518],[127.04852403019486,37.63180539755842],[127.0487693932444,37.6318648542393],[127.04876345740702,37.63190138228079],[127.04907080944618,37.63197406689134],[127.04907031091672,37.63199175329815],[127.04914695227339,37.63199450641244],[127.04914524806141,37.63205786390058],[127.04918211266364,37.63205868692601],[127.04918201011738,37.6320755082338],[127.04924363212487,37.63208235779268],[127.04929815950251,37.632084867476394],[127.04933353785847,37.63208228535803],[127.04937499944623,37.63207914215553],[127.04937653222615,37.632066753081176],[127.04940518314868,37.63206715590798],[127.04943271434098,37.6317351071601],[127.04916568608988,37.63172191684014],[127.04915949495097,37.63178411388087],[127.04911286349768,37.6317808531364],[127.0491176480831,37.63171580056379],[127.04907276296767,37.631715142926694],[127.04902865216822,37.63172070171196],[127.04897511965326,37.63173231884526],[127.04894105153836,37.631746351765614],[127.04891112006514,37.63176296882297],[127.04889252830587,37.63177894162607],[127.04865485895054,37.63172147328962],[127.04865437812846,37.63167765890016],[127.04864508127285,37.631630298176376],[127.04861285801917,37.63158774881857],[127.0485640639537,37.63155018847013],[127.04852419874803,37.63153338308882],[127.04844177578697,37.63152358621723],[127.04833729804736,37.631318808276696],[127.0482125927468,37.63135732947],[127.04826762736182,37.63146518183424],[127.04818649668636,37.63149273883987],[127.04821251325004,37.63153810182381],[127.04822452008648,37.63153544819543],[127.04822269684922,37.63157276744501],[127.04822924122954,37.63162123749569],[127.04824147955995,37.63166261459086],[127.04825954739697,37.63169626799036]]]]},"properties":{"bld_nm":"월계고등학교","dong_nm":"","usability":"10000","grnd_flr":"6","ugrnd_flr":"1","archarea":"3277.72","height":"28.8","vl_rat":"130.92","bc_rat":"32.42","totalarea":"14865.73","platarea":"10108.7","useapr_day":"20041012","strct_cd":"21","school_name":"고등학교"},"id":"LT_C_BLDGINFO.7054326"},{"type":"Feature","geometry":{"type":"MultiPolygon","coordinates":[[[[127.05102348588083,37.62798338781329],[127.05040978504887,37.62757758142668],[127.05023419725573,37.62774938065111],[127.05033382493447,37.627812858503184],[127.05042449259217,37.62772137159003],[127.05085153374648,37.627999145867626],[127.05062409148913,37.62821493510016],[127.05072507957303,37.62827850214838],[127.05102348588083,37.62798338781329]]]]},"properties":{"bld_nm":"월계초등학교","dong_nm":"","usability":"10000","grnd_flr":"4","ugrnd_flr":"1","archarea":"1275.5","height":"14.75","vl_rat":"43.184297","bc_rat":"11.693359","totalarea":"4746.5","platarea":"10907.9","useapr_day":"19940321","strct_cd":"21","school_name":"월계초등학교"},"id":"LT_C_BLDGINFO.7054392"},{"type":"Feature","geometry":{"type":"MultiPolygon","coordinates":[[[[127.05032178174,37.629959373559394],[127.05012937131336,37.63005352416289],[127.05025035759884,37.63020573965855],[127.05082803593007,37.6299151863326],[127.05071260157136,37.62976550085778],[127.05034884808067,37.629945847681974],[127.05035780569264,37.629958187383274],[127.05033357142263,37.629971621993334],[127.05032178174,37.629959373559394]]]]},"properties":{"bld_nm":"","dong_nm":"","usability":"","grnd_flr":"0","ugrnd_flr":"0","archarea":"0","height":"0","vl_rat":"0","bc_rat":"0","totalarea":"0","platarea":"0","useapr_day":"","strct_cd":"","school_name":"염광여중,고, 염광여상"},"id":"LT_C_BLDGINFO.7054394"},{"type":"Feature","geometry":{"type":"MultiPolygon","coordinates":[[[[127.05009860191534,37.62770201802207],[127.05012487144376,37.62771858521928],[127.05013850180895,37.62770510996754],[127.05011154017214,37.62768686723722],[127.05009860191534,37.62770201802207]]]]},"properties":{"bld_nm":"","dong_nm":"","usability":"10000","grnd_flr":"1","ugrnd_flr":"0","archarea":"9","height":"0","vl_rat":"0","bc_rat":"0","totalarea":"9","platarea":"0","useapr_day":"","strct_cd":"19","school_name":"월계초등학교"},"id":"LT_C_BLDGINFO.7054397"},{"type":"Feature","geometry":{"type":"MultiPolygon","coordinates":[[[[127.05016665688747,37.62804232580316],[127.05013437094243,37.62804161832528],[127.05011832279014,37.62804770654381],[127.05014471227031,37.6280917084966],[127.05016181698021,37.62809025988079],[127.05016665688747,37.62804232580316]]]]},"properties":{"bld_nm":"","dong_nm":"","usability":"","grnd_flr":"0","ugrnd_flr":"0","archarea":"0","height":"0","vl_rat":"0","bc_rat":"0","totalarea":"0","platarea":"0","useapr_day":"","strct_cd":"","school_name":"염광여중,고, 염광여상"},"id":"LT_C_BLDGINFO.7054398"},{"type":"Feature","geometry":{"type":"MultiPolygon","coordinates":[[[[127.07362409506084,37.62721714546395],[127.07365537064885,37.62722748760834],[127.07367040925317,37.62719873718324],[127.07363833931521,37.6271869539618],[127.07362409506084,37.62721714546395]]]]},"properties":{"bld_nm":"","dong_nm":"","usability":"","grnd_flr":"0","ugrnd_flr":"0","archarea":"0","height":"0","vl_rat":"0","bc_rat":"0","totalarea":"0","platarea":"0","useapr_day":"","strct_cd":"","school_name":"공연초등학교"},"id":"LT_C_BLDGINFO.7054472"},{"type":"Feature","geometry":{"type":"MultiPolygon","coordinates":[[[[127.07370023487773,37.63388628606232],[127.07408341479209,37.633799467058225],[127.0740754633077,37.63377775837751],[127.07417695319963,37.633758315891555],[127.074095596947,37.63351167817082],[127.07399082465237,37.63353391563551],[127.07397298107648,37.63347527292131],[127.07358357318743,37.6335636270374],[127.0735929977205,37.63358578534138],[127.07349740162823,37.633607917654984],[127.07351045970363,37.63363863304035],[127.07350128471171,37.633640260398145],[127.07358909691376,37.63388707477664],[127.07369126404924,37.63386475817517],[127.07370023487773,37.63388628606232]]]]},"properties":{"bld_nm":"","dong_nm":"","usability":"","grnd_flr":"0","ugrnd_flr":"0","archarea":"0","height":"0","vl_rat":"0","bc_rat":"0","totalarea":"0","platarea":"0","useapr_day":"19961001","strct_cd":"","school_name":"경기기계공"},"id":"LT_C_BLDGINFO.7054474"},{"type":"Feature","geometry":{"type":"MultiPolygon","coordinates":[[[[127.07207147769039,37.6310910671999],[127.07205535641606,37.63107851719808],[127.07201232346998,37.63110757243885],[127.07202780085441,37.63112207795445],[127.07207147769039,37.6310910671999]]]]},"properties":{"bld_nm":"","dong_nm":"","usability":"","grnd_flr":"0","ugrnd_flr":"0","archarea":"0","height":"0","vl_rat":"0","bc_rat":"0","totalarea":"0","platarea":"0","useapr_day":"","strct_cd":"","school_name":"한천중학교"},"id":"LT_C_BLDGINFO.7054489"},{"type":"Feature","geometry":{"type":"MultiPolygon","coordinates":[[[[127.07334812969614,37.631748146361545],[127.07332438529555,37.63172539309015],[127.07329271617677,37.631743621129246],[127.07331694915057,37.63176786973371],[127.07334812969614,37.631748146361545]]]]},"properties":{"bld_nm":"","dong_nm":"","usability":"","grnd_flr":"0","ugrnd_flr":"0","archarea":"0","height":"0","vl_rat":"0","bc_rat":"0","totalarea":"0","platarea":"0","useapr_day":"","strct_cd":"","school_name":"경기기계공"},"id":"LT_C_BLDGINFO.7054490"},{"type":"Feature","geometry":{"type":"MultiPolygon","coordinates":[[[[127.07217934557197,37.63106289212973],[127.07215712899041,37.63104985926315],[127.07208289432386,37.63110019629481],[127.07210308566911,37.63111597837093],[127.07217934557197,37.63106289212973]]]]},"properties":{"bld_nm":"","dong_nm":"","usability":"","grnd_flr":"0","ugrnd_flr":"0","archarea":"0","height":"0","vl_rat":"0","bc_rat":"0","totalarea":"0","platarea":"0","useapr_day":"","strct_cd":"","school_name":"한천중학교"},"id":"LT_C_BLDGINFO.7054630"},{"type":"Feature","geometry":{"type":"MultiPolygon","coordinates":[[[[127.07273271055699,37.63119709357328],[127.0726614251076,37.63113225711563],[127.07263259887031,37.63114973545327],[127.07270402297138,37.63121741893627],[127.07273271055699,37.63119709357328]]]]},"properties":{"bld_nm":"","dong_nm":"","usability":"","grnd_flr":"0","ugrnd_flr":"0","archarea":"0","height":"0","vl_rat":"0","bc_rat":"0","totalarea":"0","platarea":"0","useapr_day":"","strct_cd":"","school_name":"한천중학교"},"id":"LT_C_BLDGINFO.7054631"},{"type":"Feature","geometry":{"type":"MultiPolygon","coordinates":[[[[127.07286049162599,37.6337380272633],[127.07288318364348,37.633737842355856],[127.07288392770191,37.6337221648881],[127.07290028737972,37.63372264152089],[127.07290320770282,37.63363702882086],[127.0728662824704,37.63363312288889],[127.07286049162599,37.6337380272633]]]]},"properties":{"bld_nm":"","dong_nm":"","usability":"","grnd_flr":"0","ugrnd_flr":"0","archarea":"0","height":"0","vl_rat":"0","bc_rat":"0","totalarea":"0","platarea":"0","useapr_day":"","strct_cd":"","school_name":"경기기계공"},"id":"LT_C_BLDGINFO.7054632"},{"type":"Feature","geometry":{"type":"MultiPolygon","coordinates":[[[[127.07289032507143,37.63377766126547],[127.0729226018064,37.633777767875536],[127.0729250120744,37.633739285645404],[127.07290554793576,37.63373851357143],[127.07290596076933,37.63373188212339],[127.07289251292558,37.63373167402353],[127.07289032507143,37.63377766126547]]]]},"properties":{"bld_nm":"","dong_nm":"","usability":"","grnd_flr":"0","ugrnd_flr":"0","archarea":"0","height":"0","vl_rat":"0","bc_rat":"0","totalarea":"0","platarea":"0","useapr_day":"20010115","strct_cd":"","school_name":"경기기계공"},"id":"LT_C_BLDGINFO.7054633"},{"type":"Feature","geometry":{"type":"MultiPolygon","coordinates":[[[[127.07284453236873,37.63383646876024],[127.07287763651608,37.63383695329319],[127.0728766797183,37.63384341388418],[127.07291754423376,37.633843812624754],[127.07291781577617,37.633784230784],[127.07284719822478,37.633780876804934],[127.07284453236873,37.63383646876024]]]]},"properties":{"bld_nm":"","dong_nm":"","usability":"","grnd_flr":"0","ugrnd_flr":"0","archarea":"0","height":"0","vl_rat":"0","bc_rat":"0","totalarea":"0","platarea":"0","useapr_day":"20010115","strct_cd":"","school_name":"경기기계공"},"id":"LT_C_BLDGINFO.7054634"},{"type":"Feature","geometry":{"type":"MultiPolygon","coordinates":[[[[127.05425155742091,37.63010215482645],[127.05458186954134,37.630667641136874],[127.05478686387556,37.63059194766544],[127.05445394395241,37.63002502152587],[127.05425155742091,37.63010215482645]]]]},"properties":{"bld_nm":"인덕대학","dong_nm":"덕관","usability":"Z8000","grnd_flr":"6","ugrnd_flr":"0","archarea":"1250.32","height":"21.4","vl_rat":"0","bc_rat":"0","totalarea":"6400.18","platarea":"0","useapr_day":"19951130","strct_cd":"21","school_name":"인덕대학"},"id":"LT_C_BLDGINFO.7055887"},{"type":"Feature","geometry":{"type":"MultiPolygon","coordinates":[[[[127.05243252198476,37.63042002608648],[127.05247488768575,37.630415241623005],[127.05246999640062,37.630385961929626],[127.0524272910425,37.63039101683149],[127.05243252198476,37.63042002608648]]]]},"properties":{"bld_nm":"","dong_nm":"","usability":"","grnd_flr":"0","ugrnd_flr":"0","archarea":"0","height":"0","vl_rat":"0","bc_rat":"0","totalarea":"0","platarea":"0","useapr_day":"","strct_cd":"","school_name":"월계중학교,신계초등학교"},"id":"LT_C_BLDGINFO.7055893"},{"type":"Feature","geometry":{"type":"MultiPolygon","coordinates":[[[[127.07387285317802,37.633496957832925],[127.07386352962774,37.63346217678637],[127.07367165682244,37.63350509973403],[127.07368286198536,37.63354098784786],[127.07387285317802,37.633496957832925]]]]},"properties":{"bld_nm":"","dong_nm":"","usability":"","grnd_flr":"0","ugrnd_flr":"0","archarea":"0","height":"0","vl_rat":"0","bc_rat":"0","totalarea":"0","platarea":"0","useapr_day":"","strct_cd":"","school_name":"경기기계공"},"id":"LT_C_BLDGINFO.7055911"},{"type":"Feature","geometry":{"type":"MultiPolygon","coordinates":[[[[127.07387659355264,37.62731699958111],[127.07389695228652,37.627284101361866],[127.07367607478585,37.62720026538343],[127.07365912478048,37.62723217040434],[127.07387659355264,37.62731699958111]]]]},"properties":{"bld_nm":"","dong_nm":"","usability":"","grnd_flr":"0","ugrnd_flr":"0","archarea":"0","height":"0","vl_rat":"0","bc_rat":"0","totalarea":"0","platarea":"0","useapr_day":"","strct_cd":"","school_name":"공연초등학교"},"id":"LT_C_BLDGINFO.7056062"},{"type":"Feature","geometry":{"type":"MultiPolygon","coordinates":[[[[127.05603021726414,37.63206910167578],[127.05595485443959,37.6319403055687],[127.055921239555,37.63195277259207],[127.05599996737068,37.63208207171468],[127.05603021726414,37.63206910167578]]]]},"properties":{"bld_nm":"","dong_nm":"","usability":"","grnd_flr":"0","ugrnd_flr":"0","archarea":"0","height":"0","vl_rat":"0","bc_rat":"0","totalarea":"0","platarea":"0","useapr_day":"19720817","strct_cd":"","school_name":"고등학교"},"id":"LT_C_BLDGINFO.7056113"},{"type":"Feature","geometry":{"type":"MultiPolygon","coordinates":[[[[127.05597974279985,37.631969873204866],[127.05600515888477,37.63196189682316],[127.05598225898626,37.63192492223227],[127.05595781933287,37.63193583534817],[127.05597974279985,37.631969873204866]]]]},"properties":{"bld_nm":"","dong_nm":"","usability":"","grnd_flr":"0","ugrnd_flr":"0","archarea":"0","height":"0","vl_rat":"0","bc_rat":"0","totalarea":"0","platarea":"0","useapr_day":"","strct_cd":"","school_name":"고등학교"},"id":"LT_C_BLDGINFO.7056114"},{"type":"Feature","geometry":{"type":"MultiPolygon","coordinates":[[[[127.06280351039631,37.63139277451374],[127.06278576189274,37.63138341355436],[127.0628124836291,37.631352442058166],[127.06282445574207,37.63133576773769],[127.06277746313783,37.6313069518222],[127.06284886150583,37.63122992612648],[127.06266794752823,37.63109864834398],[127.0626011485951,37.63116187757077],[127.06262082833943,37.63117787776968],[127.0624262764831,37.63136754421599],[127.06263998036377,37.631490155990605],[127.06262975783535,37.631499126020394],[127.06267148053949,37.63152539495598],[127.06280351039631,37.63139277451374]]]]},"properties":{"bld_nm":"녹천중학교","dong_nm":"강당겸체육관","usability":"10000","grnd_flr":"3","ugrnd_flr":"0","archarea":"893.46","height":"15.6","vl_rat":"0","bc_rat":"0","totalarea":"1117.05","platarea":"0","useapr_day":"20111026","strct_cd":"41","school_name":"녹천중학교"},"id":"LT_C_BLDGINFO.7056118"},{"type":"Feature","geometry":{"type":"MultiPolygon","coordinates":[[[[127.06253529074209,37.6315310875607],[127.06258239381444,37.63155639870834],[127.06263683217529,37.6315054652446],[127.06262532759706,37.631498281394926],[127.06263292100569,37.631488276602],[127.06259688522638,37.63147567255192],[127.06253529074209,37.6315310875607]]]]},"properties":{"bld_nm":"","dong_nm":"","usability":"","grnd_flr":"0","ugrnd_flr":"0","archarea":"0","height":"0","vl_rat":"0","bc_rat":"0","totalarea":"0","platarea":"0","useapr_day":"20111026","strct_cd":"","school_name":"녹천중학교"},"id":"LT_C_BLDGINFO.7056119"},{"type":"Feature","geometry":{"type":"MultiPolygon","coordinates":[[[[127.06178666518676,37.631014662029976],[127.06167403545686,37.63112725171337],[127.06172129853205,37.63115497774741],[127.06182826374166,37.631042210718945],[127.06178666518676,37.631014662029976]]]]},"properties":{"bld_nm":"","dong_nm":"","usability":"","grnd_flr":"0","ugrnd_flr":"0","archarea":"0","height":"0","vl_rat":"0","bc_rat":"0","totalarea":"0","platarea":"0","useapr_day":"19941019","strct_cd":"","school_name":"녹천중학교"},"id":"LT_C_BLDGINFO.7056185"},{"type":"Feature","geometry":{"type":"MultiPolygon","coordinates":[[[[127.05229088748777,37.63038035395311],[127.05218718191364,37.63025820780416],[127.05215118933457,37.63027241366678],[127.05225680014341,37.6303976043357],[127.05229088748777,37.63038035395311]]]]},"properties":{"bld_nm":"","dong_nm":"","usability":"","grnd_flr":"0","ugrnd_flr":"0","archarea":"0","height":"0","vl_rat":"0","bc_rat":"0","totalarea":"0","platarea":"0","useapr_day":"","strct_cd":"","school_name":"월계중학교,신계초등학교"},"id":"LT_C_BLDGINFO.7056191"},{"type":"Feature","geometry":{"type":"MultiPolygon","coordinates":[[[[127.05220930154427,37.6302507291914],[127.05240581168084,37.63020773100069],[127.05239073566018,37.630161247002015],[127.0523598926846,37.63016814377142],[127.05222804695455,37.62977885156914],[127.05200751229948,37.62982513931061],[127.05214490760717,37.63024731509672],[127.05220251704925,37.63023599209482],[127.05220930154427,37.6302507291914]]]]},"properties":{"bld_nm":"월계중학교","dong_nm":"강당겸체육관","usability":"10000","grnd_flr":"3","ugrnd_flr":"0","archarea":"986.8","height":"0","vl_rat":"0","bc_rat":"0","totalarea":"2014.44","platarea":"0","useapr_day":"20111125","strct_cd":"21","school_name":"월계중학교,신계초등학교"},"id":"LT_C_BLDGINFO.7056198"},{"type":"Feature","geometry":{"type":"MultiPolygon","coordinates":[[[[127.05500192298787,37.62943286745608],[127.05509759077913,37.629605109215454],[127.05515605204819,37.62956661987471],[127.05513807919604,37.62955841111643],[127.05519806639997,37.62951526300102],[127.05506263688977,37.62939208865341],[127.05500192298787,37.62943286745608]]]]},"properties":{"bld_nm":"","dong_nm":"","usability":"","grnd_flr":"0","ugrnd_flr":"0","archarea":"0","height":"0","vl_rat":"0","bc_rat":"0","totalarea":"0","platarea":"0","useapr_day":"","strct_cd":"","school_name":"인덕대학"},"id":"LT_C_BLDGINFO.7056327"},{"type":"Feature","geometry":{"type":"MultiPolygon","coordinates":[[[[127.06337035661493,37.62801720534526],[127.06333023377188,37.62810142285111],[127.06336133807099,37.628111389401234],[127.06340271840021,37.6280272703332],[127.06337035661493,37.62801720534526]]]]},"properties":{"bld_nm":"","dong_nm":"","usability":"","grnd_flr":"0","ugrnd_flr":"0","archarea":"0","height":"0","vl_rat":"0","bc_rat":"0","totalarea":"0","platarea":"0","useapr_day":"","strct_cd":"","school_name":"녹천초등학교"},"id":"LT_C_BLDGINFO.7056343"},{"type":"Feature","geometry":{"type":"MultiPolygon","coordinates":[[[[127.06305953189396,37.630764533130325],[127.06299527562976,37.63075060145634],[127.06297264696205,37.630826655830994],[127.0630346911544,37.63083689465835],[127.06305953189396,37.630764533130325]]]]},"properties":{"bld_nm":"","dong_nm":"","usability":"","grnd_flr":"0","ugrnd_flr":"0","archarea":"0","height":"0","vl_rat":"0","bc_rat":"0","totalarea":"0","platarea":"0","useapr_day":"","strct_cd":"","school_name":"녹천중학교"},"id":"LT_C_BLDGINFO.7056344"},{"type":"Feature","geometry":{"type":"MultiPolygon","coordinates":[[[[127.05596851554162,37.63024562175814],[127.05599289283981,37.630289731431226],[127.0560054756794,37.630285328846234],[127.05603391402803,37.63033680664048],[127.05608444797033,37.63031735818495],[127.05603317630111,37.63022635601052],[127.05596851554162,37.63024562175814]]]]},"properties":{"bld_nm":"인덕대학","dong_nm":"정문경비실","usability":"10000","grnd_flr":"1","ugrnd_flr":"0","archarea":"41.4","height":"3.3","vl_rat":"0","bc_rat":"0","totalarea":"41.4","platarea":"0","useapr_day":"20111208","strct_cd":"21","school_name":"인덕대학"},"id":"LT_C_BLDGINFO.7056411"},{"type":"Feature","geometry":{"type":"MultiPolygon","coordinates":[[[[127.05457768464538,37.629816497502254],[127.0545462920242,37.629798690254326],[127.05450859248573,37.62983304348794],[127.05454141345199,37.62985218355247],[127.05457768464538,37.629816497502254]]]]},"properties":{"bld_nm":"인덕대학","dong_nm":"후문경비실","usability":"10000","grnd_flr":"1","ugrnd_flr":"0","archarea":"12.69","height":"3.1","vl_rat":"0","bc_rat":"0","totalarea":"12.69","platarea":"0","useapr_day":"20111208","strct_cd":"21","school_name":"인덕대학"},"id":"LT_C_BLDGINFO.7056422"},{"type":"Feature","geometry":{"type":"MultiPolygon","coordinates":[[[[127.0541907273386,37.631151641852576],[127.05411046968901,37.63101584612777],[127.05399832947639,37.63105162886135],[127.05407642531425,37.63119046192205],[127.0541907273386,37.631151641852576]]]]},"properties":{"bld_nm":"","dong_nm":"","usability":"","grnd_flr":"0","ugrnd_flr":"0","archarea":"0","height":"0","vl_rat":"0","bc_rat":"0","totalarea":"0","platarea":"0","useapr_day":"20090818","strct_cd":"","school_name":"인덕대학"},"id":"LT_C_BLDGINFO.7056423"},{"type":"Feature","geometry":{"type":"MultiPolygon","coordinates":[[[[127.05279389807602,37.63014703526172],[127.05277967431255,37.63008819852438],[127.05268801083068,37.63009862659125],[127.0527004444141,37.630157175802864],[127.05279389807602,37.63014703526172]]]]},"properties":{"bld_nm":"","dong_nm":"","usability":"","grnd_flr":"0","ugrnd_flr":"0","archarea":"0","height":"0","vl_rat":"0","bc_rat":"0","totalarea":"0","platarea":"0","useapr_day":"","strct_cd":"","school_name":"월계중학교,신계초등학교"},"id":"LT_C_BLDGINFO.7056425"},{"type":"Feature","geometry":{"type":"MultiPolygon","coordinates":[[[[127.05285810102446,37.630185794478315],[127.05285932940498,37.63019291167532],[127.05292752135351,37.63018416952351],[127.05292619140052,37.630177619988046],[127.05296597379689,37.6301725121211],[127.05296671710869,37.63018260275802],[127.05302444306828,37.63017621666705],[127.0529355259142,37.62976615697186],[127.05289489420655,37.62977142737477],[127.05288283641798,37.62976523389018],[127.05277707158011,37.62977889366761],[127.05276964529288,37.629786483134],[127.05272279537667,37.6297934500181],[127.0528089727165,37.630191149635614],[127.05285810102446,37.630185794478315]]]]},"properties":{"bld_nm":"신계초등학교","dong_nm":"체육관겸정보화관","usability":"10000","grnd_flr":"3","ugrnd_flr":"0","archarea":"840.06","height":"14.85","vl_rat":"0","bc_rat":"0","totalarea":"1854.76","platarea":"0","useapr_day":"20111114","strct_cd":"21","school_name":"월계중학교,신계초등학교"},"id":"LT_C_BLDGINFO.7056426"},{"type":"Feature","geometry":{"type":"MultiPolygon","coordinates":[[[[127.06016477451165,37.63403299061973],[127.06011864317466,37.63400535351204],[127.06004619362633,37.63407800829891],[127.06008439428973,37.63410528897978],[127.06016477451165,37.63403299061973]]]]},"properties":{"bld_nm":"","dong_nm":"","usability":"","grnd_flr":"0","ugrnd_flr":"0","archarea":"0","height":"0","vl_rat":"0","bc_rat":"0","totalarea":"0","platarea":"0","useapr_day":"19971230","strct_cd":"","school_name":"연지초등학교"},"id":"LT_C_BLDGINFO.7056476"},{"type":"Feature","geometry":{"type":"MultiPolygon","coordinates":[[[[127.05693730920889,37.63227037216731],[127.05688755184171,37.63223859098993],[127.05685834345815,37.63226572413908],[127.05690391161858,37.63230084091472],[127.05693730920889,37.63227037216731]]]]},"properties":{"bld_nm":"","dong_nm":"수위실","usability":"10000","grnd_flr":"1","ugrnd_flr":"0","archarea":"9.9","height":"3.5","vl_rat":"0","bc_rat":"0","totalarea":"9.9","platarea":"0","useapr_day":"19830728","strct_cd":"11","school_name":"고등학교"},"id":"LT_C_BLDGINFO.7056477"},{"type":"Feature","geometry":{"type":"MultiPolygon","coordinates":[[[[127.05658214259844,37.63150957208979],[127.05655037940896,37.631451735080965],[127.05647313834635,37.63148034110434],[127.05650535503051,37.63153870949962],[127.05658214259844,37.63150957208979]]]]},"properties":{"bld_nm":"","dong_nm":"","usability":"","grnd_flr":"0","ugrnd_flr":"0","archarea":"0","height":"0","vl_rat":"0","bc_rat":"0","totalarea":"0","platarea":"0","useapr_day":"","strct_cd":"","school_name":"고등학교"},"id":"LT_C_BLDGINFO.7056483"},{"type":"Feature","geometry":{"type":"MultiPolygon","coordinates":[[[[127.06306723461776,37.62856546534633],[127.06311901690192,37.62857984497884],[127.0631290808839,37.62855776574256],[127.06314233895957,37.628562543017615],[127.06319832446826,37.628454026901274],[127.0631322648787,37.6284351408544],[127.06306723461776,37.62856546534633]]]]},"properties":{"bld_nm":"","dong_nm":"","usability":"","grnd_flr":"0","ugrnd_flr":"0","archarea":"0","height":"0","vl_rat":"0","bc_rat":"0","totalarea":"0","platarea":"0","useapr_day":"","strct_cd":"","school_name":"녹천초등학교"},"id":"LT_C_BLDGINFO.7056552"},{"type":"Feature","geometry":{"type":"MultiPolygon","coordinates":[[[[127.06593765663315,37.63244606071057],[127.06580575770927,37.632410724196866],[127.06579219391365,37.6324465905206],[127.06592284554844,37.63248057626256],[127.06593765663315,37.63244606071057]]]]},"properties":{"bld_nm":"","dong_nm":"","usability":"","grnd_flr":"0","ugrnd_flr":"0","archarea":"0","height":"0","vl_rat":"0","bc_rat":"0","totalarea":"0","platarea":"0","useapr_day":"","strct_cd":"","school_name":"초등학교(국민학교)"},"id":"LT_C_BLDGINFO.7056559"},{"type":"Feature","geometry":{"type":"MultiPolygon","coordinates":[[[[127.0547347557916,37.63029509872281],[127.05476001161088,37.63033304556039],[127.05478643498587,37.63032433018217],[127.05483100124025,37.630387207374234],[127.05487438171679,37.63037595256429],[127.05482671391105,37.63031659060629],[127.05483397289956,37.63031290232425],[127.05477341820884,37.63019698272626],[127.05471027703689,37.63010758006291],[127.05466160249885,37.63012946874555],[127.05459851016522,37.6300128924824],[127.05455318789845,37.630033365076194],[127.05465341862289,37.63021840803391],[127.05468557525063,37.63021113166223],[127.05472782180894,37.630293849489306],[127.0547347557916,37.63029509872281]]]]},"properties":{"bld_nm":"인덕대학","dong_nm":"사열대","usability":"10000","grnd_flr":"1","ugrnd_flr":"0","archarea":"194.51","height":"8.46","vl_rat":"0","bc_rat":"0","totalarea":"194.51","platarea":"0","useapr_day":"20111208","strct_cd":"33","school_name":"인덕대학"},"id":"LT_C_BLDGINFO.7056568"},{"type":"Feature","geometry":{"type":"MultiPolygon","coordinates":[[[[127.05411589704974,37.63159588464648],[127.05414242666035,37.63159249414937],[127.05418643531463,37.631571265482926],[127.05420729226664,37.631540127366875],[127.05421308983462,37.631504121679264],[127.05420478857766,37.63147588872113],[127.05417258483362,37.63144933324029],[127.05414452790288,37.63143950707135],[127.05419844973842,37.63141914792762],[127.05385933117913,37.63083232034106],[127.05369180028488,37.630893399788256],[127.05372906017017,37.630958010499526],[127.0536557832845,37.6309861984771],[127.05399204274313,37.63156826172899],[127.05401261161,37.631562306122945],[127.05407527153972,37.63159516394502],[127.05411589704974,37.63159588464648]]]]},"properties":{"bld_nm":"인덕대학","dong_nm":"은봉관(본관)","usability":"10000","grnd_flr":"8","ugrnd_flr":"2","archarea":"2662.13","height":"34.9","vl_rat":"0","bc_rat":"0","totalarea":"19850.08","platarea":"0","useapr_day":"20090818","strct_cd":"21","school_name":"인덕대학"},"id":"LT_C_BLDGINFO.7056569"},{"type":"Feature","geometry":{"type":"MultiPolygon","coordinates":[[[[127.06616622069947,37.63250224685326],[127.06594297429557,37.6324380391009],[127.0659234117606,37.632480305660096],[127.06614960090589,37.63254117821767],[127.06616622069947,37.63250224685326]]]]},"properties":{"bld_nm":"","dong_nm":"","usability":"","grnd_flr":"0","ugrnd_flr":"0","archarea":"0","height":"0","vl_rat":"0","bc_rat":"0","totalarea":"0","platarea":"0","useapr_day":"","strct_cd":"","school_name":"초등학교(국민학교)"},"id":"LT_C_BLDGINFO.7056579"},{"type":"Feature","geometry":{"type":"MultiPolygon","coordinates":[[[[127.06291023625137,37.629117396661016],[127.06280927418541,37.629085734689454],[127.06279502164494,37.62911160919228],[127.06290583929388,37.62914307684378],[127.06291023625137,37.629117396661016]]]]},"properties":{"bld_nm":"","dong_nm":"","usability":"","grnd_flr":"0","ugrnd_flr":"0","archarea":"0","height":"0","vl_rat":"0","bc_rat":"0","totalarea":"0","platarea":"0","useapr_day":"","strct_cd":"","school_name":"녹천초등학교"},"id":"LT_C_BLDGINFO.7056631"},{"type":"Feature","geometry":{"type":"MultiPolygon","coordinates":[[[[127.0561322188398,37.63113551472089],[127.05570580428117,37.63128888665403],[127.05580551159402,37.631464531627266],[127.0562386080621,37.6313072820324],[127.0561322188398,37.63113551472089]]]]},"properties":{"bld_nm":"","dong_nm":"제1실습장","usability":"10000","grnd_flr":"2","ugrnd_flr":"0","archarea":"799.97","height":"7.4","vl_rat":"0","bc_rat":"0","totalarea":"1599.94","platarea":"0","useapr_day":"19720921","strct_cd":"21","school_name":"고등학교"},"id":"LT_C_BLDGINFO.7056709"},{"type":"Feature","geometry":{"type":"MultiPolygon","coordinates":[[[[127.05656719873232,37.63258310378844],[127.0564773586023,37.63242691602957],[127.05633589569545,37.63247473367996],[127.0564315280525,37.63263551383925],[127.05656719873232,37.63258310378844]]]]},"properties":{"bld_nm":"","dong_nm":"실습실","usability":"10000","grnd_flr":"1","ugrnd_flr":"0","archarea":"230.29","height":"5.15","vl_rat":"0","bc_rat":"0","totalarea":"230.29","platarea":"0","useapr_day":"19990917","strct_cd":"32","school_name":"고등학교"},"id":"LT_C_BLDGINFO.7056766"},{"type":"Feature","geometry":{"type":"MultiPolygon","coordinates":[[[[127.05547941680838,37.620138812468454],[127.05545130043109,37.620150808357565],[127.05546340415826,37.62017540859465],[127.05549649108804,37.620160608380935],[127.05547941680838,37.620138812468454]]]]},"properties":{"bld_nm":"","dong_nm":"","usability":"","grnd_flr":"0","ugrnd_flr":"0","archarea":"0","height":"0","vl_rat":"0","bc_rat":"0","totalarea":"0","platarea":"0","useapr_day":"","strct_cd":"","school_name":"학교"},"id":"LT_C_BLDGINFO.7057005"},{"type":"Feature","geometry":{"type":"MultiPolygon","coordinates":[[[[127.05744774114179,37.62027735878232],[127.0574702865098,37.62028338466262],[127.0575095870111,37.620277509652254],[127.05751072613538,37.6202860684234],[127.05772873525594,37.62023713166203],[127.05770081518043,37.62016334567054],[127.05749424246164,37.62020678998774],[127.05749810953142,37.620227961187645],[127.057472966181,37.620231577032285],[127.05744774114179,37.62027735878232]]]]},"properties":{"bld_nm":"광운대학교","dong_nm":"한천재","usability":"10000","grnd_flr":"5","ugrnd_flr":"1","archarea":"168.87","height":"18.1","vl_rat":"199.45","bc_rat":"50.56","totalarea":"921.7","platarea":"334","useapr_day":"20050126","strct_cd":"21","school_name":"중,고등학교"},"id":"LT_C_BLDGINFO.7057022"},{"type":"Feature","geometry":{"type":"MultiPolygon","coordinates":[[[[127.05702899749647,37.621322134785515],[127.05699172994058,37.62138177015622],[127.05705263377266,37.62140862675529],[127.05709295632994,37.62134453908581],[127.05702899749647,37.621322134785515]]]]},"properties":{"bld_nm":"","dong_nm":"","usability":"","grnd_flr":"0","ugrnd_flr":"0","archarea":"0","height":"0","vl_rat":"0","bc_rat":"0","totalarea":"0","platarea":"0","useapr_day":"","strct_cd":"","school_name":"학교"},"id":"LT_C_BLDGINFO.7057065"},{"type":"Feature","geometry":{"type":"MultiPolygon","coordinates":[[[[127.05672384835229,37.621054713885435],[127.05670920449546,37.62110364395129],[127.05677631404251,37.62111349629863],[127.05678563975935,37.62107223605539],[127.05677318833008,37.62106837668146],[127.05677074703966,37.62106034108243],[127.05672384835229,37.621054713885435]]]]},"properties":{"bld_nm":"","dong_nm":"","usability":"","grnd_flr":"0","ugrnd_flr":"0","archarea":"0","height":"0","vl_rat":"0","bc_rat":"0","totalarea":"0","platarea":"0","useapr_day":"","strct_cd":"","school_name":"학교"},"id":"LT_C_BLDGINFO.7057066"},{"type":"Feature","geometry":{"type":"MultiPolygon","coordinates":[[[[127.05758070745786,37.61849441784534],[127.05793876672342,37.618954828393754],[127.05805652714952,37.6189034161556],[127.05772148836718,37.61847966490391],[127.05771073151504,37.618484445222535],[127.05767943956809,37.618444546683925],[127.05758070745786,37.61849441784534]]]]},"properties":{"bld_nm":"선곡초등학교(교사2동)","dong_nm":"","usability":"10000","grnd_flr":"4","ugrnd_flr":"1","archarea":"618.48","height":"16.65","vl_rat":"0","bc_rat":"0","totalarea":"2418.48","platarea":"0","useapr_day":"19970203","strct_cd":"21","school_name":"학교"},"id":"LT_C_BLDGINFO.7057100"},{"type":"Feature","geometry":{"type":"MultiPolygon","coordinates":[[[[127.05852540721894,37.61868739678347],[127.058535944529,37.61869180649705],[127.05851490512111,37.61872911724877],[127.05855354121599,37.61874432515172],[127.05859596625885,37.618678172679125],[127.0585373902526,37.618656757660546],[127.05852540721894,37.61868739678347]]]]},"properties":{"bld_nm":"","dong_nm":"","usability":"","grnd_flr":"0","ugrnd_flr":"0","archarea":"0","height":"0","vl_rat":"0","bc_rat":"0","totalarea":"0","platarea":"0","useapr_day":"","strct_cd":"","school_name":"학교"},"id":"LT_C_BLDGINFO.7057145"},{"type":"Feature","geometry":{"type":"MultiPolygon","coordinates":[[[[127.05844286598057,37.61872843123408],[127.05854824238058,37.61877676300676],[127.05856442260806,37.61875432077488],[127.05851377305778,37.61872992867786],[127.05853481232889,37.61869243773031],[127.05848869754249,37.61867326911769],[127.05844286598057,37.61872843123408]]]]},"properties":{"bld_nm":"","dong_nm":"","usability":"","grnd_flr":"0","ugrnd_flr":"0","archarea":"0","height":"0","vl_rat":"0","bc_rat":"0","totalarea":"0","platarea":"0","useapr_day":"","strct_cd":"","school_name":"학교"},"id":"LT_C_BLDGINFO.7057146"},{"type":"Feature","geometry":{"type":"MultiPolygon","coordinates":[[[[127.05651904670121,37.61924708285584],[127.05652798342071,37.61924679938669],[127.05654206308371,37.619277975752205],[127.05658453159974,37.61926794605264],[127.05655943847533,37.61920102392954],[127.05650768199894,37.61921113903649],[127.05649681746608,37.61922375782299],[127.05649536001108,37.61922880399181],[127.05649603327333,37.61923556103066],[127.05650034074597,37.61923997382758],[127.05650158756744,37.61924114452111],[127.05650318531727,37.61924203574725],[127.0565082846188,37.619245015616215],[127.05651904670121,37.61924708285584]]]]},"properties":{"bld_nm":"","dong_nm":"","usability":"","grnd_flr":"0","ugrnd_flr":"0","archarea":"0","height":"0","vl_rat":"0","bc_rat":"0","totalarea":"0","platarea":"0","useapr_day":"","strct_cd":"","school_name":"학교"},"id":"LT_C_BLDGINFO.7057148"},{"type":"Feature","geometry":{"type":"MultiPolygon","coordinates":[[[[127.05654389027802,37.621619099729166],[127.05647525431255,37.621490462761415],[127.0564183041948,37.62151031983777],[127.05647333994202,37.62164426994415],[127.05654389027802,37.621619099729166]]]]},"properties":{"bld_nm":"","dong_nm":"","usability":"","grnd_flr":"0","ugrnd_flr":"0","archarea":"0","height":"0","vl_rat":"0","bc_rat":"0","totalarea":"0","platarea":"0","useapr_day":"","strct_cd":"","school_name":"학교"},"id":"LT_C_BLDGINFO.7057154"},{"type":"Feature","geometry":{"type":"MultiPolygon","coordinates":[[[[127.0566218914356,37.6192422506753],[127.0565912127457,37.61926560038617],[127.05664844774378,37.61931180296365],[127.05668093660339,37.61928556024514],[127.0566218914356,37.6192422506753]]]]},"properties":{"bld_nm":"","dong_nm":"","usability":"","grnd_flr":"0","ugrnd_flr":"0","archarea":"0","height":"0","vl_rat":"0","bc_rat":"0","totalarea":"0","platarea":"0","useapr_day":"","strct_cd":"","school_name":"학교"},"id":"LT_C_BLDGINFO.7057310"},{"type":"Feature","geometry":{"type":"MultiPolygon","coordinates":[[[[127.0588198441094,37.6183134283975],[127.05872861510124,37.61826482872172],[127.05869975699026,37.618297629386866],[127.05879427190098,37.618347687078376],[127.0588198441094,37.6183134283975]]]]},"properties":{"bld_nm":"","dong_nm":"","usability":"","grnd_flr":"0","ugrnd_flr":"0","archarea":"0","height":"0","vl_rat":"0","bc_rat":"0","totalarea":"0","platarea":"0","useapr_day":"","strct_cd":"","school_name":"학교"},"id":"LT_C_BLDGINFO.7057311"},{"type":"Feature","geometry":{"type":"MultiPolygon","coordinates":[[[[127.05505714751673,37.62058501700112],[127.05519552379428,37.620528003189726],[127.0552110607759,37.62055422365372],[127.05531365391576,37.62051200205255],[127.05498707970038,37.62003372999023],[127.0548830147763,37.6200763123684],[127.05491555916923,37.62012639214723],[127.0548779613965,37.620137581307205],[127.05492830744664,37.62021306067308],[127.05485482122593,37.620249943997315],[127.05483849682153,37.62023112088809],[127.0547997713583,37.620249428275926],[127.05476643595937,37.620201961665686],[127.05466871670419,37.62024858639147],[127.054996847743,37.62068793627131],[127.05509649187778,37.620639778737136],[127.05505714751673,37.62058501700112]]]]},"properties":{"bld_nm":"광운대학교","dong_nm":"누리관","usability":"10000","grnd_flr":"5","ugrnd_flr":"0","archarea":"1943.34","height":"18.85","vl_rat":"175.49","bc_rat":"43.41","totalarea":"7856.84","platarea":"4477","useapr_day":"20090511","strct_cd":"31","school_name":"학교"},"id":"LT_C_BLDGINFO.7057313"},{"type":"Feature","geometry":{"type":"MultiPolygon","coordinates":[[[[127.05950386945086,37.61959970326479],[127.05952263846014,37.61955626679246],[127.0594825321755,37.619544835038496],[127.05946523467775,37.61958701841948],[127.05950386945086,37.61959970326479]]]]},"properties":{"bld_nm":"","dong_nm":"","usability":"","grnd_flr":"0","ugrnd_flr":"0","archarea":"0","height":"0","vl_rat":"0","bc_rat":"0","totalarea":"0","platarea":"0","useapr_day":"","strct_cd":"","school_name":"학교"},"id":"LT_C_BLDGINFO.7057324"},{"type":"Feature","geometry":{"type":"MultiPolygon","coordinates":[[[[127.05631512504657,37.621002025853485],[127.05620852577331,37.62098756952287],[127.05619507141348,37.62103713867019],[127.05630791142676,37.62105077222383],[127.05631512504657,37.621002025853485]]]]},"properties":{"bld_nm":"","dong_nm":"","usability":"","grnd_flr":"0","ugrnd_flr":"0","archarea":"0","height":"0","vl_rat":"0","bc_rat":"0","totalarea":"0","platarea":"0","useapr_day":"","strct_cd":"","school_name":"학교"},"id":"LT_C_BLDGINFO.7057392"},{"type":"Feature","geometry":{"type":"MultiPolygon","coordinates":[[[[127.05759941952236,37.61837403796663],[127.057548699057,37.61840532607978],[127.05761161571193,37.6184759330596],[127.05766313130893,37.618447617777],[127.05759941952236,37.61837403796663]]]]},"properties":{"bld_nm":"","dong_nm":"","usability":"","grnd_flr":"0","ugrnd_flr":"0","archarea":"0","height":"0","vl_rat":"0","bc_rat":"0","totalarea":"0","platarea":"0","useapr_day":"","strct_cd":"","school_name":"학교"},"id":"LT_C_BLDGINFO.7057393"},{"type":"Feature","geometry":{"type":"MultiPolygon","coordinates":[[[[127.05801088085394,37.619054352225874],[127.05813779210074,37.619120603560816],[127.05815194590312,37.61909933363336],[127.058042819018,37.61904956173735],[127.05798304247014,37.6189385895717],[127.05795337482782,37.61895013631119],[127.05801088085394,37.619054352225874]]]]},"properties":{"bld_nm":"","dong_nm":"","usability":"","grnd_flr":"0","ugrnd_flr":"0","archarea":"0","height":"0","vl_rat":"0","bc_rat":"0","totalarea":"0","platarea":"0","useapr_day":"","strct_cd":"","school_name":"학교"},"id":"LT_C_BLDGINFO.7057471"},{"type":"Feature","geometry":{"type":"MultiPolygon","coordinates":[[[[127.0584453315031,37.61884240406468],[127.05851096548925,37.61876155444576],[127.05846858783113,37.61874148304033],[127.05840045806916,37.61881728834873],[127.0584453315031,37.61884240406468]]]]},"properties":{"bld_nm":"","dong_nm":"","usability":"","grnd_flr":"0","ugrnd_flr":"0","archarea":"0","height":"0","vl_rat":"0","bc_rat":"0","totalarea":"0","platarea":"0","useapr_day":"","strct_cd":"","school_name":"학교"},"id":"LT_C_BLDGINFO.7057484"},{"type":"Feature","geometry":{"type":"MultiPolygon","coordinates":[[[[127.05837752427954,37.6188956846936],[127.05830691224939,37.61898447426907],[127.05833853779124,37.61900058659532],[127.05841695674494,37.61891539715902],[127.05837752427954,37.6188956846936]]]]},"properties":{"bld_nm":"","dong_nm":"","usability":"","grnd_flr":"0","ugrnd_flr":"0","archarea":"0","height":"0","vl_rat":"0","bc_rat":"0","totalarea":"0","platarea":"0","useapr_day":"","strct_cd":"","school_name":"학교"},"id":"LT_C_BLDGINFO.7057485"},{"type":"Feature","geometry":{"type":"MultiPolygon","coordinates":[[[[127.056971522931,37.62129129423085],[127.0569340896022,37.621356542767],[127.05698224515113,37.621376521900835],[127.05701866925418,37.62130983225629],[127.056971522931,37.62129129423085]]]]},"properties":{"bld_nm":"","dong_nm":"","usability":"","grnd_flr":"0","ugrnd_flr":"0","archarea":"0","height":"0","vl_rat":"0","bc_rat":"0","totalarea":"0","platarea":"0","useapr_day":"","strct_cd":"","school_name":"학교"},"id":"LT_C_BLDGINFO.7057549"},{"type":"Feature","geometry":{"type":"MultiPolygon","coordinates":[[[[127.05912321245467,37.620799463695604],[127.05915292432533,37.62084449819286],[127.05924362346728,37.62080399985784],[127.05921538526854,37.62076049632878],[127.05912321245467,37.620799463695604]]]]},"properties":{"bld_nm":"","dong_nm":"","usability":"","grnd_flr":"0","ugrnd_flr":"0","archarea":"0","height":"0","vl_rat":"0","bc_rat":"0","totalarea":"0","platarea":"0","useapr_day":"","strct_cd":"","school_name":"학교"},"id":"LT_C_BLDGINFO.7057550"},{"type":"Feature","geometry":{"type":"MultiPolygon","coordinates":[[[[127.05634449510798,37.620599184013614],[127.05623722787068,37.62059986448414],[127.05623850204687,37.620638335744495],[127.05634610915278,37.62063765511489],[127.05634449510798,37.620599184013614]]]]},"properties":{"bld_nm":"","dong_nm":"","usability":"","grnd_flr":"0","ugrnd_flr":"0","archarea":"0","height":"0","vl_rat":"0","bc_rat":"0","totalarea":"0","platarea":"0","useapr_day":"","strct_cd":"","school_name":"학교"},"id":"LT_C_BLDGINFO.7057629"},{"type":"Feature","geometry":{"type":"MultiPolygon","coordinates":[[[[127.05720001994727,37.62043145343068],[127.0570190990124,37.62039460747771],[127.05685073111897,37.62092663420627],[127.05725040953631,37.62100193925512],[127.05730715074218,37.62083973603298],[127.05708431399192,37.62079704460986],[127.05720001994727,37.62043145343068]]]]},"properties":{"bld_nm":"광운대학교","dong_nm":"한울관","usability":"10000","grnd_flr":"7","ugrnd_flr":"3","archarea":"1352.35","height":"30.3","vl_rat":"14.8","bc_rat":"2.21","totalarea":"15481.58","platarea":"61200","useapr_day":"20061027","strct_cd":"21","school_name":"학교"},"id":"LT_C_BLDGINFO.7057772"},{"type":"Feature","geometry":{"type":"MultiPolygon","coordinates":[[[[127.0567374071507,37.62191263870354],[127.05676991243733,37.62189180184374],[127.05671990593916,37.62183533380379],[127.0565992232203,37.62190982014386],[127.05664297187788,37.621959353612134],[127.05668192345564,37.6219398742451],[127.05670030247148,37.62196347132642],[127.05675476545305,37.621934524392216],[127.0567374071507,37.62191263870354]]]]},"properties":{"bld_nm":"광운대학교","dong_nm":"연촌재","usability":"01000","grnd_flr":"3","ugrnd_flr":"1","archarea":"100.04","height":"10.56","vl_rat":"155.71","bc_rat":"58.85","totalarea":"329.56","platarea":"170","useapr_day":"20020305","strct_cd":"21","school_name":"학교"},"id":"LT_C_BLDGINFO.7057824"},{"type":"Feature","geometry":{"type":"MultiPolygon","coordinates":[[[[127.05879655903102,37.61880430284771],[127.05880459079303,37.61880565041988],[127.05881253118021,37.6188060069574],[127.05881840994539,37.618806184299345],[127.05883642701164,37.618815816040325],[127.05885024476451,37.61879977187762],[127.05894437982475,37.618811528952705],[127.05934980957628,37.61901224058951],[127.05936644150152,37.618988266360674],[127.05935171071971,37.61898070534536],[127.05941428985747,37.61890535270344],[127.05888669492083,37.6186381092706],[127.05877116157295,37.618786025269465],[127.05878260623257,37.618791966187395],[127.05878385494795,37.61879556950304],[127.0587892959737,37.6188009727451],[127.05879655903102,37.61880430284771]]]]},"properties":{"bld_nm":"","dong_nm":"","usability":"","grnd_flr":"0","ugrnd_flr":"0","archarea":"0","height":"0","vl_rat":"0","bc_rat":"0","totalarea":"0","platarea":"0","useapr_day":"19880824","strct_cd":"","school_name":"학교"},"id":"LT_C_BLDGINFO.7057994"},{"type":"Feature","geometry":{"type":"MultiPolygon","coordinates":[[[[127.05954906113668,37.619727169757816],[127.05958123674098,37.619736154724606],[127.05955239980895,37.61979645349646],[127.0598655589603,37.619900353291015],[127.06020210661717,37.61978468075564],[127.06026634400432,37.61980167732214],[127.06027415976563,37.619801853627216],[127.06028186062635,37.61979995773447],[127.06028672810955,37.6197959909977],[127.06030052929074,37.61977345060863],[127.06030097868872,37.619768774297384],[127.06029984329551,37.619765351138],[127.06028771675469,37.619756878953375],[127.06043961973282,37.61948011217349],[127.06040143857983,37.61946823829023],[127.06042383179282,37.619424980061474],[127.06023756021692,37.61936713985594],[127.06025396609378,37.619329650911475],[127.06016660268212,37.61930221446002],[127.06016004510366,37.61931753438387],[127.0599541849269,37.619253495707326],[127.0599568988705,37.61924772808948],[127.05973449448646,37.61917431801473],[127.05946258821686,37.61967981167586],[127.05949567156381,37.61969087748474],[127.0594942157785,37.61969782475767],[127.05955403611156,37.619715724862296],[127.05954906113668,37.619727169757816]]]]},"properties":{"bld_nm":"광운대학교","dong_nm":"비마관","usability":"10000","grnd_flr":"8","ugrnd_flr":"0","archarea":"3336.18","height":"31.6","vl_rat":"0","bc_rat":"0","totalarea":"15899.31","platarea":"0","useapr_day":"19880824","strct_cd":"21","school_name":"학교"},"id":"LT_C_BLDGINFO.7058119"},{"type":"Feature","geometry":{"type":"MultiPolygon","coordinates":[[[[127.0584662420022,37.61112020313063],[127.0584894156404,37.61106252912585],[127.05833863897058,37.611020354783925],[127.05831490011055,37.61107956070023],[127.0584662420022,37.61112020313063]]]]},"properties":{"bld_nm":"석관초등학교","dong_nm":"","usability":"10000","grnd_flr":"1","ugrnd_flr":"0","archarea":"","height":"","vl_rat":"","bc_rat":"","totalarea":"13.76","platarea":"0","useapr_day":"20030327","strct_cd":"31","school_name":"석관초등학교"},"id":"LT_C_BLDGINFO.7059316"},{"type":"Feature","geometry":{"type":"MultiPolygon","coordinates":[[[[127.05959197437421,37.610778083450896],[127.05947314467966,37.61074723819127],[127.05929531859044,37.611153848273446],[127.05924547573923,37.61114107872454],[127.05927182393854,37.61108853860875],[127.05926354443233,37.61107331607128],[127.0583546720941,37.61080671531552],[127.05831712974864,37.61088394751312],[127.05833356966622,37.61090727502397],[127.05920041334349,37.61115894019158],[127.0591842447579,37.6111940863735],[127.05926331583301,37.611217112841125],[127.05925134125131,37.61125676188757],[127.05936541501366,37.61128778989502],[127.05959197437421,37.610778083450896]]]]},"properties":{"bld_nm":"석관초등학교","dong_nm":"(본관동)","usability":"10000","grnd_flr":"4","ugrnd_flr":"1","archarea":"","height":"13.2","vl_rat":"","bc_rat":"","totalarea":"6714.53","platarea":"","useapr_day":"19970613","strct_cd":"21","school_name":"석관초등학교"},"id":"LT_C_BLDGINFO.7059352"},{"type":"Feature","geometry":{"type":"MultiPolygon","coordinates":[[[[127.05938499861352,37.61070493530505],[127.05951583405063,37.61073667573628],[127.05951335297983,37.61075028177803],[127.05966185910121,37.61078533798487],[127.05972979896852,37.61062222681992],[127.05963940328151,37.61059983692682],[127.05964324690054,37.6105907351193],[127.05955918114286,37.610552304573616],[127.05949438063028,37.61052891089957],[127.05946039893205,37.6105225306174],[127.05938499861352,37.61070493530505]]]]},"properties":{"bld_nm":"석관초등학교","dong_nm":"","usability":"10000","grnd_flr":"1","ugrnd_flr":"0","archarea":"","height":"","vl_rat":"","bc_rat":"","totalarea":"230.4","platarea":"0","useapr_day":"20030327","strct_cd":"31","school_name":"석관초등학교"},"id":"LT_C_BLDGINFO.7059370"},{"type":"Feature","geometry":{"type":"MultiPolygon","coordinates":[[[[127.0610843502754,37.619893248354],[127.06098394529755,37.6195630807215],[127.06072470817284,37.619609530456415],[127.06066304634592,37.619698037635786],[127.06068938260354,37.61977082363747],[127.06075167434692,37.61976241327272],[127.06082387303097,37.61994842942864],[127.0610843502754,37.619893248354]]]]},"properties":{"bld_nm":"광운대학교","dong_nm":"중앙도서관","usability":"10000","grnd_flr":"9","ugrnd_flr":"1","archarea":"1603.38","height":"0","vl_rat":"0","bc_rat":"0","totalarea":"8369.23","platarea":"0","useapr_day":"19811208","strct_cd":"21","school_name":"학교"},"id":"LT_C_BLDGINFO.7059449"},{"type":"Feature","geometry":{"type":"MultiPolygon","coordinates":[[[[127.0694766724427,37.62070049715312],[127.06944645970428,37.62069687458789],[127.06943894874956,37.62073305326],[127.06946916149404,37.62073666681733],[127.0694766724427,37.62070049715312]]]]},"properties":{"bld_nm":"","dong_nm":"","usability":"","grnd_flr":"0","ugrnd_flr":"0","archarea":"0","height":"0","vl_rat":"0","bc_rat":"0","totalarea":"0","platarea":"0","useapr_day":"","strct_cd":"","school_name":"학교"},"id":"LT_C_BLDGINFO.7059664"},{"type":"Feature","geometry":{"type":"MultiPolygon","coordinates":[[[[127.05594620060556,37.619683305774274],[127.05609656810297,37.619623987867705],[127.05608028350446,37.61959787597946],[127.05592991604667,37.61965719386549],[127.05594620060556,37.619683305774274]]]]},"properties":{"bld_nm":"","dong_nm":"","usability":"","grnd_flr":"0","ugrnd_flr":"0","archarea":"0","height":"0","vl_rat":"0","bc_rat":"0","totalarea":"0","platarea":"0","useapr_day":"","strct_cd":"","school_name":"학교"},"id":"LT_C_BLDGINFO.7059665"},{"type":"Feature","geometry":{"type":"MultiPolygon","coordinates":[[[[127.05627143371994,37.6195467108785],[127.05624782753993,37.61951469197892],[127.05612384839041,37.61956881723574],[127.05614744320748,37.61960083616509],[127.05627143371994,37.6195467108785]]]]},"properties":{"bld_nm":"","dong_nm":"","usability":"","grnd_flr":"0","ugrnd_flr":"0","archarea":"0","height":"0","vl_rat":"0","bc_rat":"0","totalarea":"0","platarea":"0","useapr_day":"","strct_cd":"","school_name":"학교"},"id":"LT_C_BLDGINFO.7059666"},{"type":"Feature","geometry":{"type":"MultiPolygon","coordinates":[[[[127.05763502347362,37.61955484591471],[127.05770306662477,37.61961791819881],[127.05782356876519,37.61953564631872],[127.05792304548528,37.61955521315715],[127.05792364435025,37.61955327576334],[127.05788583489365,37.619493135374746],[127.0578958427509,37.619486301163725],[127.05784821447735,37.61944326605855],[127.05778816649126,37.61933287055863],[127.05775311445977,37.619354258519174],[127.05756048559816,37.61948577614629],[127.05736486345673,37.619614240549616],[127.05736815755385,37.61962664548907],[127.05735568698987,37.619627209997766],[127.05734769178035,37.61962938514277],[127.05733782948771,37.619634056885694],[127.05733001847145,37.61964019625554],[127.05731357970213,37.619650880644706],[127.05727097701494,37.61967858790216],[127.05728257689616,37.61969517847796],[127.05722294325157,37.61971420831437],[127.0572547274154,37.61977580233719],[127.05717880655693,37.61979626339084],[127.05718801816802,37.61981517062122],[127.05706698303452,37.61985247417632],[127.05706126088567,37.61984976491901],[127.05705539948097,37.619857804421194],[127.05706377646324,37.619866314741955],[127.05717766167432,37.62014460991191],[127.0574737479419,37.62006557106201],[127.05748696847526,37.62009831542311],[127.05771005682152,37.620041303503285],[127.05771658564122,37.620047219834426],[127.05772799524928,37.62005159316445],[127.05774060503477,37.62005531721586],[127.05775520655915,37.620056625689905],[127.05776963633251,37.62005548357785],[127.0577842893463,37.62004996259383],[127.05779534996705,37.62004215483141],[127.05780333887115,37.620031573513934],[127.05781117588916,37.62001484758333],[127.05784667847703,37.62000473966506],[127.05787150440052,37.61994085732579],[127.05790271542537,37.619932625478555],[127.05782433801457,37.61974463733394],[127.05784828732466,37.619735021455675],[127.05778215510854,37.61965281152487],[127.05776404937605,37.61966089293853],[127.05769995416543,37.619621181229135],[127.05766078819322,37.619639787090584],[127.05765979174586,37.61964022003515],[127.05765256853346,37.61962966398237],[127.0576448265518,37.61962212645974],[127.05763545594786,37.61961786026943],[127.05762592798622,37.619615215917655],[127.05761173418546,37.61961372703765],[127.05759977342652,37.61961440845726],[127.05758680580628,37.6196167391479],[127.05757570902041,37.61962158268342],[127.05756516925584,37.61962909285499],[127.0575582775818,37.61963768246966],[127.057553300014,37.61964607295942],[127.05755041994122,37.61965713836452],[127.05750722762436,37.619668790518915],[127.05752212616264,37.61970375950343],[127.05745971581015,37.619720583375475],[127.05744338756253,37.6196822273749],[127.05763502347362,37.61955484591471]]]]},"properties":{"bld_nm":"광운대학교","dong_nm":"연구\u001a문화관","usability":"Z8000","grnd_flr":"10","ugrnd_flr":"2","archarea":"3987.53","height":"34.6","vl_rat":"117.79","bc_rat":"36.84","totalarea":"23256.95","platarea":"10824","useapr_day":"19971209","strct_cd":"21","school_name":"학교"},"id":"LT_C_BLDGINFO.7060015"},{"type":"Feature","geometry":{"type":"MultiPolygon","coordinates":[[[[127.07368547496928,37.6191590432675],[127.07370399818969,37.619104342436245],[127.07365675501951,37.61909391995251],[127.07364049601229,37.61914744811839],[127.07368547496928,37.6191590432675]]]]},"properties":{"bld_nm":"","dong_nm":"","usability":"","grnd_flr":"0","ugrnd_flr":"0","archarea":"0","height":"0","vl_rat":"0","bc_rat":"0","totalarea":"0","platarea":"0","useapr_day":"","strct_cd":"","school_name":"공릉초등학교"},"id":"LT_C_BLDGINFO.7060364"},{"type":"Feature","geometry":{"type":"MultiPolygon","coordinates":[[[[127.06887461997283,37.62057001099457],[127.06888119050345,37.62057090822435],[127.06885653927263,37.62061732276654],[127.06905039797707,37.62067460442242],[127.06907030093168,37.620638373632985],[127.06934462392351,37.62072885488338],[127.06939889276191,37.62062979696275],[127.06836123172702,37.62028064680095],[127.0683077437271,37.62038014528904],[127.06872925151794,37.62052369339973],[127.06870889704689,37.62056181644766],[127.06885653269094,37.620610024831734],[127.06887461997283,37.62057001099457]]]]},"properties":{"bld_nm":"서울한천초등학교","dong_nm":"교사1동","usability":"10000","grnd_flr":"4","ugrnd_flr":"1","archarea":"1228.5","height":"16.65","vl_rat":"64.55","bc_rat":"16.96","totalarea":"4792.5","platarea":"11790.2","useapr_day":"19970203","strct_cd":"21","school_name":"학교"},"id":"LT_C_BLDGINFO.7060407"},{"type":"Feature","geometry":{"type":"MultiPolygon","coordinates":[[[[127.0566062155739,37.619335149064895],[127.05658174093365,37.619323627938655],[127.0565592223594,37.619353460891595],[127.05657893969992,37.619364984242075],[127.0566062155739,37.619335149064895]]]]},"properties":{"bld_nm":"","dong_nm":"","usability":"","grnd_flr":"0","ugrnd_flr":"0","archarea":"0","height":"0","vl_rat":"0","bc_rat":"0","totalarea":"0","platarea":"0","useapr_day":"","strct_cd":"","school_name":"학교"},"id":"LT_C_BLDGINFO.7060478"},{"type":"Feature","geometry":{"type":"MultiPolygon","coordinates":[[[[127.05817901599599,37.617948399221994],[127.0585484655849,37.61834231013635],[127.05864414119566,37.6182809971918],[127.05827298265025,37.61788915965005],[127.05817901599599,37.617948399221994]]]]},"properties":{"bld_nm":"","dong_nm":"","usability":"","grnd_flr":"0","ugrnd_flr":"0","archarea":"0","height":"0","vl_rat":"0","bc_rat":"0","totalarea":"0","platarea":"0","useapr_day":"19970203","strct_cd":"","school_name":"학교"},"id":"LT_C_BLDGINFO.7060488"},{"type":"Feature","geometry":{"type":"MultiPolygon","coordinates":[[[[127.0567611464457,37.62094442548247],[127.05676150993976,37.6208233335899],[127.05641250788857,37.62082142418931],[127.05641123970915,37.620945309540026],[127.0567611464457,37.62094442548247]]]]},"properties":{"bld_nm":"","dong_nm":"","usability":"","grnd_flr":"0","ugrnd_flr":"0","archarea":"0","height":"0","vl_rat":"0","bc_rat":"0","totalarea":"0","platarea":"0","useapr_day":"","strct_cd":"","school_name":"학교"},"id":"LT_C_BLDGINFO.7060491"},{"type":"Feature","geometry":{"type":"MultiPolygon","coordinates":[[[[127.06093254333638,37.6201321747281],[127.06106786614761,37.62010210388269],[127.06104993108055,37.62005400058937],[127.06091765732651,37.62008659262434],[127.06093254333638,37.6201321747281]]]]},"properties":{"bld_nm":"","dong_nm":"","usability":"","grnd_flr":"0","ugrnd_flr":"0","archarea":"0","height":"0","vl_rat":"0","bc_rat":"0","totalarea":"0","platarea":"0","useapr_day":"","strct_cd":"","school_name":"학교"},"id":"LT_C_BLDGINFO.7060590"},{"type":"Feature","geometry":{"type":"MultiPolygon","coordinates":[[[[127.06106148382456,37.62032284724327],[127.06107706572793,37.6202608519461],[127.06103345146991,37.620254476989814],[127.0610150388428,37.62031782517869],[127.06106148382456,37.62032284724327]]]]},"properties":{"bld_nm":"","dong_nm":"","usability":"","grnd_flr":"0","ugrnd_flr":"0","archarea":"0","height":"0","vl_rat":"0","bc_rat":"0","totalarea":"0","platarea":"0","useapr_day":"","strct_cd":"","school_name":"학교"},"id":"LT_C_BLDGINFO.7060591"},{"type":"Feature","geometry":{"type":"MultiPolygon","coordinates":[[[[127.06081415915881,37.61928396137012],[127.06098126890113,37.61933144003942],[127.0609904376731,37.61932386718478],[127.06102125412583,37.61933295155234],[127.06105394127839,37.61927320007294],[127.06109348195136,37.61928543345133],[127.06122159765997,37.61901254285513],[127.06121468856047,37.61901290674233],[127.06122428087015,37.61898263795985],[127.0611369476441,37.61896457240551],[127.06113037738514,37.61897791023373],[127.06110873884089,37.61897260537768],[127.06101512250159,37.619171859363874],[127.06091926311518,37.61914352677143],[127.06094496880941,37.618993230309336],[127.06082715620472,37.61897662143818],[127.06078315743659,37.619198374802856],[127.0608112511366,37.61920214480884],[127.06078435530782,37.61926622702892],[127.06081630274944,37.619273229617605],[127.06081415915881,37.61928396137012]]]]},"properties":{"bld_nm":"","dong_nm":"","usability":"","grnd_flr":"0","ugrnd_flr":"0","archarea":"0","height":"0","vl_rat":"0","bc_rat":"0","totalarea":"0","platarea":"0","useapr_day":"","strct_cd":"","school_name":"학교"},"id":"LT_C_BLDGINFO.7060664"},{"type":"Feature","geometry":{"type":"MultiPolygon","coordinates":[[[[127.06945750502705,37.620797976210525],[127.06942940710519,37.620790703454354],[127.06940939346255,37.62082962829734],[127.06943896475309,37.6208378102001],[127.06945750502705,37.620797976210525]]]]},"properties":{"bld_nm":"","dong_nm":"","usability":"","grnd_flr":"0","ugrnd_flr":"0","archarea":"0","height":"0","vl_rat":"0","bc_rat":"0","totalarea":"0","platarea":"0","useapr_day":"","strct_cd":"","school_name":"학교"},"id":"LT_C_BLDGINFO.7060807"},{"type":"Feature","geometry":{"type":"MultiPolygon","coordinates":[[[[127.05850282182374,37.61963768066105],[127.05832691088388,37.61935062305258],[127.05836825867476,37.61920779776153],[127.05862426026775,37.61907756359366],[127.05854319139333,37.61898543250325],[127.05818293132089,37.61918238914737],[127.05815189580531,37.61933196677833],[127.05837747463539,37.61969324150304],[127.05850282182374,37.61963768066105]]]]},"properties":{"bld_nm":"광운대학교","dong_nm":"복지관","usability":"10000","grnd_flr":"5","ugrnd_flr":"1","archarea":"1181.49","height":"24.61","vl_rat":"0","bc_rat":"0","totalarea":"5483.29","platarea":"0","useapr_day":"19880824","strct_cd":"21","school_name":"학교"},"id":"LT_C_BLDGINFO.7060895"},{"type":"Feature","geometry":{"type":"MultiPolygon","coordinates":[[[[127.05698941298908,37.62022992226084],[127.05700845234348,37.62024324781676],[127.05703246716843,37.62024521867904],[127.0570581769645,37.620241692759706],[127.057073230749,37.62022663930522],[127.05707842764954,37.6202084370591],[127.05707658998372,37.62018960743845],[127.05705495084096,37.62016835449118],[127.05703501189248,37.62016384996184],[127.05700894670524,37.62016161877988],[127.05699888111721,37.62016720958945],[127.05698437860684,37.62017721728646],[127.05697726641107,37.62019406895834],[127.05697807188528,37.62021100700724],[127.05698941298908,37.62022992226084]]]]},"properties":{"bld_nm":"","dong_nm":"","usability":"","grnd_flr":"0","ugrnd_flr":"0","archarea":"0","height":"0","vl_rat":"0","bc_rat":"0","totalarea":"0","platarea":"0","useapr_day":"","strct_cd":"","school_name":"학교"},"id":"LT_C_BLDGINFO.7060958"},{"type":"Feature","geometry":{"type":"MultiPolygon","coordinates":[[[[127.05835697076078,37.61781559020845],[127.05842094279083,37.617918190074185],[127.05846680203717,37.61789995913754],[127.05840973636603,37.61779358986861],[127.05835697076078,37.61781559020845]]]]},"properties":{"bld_nm":"","dong_nm":"","usability":"","grnd_flr":"0","ugrnd_flr":"0","archarea":"0","height":"0","vl_rat":"0","bc_rat":"0","totalarea":"0","platarea":"0","useapr_day":"","strct_cd":"","school_name":"학교"},"id":"LT_C_BLDGINFO.7061047"},{"type":"Feature","geometry":{"type":"MultiPolygon","coordinates":[[[[127.06006671641899,37.61903512338901],[127.0599265835887,37.61915511330981],[127.06003969088961,37.61923795647638],[127.06017789769174,37.619117417782306],[127.06006671641899,37.61903512338901]]]]},"properties":{"bld_nm":"광운대학교","dong_nm":"다산재","usability":"10000","grnd_flr":"4","ugrnd_flr":"0","archarea":"217.44","height":"12.3","vl_rat":"218.82","bc_rat":"59.67","totalarea":"797.46","platarea":"364.43","useapr_day":"20001209","strct_cd":"31","school_name":"학교"},"id":"LT_C_BLDGINFO.7061076"},{"type":"Feature","geometry":{"type":"MultiPolygon","coordinates":[[[[127.05717304542235,37.62025793737612],[127.05715321757182,37.62025055868763],[127.05709111822307,37.62036637290729],[127.05722559549564,37.62039973586948],[127.05730422436046,37.620273462397485],[127.05729354361269,37.62022886892722],[127.05717304542235,37.62025793737612]]]]},"properties":{"bld_nm":"","dong_nm":"","usability":"","grnd_flr":"0","ugrnd_flr":"0","archarea":"0","height":"0","vl_rat":"0","bc_rat":"0","totalarea":"0","platarea":"0","useapr_day":"","strct_cd":"","school_name":"학교"},"id":"LT_C_BLDGINFO.7061086"},{"type":"Feature","geometry":{"type":"MultiPolygon","coordinates":[[[[127.06072902965991,37.62004551261917],[127.06076761974725,37.62014406048345],[127.06081881108369,37.62013538536206],[127.06078260039426,37.62003782739777],[127.06072902965991,37.62004551261917]]]]},"properties":{"bld_nm":"","dong_nm":"","usability":"","grnd_flr":"0","ugrnd_flr":"0","archarea":"0","height":"0","vl_rat":"0","bc_rat":"0","totalarea":"0","platarea":"0","useapr_day":"","strct_cd":"","school_name":"학교"},"id":"LT_C_BLDGINFO.7061103"},{"type":"Feature","geometry":{"type":"MultiPolygon","coordinates":[[[[127.06942634418226,37.62078565071886],[127.06919473776554,37.62071020054752],[127.06917517523752,37.620747061848355],[127.06940848263007,37.620824502244915],[127.06942634418226,37.62078565071886]]]]},"properties":{"bld_nm":"서울한천초등학교","dong_nm":"창고3","usability":"10000","grnd_flr":"1","ugrnd_flr":"0","archarea":"36","height":"16.65","vl_rat":"0","bc_rat":"0","totalarea":"36","platarea":"0","useapr_day":"19970203","strct_cd":"11","school_name":"학교"},"id":"LT_C_BLDGINFO.7061172"},{"type":"Feature","geometry":{"type":"MultiPolygon","coordinates":[[[[127.0690961525103,37.62066682980251],[127.06907082110223,37.620712523994115],[127.06917098436405,37.62074724444686],[127.06919303020463,37.62070083133419],[127.0690961525103,37.62066682980251]]]]},"properties":{"bld_nm":"서울한천초등학교","dong_nm":"창고1","usability":"10000","grnd_flr":"1","ugrnd_flr":"0","archarea":"28.08","height":"16.65","vl_rat":"0","bc_rat":"0","totalarea":"28.08","platarea":"0","useapr_day":"19970203","strct_cd":"11","school_name":"학교"},"id":"LT_C_BLDGINFO.7061173"},{"type":"Feature","geometry":{"type":"MultiPolygon","coordinates":[[[[127.0594210912068,37.618912106719456],[127.05935083171562,37.619015753911995],[127.05940204772713,37.61903969488042],[127.05947502946076,37.61894100171301],[127.0594210912068,37.618912106719456]]]]},"properties":{"bld_nm":"","dong_nm":"","usability":"","grnd_flr":"0","ugrnd_flr":"0","archarea":"0","height":"0","vl_rat":"0","bc_rat":"0","totalarea":"0","platarea":"0","useapr_day":"","strct_cd":"","school_name":"학교"},"id":"LT_C_BLDGINFO.7061190"},{"type":"Feature","geometry":{"type":"MultiPolygon","coordinates":[[[[127.06846590577248,37.61992766453296],[127.06847395028701,37.61993027281171],[127.06835941216272,37.62014603238979],[127.06848416710277,37.620195335376685],[127.06875643601292,37.61966774677227],[127.06863735043643,37.619624207117695],[127.06857345491237,37.61973757774114],[127.06853209731696,37.61972184308913],[127.06849048469287,37.6198006123809],[127.0685339935689,37.61981536375725],[127.06849577180115,37.61988611240041],[127.0684884181565,37.619883413633126],[127.06846590577248,37.61992766453296]]]]},"properties":{"bld_nm":"서울한천초등학교","dong_nm":"교사2동","usability":"10000","grnd_flr":"4","ugrnd_flr":"0","archarea":"670.5","height":"16.65","vl_rat":"64.55","bc_rat":"16.96","totalarea":"2767.5","platarea":"11790.2","useapr_day":"19970203","strct_cd":"21","school_name":"학교"},"id":"LT_C_BLDGINFO.7061319"},{"type":"Feature","geometry":{"type":"MultiPolygon","coordinates":[[[[127.06901156687194,37.620384475011114],[127.0689596486774,37.62036507055126],[127.06894116062524,37.620400192309816],[127.06899501593242,37.62041977586614],[127.06901156687194,37.620384475011114]]]]},"properties":{"bld_nm":"","dong_nm":"","usability":"","grnd_flr":"0","ugrnd_flr":"0","archarea":"0","height":"0","vl_rat":"0","bc_rat":"0","totalarea":"0","platarea":"0","useapr_day":"","strct_cd":"","school_name":"학교"},"id":"LT_C_BLDGINFO.7061333"},{"type":"Feature","geometry":{"type":"MultiPolygon","coordinates":[[[[127.06900814106908,37.62045410471236],[127.06889719101292,37.62041508359366],[127.06887482031476,37.620453072674955],[127.06898644825806,37.62049012028045],[127.06900814106908,37.62045410471236]]]]},"properties":{"bld_nm":"","dong_nm":"","usability":"","grnd_flr":"0","ugrnd_flr":"0","archarea":"0","height":"0","vl_rat":"0","bc_rat":"0","totalarea":"0","platarea":"0","useapr_day":"19970203","strct_cd":"","school_name":"학교"},"id":"LT_C_BLDGINFO.7061334"},{"type":"Feature","geometry":{"type":"MultiPolygon","coordinates":[[[[127.05281165847238,37.630194090693585],[127.05296558081224,37.630172684909326],[127.05296865368845,37.63018665955055],[127.0530193373587,37.63017961161007],[127.05301626447331,37.63016563697008],[127.05293081735417,37.62977704247536],[127.05272621465372,37.629805499654736],[127.05281165847238,37.630194090693585]]]]},"properties":{"bld_nm":"신계초등학교","dong_nm":"체육관겸정보화관","usability":"","grnd_flr":"3","ugrnd_flr":"0","archarea":"0","height":"0","vl_rat":"0","bc_rat":"0","totalarea":"0","platarea":"0","useapr_day":"","strct_cd":"","school_name":"월계중학교,신계초등학교"},"id":"LT_C_BLDGINFO.14498382"},{"type":"Feature","geometry":{"type":"MultiPolygon","coordinates":[[[[127.05294647031637,37.62963782002473],[127.05293513731321,37.629611521789755],[127.05290095891091,37.62962083838134],[127.05291229190343,37.62964713661967],[127.05294647031637,37.62963782002473]]]]},"properties":{"bld_nm":"","dong_nm":"","usability":"","grnd_flr":"1","ugrnd_flr":"0","archarea":"0","height":"0","vl_rat":"0","bc_rat":"0","totalarea":"0","platarea":"0","useapr_day":"","strct_cd":"","school_name":"월계중학교,신계초등학교"},"id":"LT_C_BLDGINFO.14563365"},{"type":"Feature","geometry":{"type":"MultiPolygon","coordinates":[[[[127.05861274542258,37.61862886274521],[127.05858238028391,37.61861671419567],[127.05855024869683,37.61866457178773],[127.05857834821137,37.61867636104865],[127.05861274542258,37.61862886274521]]]]},"properties":{"bld_nm":"선곡초등학교","dong_nm":"","usability":"","grnd_flr":"0","ugrnd_flr":"0","archarea":"0","height":"0","vl_rat":"0","bc_rat":"0","totalarea":"0","platarea":"0","useapr_day":"","strct_cd":"","school_name":"학교"},"id":"LT_C_BLDGINFO.14578608"},{"type":"Feature","geometry":{"type":"MultiPolygon","coordinates":[[[[127.04927998196366,37.6302572667228],[127.04926943301803,37.630236368286944],[127.0492036263428,37.630255675840466],[127.04921338284808,37.63027747558105],[127.04927998196366,37.6302572667228]]]]},"properties":{"bld_nm":"염광 중/고등/여자메디텍고등학교","dong_nm":"","usability":"","grnd_flr":"0","ugrnd_flr":"0","archarea":"0","height":"0","vl_rat":"0","bc_rat":"0","totalarea":"0","platarea":"0","useapr_day":"","strct_cd":"","school_name":"염광여중,고, 염광여상"},"id":"LT_C_BLDGINFO.14601720"},{"type":"Feature","geometry":{"type":"MultiPolygon","coordinates":[[[[127.0533713307306,37.63038692942103],[127.05340462667047,37.630382132391155],[127.05339681100631,37.63034780854154],[127.0533635128155,37.6303526055703],[127.0533713307306,37.63038692942103]]]]},"properties":{"bld_nm":"","dong_nm":"","usability":"","grnd_flr":"1","ugrnd_flr":"0","archarea":"0","height":"0","vl_rat":"0","bc_rat":"0","totalarea":"0","platarea":"0","useapr_day":"","strct_cd":"","school_name":"월계중학교,신계초등학교"},"id":"LT_C_BLDGINFO.14640036"},{"type":"Feature","geometry":{"type":"MultiPolygon","coordinates":[[[[127.06841697455638,37.62029592286749],[127.0684695544097,37.62019444268742],[127.06841358275564,37.62017654492294],[127.06835952951502,37.620277124932784],[127.06841697455638,37.62029592286749]]]]},"properties":{"bld_nm":"","dong_nm":"","usability":"","grnd_flr":"0","ugrnd_flr":"0","archarea":"0","height":"0","vl_rat":"0","bc_rat":"0","totalarea":"0","platarea":"0","useapr_day":"","strct_cd":"","school_name":"학교"},"id":"LT_C_BLDGINFO.7061383"},{"type":"Feature","geometry":{"type":"MultiPolygon","coordinates":[[[[127.06822754991663,37.62038226290132],[127.0681718072142,37.620367157931646],[127.06815235585279,37.62040212694424],[127.06821104434155,37.620418041140326],[127.06822754991663,37.62038226290132]]]]},"properties":{"bld_nm":"","dong_nm":"","usability":"","grnd_flr":"0","ugrnd_flr":"0","archarea":"0","height":"0","vl_rat":"0","bc_rat":"0","totalarea":"0","platarea":"0","useapr_day":"","strct_cd":"","school_name":"학교"},"id":"LT_C_BLDGINFO.7061524"},{"type":"Feature","geometry":{"type":"MultiPolygon","coordinates":[[[[127.06002604359793,37.62015074633239],[127.06002582567014,37.620161738398586],[127.06005958604031,37.62016910969404],[127.06005653748701,37.62018154473261],[127.06009947538982,37.62019224509065],[127.06014500204685,37.6200521200647],[127.06010978060614,37.62004483961693],[127.06010535845652,37.620053401124174],[127.0600708192545,37.62004945395281],[127.06006741921695,37.620061438676245],[127.06002867549874,37.62005470053979],[127.05999919266127,37.620143281505605],[127.06002604359793,37.62015074633239]]]]},"properties":{"bld_nm":"","dong_nm":"","usability":"","grnd_flr":"0","ugrnd_flr":"0","archarea":"0","height":"0","vl_rat":"0","bc_rat":"0","totalarea":"0","platarea":"0","useapr_day":"19880824","strct_cd":"","school_name":"학교"},"id":"LT_C_BLDGINFO.7061538"},{"type":"Feature","geometry":{"type":"MultiPolygon","coordinates":[[[[127.05048705201204,37.630215849763374],[127.0504893165432,37.63021404686634],[127.05048704964773,37.630212245849705],[127.05048478511657,37.6302140487467],[127.05048705201204,37.630215849763374]]]]},"properties":{"bld_nm":"","dong_nm":"정보종합센타","usability":"10000","grnd_flr":"4","ugrnd_flr":"1","archarea":"533.58","height":"17.9","vl_rat":"0","bc_rat":"0","totalarea":"1763.65","platarea":"0","useapr_day":"20140409","strct_cd":"42","school_name":"염광여중,고, 염광여상"},"id":"LT_C_BLDGINFO.7061977"},{"type":"Feature","geometry":{"type":"MultiPolygon","coordinates":[[[[127.04871889766846,37.628402530503266],[127.04872116218739,37.6284007276396],[127.04871889538965,37.62839892658841],[127.0487166308707,37.628400729452025],[127.04871889766846,37.628402530503266]]]]},"properties":{"bld_nm":"신창중학교","dong_nm":"강당겸체육관","usability":"10000","grnd_flr":"2","ugrnd_flr":"0","archarea":"873.3","height":"12","vl_rat":"0","bc_rat":"0","totalarea":"997.26","platarea":"0","useapr_day":"20130829","strct_cd":"21","school_name":"신창중학교"},"id":"LT_C_BLDGINFO.7062709"},{"type":"Feature","geometry":{"type":"MultiPolygon","coordinates":[[[[127.06847562448164,37.629286718275395],[127.06865936172407,37.62933872648782],[127.06870349089563,37.629293841640475],[127.06882879265272,37.62932931384544],[127.06888007502099,37.6292147251362],[127.06891848817922,37.629225605045086],[127.06894469454723,37.62916703546517],[127.06850928979117,37.62904379529609],[127.06843180021548,37.62921694431041],[127.06847706873747,37.62922975757987],[127.06847562448164,37.629286718275395]]]]},"properties":{"bld_nm":"서울용원초등학교","dong_nm":"강당겸체육관","usability":"10000","grnd_flr":"3","ugrnd_flr":"0","archarea":"931.2","height":"17","vl_rat":"0","bc_rat":"0","totalarea":"1227.04","platarea":"0","useapr_day":"20130826","strct_cd":"21","school_name":"용원초등학교"},"id":"LT_C_BLDGINFO.7062907"},{"type":"Feature","geometry":{"type":"MultiPolygon","coordinates":[[[[127.06822153047858,37.62966997634384],[127.0683816085918,37.629715286065135],[127.0683759104373,37.62972802012224],[127.06837057336315,37.62972650950178],[127.06836105032359,37.62973122701484],[127.06835157812282,37.62974211620222],[127.06834989172405,37.629756496776835],[127.0683534788775,37.62976470266084],[127.06835881595407,37.629766213282096],[127.06835311779177,37.629778947338025],[127.06854521872579,37.62983332055997],[127.06855281623685,37.629816341806475],[127.06857949033176,37.62982389487149],[127.06857189282599,37.62984087362665],[127.06873197151789,37.6298861828708],[127.06872437403237,37.62990315262579],[127.06875105950417,37.629910705645415],[127.0687415626592,37.62993192910279],[127.06907773216155,37.630027078677585],[127.06914039938299,37.6298870307037],[127.06910837678056,37.62987796718512],[127.06912357156011,37.62984401861533],[127.06908088611448,37.62983193390921],[127.06908658416471,37.62981920882816],[127.06880564475738,37.629739686804285],[127.0688239713247,37.62969873588219],[127.06892535324131,37.62972742824333],[127.06895706563787,37.6296565571614],[127.06885568380538,37.62962786482707],[127.06887401031788,37.62958691389645],[127.06913360087384,37.629660384407906],[127.06917917367583,37.62955853868534],[127.06891771374679,37.629484528753274],[127.06896899609283,37.62936994901819],[127.06923045567106,37.62944395883845],[127.069276028201,37.62934210406518],[127.06905191699121,37.62927866848613],[127.06903672229372,37.629312617049834],[127.06893214546129,37.629283016618885],[127.06890175594995,37.62935092272316],[127.06884305965464,37.62933430613857],[127.06874621521204,37.62955074039835],[127.06869071423868,37.62953503190665],[127.06867173192467,37.62957746979722],[127.0686237096368,37.62956387431784],[127.06859443789693,37.6295650171834],[127.06857128585277,37.629581356075114],[127.06856591146098,37.62960135184595],[127.06857863080715,37.62962375195838],[127.06859331973072,37.62963178033982],[127.06864134204868,37.62964536682159],[127.06862234835019,37.62968780470993],[127.06832354039975,37.629603228195535],[127.06831784224387,37.629615962250135],[127.06827515705868,37.62960387725187],[127.06825996194179,37.629637825714056],[127.06823862501012,37.6296317832032],[127.06822153047858,37.62966997634384]]]]},"properties":{"bld_nm":"서울용원초등학교","dong_nm":"교사동","usability":"10000","grnd_flr":"4","ugrnd_flr":"1","archarea":"3263.75","height":"19.8","vl_rat":"0","bc_rat":"0","totalarea":"7527.29","platarea":"0","useapr_day":"19951127","strct_cd":"21","school_name":"용원초등학교"},"id":"LT_C_BLDGINFO.7062910"},{"type":"Feature","geometry":{"type":"MultiPolygon","coordinates":[[[[127.07478085092764,37.62746788721244],[127.07481054181314,37.62747922111082],[127.07484085381057,37.62743090980678],[127.07486452741149,37.627440175178585],[127.07488704012572,37.62740934770223],[127.0748928201318,37.62741204704546],[127.07494588525623,37.62733560200949],[127.07490847384369,37.62731805619148],[127.07493132191615,37.62728272360243],[127.0749401605943,37.627285511138425],[127.07500005223545,37.627193294695985],[127.0751968050906,37.62688973128132],[127.07508166577387,37.626842862103125],[127.07500005841308,37.6269694104091],[127.07473408289677,37.62738151235284],[127.07473941065365,37.627385112963175],[127.07472110035945,37.62741566751101],[127.07376516977456,37.62702406946716],[127.07370692122367,37.62711825742508],[127.07367565576052,37.62716522656494],[127.07385624419254,37.62724269029756],[127.07388841318475,37.62719299959976],[127.07405566036066,37.62726187586793],[127.0740290583483,37.62730483287691],[127.0741730953084,37.62736284842011],[127.0742004078544,37.62737490471976],[127.07420448160379,37.62737040632537],[127.07431191523175,37.62741438896615],[127.07434019944927,37.627377341278425],[127.0747017264654,37.62752839199886],[127.0747060258637,37.62752298345857],[127.07473571605283,37.627533596592926],[127.07478085092764,37.62746788721244]]]]},"properties":{"bld_nm":"서울공연초등학교","dong_nm":"가동(본관동)","usability":"10000","grnd_flr":"4","ugrnd_flr":"0","archarea":"1770.35","height":"16.65","vl_rat":"0","bc_rat":"0","totalarea":"6021.5","platarea":"0","useapr_day":"19970203","strct_cd":"21","school_name":"공연초등학교"},"id":"LT_C_BLDGINFO.7063096"},{"type":"Feature","geometry":{"type":"MultiPolygon","coordinates":[[[[127.05015423844482,37.628107741996864],[127.05014471227031,37.6280917084966],[127.05011832279014,37.62804770654381],[127.05000005111374,37.62809257889814],[127.04998714007382,37.62809744948828],[127.05000006972199,37.62812123002235],[127.05001912412797,37.62815654056878],[127.05015423844482,37.628107741996864]]]]},"properties":{"bld_nm":"","dong_nm":"","usability":"10000","grnd_flr":"1","ugrnd_flr":"0","archarea":"65.49","height":"0","vl_rat":"0","bc_rat":"0","totalarea":"65.49","platarea":"0","useapr_day":"19820624","strct_cd":"11","school_name":"염광여중,고, 염광여상"},"id":"LT_C_BLDGINFO.7063290"},{"type":"Feature","geometry":{"type":"MultiPolygon","coordinates":[[[[127.04910224535428,37.62884396433435],[127.04913711599113,37.62882924629305],[127.04908939027796,37.62877696371763],[127.04919780219163,37.62872311350541],[127.04914662452175,37.62865802943656],[127.04919628369089,37.62863364691377],[127.0492469140381,37.62869311808416],[127.04952099028938,37.62854973324811],[127.04950300341078,37.628535982615205],[127.04954954681328,37.62851115973057],[127.04956412505607,37.628526749741255],[127.0499999653983,37.62830944457256],[127.05000902515253,37.628305026053255],[127.04999996736971,37.62829503791817],[127.04998408527692,37.62827782673407],[127.04999997244195,37.62826796349829],[127.05002236131546,37.62825699839383],[127.05002927589281,37.628263662795895],[127.05006834559336,37.62824391528919],[127.04999998013872,37.62815771970801],[127.04996938059473,37.628119855118875],[127.04912523269013,37.62854528055718],[127.04917196639188,37.62860540203737],[127.04912272754234,37.628631604357864],[127.04907021096932,37.62856292588905],[127.04884559264787,37.62866948486493],[127.04887317993303,37.628709594388305],[127.0488835426186,37.62870526553069],[127.04893525864784,37.62877998997094],[127.04891918725609,37.62878556447709],[127.04893952489459,37.62880850423838],[127.0489678038155,37.62883158495991],[127.0490083329895,37.62884357870506],[127.04906431067454,37.628850250437594],[127.04910224535428,37.62884396433435]]]]},"properties":{"bld_nm":"","dong_nm":"1동","usability":"10000","grnd_flr":"3","ugrnd_flr":"1","archarea":"2041.86","height":"12","vl_rat":"32.27","bc_rat":"16.26","totalarea":"4437.44","platarea":"12554","useapr_day":"19790502","strct_cd":"21","school_name":"염광여중,고, 염광여상"},"id":"LT_C_BLDGINFO.7063292"},{"type":"Feature","geometry":{"type":"MultiPolygon","coordinates":[[[[127.05083618990442,37.63124864928088],[127.0508531865034,37.6312539579494],[127.05086302355203,37.631225302719905],[127.05073193487466,37.631202022119616],[127.05072899932864,37.63121706968494],[127.05051826019749,37.63117913608657],[127.05052572064318,37.6311539956879],[127.05026783758491,37.63110770211096],[127.05026061554818,37.63113374337364],[127.0500529256047,37.631097798846575],[127.05006004826593,37.63107562283524],[127.04999999967923,37.63106565566918],[127.04993088715364,37.63105415151821],[127.04992455769275,37.6310766785781],[127.04989736747522,37.63107461747791],[127.04986751761018,37.63116400678159],[127.04990603960796,37.631170748330895],[127.04990119320013,37.63120922210064],[127.05000000323751,37.631228102095136],[127.05010129466704,37.631247521572355],[127.05009417545543,37.631275004347465],[127.05068934456115,37.63138259596486],[127.05079957359659,37.63138309056939],[127.05083618990442,37.63124864928088]]]]},"properties":{"bld_nm":"","dong_nm":"","usability":"10000","grnd_flr":"5","ugrnd_flr":"1","archarea":"1543.76","height":"21.6","vl_rat":"0","bc_rat":"0","totalarea":"8371.26","platarea":"0","useapr_day":"19950323","strct_cd":"21","school_name":"염광여중,고, 염광여상"},"id":"LT_C_BLDGINFO.7063295"},{"type":"Feature","geometry":{"type":"MultiPolygon","coordinates":[[[[127.05866287156887,37.618867697567346],[127.05866121633976,37.61886572522177],[127.05851920456827,37.618871280868206],[127.05839646660631,37.61879662178231],[127.05838597968314,37.6188137634831],[127.05850374786563,37.618891947812784],[127.05866013035784,37.61889715194319],[127.05866287156887,37.618867697567346]]]]},"properties":{"bld_nm":"선곡초등학교(체육관동)","dong_nm":"","usability":"10000","grnd_flr":"2","ugrnd_flr":"0","archarea":"1053.12","height":"14.3","vl_rat":"0","bc_rat":"0","totalarea":"1885.21","platarea":"0","useapr_day":"20211223","strct_cd":"21","school_name":"학교"},"id":"LT_C_BLDGINFO.7063988"},{"type":"Feature","geometry":{"type":"MultiPolygon","coordinates":[[[[127.05599170325898,37.63244723303686],[127.05602562438865,37.632512538299494],[127.05612710628029,37.63247807400908],[127.0560947704646,37.63241186706371],[127.05599170325898,37.63244723303686]]]]},"properties":{"bld_nm":"","dong_nm":"실습실","usability":"10000","grnd_flr":"1","ugrnd_flr":"0","archarea":"71.25","height":"3.35","vl_rat":"0","bc_rat":"0","totalarea":"71.25","platarea":"0","useapr_day":"19951130","strct_cd":"11","school_name":"고등학교"},"id":"LT_C_BLDGINFO.7142691"},{"type":"Feature","geometry":{"type":"MultiPolygon","coordinates":[[[[127.056556049579,37.62130338166104],[127.05666820883685,37.62131486184462],[127.05669538630433,37.62116627753527],[127.05616749119301,37.62110103093065],[127.05613960466789,37.621226280065954],[127.05623453645637,37.62123966069222],[127.05622674643217,37.62127480252461],[127.0565516458452,37.62132221419696],[127.056556049579,37.62130338166104]]]]},"properties":{"bld_nm":"D동제1실습장(전자실습실)","dong_nm":"","usability":"Z8000","grnd_flr":"5","ugrnd_flr":"0","archarea":"712.84","height":"18.2","vl_rat":"0","bc_rat":"0","totalarea":"3487.54","platarea":"0","useapr_day":"19960423","strct_cd":"21","school_name":"학교"},"id":"LT_C_BLDGINFO.7268779"},{"type":"Feature","geometry":{"type":"MultiPolygon","coordinates":[[[[127.05677641145698,37.62049515361753],[127.0567786755415,37.62049335059713],[127.05677640878986,37.62049154969823],[127.05677414470534,37.62049335271858],[127.05677641145698,37.62049515361753]]]]},"properties":{"bld_nm":"광운중학교","dong_nm":"N동(급식실)","usability":"10000","grnd_flr":"3","ugrnd_flr":"","archarea":"283.72","height":"14.75","vl_rat":"","bc_rat":"","totalarea":"655.17","platarea":"","useapr_day":"20140326","strct_cd":"21","school_name":"학교"},"id":"LT_C_BLDGINFO.7294047"},{"type":"Feature","geometry":{"type":"MultiPolygon","coordinates":[[[[127.05550320053483,37.62132523922332],[127.05542457832233,37.62132527516241],[127.05542620278113,37.62136311558086],[127.05550141599547,37.621363711886104],[127.05550320053483,37.62132523922332]]]]},"properties":{"bld_nm":"Q동(창고)","dong_nm":"","usability":"Z8000","grnd_flr":"1","ugrnd_flr":"0","archarea":"28","height":"3","vl_rat":"0","bc_rat":"0","totalarea":"28","platarea":"0","useapr_day":"20010419","strct_cd":"32","school_name":"학교"},"id":"LT_C_BLDGINFO.7302804"},{"type":"Feature","geometry":{"type":"MultiPolygon","coordinates":[[[[127.04873844754403,37.616702731743125],[127.04860845024845,37.61657251087623],[127.04856214173236,37.61659928847316],[127.04857052958772,37.616609195917775],[127.04809001660423,37.61690409731181],[127.04805793715119,37.61686347573577],[127.0480967712336,37.61683788157275],[127.04799738343638,37.616751057203345],[127.04800689379061,37.616744746592325],[127.04793435980069,37.616673597662455],[127.04792666040936,37.61667784430965],[127.0478035642995,37.61655067416618],[127.04769962575288,37.616613242948695],[127.04772988664058,37.616644134743815],[127.04769535783879,37.61667171826998],[127.04773662789309,37.61672053527195],[127.04771398460727,37.6167363113003],[127.04779195607739,37.616808899802265],[127.04781776928905,37.61679068986761],[127.04795298084761,37.616929027385666],[127.04799294938745,37.61690621684114],[127.0480346543741,37.61694359111053],[127.04788044556028,37.61703843496024],[127.04802052962528,37.617161003318806],[127.04830596182678,37.6169836585948],[127.04829223605171,37.61696879785379],[127.04873844754403,37.616702731743125]]]]},"properties":{"bld_nm":"장곡초등학교","dong_nm":"","usability":"10000","grnd_flr":"6","ugrnd_flr":"1","archarea":"2206.89","height":"24.8","vl_rat":"160.72","bc_rat":"30.72","totalarea":"12177.89","platarea":"7185","useapr_day":"20001227","strct_cd":"21","school_name":"초등학교(국민학교)"},"id":"LT_C_BLDGINFO.7303964"},{"type":"Feature","geometry":{"type":"MultiPolygon","coordinates":[[[[127.05638951088042,37.620817470571644],[127.05675516446821,37.62082026421801],[127.05675655175592,37.62072035388595],[127.05582104136259,37.620716472360655],[127.05582394443944,37.620814497659595],[127.0562487129488,37.62081537359984],[127.05624706862503,37.62089006561138],[127.0563866195191,37.62089054140075],[127.05638951088042,37.620817470571644]]]]},"properties":{"bld_nm":"E동(고등학교본관)","dong_nm":"","usability":"10000","grnd_flr":"5","ugrnd_flr":"0","archarea":"962.7","height":"16.95","vl_rat":"0","bc_rat":"0","totalarea":"4811.54","platarea":"0","useapr_day":"19960423","strct_cd":"21","school_name":"학교"},"id":"LT_C_BLDGINFO.7305051"},{"type":"Feature","geometry":{"type":"MultiPolygon","coordinates":[[[[127.05028977726434,37.61254681223047],[127.05030278402559,37.612519236824525],[127.0503092192372,37.612487789913914],[127.05030681514245,37.61244850811893],[127.05029240616244,37.61241004216862],[127.05031410585232,37.61233966655106],[127.05035738453167,37.612205042025145],[127.05018192569428,37.61217186828583],[127.05018981361552,37.61211023790237],[127.05038328408709,37.61214908035752],[127.05042024827753,37.61204022648825],[127.05000000717462,37.6119578699601],[127.04986429553772,37.6119312565778],[127.04986609949957,37.611918642098104],[127.0498102548443,37.61190551063167],[127.04975497260529,37.6118863513428],[127.04970625707608,37.611863666509365],[127.0496616143272,37.611833952338856],[127.04958365696659,37.61177803316172],[127.04949345713354,37.61188168273307],[127.04960687778633,37.61195858039311],[127.04972118717701,37.612008267939856],[127.04969882420633,37.61208702285082],[127.04974707951575,37.61209835550818],[127.0497098995997,37.61222549917704],[127.0496579066879,37.612214168029304],[127.04960761397919,37.6123807799971],[127.04941085881133,37.61234193760493],[127.04940283455201,37.61236860991066],[127.04935129687742,37.61236080128078],[127.0493212223968,37.6124425324793],[127.04955150822416,37.61249045228092],[127.04952708533092,37.61255425170033],[127.04979905291329,37.612605226402],[127.04982008915101,37.61254142831297],[127.05000008092432,37.612577483866424],[127.050211562975,37.61261983302684],[127.05026420328879,37.6125813393924],[127.05028977726434,37.61254681223047]],[[127.04988046552656,37.61239850793882],[127.04993005490354,37.61219612718099],[127.05000005749464,37.61220987445225],[127.05010710035296,37.61223091339819],[127.05006992133563,37.61235859776593],[127.05000003009631,37.6123421475465],[127.04997182439133,37.612335491866986],[127.04988046552656,37.61239850793882]]]]},"properties":{"bld_nm":"서울장위초등학교","dong_nm":"","usability":"10000","grnd_flr":"5","ugrnd_flr":"1","archarea":"4522.18","height":"20.3","vl_rat":"95.5","bc_rat":"28.63","totalarea":"19666.37","platarea":"15796","useapr_day":"20100305","strct_cd":"42","school_name":"장위초등학교"},"id":"LT_C_BLDGINFO.7308497"},{"type":"Feature","geometry":{"type":"MultiPolygon","coordinates":[[[[127.05544271510732,37.62005749776124],[127.0553584305245,37.619931597227975],[127.05508061486266,37.620044769632216],[127.05516968102674,37.620173326079474],[127.05544271510732,37.62005749776124]]]]},"properties":{"bld_nm":"","dong_nm":"P동(예체능부실)","usability":"10000","grnd_flr":"1","ugrnd_flr":"","archarea":"421.8","height":"4.35","vl_rat":"","bc_rat":"","totalarea":"418.5","platarea":"","useapr_day":"20091202","strct_cd":"21","school_name":"학교"},"id":"LT_C_BLDGINFO.7308514"},{"type":"Feature","geometry":{"type":"MultiPolygon","coordinates":[[[[127.05567241472514,37.62055562560608],[127.05567535127572,37.62054391151682],[127.05567353096764,37.6205329203945],[127.05566173856982,37.620516077476715],[127.0556416828865,37.62050680658081],[127.05562208682028,37.620506545272185],[127.05560963041236,37.62051123607887],[127.05560227126053,37.620516014646384],[127.05559185581481,37.62052358765229],[127.0555327273999,37.62052226325947],[127.05553203786738,37.62050856867694],[127.05545229715013,37.62051139818461],[127.0554524874836,37.62091602826427],[127.05569862642638,37.620915735322875],[127.05570178128674,37.62058047917844],[127.05565079583664,37.620577529341645],[127.05566562571754,37.62056562960067],[127.05567241472514,37.62055562560608]]]]},"properties":{"bld_nm":"S동(다목적실)","dong_nm":"","usability":"Z8000","grnd_flr":"4","ugrnd_flr":"1","archarea":"903.8","height":"18.1","vl_rat":"0","bc_rat":"0","totalarea":"2457.39","platarea":"0","useapr_day":"20040920","strct_cd":"42","school_name":"학교"},"id":"LT_C_BLDGINFO.7308903"},{"type":"Feature","geometry":{"type":"MultiPolygon","coordinates":[[[[127.06000593412747,37.62036258574609],[127.05998472357443,37.62032564706014],[127.05995958518513,37.62033548920488],[127.05991047275093,37.620250812370784],[127.05983902192436,37.6202801385671],[127.05980613449292,37.620230240513855],[127.0595878207209,37.620322608506],[127.05957352732425,37.620295225741536],[127.05925862637444,37.62043062636116],[127.05927529885732,37.620458638684966],[127.05907046210461,37.620549827846204],[127.05909643631607,37.620595404770405],[127.05903721561276,37.62062147197396],[127.059095731585,37.62070973948948],[127.0590807842977,37.620715603151694],[127.059106525707,37.62075298126713],[127.0592267831231,37.62070544087225],[127.05921487335353,37.6206843637612],[127.05986856619927,37.620400314715106],[127.05988625003047,37.62041769488699],[127.06000593412747,37.62036258574609]]]]},"properties":{"bld_nm":"광운대학교","dong_nm":"화도관,옥의관","usability":"10000","grnd_flr":"8","ugrnd_flr":"1","archarea":"2434.49","height":"0","vl_rat":"","bc_rat":"0","totalarea":"16342.09","platarea":"0","useapr_day":"19880824","strct_cd":"21","school_name":"학교"},"id":"LT_C_BLDGINFO.7309786"},{"type":"Feature","geometry":{"type":"MultiPolygon","coordinates":[[[[127.05600921082188,37.62120201388419],[127.05612621899897,37.6211995271537],[127.05612688004823,37.6211741192109],[127.05615100637777,37.62117329716243],[127.05616444168972,37.62111310547536],[127.05616407589366,37.62107760703088],[127.05613234523548,37.62107320691707],[127.05612993819139,37.62103446588868],[127.05531404434541,37.62103818326242],[127.05531693996386,37.62128396929736],[127.05543587561063,37.62128382492071],[127.05543492272004,37.62121913499023],[127.0555927099092,37.621218071719234],[127.0555925373241,37.621136172712994],[127.05574771973008,37.62113600239847],[127.05574981163682,37.6211933938656],[127.05593206551139,37.62119231889507],[127.05593315988445,37.62113970115633],[127.0560067818109,37.62113309003291],[127.05600921082188,37.62120201388419]]]]},"properties":{"bld_nm":"A동(중학교본관)","dong_nm":"","usability":"10000","grnd_flr":"5","ugrnd_flr":"0","archarea":"1129.22","height":"17.7","vl_rat":"","bc_rat":"","totalarea":"5151.13","platarea":"0","useapr_day":"19960423","strct_cd":"21","school_name":"학교"},"id":"LT_C_BLDGINFO.7312539"},{"type":"Feature","geometry":{"type":"MultiPolygon","coordinates":[[[[127.05267384383552,37.63045307773308],[127.05266361173034,37.63040001452736],[127.05274709351569,37.630385472559645],[127.0526554931247,37.62997592739046],[127.0525187707555,37.629994997209565],[127.05260843709665,37.63039364147971],[127.0525863486201,37.63039698466173],[127.05262419202163,37.63057103734688],[127.05268358217914,37.63056255142211],[127.05271462127368,37.630659708501405],[127.05291403357008,37.63063497104403],[127.05290760566382,37.63057896901399],[127.05314835985594,37.630543689719325],[127.05313653879028,37.630503240951285],[127.0533482606877,37.63047268606238],[127.05332495198925,37.63036647091812],[127.05267384383552,37.63045307773308]]]]},"properties":{"bld_nm":"신계초등학교","dong_nm":"","usability":"10000","grnd_flr":"4","ugrnd_flr":"1","archarea":"1751.41","height":"13.65","vl_rat":"38","bc_rat":"12","totalarea":"5602.86","platarea":"14593","useapr_day":"19970203","strct_cd":"21","school_name":"월계중학교,신계초등학교"},"id":"LT_C_BLDGINFO.7335033"},{"type":"Feature","geometry":{"type":"MultiPolygon","coordinates":[[[[127.0575747961756,37.61838005903304],[127.05751856343734,37.61831080033176],[127.0574744078455,37.618335868532554],[127.05752962047636,37.61840422675841],[127.0575747961756,37.61838005903304]]]]},"properties":{"bld_nm":"선곡초등학교","dong_nm":"","usability":"","grnd_flr":"0","ugrnd_flr":"0","archarea":"0","height":"0","vl_rat":"0","bc_rat":"0","totalarea":"0","platarea":"0","useapr_day":"","strct_cd":"","school_name":"학교"},"id":"LT_C_BLDGINFO.14753100"},{"type":"Feature","geometry":{"type":"MultiPolygon","coordinates":[[[[127.05057710020318,37.62789356425461],[127.05055630541817,37.62791317820114],[127.05058181875502,37.62793028980152],[127.05060261353809,37.62791067585063],[127.05057710020318,37.62789356425461]]]]},"properties":{"bld_nm":"","dong_nm":"","usability":"","grnd_flr":"1","ugrnd_flr":"0","archarea":"0","height":"0","vl_rat":"0","bc_rat":"0","totalarea":"0","platarea":"0","useapr_day":"","strct_cd":"","school_name":"월계초등학교"},"id":"LT_C_BLDGINFO.14765283"},{"type":"Feature","geometry":{"type":"MultiPolygon","coordinates":[[[[127.06703270152505,37.632260901065685],[127.06700351337793,37.63225267331589],[127.06699000874715,37.63228297530341],[127.06701919690468,37.63229120305641],[127.06703270152505,37.632260901065685]]]]},"properties":{"bld_nm":"","dong_nm":"","usability":"","grnd_flr":"1","ugrnd_flr":"0","archarea":"0","height":"0","vl_rat":"0","bc_rat":"0","totalarea":"0","platarea":"0","useapr_day":"","strct_cd":"","school_name":"초등학교(국민학교)"},"id":"LT_C_BLDGINFO.14834125"},{"type":"Feature","geometry":{"type":"MultiPolygon","coordinates":[[[[127.05630429794579,37.63244966294552],[127.0562487073804,37.632354410285814],[127.05622071149922,37.632363797045485],[127.05627482930329,37.632462173192394],[127.05630429794579,37.63244966294552]]]]},"properties":{"bld_nm":"인덕대학/인덕공업고등학교","dong_nm":"창고","usability":"","grnd_flr":"0","ugrnd_flr":"0","archarea":"0","height":"0","vl_rat":"0","bc_rat":"0","totalarea":"0","platarea":"0","useapr_day":"","strct_cd":"","school_name":"고등학교"},"id":"LT_C_BLDGINFO.14986203"},{"type":"Feature","geometry":{"type":"MultiPolygon","coordinates":[[[[127.05520389999054,37.62019193710205],[127.05545684668306,37.62008732144088],[127.05564437093119,37.620350421581456],[127.0553743973993,37.620460850984806],[127.05520389999054,37.62019193710205]]]]},"properties":{"bld_nm":"광운인공지능고 근면관","dong_nm":"","usability":"","grnd_flr":"5","ugrnd_flr":"0","archarea":"0","height":"0","vl_rat":"0","bc_rat":"0","totalarea":"0","platarea":"0","useapr_day":"","strct_cd":"","school_name":"학교"},"id":"LT_C_BLDGINFO.15024701"},{"type":"Feature","geometry":{"type":"MultiPolygon","coordinates":[[[[127.06603981327693,37.61075915419412],[127.06600277704715,37.61075746257027],[127.06600247204844,37.610797736614174],[127.06605581640997,37.61079851834017],[127.06603981327693,37.61075915419412]]]]},"properties":{"bld_nm":"석관고등학교","dong_nm":"","usability":"","grnd_flr":"0","ugrnd_flr":"0","archarea":"0","height":"0","vl_rat":"0","bc_rat":"0","totalarea":"0","platarea":"0","useapr_day":"","strct_cd":"","school_name":"석관중,고교"},"id":"LT_C_BLDGINFO.15095498"},{"type":"Feature","geometry":{"type":"MultiPolygon","coordinates":[[[[127.05622996848356,37.62118676009227],[127.0562504926834,37.6211018998999],[127.05668472313518,37.62116273065737],[127.05665487163124,37.62128778770657],[127.05655380111942,37.62127443740906],[127.05654633818685,37.6213057016635],[127.05626184276342,37.621267130160234],[127.05627488644488,37.62118971647626],[127.05622996848356,37.62118676009227]]]]},"properties":{"bld_nm":"D동제1실습장(전자실습실)","dong_nm":"창조관","usability":"","grnd_flr":"5","ugrnd_flr":"0","archarea":"0","height":"0","vl_rat":"0","bc_rat":"0","totalarea":"0","platarea":"0","useapr_day":"","strct_cd":"","school_name":"학교"},"id":"LT_C_BLDGINFO.15110216"},{"type":"Feature","geometry":{"type":"MultiPolygon","coordinates":[[[[127.05867768053483,37.618523326505354],[127.05864334801956,37.618507215578866],[127.05860272975568,37.61856597915675],[127.05864023524076,37.61858398061804],[127.05867768053483,37.618523326505354]]]]},"properties":{"bld_nm":"선곡초등학교","dong_nm":"","usability":"","grnd_flr":"0","ugrnd_flr":"0","archarea":"0","height":"0","vl_rat":"0","bc_rat":"0","totalarea":"0","platarea":"0","useapr_day":"","strct_cd":"","school_name":"학교"},"id":"LT_C_BLDGINFO.15161880"},{"type":"Feature","geometry":{"type":"MultiPolygon","coordinates":[[[[127.07377104425031,37.630018676084475],[127.07377729655717,37.62992397940468],[127.07364484231222,37.63001659094023],[127.07377104425031,37.630018676084475]]]]},"properties":{"bld_nm":"동산정보산업고등학교","dong_nm":"","usability":"","grnd_flr":"0","ugrnd_flr":"0","archarea":"0","height":"0","vl_rat":"0","bc_rat":"0","totalarea":"0","platarea":"0","useapr_day":"","strct_cd":"","school_name":"위례정보고등학교"},"id":"LT_C_BLDGINFO.15248694"},{"type":"Feature","geometry":{"type":"MultiPolygon","coordinates":[[[[127.0550276085816,37.61850970678977],[127.05534326833408,37.61883674707904],[127.05540019234996,37.61880198290318],[127.05508453476153,37.618474942763264],[127.0550276085816,37.61850970678977]]]]},"properties":{"bld_nm":"광운초등학교","dong_nm":"","usability":"","grnd_flr":"2","ugrnd_flr":"0","archarea":"0","height":"0","vl_rat":"0","bc_rat":"0","totalarea":"0","platarea":"0","useapr_day":"","strct_cd":"","school_name":"초등학교(국민학교)"},"id":"LT_C_BLDGINFO.15248830"},{"type":"Feature","geometry":{"type":"MultiPolygon","coordinates":[[[[127.0660496815797,37.610242165377386],[127.06599407142,37.61024012351197],[127.0659870380497,37.61035797575619],[127.06604468666276,37.61035974621597],[127.0660496815797,37.610242165377386]]]]},"properties":{"bld_nm":"석관고등학교","dong_nm":"","usability":"","grnd_flr":"0","ugrnd_flr":"0","archarea":"0","height":"0","vl_rat":"0","bc_rat":"0","totalarea":"0","platarea":"0","useapr_day":"","strct_cd":"","school_name":"석관중,고교"},"id":"LT_C_BLDGINFO.15253747"},{"type":"Feature","geometry":{"type":"MultiPolygon","coordinates":[[[[127.06348410736857,37.62823628253982],[127.06356439623171,37.62826041167148],[127.06356040963706,37.62826835388459],[127.06363866391045,37.62829727567348],[127.06370792081925,37.6283197658006],[127.06377762437434,37.62833867988105],[127.06387026062376,37.62836151488928],[127.06387485674483,37.62835371333527],[127.06395541531133,37.62837792317318],[127.06404199699821,37.62819446386115],[127.06349124691845,37.62802852274251],[127.06346456775668,37.628084677782155],[127.06344773304131,37.6280799273568],[127.06343052847866,37.62811509860782],[127.06344754752872,37.62812050235192],[127.06343054511075,37.62815628939547],[127.06345260568239,37.62819903890474],[127.06349583351745,37.62821097134599],[127.06348410736857,37.62823628253982]]]]},"properties":{"bld_nm":"서울녹천초등학교","dong_nm":"나동","usability":"","grnd_flr":"1","ugrnd_flr":"0","archarea":"0","height":"0","vl_rat":"0","bc_rat":"0","totalarea":"0","platarea":"0","useapr_day":"","strct_cd":"","school_name":"녹천초등학교"},"id":"LT_C_BLDGINFO.15341263"},{"type":"Feature","geometry":{"type":"MultiPolygon","coordinates":[[[[127.05626081200093,37.63094069023924],[127.05621646062352,37.630863947434165],[127.05584090126214,37.631000348872405],[127.05588423308023,37.631077542775955],[127.05626081200093,37.63094069023924]]]]},"properties":{"bld_nm":"인덕대학/인덕공업고등학교","dong_nm":"제5공학관","usability":"","grnd_flr":"0","ugrnd_flr":"0","archarea":"0","height":"0","vl_rat":"0","bc_rat":"0","totalarea":"0","platarea":"0","useapr_day":"","strct_cd":"","school_name":"인덕대학"},"id":"LT_C_BLDGINFO.15553231"},{"type":"Feature","geometry":{"type":"MultiPolygon","coordinates":[[[[127.06913377439457,37.62993322730369],[127.06916502349173,37.629863769168374],[127.0691328943365,37.62985462643137],[127.06914003956499,37.62983873988549],[127.06909615292795,37.629826246828834],[127.0691022422104,37.62981271424617],[127.06882055682273,37.62973255659396],[127.06883894010218,37.6296916939331],[127.06894013858619,37.629720489097785],[127.06897256131123,37.62964841930408],[127.06887136290763,37.62961961876092],[127.06888897056167,37.62958048821516],[127.06870610482333,37.62952844382732],[127.06863729053462,37.62968140610029],[127.0684327115557,37.62962318751814],[127.0683368504659,37.62959590614362],[127.0683305530264,37.62960989470054],[127.06828751198367,37.629597647732005],[127.06828007263815,37.629614184900035],[127.06826063935075,37.629608651270075],[127.06823493625781,37.62966578424936],[127.0683932763575,37.629710846267365],[127.06836436241747,37.629775104230625],[127.0687446511592,37.62988325971004],[127.06876265690968,37.629843245999055],[127.06882575706325,37.62986120977628],[127.0688373930552,37.62983535766528],[127.0689685067179,37.629872677012585],[127.06896304375219,37.62988482172329],[127.06898626413,37.629891434246474],[127.0689919306065,37.629878847938805],[127.06910748861306,37.629911736002214],[127.06910190356548,37.629924152884755],[127.06913377439457,37.62993322730369]]]]},"properties":{"bld_nm":"서울용원초등학교","dong_nm":"","usability":"","grnd_flr":"0","ugrnd_flr":"0","archarea":"0","height":"0","vl_rat":"0","bc_rat":"0","totalarea":"0","platarea":"0","useapr_day":"","strct_cd":"","school_name":"용원초등학교"},"id":"LT_C_BLDGINFO.15591900"},{"type":"Feature","geometry":{"type":"MultiPolygon","coordinates":[[[[127.05596142685505,37.63191622802321],[127.05593113587157,37.63185722791023],[127.05585559261533,37.631884652462944],[127.05588848957454,37.6319441919814],[127.05596142685505,37.63191622802321]]]]},"properties":{"bld_nm":"인덕대학/인덕공업고등학교","dong_nm":"","usability":"","grnd_flr":"0","ugrnd_flr":"0","archarea":"0","height":"0","vl_rat":"0","bc_rat":"0","totalarea":"0","platarea":"0","useapr_day":"","strct_cd":"","school_name":"고등학교"},"id":"LT_C_BLDGINFO.15620240"},{"type":"Feature","geometry":{"type":"MultiPolygon","coordinates":[[[[127.04851432146616,37.628424911863505],[127.04867940059204,37.62829564129174],[127.04895299300702,37.62850010576485],[127.04874730730405,37.628640160032454],[127.04851432146616,37.628424911863505]]]]},"properties":{"bld_nm":"신창중학교","dong_nm":"강당겸체육관","usability":"","grnd_flr":"2","ugrnd_flr":"0","archarea":"0","height":"0","vl_rat":"0","bc_rat":"0","totalarea":"0","platarea":"0","useapr_day":"","strct_cd":"","school_name":"신창중학교"},"id":"LT_C_BLDGINFO.15641892"},{"type":"Feature","geometry":{"type":"MultiPolygon","coordinates":[[[[127.05636269083983,37.62140443444987],[127.05582915523149,37.62129776885655],[127.05578430161864,37.6214372445864],[127.05625909928449,37.6215357165816],[127.05652814579327,37.62182737442566],[127.05667420617569,37.62174212982242],[127.05636269083983,37.62140443444987]]]]},"properties":{"bld_nm":"광운대학교 공공기숙사","dong_nm":"기숙사A동","usability":"","grnd_flr":"7","ugrnd_flr":"3","archarea":"0","height":"0","vl_rat":"0","bc_rat":"0","totalarea":"0","platarea":"0","useapr_day":"","strct_cd":"","school_name":"학교"},"id":"LT_C_BLDGINFO.15742362"},{"type":"Feature","geometry":{"type":"MultiPolygon","coordinates":[[[[127.06943020017174,37.62078964487664],[127.06932833060888,37.62075464091496],[127.06931012662007,37.62078815701933],[127.06941199848568,37.62082316099519],[127.06943020017174,37.62078964487664]]]]},"properties":{"bld_nm":"서울한천초등학교","dong_nm":"","usability":"","grnd_flr":"0","ugrnd_flr":"0","archarea":"0","height":"0","vl_rat":"0","bc_rat":"0","totalarea":"0","platarea":"0","useapr_day":"","strct_cd":"","school_name":"학교"},"id":"LT_C_BLDGINFO.15770906"},{"type":"Feature","geometry":{"type":"MultiPolygon","coordinates":[[[[127.05522882147804,37.621345040267975],[127.05522955326849,37.62109865672886],[127.05514818183529,37.62109942157446],[127.0551505663461,37.621343454922375],[127.05522882147804,37.621345040267975]]]]},"properties":{"bld_nm":"광운중학교","dong_nm":"N동(급식실)","usability":"","grnd_flr":"3","ugrnd_flr":"0","archarea":"0","height":"0","vl_rat":"0","bc_rat":"0","totalarea":"0","platarea":"0","useapr_day":"","strct_cd":"","school_name":"학교"},"id":"LT_C_BLDGINFO.15907548"},{"type":"Feature","geometry":{"type":"MultiPolygon","coordinates":[[[[127.0502567887243,37.62841861830948],[127.05024734895076,37.62836150014286],[127.05021971046173,37.62836538576179],[127.05020850345115,37.62837764369998],[127.05021554920766,37.62841169779676],[127.05023707966822,37.62842196006996],[127.0502567887243,37.62841861830948]]]]},"properties":{"bld_nm":"염광 중/고등/여자메디텍고등학교","dong_nm":"","usability":"","grnd_flr":"0","ugrnd_flr":"0","archarea":"0","height":"0","vl_rat":"0","bc_rat":"0","totalarea":"0","platarea":"0","useapr_day":"","strct_cd":"","school_name":"염광여중,고, 염광여상"},"id":"LT_C_BLDGINFO.15982576"},{"type":"Feature","geometry":{"type":"MultiPolygon","coordinates":[[[[127.06929675917607,37.629328314022125],[127.06915224600226,37.62965241771026],[127.06926533094911,37.62968431055547],[127.06940984369481,37.62936020853296],[127.06929675917607,37.629328314022125]]]]},"properties":{"bld_nm":"","dong_nm":"","usability":"","grnd_flr":"1","ugrnd_flr":"0","archarea":"0","height":"0","vl_rat":"0","bc_rat":"0","totalarea":"0","platarea":"0","useapr_day":"","strct_cd":"","school_name":"용원초등학교"},"id":"LT_C_BLDGINFO.15991975"},{"type":"Feature","geometry":{"type":"MultiPolygon","coordinates":[[[[127.07214240654534,37.63157339042963],[127.07191996681246,37.63151414887398],[127.07191476782006,37.63152712606422],[127.07213460299319,37.63158745036225],[127.07214240654534,37.63157339042963]]]]},"properties":{"bld_nm":"한천중학교","dong_nm":"","usability":"","grnd_flr":"0","ugrnd_flr":"0","archarea":"0","height":"0","vl_rat":"0","bc_rat":"0","totalarea":"0","platarea":"0","useapr_day":"","strct_cd":"","school_name":"한천중학교"},"id":"LT_C_BLDGINFO.16018738"},{"type":"Feature","geometry":{"type":"MultiPolygon","coordinates":[[[[127.05851266731798,37.61800917549097],[127.05845482493743,37.61790937474543],[127.05841236288286,37.61792651387391],[127.05846771241404,37.618025144539835],[127.05851266731798,37.61800917549097]]]]},"properties":{"bld_nm":"선곡초등학교","dong_nm":"","usability":"","grnd_flr":"0","ugrnd_flr":"0","archarea":"0","height":"0","vl_rat":"0","bc_rat":"0","totalarea":"0","platarea":"0","useapr_day":"","strct_cd":"","school_name":"학교"},"id":"LT_C_BLDGINFO.16121677"},{"type":"Feature","geometry":{"type":"MultiPolygon","coordinates":[[[[127.05047468581547,37.627761519656445],[127.05045183311661,37.62778348779598],[127.05047951079362,37.6278016995179],[127.05050236349106,37.62777973317501],[127.05047468581547,37.627761519656445]]]]},"properties":{"bld_nm":"","dong_nm":"보일러실","usability":"","grnd_flr":"1","ugrnd_flr":"0","archarea":"0","height":"0","vl_rat":"0","bc_rat":"0","totalarea":"0","platarea":"0","useapr_day":"","strct_cd":"","school_name":"월계초등학교"},"id":"LT_C_BLDGINFO.16138089"},{"type":"Feature","geometry":{"type":"MultiPolygon","coordinates":[[[[127.06056755016493,37.633587030479575],[127.06060338328919,37.63355172663607],[127.06062127387642,37.6335542223959],[127.06067706197112,37.633501750306046],[127.0606701319267,37.6334859596336],[127.06070833314028,37.63344831923535],[127.06030054136771,37.63318655106949],[127.06015975812699,37.63332526183367],[127.0602546369337,37.63338616581664],[127.06022338164735,37.63341696058527],[127.06025053751593,37.633434391810866],[127.0602817927998,37.633403598837184],[127.06056755016493,37.633587030479575]]]]},"properties":{"bld_nm":"서울연지초등학교","dong_nm":"","usability":"","grnd_flr":"0","ugrnd_flr":"0","archarea":"0","height":"0","vl_rat":"0","bc_rat":"0","totalarea":"0","platarea":"0","useapr_day":"","strct_cd":"","school_name":"연지초등학교"},"id":"LT_C_BLDGINFO.16143008"},{"type":"Feature","geometry":{"type":"MultiPolygon","coordinates":[[[[127.06909908720372,37.62976640034424],[127.06884003361937,37.6296933024571],[127.06882276085943,37.6297320147497],[127.06908181682545,37.62980511087088],[127.06909908720372,37.62976640034424]]]]},"properties":{"bld_nm":"","dong_nm":"","usability":"","grnd_flr":"1","ugrnd_flr":"0","archarea":"0","height":"0","vl_rat":"0","bc_rat":"0","totalarea":"0","platarea":"0","useapr_day":"","strct_cd":"","school_name":"용원초등학교"},"id":"LT_C_BLDGINFO.16171644"},{"type":"Feature","geometry":{"type":"MultiPolygon","coordinates":[[[[127.05472984676054,37.61935399680584],[127.05469692145861,37.61927736525036],[127.05451773939784,37.61932607716882],[127.05455066453624,37.61940270697176],[127.05472984676054,37.61935399680584]]]]},"properties":{"bld_nm":"광운초등학교","dong_nm":"","usability":"","grnd_flr":"1","ugrnd_flr":"0","archarea":"0","height":"0","vl_rat":"0","bc_rat":"0","totalarea":"0","platarea":"0","useapr_day":"","strct_cd":"","school_name":"초등학교(국민학교)"},"id":"LT_C_BLDGINFO.16253667"},{"type":"Feature","geometry":{"type":"MultiPolygon","coordinates":[[[[127.04885076355883,37.630112291998806],[127.04893837230748,37.629995399890255],[127.04893259120693,37.629989816145205],[127.04893745766812,37.629982245968776],[127.04889722897035,37.629962710889245],[127.04888998500184,37.629972624563194],[127.04888171351674,37.62997001504513],[127.04890503129822,37.62994009319086],[127.04846636909528,37.629725655391475],[127.04843569594978,37.62976873437418],[127.04839535483575,37.62975019024417],[127.04840656031274,37.629734688958045],[127.04840440286192,37.629726671104386],[127.04836927333635,37.629708845677555],[127.04827249268092,37.62983330922505],[127.04831351679623,37.62985707880252],[127.0483172530588,37.629853653601735],[127.04835510057923,37.629870036398955],[127.04835283753329,37.629874271897144],[127.04879376490973,37.63008699734612],[127.04879546259404,37.6300844739257],[127.04885076355883,37.630112291998806]]]]},"properties":{"bld_nm":"염광 중/고등/여자메디텍고등학교","dong_nm":"염광여자메디텍고등학교","usability":"","grnd_flr":"0","ugrnd_flr":"0","archarea":"0","height":"0","vl_rat":"0","bc_rat":"0","totalarea":"0","platarea":"0","useapr_day":"","strct_cd":"","school_name":"염광여중,고, 염광여상"},"id":"LT_C_BLDGINFO.16390414"},{"type":"Feature","geometry":{"type":"MultiPolygon","coordinates":[[[[127.07327565363155,37.63066163735674],[127.07305998325609,37.63045328187812],[127.07302918863203,37.63047330226714],[127.07324440825843,37.630684180815166],[127.07327565363155,37.63066163735674]]]]},"properties":{"bld_nm":"한천중학교","dong_nm":"","usability":"","grnd_flr":"0","ugrnd_flr":"0","archarea":"0","height":"0","vl_rat":"0","bc_rat":"0","totalarea":"0","platarea":"0","useapr_day":"","strct_cd":"","school_name":"한천중학교"},"id":"LT_C_BLDGINFO.16497498"},{"type":"Feature","geometry":{"type":"MultiPolygon","coordinates":[[[[127.04931648027907,37.630288966393614],[127.04929572585479,37.63025284555414],[127.04921564862099,37.630277564763155],[127.04923130751285,37.63031738168933],[127.04931648027907,37.630288966393614]]]]},"properties":{"bld_nm":"염광 중/고등/여자메디텍고등학교","dong_nm":"염광여자메디텍고등학교","usability":"","grnd_flr":"0","ugrnd_flr":"0","archarea":"0","height":"0","vl_rat":"0","bc_rat":"0","totalarea":"0","platarea":"0","useapr_day":"","strct_cd":"","school_name":"염광여중,고, 염광여상"},"id":"LT_C_BLDGINFO.16526793"},{"type":"Feature","geometry":{"type":"MultiPolygon","coordinates":[[[[127.06622874342861,37.6315923304225],[127.06619034728762,37.631581125281066],[127.06617684834113,37.63161038384297],[127.06621524222948,37.631621588989866],[127.06622874342861,37.6315923304225]]]]},"properties":{"bld_nm":"","dong_nm":"","usability":"","grnd_flr":"1","ugrnd_flr":"0","archarea":"0","height":"0","vl_rat":"0","bc_rat":"0","totalarea":"0","platarea":"0","useapr_day":"","strct_cd":"","school_name":"초등학교(국민학교)"},"id":"LT_C_BLDGINFO.16607493"},{"type":"Feature","geometry":{"type":"MultiPolygon","coordinates":[[[[127.05794664604701,37.618084465454366],[127.05827057751424,37.61843998027615],[127.05845508479295,37.61833402708357],[127.05813115290819,37.61797851276219],[127.05794664604701,37.618084465454366]]]]},"properties":{"bld_nm":"선곡초등학교(체육관동)","dong_nm":"","usability":"","grnd_flr":"2","ugrnd_flr":"0","archarea":"0","height":"0","vl_rat":"0","bc_rat":"0","totalarea":"0","platarea":"0","useapr_day":"","strct_cd":"","school_name":"학교"},"id":"LT_C_BLDGINFO.16641404"},{"type":"Feature","geometry":{"type":"MultiPolygon","coordinates":[[[[127.05240947775341,37.6301730955937],[127.05242118596914,37.630065333494954],[127.0523392956273,37.63008744276806],[127.05237424912362,37.63017779587019],[127.05240947775341,37.6301730955937]]]]},"properties":{"bld_nm":"월계중학교","dong_nm":"","usability":"","grnd_flr":"0","ugrnd_flr":"0","archarea":"0","height":"0","vl_rat":"0","bc_rat":"0","totalarea":"0","platarea":"0","useapr_day":"","strct_cd":"","school_name":"월계중학교,신계초등학교"},"id":"LT_C_BLDGINFO.16714535"},{"type":"Feature","geometry":{"type":"MultiPolygon","coordinates":[[[[127.06893421780504,37.629474085621254],[127.06898639285791,37.62935706371619],[127.06924933883899,37.6294312258113],[127.06929543332454,37.62932784627469],[127.06907117730374,37.62926459461492],[127.0690565434903,37.62929741843869],[127.06894987047427,37.629267332694525],[127.06893597598693,37.62929849647803],[127.0689571519508,37.629304466876896],[127.06893940227441,37.629344278655694],[127.06885844225826,37.62932144362789],[127.06876019440631,37.62954179074991],[127.06915090432025,37.62965198781144],[127.06919716187952,37.62954824603018],[127.06893421780504,37.629474085621254]]]]},"properties":{"bld_nm":"서울용원초등학교","dong_nm":"","usability":"","grnd_flr":"0","ugrnd_flr":"0","archarea":"0","height":"0","vl_rat":"0","bc_rat":"0","totalarea":"0","platarea":"0","useapr_day":"","strct_cd":"","school_name":"용원초등학교"},"id":"LT_C_BLDGINFO.16718625"},{"type":"Feature","geometry":{"type":"MultiPolygon","coordinates":[[[[127.05663972155557,37.621094386129194],[127.05667608891542,37.62098574521637],[127.05658842287777,37.62097184161171],[127.05640257119059,37.6209426446451],[127.05638680648549,37.62096077988503],[127.05634823489497,37.62095661444809],[127.05631623142126,37.62105827167751],[127.0563956223229,37.62107032352169],[127.05639710097921,37.62106324591898],[127.05663972155557,37.621094386129194]]]]},"properties":{"bld_nm":"광운인공지능고(급식실)","dong_nm":"금식실","usability":"","grnd_flr":"2","ugrnd_flr":"0","archarea":"0","height":"0","vl_rat":"0","bc_rat":"0","totalarea":"0","platarea":"0","useapr_day":"","strct_cd":"","school_name":"학교"},"id":"LT_C_BLDGINFO.16835490"},{"type":"Feature","geometry":{"type":"MultiPolygon","coordinates":[[[[127.04733879092487,37.62808394711404],[127.04769871270629,37.62779094277256],[127.04770140558182,37.627767254185336],[127.04775554683624,37.62775215909956],[127.04782868886169,37.62781457937061],[127.0478043504554,37.62786196398561],[127.04775832239449,37.627861982030005],[127.04741192895565,37.62813990740544],[127.04733879092487,37.62808394711404]]]]},"properties":{"bld_nm":"신창중학교(교사2동)","dong_nm":"","usability":"","grnd_flr":"4","ugrnd_flr":"0","archarea":"0","height":"0","vl_rat":"0","bc_rat":"0","totalarea":"0","platarea":"0","useapr_day":"","strct_cd":"","school_name":"신창중학교"},"id":"LT_C_BLDGINFO.16924712"},{"type":"Feature","geometry":{"type":"MultiPolygon","coordinates":[[[[127.06951558363326,37.61989602886716],[127.06949569583277,37.6199310325924],[127.06954336190338,37.61994816879896],[127.06956325195148,37.619913165064474],[127.06951558363326,37.61989602886716]]]]},"properties":{"bld_nm":"","dong_nm":"","usability":"","grnd_flr":"1","ugrnd_flr":"0","archarea":"0","height":"0","vl_rat":"0","bc_rat":"0","totalarea":"0","platarea":"0","useapr_day":"","strct_cd":"","school_name":"학교"},"id":"LT_C_BLDGINFO.16937828"},{"type":"Feature","geometry":{"type":"MultiPolygon","coordinates":[[[[127.06092057248472,37.619327244843504],[127.06083763929884,37.61930187891335],[127.06080846552311,37.61936442160636],[127.0608913987686,37.61938978755668],[127.06092057248472,37.619327244843504]]]]},"properties":{"bld_nm":"광운대학교","dong_nm":"","usability":"","grnd_flr":"0","ugrnd_flr":"0","archarea":"0","height":"0","vl_rat":"0","bc_rat":"0","totalarea":"0","platarea":"0","useapr_day":"","strct_cd":"","school_name":"학교"},"id":"LT_C_BLDGINFO.16957014"},{"type":"Feature","geometry":{"type":"MultiPolygon","coordinates":[[[[127.07356136058795,37.61946900728065],[127.07352872415797,37.61946300684949],[127.07352073121741,37.61949052045449],[127.07355336765713,37.61949651908584],[127.07356136058795,37.61946900728065]]]]},"properties":{"bld_nm":"","dong_nm":"","usability":"","grnd_flr":"1","ugrnd_flr":"0","archarea":"0","height":"0","vl_rat":"0","bc_rat":"0","totalarea":"0","platarea":"0","useapr_day":"","strct_cd":"","school_name":"공릉초등학교"},"id":"LT_C_BLDGINFO.16992546"},{"type":"Feature","geometry":{"type":"MultiPolygon","coordinates":[[[[127.06656127816512,37.632599780120415],[127.06642156180305,37.63255933285048],[127.06640458480386,37.63259642645126],[127.06654429896051,37.63263687374229],[127.06656127816512,37.632599780120415]]]]},"properties":{"bld_nm":"중현초등학교","dong_nm":"","usability":"","grnd_flr":"0","ugrnd_flr":"0","archarea":"0","height":"0","vl_rat":"0","bc_rat":"0","totalarea":"0","platarea":"0","useapr_day":"","strct_cd":"","school_name":"초등학교(국민학교)"},"id":"LT_C_BLDGINFO.17056409"},{"type":"Feature","geometry":{"type":"MultiPolygon","coordinates":[[[[127.05700953662982,37.62107347214774],[127.05683378071866,37.621036946326825],[127.05667589483322,37.62151760393065],[127.05685118413693,37.62155555367334],[127.05700953662982,37.62107347214774]]]]},"properties":{"bld_nm":"광운대학교 공공기숙사","dong_nm":"기숙사B동","usability":"","grnd_flr":"7","ugrnd_flr":"1","archarea":"0","height":"0","vl_rat":"0","bc_rat":"0","totalarea":"0","platarea":"0","useapr_day":"","strct_cd":"","school_name":"학교"},"id":"LT_C_BLDGINFO.17122012"},{"type":"Feature","geometry":{"type":"MultiPolygon","coordinates":[[[[127.05238336742434,37.63023115000234],[127.05221946157042,37.62984488895409],[127.05197858865533,37.62991185066134],[127.0521708110792,37.63028876279445],[127.05238336742434,37.63023115000234]]]]},"properties":{"bld_nm":"월계중학교","dong_nm":"강당겸체육관","usability":"","grnd_flr":"3","ugrnd_flr":"0","archarea":"0","height":"0","vl_rat":"0","bc_rat":"0","totalarea":"0","platarea":"0","useapr_day":"","strct_cd":"","school_name":"월계중학교,신계초등학교"},"id":"LT_C_BLDGINFO.17128195"},{"type":"Feature","geometry":{"type":"MultiPolygon","coordinates":[[[[127.06689197820263,37.610141242537495],[127.0668500568418,37.61012189464382],[127.06682652915352,37.61015551428205],[127.06686743107238,37.610174682552035],[127.06689197820263,37.610141242537495]]]]},"properties":{"bld_nm":"석관고등학교","dong_nm":"","usability":"","grnd_flr":"0","ugrnd_flr":"0","archarea":"0","height":"0","vl_rat":"0","bc_rat":"0","totalarea":"0","platarea":"0","useapr_day":"","strct_cd":"","school_name":"석관중,고교"},"id":"LT_C_BLDGINFO.17341873"},{"type":"Feature","geometry":{"type":"MultiPolygon","coordinates":[[[[127.05488417232839,37.619285369727194],[127.0549163705102,37.61931747330985],[127.05552150964209,37.6189334469971],[127.05548931136738,37.61890134537958],[127.05488417232839,37.619285369727194]]]]},"properties":{"bld_nm":"광운초등학교","dong_nm":"","usability":"","grnd_flr":"1","ugrnd_flr":"0","archarea":"0","height":"0","vl_rat":"0","bc_rat":"0","totalarea":"0","platarea":"0","useapr_day":"","strct_cd":"","school_name":"초등학교(국민학교)"},"id":"LT_C_BLDGINFO.17374385"},{"type":"Feature","geometry":{"type":"MultiPolygon","coordinates":[[[[127.0665302799214,37.609925747306335],[127.06643061423772,37.60992418039619],[127.06642906155432,37.60996202248239],[127.066528726818,37.60996304880508],[127.0665302799214,37.609925747306335]]]]},"properties":{"bld_nm":"석관고등학교","dong_nm":"","usability":"","grnd_flr":"0","ugrnd_flr":"0","archarea":"0","height":"0","vl_rat":"0","bc_rat":"0","totalarea":"0","platarea":"0","useapr_day":"","strct_cd":"","school_name":"석관중,고교"},"id":"LT_C_BLDGINFO.17563789"},{"type":"Feature","geometry":{"type":"MultiPolygon","coordinates":[[[[127.05609108361327,37.61824931921934],[127.05612589309126,37.618280430191525],[127.0561495696112,37.618263668204655],[127.05611476239655,37.618232557239395],[127.05609108361327,37.61824931921934]]]]},"properties":{"bld_nm":"남대문중학교","dong_nm":"","usability":"","grnd_flr":"1","ugrnd_flr":"0","archarea":"0","height":"0","vl_rat":"0","bc_rat":"0","totalarea":"0","platarea":"0","useapr_day":"","strct_cd":"","school_name":"초등학교(국민학교)"},"id":"LT_C_BLDGINFO.17588044"},{"type":"Feature","geometry":{"type":"MultiPolygon","coordinates":[[[[127.05910703665582,37.62035661240661],[127.058740458125,37.61982298885498],[127.05852259320268,37.61991768133361],[127.05890980935136,37.62047503036993],[127.05909742553025,37.6203934850079],[127.05908012936324,37.62036830741581],[127.05910703665582,37.62035661240661]]]]},"properties":{"bld_nm":"광운대학교","dong_nm":"광운학술정보관","usability":"","grnd_flr":"4","ugrnd_flr":"3","archarea":"0","height":"0","vl_rat":"0","bc_rat":"0","totalarea":"0","platarea":"0","useapr_day":"","strct_cd":"","school_name":"학교"},"id":"LT_C_BLDGINFO.17602991"},{"type":"Feature","geometry":{"type":"MultiPolygon","coordinates":[[[[127.05450918903212,37.62983239054045],[127.05454097242696,37.62985170045502],[127.054583230489,37.62980769748137],[127.05455144484011,37.62978839298488],[127.05450918903212,37.62983239054045]]]]},"properties":{"bld_nm":"인덕대학","dong_nm":"후문경비실","usability":"","grnd_flr":"1","ugrnd_flr":"0","archarea":"0","height":"0","vl_rat":"0","bc_rat":"0","totalarea":"0","platarea":"0","useapr_day":"","strct_cd":"","school_name":"인덕대학"},"id":"LT_C_BLDGINFO.17679957"},{"type":"Feature","geometry":{"type":"MultiPolygon","coordinates":[[[[127.05470501440291,37.63019588337841],[127.0546734485182,37.63014184428789],[127.05462524660764,37.63016250560958],[127.05465619217675,37.63021408712241],[127.05470501440291,37.63019588337841]]]]},"properties":{"bld_nm":"인덕대학","dong_nm":"사열대","usability":"","grnd_flr":"1","ugrnd_flr":"0","archarea":"0","height":"0","vl_rat":"0","bc_rat":"0","totalarea":"0","platarea":"0","useapr_day":"","strct_cd":"","school_name":"인덕대학"},"id":"LT_C_BLDGINFO.17695142"},{"type":"Feature","geometry":{"type":"MultiPolygon","coordinates":[[[[127.05594287757236,37.63024525119938],[127.05595329563202,37.63024255967575],[127.0559817832053,37.63030257333176],[127.05605977592512,37.63028081111091],[127.0560126655306,37.630169962047844],[127.05592256514886,37.630198225876654],[127.05594287757236,37.63024525119938]]]]},"properties":{"bld_nm":"인덕대학","dong_nm":"정문경비실","usability":"","grnd_flr":"1","ugrnd_flr":"0","archarea":"0","height":"0","vl_rat":"0","bc_rat":"0","totalarea":"0","platarea":"0","useapr_day":"","strct_cd":"","school_name":"인덕대학"},"id":"LT_C_BLDGINFO.17930702"},{"type":"Feature","geometry":{"type":"MultiPolygon","coordinates":[[[[127.06013597037656,37.63399000988844],[127.0600612545496,37.63406494168108],[127.06009062745407,37.634083462024925],[127.06016534100704,37.63400853381906],[127.06013597037656,37.63399000988844]]]]},"properties":{"bld_nm":"","dong_nm":"","usability":"","grnd_flr":"1","ugrnd_flr":"0","archarea":"0","height":"0","vl_rat":"0","bc_rat":"0","totalarea":"0","platarea":"0","useapr_day":"","strct_cd":"","school_name":"연지초등학교"},"id":"LT_C_BLDGINFO.18029337"},{"type":"Feature","geometry":{"type":"MultiPolygon","coordinates":[[[[127.0689497334685,37.62930628208352],[127.06886159374426,37.62928116988206],[127.06889883722296,37.62919850004004],[127.06893709859439,37.629209401653064],[127.06896329625877,37.629151251929905],[127.06852813330251,37.629027244057866],[127.06844823234194,37.62920460022159],[127.06849588051456,37.62921817976805],[127.06849139185675,37.629275880994314],[127.06869018875187,37.62933253326505],[127.06872266355194,37.629295572844995],[127.06875045705725,37.62930349283389],[127.06875684936917,37.62928930238064],[127.06893456565163,37.62933994771128],[127.0689377905562,37.62934086847105],[127.06895295384042,37.62930720284552],[127.0689497334685,37.62930628208352]]]]},"properties":{"bld_nm":"","dong_nm":"","usability":"","grnd_flr":"1","ugrnd_flr":"0","archarea":"0","height":"0","vl_rat":"0","bc_rat":"0","totalarea":"0","platarea":"0","useapr_day":"","strct_cd":"","school_name":"용원초등학교"},"id":"LT_C_BLDGINFO.18054323"},{"type":"Feature","geometry":{"type":"MultiPolygon","coordinates":[[[[127.05621780652743,37.63084547675017],[127.05616302293282,37.63075513398264],[127.05576979614413,37.63089821061823],[127.05582730120219,37.630992606716966],[127.05621780652743,37.63084547675017]]]]},"properties":{"bld_nm":"인덕대학/인덕공업고등학교","dong_nm":"제4공학관","usability":"","grnd_flr":"0","ugrnd_flr":"0","archarea":"0","height":"0","vl_rat":"0","bc_rat":"0","totalarea":"0","platarea":"0","useapr_day":"","strct_cd":"","school_name":"인덕대학"},"id":"LT_C_BLDGINFO.18107976"},{"type":"Feature","geometry":{"type":"MultiPolygon","coordinates":[[[[127.06948390110931,37.62920967722667],[127.06943073022944,37.629194928183395],[127.06940783992992,37.6292471242414],[127.06946101084412,37.62926187509683],[127.06948390110931,37.62920967722667]]]]},"properties":{"bld_nm":"","dong_nm":"","usability":"","grnd_flr":"1","ugrnd_flr":"0","archarea":"0","height":"0","vl_rat":"0","bc_rat":"0","totalarea":"0","platarea":"0","useapr_day":"","strct_cd":"","school_name":"용원초등학교"},"id":"LT_C_BLDGINFO.18172845"},{"type":"Feature","geometry":{"type":"MultiPolygon","coordinates":[[[[127.06844554839269,37.62921316824977],[127.0684345648114,37.629236417928354],[127.06846580790592,37.62924575416879],[127.06847679147891,37.629222504487295],[127.06844554839269,37.62921316824977]]]]},"properties":{"bld_nm":"","dong_nm":"","usability":"","grnd_flr":"1","ugrnd_flr":"0","archarea":"0","height":"0","vl_rat":"0","bc_rat":"0","totalarea":"0","platarea":"0","useapr_day":"","strct_cd":"","school_name":"용원초등학교"},"id":"LT_C_BLDGINFO.18183595"},{"type":"Feature","geometry":{"type":"MultiPolygon","coordinates":[[[[127.05780088546051,37.61807053377698],[127.0578021290911,37.61806746985025],[127.05777405075312,37.61803451137063],[127.05777158461531,37.61803161660524],[127.05772005570729,37.61807316720876],[127.05771168361196,37.618079918084895],[127.05771637664505,37.61808404614079],[127.05772217960407,37.618089150501746],[127.05775214627248,37.61808645439669],[127.05780088546051,37.61807053377698]]]]},"properties":{"bld_nm":"","dong_nm":"","usability":"","grnd_flr":"0","ugrnd_flr":"0","archarea":"0","height":"0","vl_rat":"0","bc_rat":"0","totalarea":"0","platarea":"0","useapr_day":"","strct_cd":"","school_name":"학교"},"id":"LT_C_BLDGINFO.18253270"},{"type":"Feature","geometry":{"type":"MultiPolygon","coordinates":[[[[127.05076276751257,37.63021836012164],[127.05079373811088,37.63021834719338],[127.05079372397121,37.63019692858969],[127.05076275338175,37.63019694151792],[127.05076276751257,37.63021836012164]]]]},"properties":{"bld_nm":"아시아퍼시픽 국제학교","dong_nm":"","usability":"","grnd_flr":"1","ugrnd_flr":"0","archarea":"0","height":"0","vl_rat":"0","bc_rat":"0","totalarea":"0","platarea":"0","useapr_day":"","strct_cd":"","school_name":"염광여중,고, 염광여상"},"id":"LT_C_BLDGINFO.18321117"},{"type":"Feature","geometry":{"type":"MultiPolygon","coordinates":[[[[127.06267553264999,37.63151289948594],[127.06243725139939,37.63136253433379],[127.06261653891329,37.63118341232687],[127.06259694310229,37.63115747619346],[127.0626915067478,37.631100345397726],[127.06285147649565,37.631235183005664],[127.06277977326928,37.631320842967455],[127.06282220837586,37.63134936183451],[127.06278635777666,37.63139348912458],[127.06280594093222,37.63140385746597],[127.06267553264999,37.63151289948594]]]]},"properties":{"bld_nm":"녹천중학교","dong_nm":"강당겸체육관","usability":"","grnd_flr":"3","ugrnd_flr":"0","archarea":"0","height":"0","vl_rat":"0","bc_rat":"0","totalarea":"0","platarea":"0","useapr_day":"","strct_cd":"","school_name":"녹천중학교"},"id":"LT_C_BLDGINFO.18371873"},{"type":"Feature","geometry":{"type":"MultiPolygon","coordinates":[[[[127.06678038180264,37.61022509559412],[127.06678504948567,37.610123191984606],[127.06679943352044,37.61012390481479],[127.0667999713694,37.610091379078206],[127.0668602244265,37.61009287740466],[127.0668637614924,37.60999331696808],[127.06680747228154,37.60999163625431],[127.06680648330651,37.61002632459727],[127.06673445264877,37.61002582383164],[127.06672884992845,37.610224313194045],[127.06678038180264,37.61022509559412]]]]},"properties":{"bld_nm":"석관고등학교","dong_nm":"","usability":"","grnd_flr":"0","ugrnd_flr":"0","archarea":"0","height":"0","vl_rat":"0","bc_rat":"0","totalarea":"0","platarea":"0","useapr_day":"","strct_cd":"","school_name":"석관중,고교"},"id":"LT_C_BLDGINFO.18396147"},{"type":"Feature","geometry":{"type":"MultiPolygon","coordinates":[[[[127.05559849994415,37.630185420565304],[127.05574083823855,37.63013469862387],[127.05575359088763,37.63015197533606],[127.05583728738502,37.63005229580721],[127.05544557349387,37.62953956090019],[127.05536047441443,37.62946154256319],[127.05534025586566,37.629474774550886],[127.05505079079798,37.629218424589695],[127.05503516360389,37.62937219091597],[127.05505465907494,37.62939006109583],[127.05499099636066,37.62943240172592],[127.05509678101753,37.629611738613725],[127.05514845989275,37.62957476600028],[127.05520094854279,37.62962420586699],[127.05527590505991,37.629656354704785],[127.05530064317365,37.62967064556913],[127.05531414675794,37.629692689967385],[127.05547695984006,37.62998106216294],[127.05559849994415,37.630185420565304]]]]},"properties":{"bld_nm":"인덕대학","dong_nm":"연지스퀘어","usability":"","grnd_flr":"1","ugrnd_flr":"2","archarea":"0","height":"0","vl_rat":"0","bc_rat":"0","totalarea":"0","platarea":"0","useapr_day":"","strct_cd":"","school_name":"인덕대학"},"id":"LT_C_BLDGINFO.18434776"},{"type":"Feature","geometry":{"type":"MultiPolygon","coordinates":[[[[127.04664875398775,37.60998340681388],[127.04662922793406,37.60990692092431],[127.0466018219423,37.60990972443955],[127.04660318464437,37.60991576049701],[127.04659525756404,37.609917024899374],[127.0466099104661,37.609988286961915],[127.04664875398775,37.60998340681388]]]]},"properties":{"bld_nm":"서울월곡초등학교","dong_nm":"","usability":"","grnd_flr":"0","ugrnd_flr":"0","archarea":"0","height":"0","vl_rat":"0","bc_rat":"0","totalarea":"0","platarea":"0","useapr_day":"","strct_cd":"","school_name":"월곡초등학교"},"id":"LT_C_BLDGINFO.18473437"},{"type":"Feature","geometry":{"type":"MultiPolygon","coordinates":[[[[127.05720391821447,37.620434450864956],[127.05701824241707,37.62039630290183],[127.05684481433994,37.620930366275054],[127.05724643389182,37.621014966077745],[127.05730311972421,37.620840402789376],[127.05708654276432,37.62079590644592],[127.05720391821447,37.620434450864956]]]]},"properties":{"bld_nm":"","dong_nm":"한울관","usability":"","grnd_flr":"1","ugrnd_flr":"0","archarea":"0","height":"0","vl_rat":"0","bc_rat":"0","totalarea":"0","platarea":"0","useapr_day":"","strct_cd":"","school_name":"학교"},"id":"LT_C_BLDGINFO.18561521"},{"type":"Feature","geometry":{"type":"MultiPolygon","coordinates":[[[[127.07192342790091,37.63134016788192],[127.07186492009211,37.63128551338597],[127.07175883921302,37.63135918651328],[127.07181372078564,37.631412762047326],[127.07192342790091,37.63134016788192]]]]},"properties":{"bld_nm":"한천중학교","dong_nm":"","usability":"","grnd_flr":"0","ugrnd_flr":"0","archarea":"0","height":"0","vl_rat":"0","bc_rat":"0","totalarea":"0","platarea":"0","useapr_day":"","strct_cd":"","school_name":"한천중학교"},"id":"LT_C_BLDGINFO.18566592"},{"type":"Feature","geometry":{"type":"MultiPolygon","coordinates":[[[[127.05071912077798,37.62734046198587],[127.05086149350589,37.62720105891312],[127.05071167207323,37.62710426440434],[127.0505692992498,37.62724366729856],[127.05055399753066,37.62723378270908],[127.05033122999363,37.62745189939431],[127.05055035503854,37.62759347129447],[127.05077312462137,37.62737535239812],[127.05071912077798,37.62734046198587]]]]},"properties":{"bld_nm":"월계초등학교","dong_nm":"체육관, 급식실, 병설유치원","usability":"","grnd_flr":"2","ugrnd_flr":"1","archarea":"0","height":"0","vl_rat":"0","bc_rat":"0","totalarea":"0","platarea":"0","useapr_day":"","strct_cd":"","school_name":"월계초등학교"},"id":"LT_C_BLDGINFO.18611642"},{"type":"Feature","geometry":{"type":"MultiPolygon","coordinates":[[[[127.07271561984278,37.63107453462276],[127.0726852287068,37.631042838514105],[127.07265896470011,37.63106231548523],[127.07268776835498,37.63109248089466],[127.07271561984278,37.63107453462276]]]]},"properties":{"bld_nm":"한천중학교","dong_nm":"","usability":"","grnd_flr":"0","ugrnd_flr":"0","archarea":"0","height":"0","vl_rat":"0","bc_rat":"0","totalarea":"0","platarea":"0","useapr_day":"","strct_cd":"","school_name":"한천중학교"},"id":"LT_C_BLDGINFO.18621147"},{"type":"Feature","geometry":{"type":"MultiPolygon","coordinates":[[[[127.05446544702332,37.6207939965635],[127.05443712886277,37.620793558774835],[127.05441154325685,37.62081294131693],[127.05446130057473,37.62085688683418],[127.05450259234615,37.620831037203864],[127.05446544702332,37.6207939965635]]]]},"properties":{"bld_nm":"광운대학교","dong_nm":"경비실","usability":"","grnd_flr":"1","ugrnd_flr":"0","archarea":"0","height":"0","vl_rat":"0","bc_rat":"0","totalarea":"0","platarea":"0","useapr_day":"","strct_cd":"","school_name":"학교"},"id":"LT_C_BLDGINFO.18698950"}]}