{"type":"FeatureCollection","features":[{"type":"Feature","geometry":{"type":"MultiPolygon","coordinates":[[[[127.04499084628107,37.553432184815904],[127.04562285329845,37.553521036746666],[127.04563870001293,37.55352571581148],[127.04567334236732,37.55354570456887],[127.04570638412105,37.553539114498705],[127.0457699694312,37.553512150031715],[127.0458615039637,37.55347895779256],[127.04592928078101,37.55345901939485],[127.0459633372992,37.55344639217222],[127.04599197558554,37.553456472196814],[127.04599980344261,37.553487553574065],[127.04600378827537,37.55352638502965],[127.0460663829407,37.55354492118111],[127.04614819200555,37.55352353558591],[127.04623045799067,37.55350908743864],[127.04627663368292,37.553512583241826],[127.04633436341463,37.55353328355273],[127.04638915141648,37.55355506618853],[127.04643906942913,37.55357090412847],[127.04649169275267,37.55356935172348],[127.04685675725844,37.5535317259046],[127.04765163487424,37.55348203310674],[127.04830675853064,37.55345158347113],[127.0485895645009,37.55344128615484],[127.04873464458117,37.55343473917836],[127.0488986199492,37.553421877214866],[127.04915357986883,37.553402489997865],[127.04953585296442,37.553378273598554],[127.04964539883714,37.55337390280021],[127.04977542442361,37.55336339648305],[127.04983200398672,37.55335508343742],[127.04988608965023,37.55334055453302],[127.04992670798977,37.5533259411993],[127.04997140386558,37.55331646181389],[127.05000003535747,37.55331563879496],[127.05003138287067,37.55331472451848],[127.0516908309045,37.5528731514284],[127.05171888727004,37.55285917367444],[127.05174649375088,37.55284925060172],[127.05325970407183,37.55240312434179],[127.05328821758212,37.55239608369245],[127.05335067931622,37.55238569400949],[127.05343475708405,37.55237646581063],[127.05348081666665,37.55237635485776],[127.05352632181112,37.552392191803065],[127.05357590582126,37.552414694265366],[127.0536279973923,37.55246206311273],[127.0536786265578,37.55252159607442],[127.05371635143676,37.55257681009475],[127.0537655197144,37.552650489350725],[127.05381343733251,37.552715970073834],[127.05390756937412,37.552838733155816],[127.05395944251687,37.55289637332953],[127.0539875077608,37.55289527930308],[127.05400582898869,37.55287833216351],[127.05399584947334,37.55284977509299],[127.05398224094336,37.5528106780047],[127.05398041665244,37.55279184798166],[127.0540000884769,37.55276462884857],[127.0541286069773,37.55270681603358],[127.05419978065943,37.552693358514794],[127.0542429074411,37.55270622298141],[127.05429418274547,37.55271953418462],[127.05433696632221,37.552727263086275],[127.05436887119907,37.552715084927286],[127.05438831220238,37.552681919248975],[127.05438285108164,37.55264200755446],[127.0543836174701,37.55260650788139],[127.0544084935619,37.5525774842864],[127.05445012315808,37.55255466984752],[127.05448994812704,37.55254023550794],[127.05453284498724,37.552548234586006],[127.05457089372418,37.552581103433475],[127.05461175883424,37.552596311405615],[127.0546453625924,37.55258611458146],[127.05465202298252,37.55256340634978],[127.05462538112988,37.55249881712259],[127.05449020807715,37.55227552217424],[127.05445905703806,37.5522347213352],[127.05443944848763,37.55219292406862],[127.05444032932395,37.5521592263358],[127.05445976792247,37.552122997250386],[127.0548779102516,37.5519487308267],[127.05491422779768,37.551935919769285],[127.05504151986206,37.55190603746409],[127.05600833907499,37.55163708538858],[127.05744897115115,37.55120616663863],[127.05950754943969,37.55058480984614],[127.05989979251508,37.55045558856377],[127.06037692496983,37.55034686536121],[127.06075182323984,37.55032288671402],[127.06098245153972,37.55031898363637],[127.06134708996045,37.55034204050858],[127.06162425974887,37.55037505291753],[127.0617856549756,37.55040046682734],[127.06194592499287,37.55043353959208],[127.06209171299857,37.55047031384825],[127.0621881541116,37.55049900493963],[127.06232998868605,37.55054434046664],[127.0624839364004,37.55059471500369],[127.06260834715899,37.55064411390653],[127.06273604571362,37.550700448617405],[127.06286261552255,37.550760027384094],[127.06297470562971,37.55082601082514],[127.06305758473219,37.550875070996106],[127.0633263891389,37.55104918018861],[127.06349013349309,37.55117333990377],[127.06362306854831,37.55126408896301],[127.06370765856678,37.551327834021336],[127.06378330790976,37.55139086304978],[127.06385681927111,37.551468038855624],[127.06390869534879,37.55152125977722],[127.06400363876583,37.551648879780586],[127.06450957044584,37.552258219723626],[127.06494234212039,37.552797500057665],[127.06494699574353,37.55281326496129],[127.06509212884757,37.553000862901065],[127.06518103524076,37.55307920066954],[127.06650778370924,37.55467421788603],[127.0675949624759,37.5558538171391],[127.06852147923497,37.5568006817898],[127.06888169200431,37.55714294124611],[127.06947897792786,37.557691568859354],[127.07018599237952,37.55841492164326],[127.0714483071834,37.55964474610258],[127.07171049970847,37.5599522775528],[127.07196867578803,37.56031792514057],[127.07212384545534,37.56055163909676],[127.07231872344188,37.56088245596097],[127.07259490290473,37.56136603153993],[127.07319956033213,37.56244568267228],[127.07382315472204,37.563543068288496],[127.07415525638181,37.5641293185687],[127.07417068733855,37.564167240812125],[127.07421728822067,37.56424911207318],[127.07458512121633,37.56490660738813],[127.07500001523779,37.565645161224325],[127.07510875777326,37.56583889630574],[127.07561502770128,37.566710286561445],[127.07600431452002,37.56740344285273],[127.07620282013977,37.56770523851302],[127.07646190198112,37.568134125072085],[127.07660342073335,37.568382617983254],[127.07663746110832,37.56846314488426],[127.07672856428952,37.568667071074714],[127.07694133245137,37.56907292111912],[127.07715108933141,37.569410387176305],[127.07737127158677,37.56986650708107],[127.07751238317381,37.570152930990815],[127.07755286795752,37.57022426322074],[127.0775882691988,37.570305419624184],[127.07761243692077,37.570360364442735],[127.07763150693513,37.57041152842847],[127.07765592244372,37.57048701576317],[127.07776118140659,37.570800763073365],[127.07784002172923,37.57107164033099],[127.07786750017505,37.571153072160854],[127.07788965278553,37.57122910152704],[127.07790987301647,37.57129738360631],[127.07792623903642,37.57136035235499],[127.07795348349343,37.57143430605684],[127.07796521439835,37.57150295412752],[127.07798711347797,37.57155276468481],[127.07801579909146,37.5715974350817],[127.07803621585069,37.57163688516669],[127.07805794786306,37.57174345850132],[127.07808234111648,37.57201365074488],[127.07809047654769,37.57232466879294],[127.07809309230717,37.57255315935125],[127.07809583514741,37.57257811509303],[127.07809915432303,37.57272137106992],[127.07810324068656,37.57294886954547],[127.07811312549114,37.573092121168976],[127.07812304174561,37.57315707632681],[127.07812086066029,37.573236455404334],[127.07811495666569,37.573328000372605],[127.07810667751764,37.573421529098944],[127.07809445646258,37.57353434171672],[127.0780826995567,37.57365805605928],[127.07805788787228,37.57396359974305],[127.07798616053502,37.57454695102107],[127.07792391886926,37.57500028244128],[127.07785976653409,37.57546758046704],[127.07776884552847,37.57621177159945],[127.0777082944825,37.57666050659498],[127.07766101540551,37.57702679183283],[127.07764023583722,37.57718429927299],[127.0776293613796,37.577286929652296],[127.0776140850268,37.57740226693946],[127.0775721732693,37.57759609830974],[127.07745578067697,37.578455002195966],[127.07744878921375,37.578481496004095],[127.07743408568886,37.578494570061544],[127.077415989739,37.57851134041694],[127.07740932482236,37.57852522009374],[127.07736168824329,37.578767348378115],[127.0773342806202,37.5789754959155],[127.07732137974337,37.579089750383275],[127.07730894451994,37.57921643825689],[127.07729613544323,37.579310059899576],[127.07728436999241,37.57942764729032],[127.07727336680344,37.57951604198113],[127.07725843187453,37.57963408193678],[127.07725699598848,37.57966877113515],[127.07726607103014,37.57968642467254],[127.07728666694943,37.57967839234573],[127.07729305192292,37.57961261562286],[127.07731616015427,37.57951610406016],[127.07737561856185,37.57942920930394],[127.07739689216349,37.57941973492335],[127.07741941479607,37.57941386369483],[127.07746956194639,37.57940932582694],[127.07748891031534,37.579399221997555],[127.0774952317443,37.579381558369974],[127.07749401093767,37.579295964762615],[127.07748744941266,37.57919118349196],[127.07748776737769,37.57917028022706],[127.07751030421821,37.57917819417683],[127.07753334285634,37.579233319867626],[127.07756831449568,37.57933276660684],[127.07759208390593,37.57943744646156],[127.07759604233735,37.57954277002932],[127.07758867614629,37.57964458716344],[127.07758730913179,37.57974549935875],[127.07757293406743,37.57985714192617],[127.07756348226701,37.579912919646524],[127.07757110745663,37.57995156726516],[127.07753891838209,37.580024749099636],[127.07753044721836,37.58004367553072],[127.0775021311331,37.58013992024786],[127.07748527955782,37.5801561491962],[127.07738706568651,37.58020739006217],[127.07736204546416,37.58020677576644],[127.07734018666136,37.58019796035201],[127.0773278274983,37.580179407979585],[127.07732769443959,37.58016021690201],[127.07735501237002,37.580083794741654],[127.07737992709013,37.579982506723866],[127.07738095624957,37.57988303634627],[127.07737321525121,37.579841775909024],[127.07735001080164,37.579845304991515],[127.07733814088114,37.57986189105278],[127.07731943128405,37.57994245214493],[127.0773031247764,37.5800478790847],[127.07725681218957,37.580148280097646],[127.07722706766577,37.58017722145687],[127.07721309476649,37.58024039025181],[127.07719456717633,37.58027815400257],[127.07717862035291,37.580293571420874],[127.07711661128575,37.5803231645374],[127.07710054871715,37.58033614933787],[127.07708754534644,37.58035156482118],[127.07708088531415,37.580370399936925],[127.07708737856274,37.58040940872046],[127.07708390887076,37.580448063612195],[127.0770892482784,37.58046598989823],[127.07710545326368,37.58048129620578],[127.07712900759365,37.58048749767397],[127.07715300435906,37.58048360771993],[127.07723515227597,37.58044156769845],[127.0772853499142,37.58037567221111],[127.07732741771301,37.58033050488102],[127.07733988834119,37.580347345292076],[127.0772904880905,37.58041792544758],[127.07727002491941,37.58044505875179],[127.0772135096331,37.58053249211137],[127.07714317824697,37.58061588000124],[127.07703343110389,37.58068181430113],[127.07693554520499,37.58072269314728],[127.07692075454206,37.58076162570813],[127.07686186959158,37.58085725948035],[127.07684818958903,37.5808753783572],[127.07683021188443,37.58089773469934],[127.07680690969705,37.58091667072775],[127.0767252702654,37.581013670722925],[127.07671034865959,37.58103548446378],[127.07670165010086,37.5810537802846],[127.07669025089953,37.581088115543835],[127.07668428808691,37.58112460965473],[127.07667955323012,37.58114416428959],[127.07666565086413,37.581166337759655],[127.07642570381779,37.58144940530562],[127.0760966645928,37.581851911444275],[127.07578492052716,37.58223170050526],[127.07533838792223,37.58277645659193],[127.07499994981734,37.58318860621362],[127.0748878901541,37.58332508772826],[127.07440277611856,37.58390842715534],[127.0739114407534,37.584505103126446],[127.07337770406754,37.585166314453474],[127.07287280311806,37.58580110640918],[127.07258521011462,37.58613438064073],[127.07256846479316,37.58614592364401],[127.07255205615256,37.586154403062544],[127.07253621142131,37.58616062965039],[127.07247779780464,37.58616868436717],[127.07245235531965,37.58620167632136],[127.07233170850742,37.58624878213414],[127.07219940388721,37.58641725867532],[127.07197809407653,37.58668949362958],[127.0718145633471,37.5868833967574],[127.07181225434977,37.586954846879074],[127.07153925093952,37.58728099178239],[127.07136023074244,37.58750040173852],[127.07131239380045,37.58755899516497],[127.07115238631273,37.58777073487161],[127.07109336753696,37.587858256806115],[127.07092289166133,37.58813595514484],[127.07085811495911,37.588241410165814],[127.07078101698069,37.58836822605918],[127.07076144379955,37.58838346456671],[127.07067120461207,37.588622642015025],[127.07065857119333,37.58867301505277],[127.07061792757804,37.58891657761219],[127.07058730986401,37.589106344911315],[127.0705563580202,37.58930214904447],[127.07050768676389,37.589438408160355],[127.07046723717345,37.589528441442546],[127.07043768612418,37.58964928214093],[127.07041513407076,37.589868146606825],[127.07039123005107,37.59009430990316],[127.07030326697381,37.59058999809907],[127.07024250902147,37.59111945720199],[127.07022095714623,37.591319310050565],[127.07018820006813,37.591644497531234],[127.07014682152305,37.591952841560754],[127.07011478185979,37.592077828170666],[127.07007494889426,37.59222372240717],[127.07002482660896,37.592385299989125],[127.06997164708153,37.592547059556225],[127.06992238035669,37.59277639115954],[127.06988369874446,37.59294345793825],[127.06982060862958,37.59316342735384],[127.06978134655635,37.593315628068886],[127.06972594401424,37.593523249289476],[127.0696574717888,37.59367961176767],[127.06957050674845,37.59391914662776],[127.06950940747612,37.594090100727094],[127.0694450763578,37.59431718846388],[127.06938934859224,37.59454219881902],[127.06933077220177,37.5947483800912],[127.06925878805684,37.595027189104336],[127.06919087294571,37.59529860754605],[127.06915097726291,37.59550288566869],[127.06910205878499,37.59574627207673],[127.06907142404022,37.59592477638417],[127.06905422937419,37.59618823629056],[127.06905832415858,37.596330590509346],[127.06905451704472,37.59649952858828],[127.06907066654387,37.59669782729723],[127.06913282371531,37.59693258919879],[127.06922239976998,37.59718382311721],[127.06929323787291,37.597376323342374],[127.06939596289261,37.59764088405636],[127.06951292270949,37.59786903625029],[127.06961034438662,37.598030706711825],[127.06975616402278,37.59824046140958],[127.06991828549306,37.59844453002072],[127.0700441196128,37.59859329910341],[127.07022367888655,37.59879465395967],[127.07035019966241,37.59894981933293],[127.07050380795786,37.59912911494142],[127.0706610173986,37.59928381114057],[127.07078796068997,37.59940500842712],[127.07086312166608,37.59949244952416],[127.0709665033047,37.599604831049426],[127.07105335551313,37.59972073629777],[127.07122943750419,37.599951193674706],[127.07126787300845,37.60000036456166],[127.07141254522709,37.60018552078827],[127.07154838292723,37.60036815941376],[127.07164648852557,37.60052649404309],[127.0717687716376,37.60074373866793],[127.07189074252426,37.600988823954275],[127.0719576811742,37.60111933668245],[127.07200735499123,37.601195710377944],[127.0720648446515,37.60127415155743],[127.07208637848973,37.60129251861204],[127.07213213366448,37.60129780650034],[127.0721593105171,37.60129634830282],[127.072462097861,37.60127183604811],[127.07251849331138,37.60127243210307],[127.07254035544103,37.601278905799234],[127.07254455521779,37.60128899431082],[127.0725431043217,37.601310889270394],[127.07253215459271,37.601346755419605],[127.07251472954943,37.60136154237017],[127.07248608716759,37.60136984907691],[127.07241690071004,37.60137493709526],[127.0723722855765,37.60137757733418],[127.07216856951096,37.60138572089299],[127.0721587227809,37.60139131305433],[127.07214968171368,37.60141032947972],[127.07214742651436,37.60142033185207],[127.07215007921738,37.60147015500081],[127.0722236625323,37.601796088319],[127.07225748763321,37.601994375591666],[127.07228985774239,37.60221023305003],[127.07229425084452,37.60253710963259],[127.07225530546312,37.60289951175153],[127.0721807871619,37.603248060348754],[127.07208218058236,37.603749071115054],[127.07195600624804,37.60431848370819],[127.07187288781346,37.60479461744416],[127.07187259912791,37.60484768592552],[127.07186504340466,37.60488084695499],[127.07185599915513,37.604897070280074],[127.07184992023902,37.60493500565556],[127.07182690952246,37.605030614688786],[127.07179866290404,37.605098746710624],[127.07178851383662,37.60514380237763],[127.07177906554598,37.605211021967506],[127.0717742393131,37.60525625459292],[127.07176938952911,37.60527698030858],[127.07173883791505,37.605421517651905],[127.0717141016793,37.605607496980625],[127.07166694019062,37.60579168793874],[127.07162326614727,37.60595182033006],[127.07154906686799,37.60628496123304],[127.07152991673766,37.60639192031604],[127.07152160168484,37.60646031047092],[127.07150390294382,37.60654555481654],[127.07148019876767,37.606627559233104],[127.07146438417406,37.60666991532316],[127.07145342892248,37.60670136649439],[127.07139886791808,37.60696547956796],[127.07133930340541,37.607208602572925],[127.07127976705152,37.607481638372526],[127.07126739683693,37.607573366573995],[127.07126706894347,37.607585800426925],[127.07123478131633,37.60781205837615],[127.07119872946684,37.6081291383116],[127.07117893902688,37.60839710449231],[127.07115990419469,37.60874507805326],[127.07115801817265,37.6091429560565],[127.07114924785711,37.60956633617746],[127.07115496741591,37.6099825897177],[127.07116168016739,37.610371362463006],[127.07116632885041,37.610852217502256],[127.07117731377254,37.6113264914615],[127.07117523417098,37.6119965581339],[127.07116217446195,37.61243534754523],[127.07115460935867,37.612697539825994],[127.07114408780738,37.612828640024695],[127.07109897982811,37.61303463321991],[127.07104780463418,37.61329225669155],[127.07104753102567,37.61336181317695],[127.07104869406584,37.613393797572115],[127.07106274829009,37.613523171071286],[127.07105969898177,37.61353236299098],[127.07085470960854,37.61426291764328],[127.07087851830435,37.61428777062736],[127.07092093191675,37.614344056924],[127.07093045383769,37.61435234029492],[127.07101446770476,37.61444310940301],[127.07103408810687,37.61447039754401],[127.07103602959943,37.614487244859056],[127.07103638095808,37.61449940799136],[127.07106025546429,37.61459327661118],[127.07107464259025,37.61459615110987],[127.07110827496565,37.61458910313924],[127.07115629780989,37.614588443500544],[127.07119334403596,37.61459815183167],[127.07125543838865,37.61462568459992],[127.0712452752438,37.61465767582462],[127.0712384836787,37.614662094767866],[127.07122819514113,37.614681382130144],[127.07121772209074,37.61474472793533],[127.07121052351626,37.614797440100126],[127.07121101411578,37.61483681299632],[127.07122154819656,37.614837437331026],[127.07123058553374,37.6148125645971],[127.0712400775506,37.61478940346585],[127.07126654948372,37.61475623110949],[127.07135074370763,37.61467923582475],[127.07139343308314,37.61466794765104],[127.07141087669929,37.61466910838154],[127.07140929386105,37.614672082601096],[127.07127795353757,37.61483767357179],[127.07118995835505,37.61496737891485],[127.07111585147447,37.615052116502525],[127.07108982256003,37.61507492719067],[127.07108043240328,37.61508619520133],[127.07106980929225,37.61511106887765],[127.07106383727286,37.61514359815299],[127.07104819730442,37.61549066826539],[127.07104866107701,37.615501930339654],[127.07105807606877,37.61551670087852],[127.07108300552498,37.615528578909895],[127.07111890549237,37.61552351174544],[127.07121793773373,37.615445876930025],[127.07126367520867,37.615423594907845],[127.0712670731319,37.615423592855834],[127.0712662857004,37.61542926955757],[127.07125046233804,37.615464507754346],[127.07124368453968,37.615483432600314],[127.07119346747784,37.61555923602046],[127.07117988452039,37.61556843429452],[127.07105962849872,37.61560076214915],[127.07104185422045,37.6156094223381],[127.07103472893469,37.615620328585315],[127.07101976127719,37.6158408995158],[127.07099274074949,37.6160123738311],[127.07094074274447,37.61624098580318],[127.0708724799554,37.616398519549186],[127.07080416965357,37.616625699661114],[127.07076394999848,37.616853944069035],[127.07073909261997,37.61703812093139],[127.07072723921402,37.61719949499271],[127.07071791970138,37.61740528623789],[127.07070159993923,37.61775433875274],[127.07069024336664,37.6182014157522],[127.07068717610399,37.61855082067346],[127.07068622587563,37.61886319370882],[127.0707015472136,37.61901446037376],[127.0707046814659,37.61921429757342],[127.07071818391148,37.61947809867803],[127.07073655350717,37.619738112703686],[127.07074104749262,37.620057870510934],[127.07074158698552,37.62026861117896],[127.07071859661234,37.62039215035092],[127.07069295091834,37.620462893238226],[127.07067218516217,37.62054345396044],[127.07067042074233,37.620594090514835],[127.07065047187382,37.62070005858932],[127.07063116763479,37.62076908578644],[127.07058860788939,37.62092128803548],[127.07050334525205,37.62119460849596],[127.07037701653535,37.621523904696936],[127.07025929611355,37.62185382631064],[127.07012157535945,37.62223727831863],[127.07000013210302,37.62258585228199],[127.06988964718171,37.62290423654079],[127.06973528760128,37.62330544733056],[127.06960892244943,37.62360311797037],[127.0694646749624,37.623918458333875],[127.06942367271843,37.624044620642564],[127.06941419136508,37.624081116192954],[127.06940371630704,37.624145362725315],[127.06941055617588,37.62419184962914],[127.0694200284149,37.62426734676322],[127.06942347215578,37.62431617822931],[127.0693351008445,37.62442227635029],[127.06928113441403,37.6244945671989],[127.06923926823234,37.624544866842],[127.06921616504408,37.624550826909854],[127.06920674626724,37.624532812696366],[127.06920638855799,37.6245135317864],[127.06918711845431,37.62449966788844],[127.06917197378232,37.62453697762532],[127.06912640720775,37.62462818420215],[127.06906792372087,37.624716064669975],[127.06899278468222,37.62480017070233],[127.06891548993946,37.62488076409602],[127.06882788418642,37.62495866049237],[127.06877909963774,37.62500049472751],[127.06873914380427,37.62503475551004],[127.06864337788357,37.625108602080246],[127.0685501038269,37.62518235702558],[127.06846701899664,37.62524988917565],[127.06837804812338,37.62532247020355],[127.0682946226492,37.62538946183608],[127.06820361315467,37.62546285479887],[127.06811339684842,37.625536697726126],[127.06802510332476,37.62560747612015],[127.06792581855369,37.62567501722279],[127.06783559844104,37.62574525599051],[127.06775522917394,37.6258107138028],[127.06766727621496,37.62588302340788],[127.06757060239413,37.625957410210304],[127.06748197200874,37.626032603220914],[127.067389150154,37.6261078886566],[127.06730572657038,37.62617893402063],[127.06721891033462,37.62625655846016],[127.06712937461502,37.6263335536914],[127.06704108220987,37.626407664990154],[127.06695131455332,37.6264790740992],[127.06685950605298,37.62654868232236],[127.06677041902931,37.6266215324851],[127.06668518186385,37.62669266852954],[127.06659836301876,37.62676876083052],[127.06651188231561,37.62684314100164],[127.06642437316656,37.62690770093402],[127.06636957942824,37.62694656428721],[127.06627595834301,37.62701734435326],[127.06618086361773,37.62708722418425],[127.06608803810222,37.627161337303534],[127.06599589153699,37.62723481927861],[127.06590227442926,37.62731091486308],[127.06581964638507,37.62738799532811],[127.06573022138545,37.62746525971813],[127.06564600363025,37.62753846670344],[127.06556076450443,37.62760978212376],[127.065478809229,37.62767974417979],[127.06540071291582,37.627758263410335],[127.06531955440808,37.627832910041846],[127.06523500315211,37.62791431589046],[127.06515882719619,37.627987157681986],[127.06509194990788,37.62807098632809],[127.06501986143121,37.62815481780686],[127.06494630159588,37.628240361924384],[127.06488214343419,37.6283250899378],[127.06482217655027,37.628409725514025],[127.06480713162787,37.62843487129686],[127.06475995260693,37.628504453344185],[127.06475917556656,37.62852283389149],[127.06476938809283,37.62854237968903],[127.06478639148956,37.62855480396535],[127.06487173572447,37.628602329151754],[127.06488387200687,37.62861944121844],[127.06487822455964,37.628638725430555],[127.06485514496461,37.62867369638666],[127.06480231750112,37.62876157157411],[127.06478726382015,37.628776716410115],[127.06469507422929,37.628804337173015],[127.06464488306365,37.628797246890294],[127.06462824156698,37.628810320307394],[127.06461128064612,37.62884699973725],[127.06457251160296,37.628948201716895],[127.06453249788011,37.62905120633532],[127.06448987748091,37.62915304108103],[127.06445971552641,37.62925162545391],[127.06442388868527,37.629349582220286],[127.064378998918,37.629447543919404],[127.06434770485288,37.62954730015853],[127.06432056686815,37.62960596915387],[127.0642990474084,37.62961156699679],[127.0642828590452,37.62962491041239],[127.0642798161621,37.6296432921875],[127.06425678864701,37.62973943995102],[127.06423081362094,37.62983324674914],[127.06419532714453,37.6299324646319],[127.06416402674452,37.63002537332344],[127.06414337650676,37.63011980789236],[127.06412000424302,37.6302106399912],[127.06409617877574,37.63030147233019],[127.06406680683617,37.63039771359093],[127.06403856359351,37.63048917900435],[127.06401665037251,37.63056433312874],[127.06399179372573,37.63064192150669],[127.06399781394119,37.63066056865154],[127.06401934377323,37.630666683676665],[127.06403793277849,37.630678206209915],[127.06403715677541,37.63069802832276],[127.0640174933196,37.63075462091256],[127.0640243073354,37.630774168611],[127.06404436933687,37.63078596063949],[127.0640667161204,37.63081991567881],[127.06408666284173,37.63082936519913],[127.06409120958443,37.63084711215296],[127.06407730678022,37.63088387993105],[127.06403547007751,37.63097679429514],[127.06402292945765,37.631016804876126],[127.06400447421179,37.631029248494535],[127.06398295686705,37.631037819531045],[127.06397810124743,37.63105620227702],[127.06398944525057,37.63107394554822],[127.06405361490381,37.63113067284312],[127.06407480609516,37.6311380494217],[127.06412352170263,37.63114009522434],[127.06414165769,37.631151617986475],[127.06416096490533,37.63120773891139],[127.06415826279945,37.63122729177483],[127.06415068728876,37.631244504724535],[127.06413563289792,37.63125955937304],[127.06409339065395,37.631276160467365],[127.06408125512549,37.63126021960846],[127.0640797663657,37.631241570008875],[127.06406344073281,37.63122743339538],[127.06404122891924,37.63121888608715],[127.0640166436256,37.63121682716102],[127.06399320056227,37.63122566953972],[127.06396082556942,37.631255329530255],[127.06396265563147,37.63127569081949],[127.06394422015141,37.63131128975469],[127.06397403928531,37.63133965464616],[127.06399523052819,37.63134703123874],[127.06402273291599,37.6313159323058],[127.06404504737449,37.63131204595638],[127.06405865565102,37.6313279860193],[127.0640624107144,37.63134726507854],[127.06410468574214,37.63136877568059],[127.06411263094039,37.631386250489754],[127.06409270163144,37.631397253344765],[127.06409339706939,37.63141554298028],[127.06414029366223,37.63140993138398],[127.0641666900877,37.631410187327575],[127.06417237131856,37.63142973563127],[127.06413536998735,37.631480931746914],[127.06407730961871,37.631546915457015],[127.06405647116878,37.631554675250285],[127.06403652402535,37.631544955430584],[127.06403197617063,37.63152594709717],[127.06404440242252,37.631484585101944],[127.06404098644906,37.63146440487266],[127.06402658466851,37.63144792464714],[127.06400393177123,37.63145352304974],[127.06397223765062,37.63148462425034],[127.06390612808941,37.631544125141886],[127.06386019876416,37.6316210942008],[127.06380880012752,37.631661396075266],[127.06379295541174,37.63167978475403],[127.06378696758564,37.63169906908812],[127.06379566325893,37.63179934410908],[127.06379375452127,37.63181943712478],[127.0637855003645,37.631838091993586],[127.06373412708417,37.63190830654905],[127.06371646428624,37.631920389298266],[127.06365229749694,37.63200034137168],[127.06360092167614,37.63206785291134],[127.06358397517224,37.632122912275605],[127.06357118758454,37.63213949730418],[127.06355148303913,37.63214869797384],[127.0635032285334,37.632156742728014],[127.0634594011196,37.63217514641772],[127.06338390012483,37.63224951832567],[127.06337371836328,37.632266372228344],[127.0633698825805,37.632285294989195],[127.0633551780176,37.63231251265522],[127.06333819663658,37.63232675734691],[127.06325476431188,37.63240023244204],[127.06318683920261,37.6324579319237],[127.06316384789591,37.63246569271116],[127.06311626038618,37.63245896078388],[127.06303816032056,37.63254189322175],[127.06297773404144,37.63262562706175],[127.06289917205682,37.63269855871086],[127.06281472071112,37.63277374590651],[127.06272030068527,37.63285019972027],[127.06263085875318,37.632918902338595],[127.06254176030419,37.632992109634515],[127.06246173279528,37.63307468231116],[127.06236809911555,37.63314401763678],[127.06227026905452,37.63320803928703],[127.06222803618633,37.6332377039949],[127.06212873474615,37.63330370847118],[127.06203215197317,37.633369531236795],[127.06193737720632,37.63342994706013],[127.06184294611793,37.633495137850154],[127.06174512125887,37.63356654714032],[127.06165455008673,37.63364182679626],[127.06157303762262,37.633711695741546],[127.06150125742417,37.63376858536567],[127.06149447579487,37.63378786999061],[127.06149335824374,37.63380652097335],[127.06148510299565,37.63382481528158],[127.06145488035794,37.63385681601287],[127.0613691778833,37.63392938995376],[127.06128654434619,37.63401439583728],[127.06119971347923,37.63409291674353],[127.0611167326063,37.63416927322555],[127.06102649869437,37.634243020542186],[127.06094986319907,37.63432099539666],[127.06087277473947,37.634399420926805],[127.0607893461111,37.634483255584854],[127.0607128218752,37.634559338155675],[127.06063766329919,37.6346431684485],[127.06058222192618,37.634732304383625],[127.06055279012607,37.634762502502376],[127.06045460811053,37.63481616147976],[127.0603639922114,37.6348396334946],[127.06034360890861,37.63485144682955],[127.06026426183007,37.63494032454067],[127.06018275761876,37.635023797385465],[127.06017406406981,37.635061102612475],[127.06016546825998,37.63507912670272],[127.06008994152813,37.63512925997638],[127.06007862474652,37.63514494288401],[127.06006913807262,37.6351822485064],[127.06006046178058,37.635241087264134],[127.05996648232728,37.635309249555235],[127.05986795617908,37.63535903397803],[127.05977314970734,37.63538521061936],[127.05975423826823,37.63539612212052],[127.05973725621945,37.6354112672726],[127.05971462385982,37.6354444349876],[127.0596512439697,37.635525826018],[127.05958628565699,37.63561703854968],[127.0595282393256,37.63570968913347],[127.05949918151417,37.63578367467809],[127.05949955236382,37.63582250695418],[127.05949424329872,37.635842331306186],[127.05948372006814,37.63585891474],[127.05944861838458,37.635883799623485],[127.05938898152475,37.635971405418985],[127.05934294728789,37.636068194391065],[127.05929725145816,37.63616327130175],[127.05923954559002,37.63625763343588],[127.05917877672813,37.63634713175691],[127.05912299524434,37.63643978099418],[127.05907241868361,37.63652413853478],[127.05901878585951,37.63661210152176],[127.05896515568591,37.63670357832362],[127.0589111896882,37.63680037107934],[127.05885608823807,37.636894191124554],[127.05880449494687,37.63698305397639],[127.05874938975181,37.63707245914417],[127.05869315308364,37.63716393711331],[127.05865230813338,37.63723432435463],[127.05866704775464,37.63724828229396],[127.05873237644326,37.63719256891805],[127.0587532165961,37.63718426947991],[127.05876829633075,37.63719849753285],[127.05876413555703,37.637238142945655],[127.05877321303365,37.63725552743471],[127.05879587667621,37.6372608319543],[127.05882193533394,37.63726117935946],[127.05884425809504,37.6372652226607],[127.05886047012575,37.63727854915192],[127.05886014494638,37.6372971997036],[127.0588446353626,37.63731261428344],[127.05882232231838,37.63732091447189],[127.05881633268568,37.637340108438245],[127.05881702674573,37.63735821789054],[127.05882354599893,37.6374359696443],[127.0587782960424,37.63752365803342],[127.05871864240962,37.63759261308629],[127.05870123927933,37.63764947389646],[127.05870385959132,37.637667852685546],[127.05872054458852,37.637706226340946],[127.05871750022095,37.637724878244214],[127.05868919975049,37.63775543571431],[127.05859181177036,37.63781702138842],[127.05849476868049,37.63788518400039],[127.05838978226164,37.637937673325965],[127.0582976971386,37.63797150579634],[127.05827957883189,37.6379835879451],[127.05825390237807,37.638037749817414],[127.05820249748972,37.6380795808857],[127.05809876031394,37.63813648416035],[127.05807305211917,37.6381501016886],[127.0579756582844,37.63820547005767],[127.05786908053369,37.638252373593176],[127.05775887359812,37.638294773884574],[127.05773769382509,37.6383039742967],[127.05770259431141,37.63833390416502],[127.05761994142468,37.63840557285405],[127.05752663714983,37.63847580510256],[127.05743378450912,37.63854423508701],[127.05734467327673,37.63861617701997],[127.05725102629955,37.63868343596492],[127.05715443384857,37.6387513269511],[127.0570539844176,37.63881318312474],[127.05696000177795,37.63888665879379],[127.05686975290395,37.638953645497246],[127.05677916931621,37.639027659973],[127.05668019511444,37.63909347944857],[127.05658847215348,37.639159565658105],[127.05649097378635,37.6392297089923],[127.05640231028144,37.639296694575464],[127.05630866404839,37.63936719630976],[127.05622487254878,37.63943472002359],[127.05617391672766,37.63947384703078],[127.05608434509058,37.63953930113084],[127.05598696020344,37.6396109756643],[127.05590124938107,37.63968832078907],[127.05581406452322,37.63976440516947],[127.05572687713217,37.63983733603954],[127.05564116349555,37.63991161762622],[127.05555737896584,37.63999013286896],[127.05548186721582,37.64007125701645],[127.05541496870497,37.6401557107122],[127.05534784444176,37.6402415159516],[127.05527755177553,37.640332998838794],[127.05521303080897,37.640415649333406],[127.05514511083332,37.64049857167573],[127.05507787484424,37.64058735005784],[127.05501981493285,37.64067441225093],[127.05494883294807,37.640754092360545],[127.05489564324868,37.6408390799575],[127.05483667670487,37.64092641277407],[127.05479174807923,37.640998061912],[127.05477637082853,37.64104158660101],[127.05475522224398,37.641094844598214],[127.05472685130637,37.64118774925606],[127.05470391998405,37.641282183057065],[127.05467521051972,37.641377160120655],[127.05465035357155,37.641472495784996],[127.05462470125617,37.64156485856244],[127.05459111753419,37.64165713490472],[127.05457382381496,37.64171426531281],[127.05458445529517,37.64184301105495],[127.05459082934237,37.64188265141561],[127.05460744411893,37.641981481704704],[127.05462270053786,37.64208202448882],[127.05465778579297,37.64218318877353],[127.05466658050811,37.64227904942381],[127.05466658380927,37.642283554343535],[127.05467832507354,37.64238022451179],[127.05471567189112,37.642474900639534],[127.05472638054638,37.64255391198825],[127.05471948240363,37.64257229526567],[127.0547308789082,37.642662208202395],[127.05474987280233,37.64276013637033],[127.05477815934248,37.642860132482866],[127.05480543011053,37.64296544486525],[127.05483416976281,37.64306508035668],[127.05487005003904,37.6431677758646],[127.05490117081553,37.643269482492215],[127.05492651158283,37.64336920963595],[127.05495559412816,37.643472448867506],[127.05498739917421,37.64357983134781],[127.05502180492462,37.64367982453559],[127.0550550755012,37.64377684499408],[127.05508608573986,37.643881614959426],[127.05510768162603,37.643972964651155],[127.05513676292696,37.64407386126953],[127.05516924240749,37.64417322461726],[127.05520070140324,37.64427150725106],[127.05522830814073,37.644369971875015],[127.05526236984917,37.64446347805587],[127.05527248625914,37.64450663044605],[127.05530462818824,37.64460869685889],[127.05537235499072,37.64471867522285],[127.05538290566895,37.644736149357534],[127.05544529185285,37.644825497653855],[127.05548307668323,37.64489674771281],[127.0555314433896,37.64502718741606],[127.05554391926304,37.645043128956715],[127.05556094408308,37.64508132265411],[127.05559954132409,37.645178070131664],[127.05563247581334,37.6452783341022],[127.05564762279873,37.645381309404584],[127.0556797503526,37.645462923375234],[127.05568014899558,37.645541579068755],[127.05563863517877,37.64563665243903],[127.05557558279573,37.64571894197268],[127.05551967083147,37.64580393106256],[127.05551594527272,37.64582231288338],[127.05552120462487,37.645885559464105],[127.05553001041656,37.645994213952264],[127.05553978195837,37.64603024869949],[127.05554092982386,37.64605006979988],[127.05555726662017,37.64607700151929],[127.05557087490935,37.64609177124214],[127.05560071665738,37.64614680728331],[127.05564384048762,37.64623490315227],[127.055668392974,37.64633850468718],[127.0556741313593,37.6464360785051],[127.05566729186192,37.646533207764975],[127.05563790792579,37.64663647434552],[127.05560399016517,37.64673803118517],[127.05557448744592,37.646834180032336],[127.0555277637132,37.64693367061647],[127.05548704251649,37.647029284128266],[127.05544054470094,37.647128143879904],[127.05540468320514,37.64720690668502],[127.0553945441755,37.64728646828818],[127.05535448577527,37.64735955685067],[127.05533829243161,37.64737352969141],[127.05532617980813,37.647389482779865],[127.05533685974173,37.64742794976467],[127.05533154894867,37.64744804418676],[127.05533156238327,37.64746615394791],[127.0553364488704,37.64748507230848],[127.055334536389,37.64750372356293],[127.05530103640388,37.64755851906446],[127.05523379885103,37.6476535142173],[127.05517675258427,37.64773940463179],[127.05515189649897,37.64783789374071],[127.05513418309472,37.647941785405166],[127.05509799884838,37.64804478470984],[127.05505534796627,37.64813742571111],[127.0550146229166,37.64822952520747],[127.05497004442365,37.64832072550064],[127.054921384055,37.6484085940377],[127.05486740482311,37.64850601545021],[127.0548160262542,37.64859604756516],[127.05476170111613,37.648685720630894],[127.05470726451541,37.64877809667177],[127.05466427172823,37.64886929610576],[127.05461595797678,37.64896725536041],[127.05457183544299,37.649063410688555],[127.05452771114874,37.64915731354147],[127.05448505694888,37.64924725137146],[127.05445970131852,37.64928429348797],[127.05445484190683,37.649302315394685],[127.05445406448578,37.649323939349735],[127.05444422154999,37.64934520709553],[127.05442950070858,37.64935917912743],[127.05440911184277,37.649370090428974],[127.05439711378668,37.649388476018494],[127.05437970416084,37.649444705393975],[127.05431699014011,37.64953113856967],[127.05425178479047,37.64962000551096],[127.05420301419335,37.649714450960275],[127.05415855335417,37.649814210209776],[127.05412270615055,37.64991630804544],[127.05410146362672,37.650000379510274],[127.05409705695651,37.65001786060264],[127.0540850054495,37.65011904652608],[127.05406144913415,37.650294118327935],[127.05403796058889,37.65040648167179],[127.05402114105895,37.6504958668888],[127.05400470339296,37.650643185132694],[127.05399765773485,37.650772119019855],[127.05399535770994,37.650882130090146],[127.05399531882264,37.65098493226007],[127.05399901624233,37.651083317901765],[127.05399862788035,37.65117296587793],[127.05399600896021,37.6513120788335],[127.05399221196379,37.65138920470456],[127.05399263619826,37.65150561149456],[127.05399372560632,37.65160165576599],[127.05399402073908,37.651696258826895],[127.05398920554346,37.65177572771413],[127.05397237912756,37.6518561030788],[127.0539522621708,37.6519306235569],[127.0539358982123,37.652023792658],[127.0539265653213,37.65212425650175],[127.05392505187737,37.65222525735856],[127.05392573549041,37.65238707354229],[127.05392681537927,37.65247005355529],[127.05393275664962,37.65253726414775],[127.05395479134545,37.652607080229366],[127.0539763753431,37.65268041034463],[127.05396848527654,37.65273897782714],[127.05394721590254,37.65278728022557],[127.05392786435651,37.652823688772266],[127.05389732201559,37.652898844682085],[127.05387039768429,37.65311950762168],[127.05386782181705,37.65316176488143],[127.05386704262494,37.65318122646109],[127.05387459899197,37.65375857262232],[127.05387086351577,37.65423492375472],[127.05385944928679,37.654905980637274],[127.05380747929763,37.65512647472349],[127.05375332985106,37.6553109304815],[127.05363938353108,37.65570714423465],[127.05357051924098,37.65591710437622],[127.05349475848736,37.656150493133325],[127.05342917577732,37.65635477550141],[127.05337592202481,37.65652652679535],[127.05334098133696,37.65663448025153],[127.05331983215092,37.656694495217664],[127.05327694026042,37.65677704455218],[127.0531995073711,37.65689303588542],[127.05285274414152,37.65739783176778],[127.05256031350405,37.65781682891825],[127.05252353365475,37.65789054561775],[127.05247655592163,37.65796678959113],[127.0524642219813,37.65799364433662],[127.05248472935433,37.65798633726109],[127.05251757007528,37.65795136454874],[127.05259434822278,37.65786807961729],[127.0526132711736,37.657863926662245],[127.05260989083347,37.65789158831329],[127.05255253317564,37.65803342842457],[127.05252008509933,37.65814318246372],[127.05247644251439,37.65828871045032],[127.05243880565028,37.65843342486398],[127.05239027981143,37.658565079863145],[127.0523522719677,37.65866609679252],[127.05232660389746,37.65874845791284],[127.05229936305422,37.658850641321685],[127.05226273719985,37.65898346225885],[127.05222292117413,37.659092318481235],[127.05217889698082,37.659180003480486],[127.05215537350655,37.65925047064988],[127.05214906379192,37.659303090768304],[127.05213040087898,37.65935553614949],[127.05209087749321,37.65939717896131],[127.052043196874,37.65944260948163],[127.05198396522377,37.65950065881608],[127.05195372711029,37.65953121541478],[127.0519291494432,37.659553029992175],[127.05188214096384,37.65958746817472],[127.0518553943595,37.659586849248406],[127.05183599630544,37.65956036891475],[127.0518393610325,37.65950973226912],[127.05185426590434,37.659430889825494],[127.05188334638093,37.65936537567322],[127.0519075649373,37.65931617142053],[127.05191955848848,37.65928814561281],[127.05191841834196,37.65927832541456],[127.05189189631487,37.65927455296181],[127.05185803022881,37.65930303887524],[127.05181511975528,37.65936333340416],[127.05177753902134,37.65942831068207],[127.0516299405002,37.65969560652369],[127.05148268800977,37.65997317320748],[127.05140662900224,37.66011817430846],[127.05130476442255,37.66031328115516],[127.05125666924002,37.66041664464098],[127.05120596826393,37.66052145080698],[127.05117541842627,37.66059426336702],[127.05114226984661,37.66067869970564],[127.05110943666891,37.66072736693409],[127.05105163243196,37.66088641518728],[127.05103797888653,37.6609737261941],[127.05103637763732,37.661117974007595],[127.05104501584134,37.66131979009547],[127.05105217698507,37.66151611082902],[127.05106349722799,37.66166233519533],[127.05106384377291,37.661671885447035],[127.05108491516043,37.66182441245466],[127.0511311393689,37.66196584648491],[127.05116133361211,37.662034578261725],[127.05119369043396,37.66211664361362],[127.0512391094219,37.662240238516006],[127.05127931699012,37.66236653860748],[127.051298656927,37.662472485585035],[127.05131243887757,37.66257176771486],[127.0513254347096,37.66268150156464],[127.05134103408322,37.66278654917594],[127.0513432640451,37.66289772927489],[127.05133540868631,37.66301125631213],[127.05132755311766,37.66312451305244],[127.05131594779859,37.663223806215015],[127.05130253184889,37.66332715457701],[127.05128719911245,37.66344500956358],[127.05126482764508,37.66354574896597],[127.05122760731045,37.66364415226155],[127.05118131888561,37.66374111790921],[127.05113739547389,37.6638162787725],[127.05108408247544,37.66391703154438],[127.05103665692259,37.66400904222817],[127.05099195617395,37.664108079364794],[127.05094351089622,37.66420090133187],[127.05090650658146,37.66428479862968],[127.05087936140137,37.6643668897007],[127.05083795301037,37.6644746648673],[127.0507487749629,37.66466976562312],[127.05055234100045,37.664978165607415],[127.05051021738734,37.66503521573672],[127.05046367938283,37.6651010072526],[127.05043198843053,37.665166251813986],[127.0504214986684,37.665241398093535],[127.05038471432755,37.66531700609632],[127.05037588075515,37.6653272810497],[127.05035050928464,37.66535197875475],[127.05032774267097,37.66537379220452],[127.05030429557809,37.66539497525352],[127.05026974983373,37.66542904705266],[127.05025095238553,37.665454282522425],[127.05022819178286,37.66548510575721],[127.05020282609597,37.66551854294028],[127.05018652287708,37.66554494861271],[127.05016376046169,37.66557315899135],[127.05014292323924,37.66559902599724],[127.05012276798344,37.66562777584777],[127.05010102110111,37.66564931852527],[127.05006092339883,37.66568627575809],[127.05002162073359,37.665725755385814],[127.04999998701317,37.66574711780022],[127.04999681553171,37.66575018247884],[127.04996624026997,37.665790018780385],[127.04993215352619,37.66583300999258],[127.04989103690124,37.665871949755335],[127.04984515353192,37.665901341123025],[127.04980050850838,37.665918208318914],[127.04976855884466,37.66593687210323],[127.04973401212347,37.66597022295838],[127.0497102237501,37.665990054560176],[127.04966920495364,37.666006019197205],[127.04962060140979,37.66603568191653],[127.04951440119392,37.666206822764416],[127.04940376542007,37.66635571114934],[127.04923211031794,37.66661409404848],[127.0490014852053,37.66699800778272],[127.04889951211514,37.66722437639561],[127.0487918942505,37.667485885483146],[127.04870480760722,37.66777306392567],[127.0486248413981,37.668030236710024],[127.04858723914636,37.668247028068706],[127.04855609292275,37.66845705939797],[127.0485276312493,37.668786559584774],[127.04850443864083,37.66920120020452],[127.048488353051,37.66939005225487],[127.04850003794583,37.66975413350677],[127.04851698065316,37.67001126624413],[127.04852046607098,37.67005478214553],[127.04853183593362,37.67019578083927],[127.04855229826907,37.67028758227911],[127.04855765137218,37.67032713309664],[127.04856684726109,37.670349743907906],[127.0485847671627,37.67036658485333],[127.04859566886057,37.67039775426924],[127.04858628614576,37.67043632007707],[127.04857169347564,37.670481104791186],[127.04856628442974,37.67052966983787],[127.04856018806818,37.67056715311363],[127.04858355830923,37.67077256691275],[127.04862424201583,37.67110726417496],[127.04866617957991,37.67145214195846],[127.04871758046154,37.67188098711068],[127.04876880631002,37.67230127297454],[127.0487775242759,37.6723725368614],[127.04881663025557,37.67271858696132],[127.04886412332692,37.67306265139838],[127.04890692640723,37.67334121653049],[127.04892916714736,37.67346365042103],[127.04895561715674,37.673609147632334],[127.04900450587044,37.673832840529215],[127.04904233231257,37.673954276834095],[127.04915269513367,37.67423263352745],[127.04923027259466,37.67447027952723],[127.04933454092716,37.67478665989557],[127.04940269503844,37.67500007335848],[127.04946778255612,37.67520384758264],[127.04957433777946,37.67554689572342],[127.04965532379703,37.675792288377615],[127.04975528632404,37.67610578698147],[127.04986989226089,37.67644847101373],[127.04999993345129,37.67681736686019],[127.05000129634026,37.67682124049201],[127.05012555678869,37.6771889673542],[127.05021526261785,37.67741597587883],[127.05027157503768,37.67754443147747],[127.05029812720808,37.677583342443775],[127.05033384885647,37.67760359922861],[127.05038452862522,37.67761610119525],[127.05042092839166,37.67763329433579],[127.05049138316126,37.677720388849174],[127.05052713822845,37.67778974890703],[127.05058621454184,37.677980731091914],[127.0506879434378,37.67821449140908],[127.05078806462193,37.67841698835943],[127.05082405494883,37.67849797084305],[127.05084780191035,37.67857814771285],[127.05086643590262,37.67864102799108],[127.05088713607347,37.67874147818535],[127.05088239382995,37.67876914027683],[127.05083573410704,37.678834751645134],[127.05080536517094,37.67885188332579],[127.05073521053787,37.6788747082858],[127.05067559643467,37.67889464554378],[127.05065338909438,37.678911323188736],[127.05066532486036,37.678959700615565],[127.05068508541446,37.67901230927793],[127.05071893868339,37.67911770922455],[127.05072294851857,37.67917969482913],[127.05071822145909,37.6792297912728],[127.05072561686542,37.67943584189621],[127.05073629676681,37.67947097546665],[127.05074710765352,37.679531967064335],[127.05078481794045,37.6796408791393],[127.05080844541175,37.679711595778194],[127.05082970050336,37.67979429644832],[127.05085458630363,37.67988150044049],[127.05087074198015,37.67996681613716],[127.05088928014918,37.68005483373783],[127.05090190990862,37.68012294226027],[127.05091046805981,37.68020483750865],[127.0509316193444,37.68030114297271],[127.05096660532939,37.68040383940043],[127.05099432396592,37.68048869958586],[127.05105399958524,37.68072220736829],[127.05119666378015,37.681294266766095],[127.05128327612888,37.68162660001743],[127.05140437694159,37.68215893531303],[127.05154426881555,37.68264864596134],[127.05163438555203,37.68296205680706],[127.05175555177634,37.68341861934506],[127.05184337990195,37.68369887500651],[127.05190103670311,37.68379345232763],[127.05193759378972,37.68386884808394],[127.05195703718256,37.683951188898405],[127.0519783029375,37.68404560200875],[127.05200523340004,37.684134606748806],[127.05203816806117,37.684217301987296],[127.05205920524263,37.68430883205055],[127.05206732200523,37.68440550338712],[127.05206523953701,37.68450785538482],[127.05205817020055,37.68461219173321],[127.05203659125651,37.68471896712233],[127.05199596955434,37.68483061618272],[127.05195419341999,37.68491271366607],[127.05190901660026,37.684995533412554],[127.05175468454748,37.68527057963543],[127.05157959291353,37.685528876541056],[127.05139189101159,37.68575113956751],[127.05131961791629,37.68583478176127],[127.05117642135738,37.68598701910145],[127.0511243181465,37.68605641697248],[127.0510651764732,37.68611221310661],[127.05103843912163,37.68613898371419],[127.05104559962447,37.68616537925718],[127.05107883666928,37.686193295170035],[127.05108136198896,37.68623870334407],[127.05105634246779,37.686290700581814],[127.0510129693742,37.686361265891115],[127.0509675423078,37.68641255115272],[127.0509121225451,37.68644059549123],[127.05084796047937,37.6864501735345],[127.0507873393493,37.6864984920504],[127.05074837831236,37.6865557208931],[127.0504524629959,37.687037600502045],[127.05016910442211,37.687483975481754],[127.05000001230756,37.68774433964356],[127.04996082526094,37.68780454153523],[127.04979752210603,37.68807733642645],[127.04977013868894,37.68815699437513],[127.04976020662467,37.68822421146832],[127.04976772427956,37.68827646497533],[127.04980303254112,37.68834924902894],[127.0498544316891,37.688409412588946],[127.04991093787385,37.688477142173035],[127.04994024454987,37.68856047015591],[127.04994936394162,37.688634076128984],[127.04996702508102,37.68876516082399],[127.04997764628156,37.6888803012019],[127.04997770892001,37.688973642405486],[127.04997209489659,37.689055273310835],[127.04994493159496,37.689125290738716],[127.0499042558203,37.689164500462034],[127.04986212209685,37.68922758668018],[127.04984471804569,37.68931111461224],[127.0498392241017,37.68940301659428],[127.04984699564153,37.68949554365216],[127.04985397404539,37.689588791825],[127.04983634447362,37.68967430199549],[127.04980261259993,37.68975576456689],[127.04978235345108,37.689808660470405],[127.0497728171314,37.68995939794426],[127.04977196382401,37.69003976544936],[127.04978654276697,37.69013940734577],[127.04980474526064,37.69023220028376],[127.04982043232799,37.6902933699905],[127.04982466438327,37.690348778282605],[127.04982195391969,37.690364636621304],[127.04983313683297,37.69047202834236],[127.04983893582344,37.69049698295148],[127.04985440671325,37.69057382973989],[127.04986680971959,37.69064067697943],[127.04987253729126,37.69072824950774],[127.04987224983077,37.69080690490774],[127.04986845565054,37.69089754478139],[127.04984848764887,37.69104702527678],[127.04982947583532,37.69110064143104],[127.04981951697415,37.691128305626144],[127.0498306372994,37.6911419957749],[127.04980415127278,37.69120885944087],[127.04978625004979,37.69122787760968],[127.04976550915515,37.691239148573864],[127.04974082922342,37.69129420866677],[127.0497142286601,37.69135954069869],[127.04964175259602,37.69148985246713],[127.04953313941877,37.69166730045449],[127.04942206855094,37.69190079011588],[127.04928697726798,37.692159967539375],[127.04914054562101,37.69241716737462],[127.049088789171,37.69250629551497],[127.04903239600162,37.69261371538356],[127.04898417047325,37.69272770895964],[127.04894649167439,37.69284530204285],[127.0489207093423,37.69294991611536],[127.0488867768517,37.6930749857258],[127.0488633882741,37.693199240076545],[127.04884180599763,37.693311690880336],[127.04882521001348,37.69342035551259],[127.04880760688208,37.69354938262452],[127.0487952156511,37.69367282152084],[127.04878168966127,37.69379490941812],[127.04876646287563,37.69391699801467],[127.0487561141322,37.69404304888594],[127.04875474971408,37.69405730875936],[127.04914756927236,37.694066175822854],[127.04916300767296,37.69398179375595],[127.04921859584076,37.69351290245499],[127.04926767057574,37.69331124343492],[127.04933123325792,37.69307227790114],[127.04943377650042,37.692799599467186],[127.04955548931119,37.69254024733095],[127.049680492809,37.69228611933598],[127.04979208395477,37.69198325402467],[127.04992491256398,37.69173452830295],[127.05000000246014,37.69161367551327],[127.05011914905315,37.69142180699052],[127.05021517281388,37.69124057971553],[127.05026871075637,37.69110649156125],[127.05031100834584,37.69094925307158],[127.05031872044881,37.69078491160797],[127.0502895510061,37.69057094204752],[127.05029387256454,37.690254697313975],[127.05031374602467,37.68996691680128],[127.05029902200752,37.68965347318802],[127.05030780417187,37.68939497913136],[127.05032097860371,37.68909305609263],[127.05034654565304,37.688842573541656],[127.05035415536851,37.68852722828644],[127.05037637919077,37.688362970652065],[127.0503912510532,37.688224574197235],[127.05039347813008,37.688164838454874],[127.05039216181724,37.688062578099704],[127.05038946075447,37.68792445943891],[127.050397223347,37.687835439566214],[127.05041472261087,37.68772650393122],[127.0504434529137,37.6876280148252],[127.05046811066146,37.68754277182027],[127.0505120532929,37.68747436882688],[127.05057256459123,37.68742983461223],[127.05062683457915,37.68737692395626],[127.05065841626575,37.687304111423146],[127.05068807784197,37.68724202133683],[127.05072646855176,37.68717911660838],[127.05076702808591,37.68713792448844],[127.05080647756837,37.687131510560135],[127.05082236314504,37.68715105492483],[127.05081242079204,37.687201604040624],[127.05079624731866,37.68725864287637],[127.05080419660203,37.687277920367976],[127.05083829651491,37.687240605209546],[127.05087374093289,37.68717995414671],[127.05089364351365,37.687105164435586],[127.05092725605031,37.68701847589864],[127.05096555193582,37.68698314104008],[127.05100677844882,37.68692293792444],[127.05104788763211,37.686857058686726],[127.05109536272907,37.686816133751286],[127.0511282096201,37.686770710252034],[127.05116184457036,37.68671726770204],[127.05120000656446,37.68665247086056],[127.05125369708495,37.686582711882146],[127.05139153157901,37.68638038245071],[127.05142651437177,37.68630918997728],[127.05147158108174,37.68622916351214],[127.05152515224891,37.68615156595276],[127.05157714621075,37.68608856489425],[127.05162267560286,37.6860222330251],[127.05167317850058,37.685934635887776],[127.05172402652357,37.685854426592435],[127.05178665456428,37.685759165775885],[127.05184226354693,37.68567841374995],[127.05190669825117,37.68557315122098],[127.05196524372643,37.685476810928826],[127.05200487373703,37.685405616225395],[127.05205458689785,37.685324776596595],[127.05221348104712,37.685090091765666],[127.05227430471487,37.685010238195986],[127.05232763622728,37.68491669305694],[127.05236952956587,37.68484063194032],[127.05238922615953,37.68479836733598],[127.05239815979107,37.68476628855916],[127.0523613116607,37.68476198023184],[127.05232762800641,37.68474361523598],[127.05232702090382,37.68468631331972],[127.05234022750976,37.684604318481966],[127.05234366946212,37.6845011549978],[127.05233678634794,37.68438592299157],[127.05231640819697,37.68426475051624],[127.05228481098875,37.6841497997564],[127.05225535365638,37.68401457603567],[127.05222715895803,37.68390142570355],[127.05219997796505,37.68377872454801],[127.05216634241549,37.68366647758278],[127.05213871318338,37.68355098442997],[127.05210381667018,37.683418556093656],[127.05207254154621,37.68327684607188],[127.05203526029199,37.68313829211153],[127.0520038753207,37.68300126719892],[127.0519225736207,37.68265064236298],[127.05192120204705,37.682634605556984],[127.05187470863042,37.68245280863677],[127.0518586804965,37.68239028780455],[127.05180828019392,37.68213263020785],[127.05171303259841,37.681776425235626],[127.05168723111271,37.68167895070268],[127.05165777934602,37.68154877225101],[127.05161755425495,37.6814131025373],[127.05158607070739,37.68129526835357],[127.0515543614668,37.681178785725194],[127.05152445680025,37.681048787622686],[127.05149989914027,37.680945996720936],[127.0514876045502,37.68087176147313],[127.05146386052321,37.68079789161109],[127.05145782238684,37.68075464728411],[127.05146710374513,37.680733740535935],[127.05149725036797,37.68072210475533],[127.05151152511736,37.680709034334996],[127.05150446756325,37.68066705182472],[127.051488204744,37.68059200742577],[127.05145817312625,37.68044182743227],[127.05143927755189,37.680329844056565],[127.05141956791265,37.680188038643735],[127.05140871540743,37.68006767265154],[127.05139855119151,37.67995901907631],[127.051371767622,37.679750994807904],[127.05135060108316,37.67963315603338],[127.05132636379473,37.679500722736385],[127.05131437172264,37.679371347431456],[127.05130442801,37.679253323561795],[127.05129687663361,37.67915232714432],[127.05128751206308,37.67905214239389],[127.05127871215072,37.67894880397024],[127.05124868564994,37.67880448024026],[127.05121402183995,37.67867520485698],[127.05116211733868,37.678531250987845],[127.05112497720177,37.678427204050976],[127.0510846414749,37.678291624228535],[127.05103409262075,37.67814010148464],[127.05098400659594,37.67800200309911],[127.05093993340452,37.67787065943327],[127.05091909510993,37.677816654751474],[127.05090359419148,37.677776522836],[127.05074883234283,37.677404124869774],[127.05056510828041,37.67694695697762],[127.05052538466524,37.67687552636978],[127.05046426300189,37.676843117294936],[127.05040846736105,37.67680800297505],[127.0503564996167,37.676733964701995],[127.050295677952,37.67664191060101],[127.05024562814845,37.676553996382154],[127.05019615362393,37.676478515406515],[127.05016050175223,37.676392667272225],[127.05014967549133,37.67630743925791],[127.050122294356,37.67621501044529],[127.05010002953094,37.676145194026645],[127.05008921112825,37.67607149853223],[127.05009325506511,37.676016627187714],[127.05012612527129,37.67601201822896],[127.05016048978705,37.67603813201285],[127.05020303631498,37.67609442510376],[127.05024105156724,37.676155044808674],[127.05025748915804,37.6761563892741],[127.05025450810396,37.676106296107285],[127.0502385956926,37.67604323434989],[127.05020157199164,37.6759399979091],[127.0501646643577,37.67584063561572],[127.05012366765014,37.67572884153475],[127.05007541588414,37.67561641983246],[127.0500509880265,37.67553245894267],[127.05002451220635,37.67543714657746],[127.04999999124277,37.675383188321426],[127.04997081598603,37.67531914106468],[127.04995333869758,37.67528842507711],[127.04992108748024,37.67520131404157],[127.04988077801295,37.67509906995292],[127.04984194497887,37.675000879631405],[127.04984160431225,37.67499997879611],[127.0498074272875,37.6749143101058],[127.04977267069029,37.67480936069217],[127.04973576671568,37.67471378235669],[127.04969806473022,37.674611266803595],[127.04965832361923,37.67451046395591],[127.049625381501,37.67440614441313],[127.04959641134846,37.67430858053435],[127.04957957410785,37.674217048109085],[127.04955739941559,37.674110651762746],[127.04954180454014,37.67401218126551],[127.04953074208932,37.67391109602092],[127.04950369494266,37.67380704425152],[127.04944967130916,37.673705076039994],[127.04941707688866,37.67361129773864],[127.04940284808777,37.67352120575145],[127.04938724792768,37.6734142660187],[127.04937448083837,37.67330615382262],[127.04936682566479,37.67321470760505],[127.04934862640626,37.673119661879475],[127.04933076015146,37.67301389435345],[127.04931867487257,37.67290812440568],[127.04930500563081,37.672806769916924],[127.04929043110701,37.67270766825217],[127.04927517020089,37.67259901648666],[127.04925787110886,37.67249351899713],[127.0492429507632,37.67238549776699],[127.04923222246559,37.67227450155032],[127.04922094083825,37.67218377760456],[127.04921180319457,37.67207836679261],[127.04920141735815,37.67197088424535],[127.04919330158279,37.671867995745096],[127.04919107829136,37.67176249194384],[127.04919043755882,37.67165041032831],[127.04918628692228,37.671544276640994],[127.04918350671625,37.671453639232794],[127.0491842405182,37.6713632706518],[127.04918291946852,37.67125082892037],[127.04918013678066,37.671156407393234],[127.04918403340568,37.671049459459354],[127.04918386023715,37.6709588209564],[127.04918526722685,37.670858000720315],[127.04918791527474,37.67074844045979],[127.0491883013499,37.6706464493719],[127.04918992949325,37.6705372499247],[127.04919258900158,37.670445078566544],[127.04919694247208,37.67034344621065],[127.0492006131102,37.670237669629685],[127.04920779690787,37.67013099060111],[127.04921181624796,37.67003836817884],[127.0492154837565,37.669927906497065],[127.04920148010291,37.66983403021876],[127.04917943713666,37.669752680912445],[127.04918448083261,37.6696664550166],[127.04917982113884,37.66964753637792],[127.04916972123239,37.66962925069302],[127.0491657412668,37.66960979118225],[127.04918247664544,37.66954932844109],[127.04920905027822,37.66945426395669],[127.04919639676459,37.66934507044476],[127.04916051498887,37.66924741915885],[127.04914752879324,37.669149217734386],[127.04913782543684,37.669044617980056],[127.04916178879267,37.66894468929256],[127.04916115978163,37.66885026683028],[127.04915632565138,37.66873863739687],[127.04916432067486,37.66865907751074],[127.04915603442612,37.668640791065584],[127.04914301044691,37.6686570141368],[127.04912125396602,37.66866576270765],[127.04911850856823,37.668627652387066],[127.04911629165956,37.66853151871819],[127.04910261946597,37.66842403746569],[127.04910121641463,37.66835889717605],[127.04912206456747,37.66834789653605],[127.04914897873529,37.668426000314],[127.04916579802368,37.66849311633391],[127.04919203917797,37.66841003501258],[127.04920593720344,37.668344347753504],[127.0492245176729,37.66833217676702],[127.04922815773013,37.66835190671599],[127.0492262437268,37.66837136868878],[127.04921599535233,37.66847129167715],[127.04920852727147,37.668490485672535],[127.04919720314473,37.66850616745281],[127.04918905480835,37.66852509143651],[127.04920311937845,37.66853995174447],[127.04920868570792,37.668558779909546],[127.04920532682247,37.66862157963368],[127.04922550757954,37.66862968003534],[127.04924283995328,37.668615437312845],[127.04924477872362,37.668633456108154],[127.04922598761938,37.66867004374943],[127.04922423818797,37.66876708004948],[127.0492342695826,37.66885338976661],[127.04924607035343,37.66887284601255],[127.04924988551397,37.668814460902446],[127.04925287825566,37.668712198398346],[127.0492650559192,37.66861596862407],[127.04927972088169,37.66851027751512],[127.0492783480555,37.66849108720924],[127.04927121865312,37.66850820881243],[127.0492355656996,37.66858489711936],[127.04922152057213,37.66859949886122],[127.04922252758539,37.668579676875645],[127.04924376963127,37.66847857802497],[127.04925856538921,37.66839928558358],[127.0492884687639,37.66836963084061],[127.04929797778854,37.66835160726115],[127.04930063637306,37.668258354690416],[127.04933434620811,37.66815743080215],[127.04936442882172,37.66805632822456],[127.04939836445055,37.66795432304367],[127.04942617984075,37.66785295110227],[127.04945660068378,37.667749505805354],[127.04949461718991,37.667648670154875],[127.049499364272,37.66762857630019],[127.04947816462257,37.667621917939975],[127.04945958574666,37.667636161222056],[127.04943818773954,37.667672209408096],[127.04942323697155,37.66768816302633],[127.04940135820631,37.66768294650554],[127.04939842477037,37.66770330989067],[127.04941400677734,37.667784661891375],[127.04939556913763,37.66784107098464],[127.04938498234395,37.66794297629508],[127.04935421884443,37.668042727694235],[127.0493319400373,37.668118239165],[127.0493156305767,37.66813653588546],[127.04932780293771,37.668032557666734],[127.04933771775087,37.66794272578061],[127.04932227513363,37.667900656456986],[127.04934454690664,37.66781460351802],[127.04935723084284,37.66779865085869],[127.04936594595469,37.66777999691796],[127.04936298439944,37.667757924138414],[127.04934563476994,37.66774576816299],[127.04932628974211,37.66780127664505],[127.04927330171333,37.66788725231817],[127.04921338084043,37.66794484997842],[127.0492029775268,37.66798170441439],[127.04918557624538,37.66806307019568],[127.04916960685271,37.66808145685236],[127.04914684725921,37.66811570358985],[127.04913414178185,37.668099130845334],[127.0491282347012,37.66807913154276],[127.04912810775691,37.668058499146255],[127.0491206666404,37.66794660048805],[127.04912207306943,37.667844879220965],[127.0491140984545,37.667783345583125],[127.04913515471873,37.667744414461666],[127.04913094835437,37.66772522533189],[127.04910133065768,37.667672079822566],[127.04910267736491,37.667651717105265],[127.04912825717922,37.66759737733625],[127.04912913613204,37.66755521108754],[127.04913433822422,37.66753745960675],[127.04915121681029,37.66752294679005],[127.04915970626531,37.66750582462442],[127.0491550469512,37.667487266369776],[127.04913939673514,37.66747384828262],[127.04913020500757,37.66745727407195],[127.04915330099112,37.66741780150726],[127.04917573508217,37.66740589921478],[127.04921161420388,37.66750084758674],[127.0492246603997,37.667518591456975],[127.04924219021284,37.66746047090353],[127.04924432897026,37.667438125696286],[127.0492238079095,37.667429124457726],[127.04920645754649,37.667415707088814],[127.04920213557922,37.667393094283106],[127.04920960277875,37.667372729010395],[127.04922421367874,37.66735704585435],[127.0492464258166,37.6673523514844],[127.0492578840607,37.667368384151565],[127.04930510086598,37.66746828315269],[127.04933665971653,37.66754296123238],[127.04935106410083,37.667557731285065],[127.0493739635127,37.66756384836847],[127.04939186328238,37.66755104695272],[127.04939342292131,37.66751005169126],[127.04939223712532,37.667431036205585],[127.04942006600996,37.66735029670294],[127.04943308964104,37.66733398349972],[127.04947603216156,37.66731216176843],[127.04950377898527,37.66727872375226],[127.04952326684155,37.667267993904474],[127.04954320459015,37.66725203817791],[127.0495382018145,37.66722843459138],[127.04951507933808,37.66722763341777],[127.04949706728173,37.66724187646873],[127.04947428764099,37.66724530975138],[127.04946090200308,37.66722846703074],[127.0494084543142,37.66727380832837],[127.04939905939362,37.66729273285266],[127.04938048076366,37.667307246417074],[127.04937910775494,37.667287785814395],[127.04938260867041,37.6672685934653],[127.04941962711096,37.667201184623586],[127.04950561066288,37.6671354670915],[127.04960179393692,37.66706830363853],[127.049666601702,37.667031966854395],[127.04969210281081,37.667030514545075],[127.0497142071283,37.667034289348706],[127.04973743807946,37.667027882593736],[127.0497549970892,37.66701427038302],[127.04979497262343,37.666962807528016],[127.04985523813069,37.666913948928205],[127.04987813268309,37.66691303826864],[127.04988959153809,37.666929881757795],[127.04988665826494,37.666950245157544],[127.04987794434496,37.66697034070757],[127.04985155652771,37.66700170598396],[127.04981747639087,37.667055508917265],[127.04982463094585,37.66707640864231],[127.04984820638747,37.66707666897553],[127.04986996177668,37.66706710938645],[127.04988786110063,37.6670539475024],[127.04996805937564,37.66698192521507],[127.04999998924976,37.66693316863989],[127.05002648421483,37.666892703381485],[127.05005828185134,37.66681592635208],[127.05012759432006,37.66673715121892],[127.05014163819202,37.66672146818862],[127.05016178827856,37.66668460951754],[127.050244822901,37.66661772142054],[127.05032492502667,37.66657236795068],[127.05037394309673,37.66648513210926],[127.05043905951781,37.6664037457371],[127.05048127197524,37.66630930491395],[127.05050614396336,37.66621613287332],[127.05053082292373,37.666172695038405],[127.05060648941077,37.666105719739434],[127.05064375329621,37.66606840314827],[127.05069514837068,37.66597756222298],[127.0508555649729,37.66570269406825],[127.05097441976189,37.665479289650165],[127.05106803979768,37.665315360761],[127.051078433545,37.66526643300637],[127.05107693561663,37.66523066471936],[127.0510565180999,37.665206797568906],[127.05102069854364,37.665200686398784],[127.05099610764053,37.66520628311356],[127.05098341857975,37.66521358654293],[127.05094241981858,37.665257842411464],[127.05091750573489,37.66528812612176],[127.05088577179892,37.66528994177757],[127.05085856149779,37.665277159586445],[127.05084891347289,37.66525644118886],[127.05084300849374,37.66523986568852],[127.05081687725539,37.6651473462255],[127.05081650271613,37.66509671126772],[127.05083856479187,37.66503930928561],[127.05086798737807,37.66497235372847],[127.0508993604891,37.66494026527844],[127.05095340026323,37.66490645516717],[127.05098806600297,37.66488292458849],[127.05101898449614,37.66484912443916],[127.05105171237686,37.66480946712316],[127.05114569299518,37.66467698222914],[127.05121089582245,37.66455991652747],[127.05125718428232,37.66446232019494],[127.0512814047182,37.664412845817736],[127.05129148304542,37.66440004750731],[127.05132907396344,37.6643456119102],[127.05134027622526,37.66431911819688],[127.05136224661709,37.66429406136345],[127.05137868527576,37.664300721462915],[127.05140328809127,37.66431287398595],[127.0514617614973,37.664299513972445],[127.0514830528081,37.66427589898216],[127.0514919677001,37.66421967388272],[127.05147858756396,37.664210669913835],[127.05148083703025,37.664185621662895],[127.05150326464998,37.66400226225468],[127.05155400842956,37.66362878347748],[127.05161370468517,37.66325439975691],[127.05168651161131,37.66282847411877],[127.05169316795399,37.66278450332331],[127.05169020790905,37.66276531372251],[127.05169392419386,37.66273098471299],[127.05174920845847,37.662370297714595],[127.05183960569731,37.661654428426615],[127.05190412004778,37.66120499056973],[127.05201166212782,37.66053857734639],[127.05200789455746,37.6604990259211],[127.05196017726448,37.66049292027579],[127.05193784245941,37.6604810371565],[127.05187783705381,37.66040565141182],[127.05182234790287,37.66030557675854],[127.05179930282077,37.66024999632159],[127.05175789796746,37.66019442393684],[127.05173147707606,37.66017353275542],[127.05172590579964,37.6601475869307],[127.05173710647847,37.66011992188572],[127.0518030297162,37.66006808651527],[127.05186348109248,37.6599704836508],[127.05188735277707,37.659911098468136],[127.05191337935548,37.659854054883795],[127.05201483610125,37.65972733217981],[127.05210986152757,37.65964196728288],[127.05215900961417,37.65958806686112],[127.05229400467358,37.65945150837728],[127.05236026401525,37.659395528025286],[127.05243932659967,37.65933521723271],[127.05251533160141,37.65927842157626],[127.05255598227764,37.659228669284275],[127.0527335640818,37.65889774955544],[127.05339056179987,37.657663199045366],[127.05392723133346,37.65664926010403],[127.054180788287,37.65608729148305],[127.05424808667834,37.65590787500738],[127.0542887845164,37.65577135748508],[127.05432200044528,37.65563168995349],[127.05434715875003,37.65547634903094],[127.05438204563458,37.655141978437655],[127.05442591539499,37.6540732129252],[127.05445743954505,37.65348044199581],[127.05448631178803,37.65282604501128],[127.05446437649239,37.65273793903806],[127.05443913429677,37.65262154372979],[127.05443273184976,37.65254415227248],[127.05443279545177,37.65247603795213],[127.05443689609697,37.652349718285365],[127.0544340025212,37.65226673911244],[127.05441797212144,37.65219511838134],[127.05440002149305,37.6521319677705],[127.05437209921442,37.65206945244055],[127.05436765491395,37.65203539734069],[127.05438709136884,37.65196060681211],[127.05441132322817,37.651935187923876],[127.05446239594353,37.65188804295707],[127.05448207397744,37.65183388480538],[127.05450219288088,37.651762787969616],[127.05451121186427,37.65169908431821],[127.05451495874503,37.65155411445101],[127.05451978871356,37.65149563843289],[127.05454067994873,37.65124119121655],[127.05457997289453,37.65073761369114],[127.05459869960379,37.65046803091896],[127.05460279834456,37.65033963894341],[127.0546017342943,37.65027927357347],[127.05461005536604,37.650191333777826],[127.0545873199017,37.65009286685309],[127.05458600575813,37.650000426599014],[127.0545857688376,37.64998637137276],[127.05459262027716,37.64990320746431],[127.05458421988828,37.64988275903536],[127.0545683441138,37.649867089274146],[127.05455813199141,37.64984844364743],[127.05455517021093,37.64982718181611],[127.05457175948358,37.64973392239217],[127.0546215486132,37.64963830504124],[127.05466985995102,37.64953647156894],[127.05470945608661,37.64944860735606],[127.0547698986381,37.64935586814309],[127.0548306734348,37.649252857535075],[127.05488193739836,37.64916048292066],[127.05493071201633,37.64907315494764],[127.05499716108359,37.64898230488035],[127.0550371239439,37.648931650986015],[127.05505978435197,37.64892812657754],[127.0550617242099,37.64894641563173],[127.05502134365827,37.64904527233121],[127.05499908667608,37.64913493053869],[127.05498927341533,37.64919620197053],[127.05500027876403,37.649214847192205],[127.05502369225286,37.64915681295657],[127.05506927751085,37.649047322226814],[127.0551138460624,37.64894224677024],[127.0551542227046,37.6488383445331],[127.05519494377934,37.64874065890367],[127.05523338858107,37.64862963977187],[127.05526968316623,37.648522495861044],[127.05530700408968,37.64842427119073],[127.05534659554263,37.6483319018334],[127.05538585003342,37.6482436771429],[127.05543189248047,37.64814094341687],[127.05547839381897,37.64804595791226],[127.0555199125306,37.64795538955137],[127.05555417049469,37.64785329200644],[127.05558582477995,37.64775470951192],[127.05561373877694,37.6476549574921],[127.05564732056362,37.64755817603603],[127.0556850932889,37.64745932032881],[127.05572775666725,37.64738496904803],[127.0557488499692,37.64725629864201],[127.05577487174848,37.64720267782492],[127.05582579144614,37.64710796037463],[127.05585710228709,37.647005593826776],[127.05588501273937,37.64690196750276],[127.05592358732294,37.64681554490153],[127.0559549087218,37.64672759405477],[127.05597931763809,37.64663910588846],[127.05600575676577,37.64653818317843],[127.05603140846418,37.64644500929379],[127.05607257877348,37.6463452508468],[127.0561178401643,37.646261437848224],[127.0561548295598,37.64617735847366],[127.05616120761758,37.64607022848088],[127.0561619228458,37.64596670511643],[127.0561558331432,37.6458548058411],[127.05615235793542,37.64575398741862],[127.05613188684329,37.64565398796741],[127.05610201332264,37.64555696622888],[127.05606420664088,37.64545787598875],[127.05602980421993,37.64536527120126],[127.05599165624776,37.64526410883398],[127.05595906918575,37.64517447640771],[127.05591979851498,37.64508691940201],[127.05587938202217,37.64498224423183],[127.0558427036884,37.64487603560401],[127.05580183303782,37.64476982894584],[127.05576630039825,37.64468019785185],[127.05572884449552,37.644594441885005],[127.05568956336978,37.644492108662725],[127.05565243406335,37.644388242737826],[127.05561610090463,37.64428825065498],[127.05558135616673,37.64419096076277],[127.05556247720928,37.644097177225106],[127.0555499463387,37.64400717482678],[127.05552800005292,37.64390249081848],[127.05550911091115,37.643794832118594],[127.05548897826145,37.6436909581315],[127.05546964015615,37.64358888573366],[127.05545110429259,37.64349897623862],[127.05543482509879,37.64339627170507],[127.05542275569259,37.64331699077628],[127.05541333806995,37.643299245813445],[127.05539327406333,37.64328745234403],[127.0553702711181,37.64328512058353],[127.0553550981516,37.64329873256345],[127.05533471067582,37.643309103444516],[127.05534303673346,37.64323008323382],[127.05535011754154,37.64315259527869],[127.05536710377983,37.64313952303863],[127.05538490161794,37.64315131757668],[127.05537236062212,37.643047169698825],[127.0553549517192,37.642948700302014],[127.0553364273151,37.64287383720915],[127.0553187408523,37.64285933965851],[127.0553168291517,37.64287889191109],[127.0553232179094,37.64293772318052],[127.05532408214621,37.64303358748776],[127.05532823667548,37.64313539674559],[127.0553248535262,37.64315702195091],[127.05529885146517,37.64323578015251],[127.05528107284957,37.64324993393477],[127.05525919797753,37.643240844243245],[127.05523345088196,37.64320499713267],[127.05520357604728,37.64310329000874],[127.05519376272277,37.64301004274269],[127.05519742522192,37.642906517950976],[127.05521287383786,37.64280614108672],[127.05523852084615,37.64270702082208],[127.05526045633903,37.64264520303439],[127.05527823387989,37.64262978787647],[127.05529365437151,37.642644556791055],[127.05531213211309,37.64265662131773],[127.0552989325759,37.64258094483286],[127.05528265138983,37.642474996719905],[127.05527917418718,37.642369673293146],[127.05528487335464,37.6422625435962],[127.05529874974675,37.642181448509795],[127.05527880023172,37.64217082624444],[127.05526396872409,37.64218624002368],[127.05524437380554,37.64219543924019],[127.05522929399793,37.64218157114279],[127.0551956021548,37.64212707736184],[127.05516766750748,37.64204365928333],[127.05510563028876,37.64196296008341],[127.0550550272976,37.64186919124199],[127.05502743893096,37.64179406202072],[127.05502967623688,37.64175504835585],[127.0550254706273,37.64173694053236],[127.05501571431711,37.64172045706897],[127.05497828274508,37.64166452339047],[127.05497939918487,37.64164199826157],[127.05499444071312,37.641604149908446],[127.0549921602235,37.64158459961096],[127.05494236688223,37.64151272425782],[127.05493702833677,37.64149470705646],[127.0549389390403,37.641473713230866],[127.0549607637052,37.64141540937668],[127.05495439056362,37.64137721060752],[127.05495777420482,37.64135621609512],[127.05496750502921,37.641338191874034],[127.05503621403757,37.641248421795915],[127.05509438029327,37.64115135862636],[127.05515969255003,37.64106519399749],[127.05523327923856,37.64098371057692],[127.05530234600963,37.64091889744062],[127.05537609137768,37.640898951093575],[127.05549458346208,37.64086844214312],[127.05561546622464,37.640853248682525],[127.05566190770958,37.64083628827314],[127.0556857037002,37.64083952058815],[127.05566082019081,37.64089728543437],[127.05562010130815,37.6409913674144],[127.05558310306628,37.641060940849535],[127.05556566452904,37.64107455392885],[127.05554527815958,37.64108555553858],[127.05547356855796,37.64110072581616],[127.05544944001704,37.64110749454196],[127.05544866189534,37.64112767695881],[127.05546000607545,37.641146322004246],[127.05551398719892,37.641211888282015],[127.05552989573113,37.641273778424086],[127.05554237117676,37.6412899902708],[127.05555368876941,37.64127286623859],[127.05557029893062,37.641211861771865],[127.05559707526405,37.64110913693312],[127.05563438722203,37.64100442495308],[127.0556854115398,37.640903490622875],[127.05573440333923,37.64081201756604],[127.0557691144539,37.640714604741184],[127.05580314546161,37.640616921930864],[127.05584385635622,37.64051274885901],[127.05588264208203,37.640410018258464],[127.05592074944302,37.640309360229395],[127.05596418303294,37.640210231333704],[127.05601509725503,37.64011488300422],[127.05608539483923,37.64003141843508],[127.05616577961452,37.639952634141224],[127.05624276382419,37.6398720494435],[127.05632960955508,37.63979740648512],[127.05641906376104,37.63972636615312],[127.05651044787034,37.639660550539055],[127.0565958188098,37.639584106119266],[127.05668946326325,37.63951126160037],[127.05678877503208,37.63944165782341],[127.05689896566103,37.63937493186707],[127.05699793673874,37.63930478748604],[127.05709611783797,37.639238968130115],[127.05719576420677,37.639163417346545],[127.05730300396853,37.63909110633513],[127.05741092242077,37.639017623615],[127.05751250114801,37.63895099136998],[127.05761146739908,37.638876071252746],[127.05771191519737,37.638812592833496],[127.05781382845787,37.63873974336829],[127.05791234414544,37.638668967746995],[127.05800417449653,37.6385975646402],[127.0580985013936,37.638531476042175],[127.0581958826315,37.63845952946016],[127.0582933792331,37.63839046589143],[127.05838883394746,37.63831843000194],[127.0584802125464,37.63824999999425],[127.05857873042122,37.63818363863581],[127.05866489786737,37.6381163823512],[127.05873622894512,37.63805661156442],[127.05875353374407,37.63801867148464],[127.05884037949527,37.63794997315648],[127.05891817965613,37.63790461479017],[127.05894083674464,37.63790135992796],[127.05896237017596,37.637909908525195],[127.05898164049565,37.63792206218943],[127.05900464681542,37.63793061004258],[127.05902276492043,37.637918437684014],[127.05903521439976,37.6379015830377],[127.05909870720629,37.63781631807845],[127.05913607187766,37.637786386657105],[127.05916966410253,37.637714110824106],[127.05916803313306,37.63765761988655],[127.0591710773853,37.63763896797155],[127.05920207946107,37.637586605193974],[127.0592315129207,37.637556407425265],[127.05923976977691,37.63753892417163],[127.05930200423917,37.637439153871675],[127.05937183885239,37.63735118261629],[127.05943000770004,37.637268262711046],[127.05949304115614,37.63717651067006],[127.05955572931654,37.63707818157761],[127.0596047157345,37.63698904942045],[127.05966207986971,37.63689225463258],[127.05972545023305,37.63679752904067],[127.05979188485405,37.63670955924853],[127.05983079669717,37.63663205480495],[127.05983042263625,37.63658943839951],[127.05983527992504,37.636571416234226],[127.05984693679011,37.63655564308263],[127.05986516800932,37.6365438309287],[127.05987682471918,37.636527877577144],[127.0598696552524,37.63648823787041],[127.05987825216322,37.63647129498752],[127.05989908793663,37.636457949831644],[127.0599707577048,37.636399889982336],[127.05999340950916,37.63639068841815],[127.0600119805527,37.63637887606844],[127.0600236372054,37.636362922701984],[127.0600349379449,37.63632705774385],[127.06003645717576,37.63624389604177],[127.06005646389148,37.63618595251413],[127.06014738654805,37.63611923329577],[127.06016210356313,37.63610508032513],[127.06021607550647,37.63601828791911],[127.06026324487925,37.63592564255807],[127.06031834646754,37.63583506538782],[127.06037231395192,37.63574322739148],[127.06042967664607,37.635647062901],[127.0604930473164,37.63555522003015],[127.0605606129464,37.63546733930593],[127.0606270448876,37.63537873833609],[127.06070515067303,37.63529589762775],[127.06078563274694,37.63520972199672],[127.06087655069578,37.63513948836574],[127.06096757668801,37.63506303780928],[127.06104568242851,37.63498100775814],[127.06101472979097,37.63495237243483],[127.0610268396238,37.6349369593224],[127.06110686459228,37.634846909466646],[127.0611777191708,37.634764883080464],[127.06125061531453,37.63468582884259],[127.06132463979363,37.63460136805983],[127.06140501126237,37.63452023757247],[127.06147257799951,37.63443614044947],[127.06153143396166,37.63436772497625],[127.0615526121494,37.634358523878355],[127.06157448332237,37.63436535995571],[127.06158285279328,37.634348146765795],[127.06157071782062,37.6343328363465],[127.06157784062184,37.634315083216144],[127.06160432547519,37.63428398539289],[127.06165865164971,37.6342181850774],[127.0616646393337,37.634197819676835],[127.06168468475417,37.634188889442605],[127.06172577129063,37.6341421068096],[127.06174581527229,37.63413146469329],[127.06177119205074,37.63413055042482],[127.06182021165918,37.63408700715268],[127.06189492279964,37.634012366386],[127.06198856017843,37.633945644301576],[127.06200486198283,37.63393085957364],[127.06210405054951,37.63386422457786],[127.06220494169891,37.63380164303523],[127.0622981252179,37.63373474074509],[127.06239209957855,37.63366540530149],[127.06248460368832,37.633599314108935],[127.06258209594074,37.63353736473106],[127.06266926881779,37.633463888138344],[127.06275338545893,37.63339374675254],[127.06282323361077,37.63333118118305],[127.06286853813853,37.63331692147962],[127.06292514913483,37.633275806358725],[127.06301277255494,37.63319998670633],[127.06310447800581,37.633128579634345],[127.06319357453897,37.633053569945105],[127.06326488454837,37.6329789301203],[127.0633494499569,37.63290491382526],[127.06342766587326,37.63282495437684],[127.0635212928757,37.63274940140958],[127.06360540537662,37.6326762861579],[127.06369564414999,37.632613438775266],[127.06377873694694,37.63254059424464],[127.06386545231686,37.632464774441026],[127.0639466187775,37.63239184073456],[127.064028233987,37.63231395130634],[127.06409534060131,37.63222751033844],[127.0641542868863,37.632137199529645],[127.06421833228997,37.63204832749214],[127.06428441907538,37.63196215726377],[127.06435198134102,37.631879319839925],[127.06440900213948,37.631790181230464],[127.06445684695186,37.63170167829533],[127.064504463516,37.63161137349262],[127.06455117163043,37.6315187266031],[127.0645813359353,37.63142194421496],[127.06460729976095,37.63131507307573],[127.06463861520844,37.6312395533066],[127.06466953178355,37.6310960093102],[127.06467030863762,37.631077358475835],[127.06469099260069,37.631022296897065],[127.06472534847991,37.6309258725603],[127.06472680551288,37.63090776194346],[127.06468193494818,37.630897785605654],[127.06466753461908,37.630883017329325],[127.06468605505712,37.6308152530333],[127.06469804939255,37.630798938611115],[127.06474450365779,37.63080630121468],[127.06478112886911,37.63071420034563],[127.0648093618191,37.63061183283342],[127.0648323809064,37.63050649492381],[127.06485608857574,37.630411427870065],[127.0648786569735,37.63030906344956],[127.06490020855112,37.63020994313207],[127.06492243485249,37.6301051462255],[127.0649385439482,37.63000071307418],[127.06494536887165,37.629902411734896],[127.06496148557727,37.62980680823664],[127.06497074978411,37.62971274018448],[127.06497731127058,37.62963723393307],[127.06500477503107,37.629562977547245],[127.06499841479642,37.62954433063767],[127.06498288306616,37.629531004597446],[127.0649855218216,37.62943901245663],[127.06502361547832,37.62934312654055],[127.06506963946546,37.629247776829274],[127.06510886443019,37.62915035858216],[127.0651529608538,37.62905329802514],[127.06520464747092,37.62895650355176],[127.0652510147022,37.628865568406646],[127.06530723503889,37.62877174463279],[127.06536991732811,37.628683503365856],[127.06543667540633,37.62859264694381],[127.06550502625616,37.62850971827799],[127.06558346000858,37.628427684953934],[127.06565328188553,37.62834322370563],[127.06571403790257,37.62825534371608],[127.06578759893674,37.62817214168434],[127.06586614475091,37.628089477414974],[127.06595216811817,37.62800798019526],[127.06603932946959,37.627932518883725],[127.06612694130219,37.6278542641966],[127.06621489703593,37.62778078447849],[127.06630930971366,37.62770730106553],[127.06640666362645,37.62762940108733],[127.0664960955061,37.62756042525852],[127.0665882393273,37.62748396964311],[127.06667653297119,37.62740931810348],[127.06677162385355,37.62733520324256],[127.06686490154952,37.627260548739734],[127.06695920207204,37.627189767823864],[127.06704149291983,37.627117191682984],[127.06713545430203,37.62704758209984],[127.06722385724295,37.62696968653183],[127.06731747679966,37.62689827502378],[127.06740916559242,37.62682154872297],[127.06750731066002,37.626744187965826],[127.0676024026445,37.62667313578142],[127.06769602171224,37.62660199426598],[127.06777751552912,37.62652644480654],[127.06786773074128,37.62644971899135],[127.06795534629916,37.62637957180582],[127.06805270399096,37.62630959913359],[127.06813794105969,37.62624026407068],[127.06823042552865,37.626168311893615],[127.06832109106698,37.62608951319774],[127.06841312907095,37.62602521952106],[127.06850901000513,37.62595173347657],[127.06860602785639,37.62588293182314],[127.06869137098536,37.62580683889382],[127.06878147467873,37.625733986679194],[127.06887247919613,37.62565545765272],[127.06895781738213,37.625574589301095],[127.06902911065505,37.62549580137348],[127.06910538231027,37.625410793677595],[127.06918754572659,37.62532731415428],[127.06926121019099,37.625240776206525],[127.06934076565577,37.62515495553932],[127.06941398000889,37.62507202170557],[127.06946896690579,37.62500045099188],[127.06947926276693,37.62498702022612],[127.06955100031962,37.62489994263519],[127.06961582688504,37.62481196809008],[127.06962983919598,37.624775289657045],[127.0696932001784,37.624695064419626],[127.06976404832287,37.62462654755027],[127.0697829431043,37.62460229983028],[127.06980977449544,37.624585705800584],[127.06995474858756,37.624320639691305],[127.06996039963319,37.6243069413396],[127.07009252453038,37.62399097690213],[127.07016910519877,37.62375559358311],[127.07030496686617,37.62344016724903],[127.07043806133136,37.623074467312826],[127.07060294246614,37.62266396912686],[127.07073051445698,37.62233079775709],[127.0708824659412,37.62190643167509],[127.07101084921966,37.62159524356433],[127.07113073389459,37.62128189805134],[127.07122920261182,37.62096180792372],[127.07128074251133,37.620725447791294],[127.07134175369654,37.62044385232795],[127.0713910686183,37.62013208081315],[127.07144892480089,37.61975038745086],[127.07149143579426,37.619431502174606],[127.0714972375661,37.61922102793531],[127.07149227126905,37.61876621233295],[127.0714764073723,37.61781315699727],[127.07146476799788,37.617486555916294],[127.07145901744293,37.61704039013853],[127.07146798463575,37.61682369708065],[127.07147540294044,37.616763866979355],[127.07152069243716,37.61662788043619],[127.07176354579624,37.61593226024301],[127.07184126416568,37.615716155978674],[127.07184998206831,37.615712546718065],[127.07202672964644,37.615534493791266],[127.07202717244854,37.61552386185944],[127.07205641571244,37.615310940475226],[127.07205188202535,37.61530769968556],[127.07197324576872,37.61527549229084],[127.07183057963347,37.615206022919125],[127.07181322150872,37.61517612067136],[127.07180821451139,37.61515179703347],[127.07180592480546,37.615126390555865],[127.07180824945142,37.6150703476669],[127.07182181863564,37.61504700381123],[127.07183008202037,37.61504195324699],[127.07183165886948,37.61503276220604],[127.07186607803051,37.614666219180116],[127.07188947144353,37.61414155936244],[127.07190840413644,37.61380728109156],[127.07191997395773,37.613237038371594],[127.07192212733015,37.61265049343898],[127.07192874968534,37.61200024581571],[127.0719293450381,37.61144244325517],[127.07192965660323,37.610825175541834],[127.07191171323079,37.61030405442323],[127.07191138223108,37.6100779063645],[127.07193129473696,37.60935097617639],[127.07193009250733,37.60880822098176],[127.07193881005765,37.60845232488509],[127.07194389631444,37.60820662198336],[127.07196937915317,37.60797243929914],[127.0719885495675,37.6077692544882],[127.07203410233843,37.60756055753116],[127.07211242839577,37.607162542627165],[127.07221930942528,37.60666450032683],[127.07231651974625,37.60623899348472],[127.07245730397547,37.60566984201979],[127.07261852973024,37.60492831839379],[127.0727796437012,37.60419156977142],[127.07286104208174,37.60381625720084],[127.07301684257267,37.60309365694338],[127.07306634521045,37.60276098072838],[127.07306851036184,37.60254321004859],[127.0730383402819,37.60191595927797],[127.07302966956148,37.60185028244697],[127.07297427249391,37.601596958218806],[127.07289467297346,37.60137554396555],[127.07287620947493,37.601370509821336],[127.07282139969834,37.60137027335515],[127.07269128977494,37.6013765703966],[127.07266716844397,37.601375954557376],[127.07263986659117,37.601365339676974],[127.07262399070531,37.601342824686235],[127.07262313153218,37.601274440040434],[127.07262584471383,37.60126966312154],[127.0727550292129,37.6012435449328],[127.07278718467002,37.60123793896548],[127.0728064283602,37.60123017857806],[127.07282578274203,37.60121980524687],[127.07284354337736,37.60120087348684],[127.07273379215644,37.60094857374158],[127.07252365994694,37.60052866126737],[127.0723084778617,37.60015380101317],[127.07220867744348,37.60000033331087],[127.07215052039484,37.599933515371546],[127.0718332835941,37.599528533366176],[127.07158068076137,37.59921126779832],[127.07156537357665,37.59919055429325],[127.0715210607112,37.599152739541815],[127.07145635127394,37.59910079156869],[127.0713918655643,37.59904587015464],[127.07136535311612,37.5990307495433],[127.07132137827223,37.598990952331654],[127.07126798365796,37.59892917661591],[127.07126185491158,37.59891467436441],[127.0712193578806,37.598880732661954],[127.07114659511082,37.59881428342336],[127.07103936683517,37.59870469742738],[127.07100251988795,37.59865804827359],[127.07099945602225,37.59865129268532],[127.07063023615699,37.59822678710952],[127.0703095730492,37.59777432070991],[127.07006473049273,37.59738722036849],[127.06990828980108,37.59708034547266],[127.0698361371823,37.596815496797],[127.06977057654308,37.59657614221896],[127.06973983712427,37.5963984849228],[127.06973412196893,37.59634127535768],[127.06973830028947,37.59620774598928],[127.06973362007128,37.59616747444614],[127.06971352260204,37.59610865159001],[127.06967632041801,37.59604308139412],[127.06963345379715,37.59597454125653],[127.06961029476197,37.59591103503236],[127.06957269224684,37.595780143168575],[127.069567981529,37.59570698545104],[127.06956792382002,37.59564499728234],[127.06958019410715,37.59556741469601],[127.06962001167946,37.59540205930394],[127.06963917569084,37.59531005677987],[127.0696485291544,37.59526184822212],[127.06966437865903,37.59525841510111],[127.06967050452647,37.595270484769785],[127.06969254418532,37.59534804711542],[127.06973361027826,37.59542893188435],[127.06974950859096,37.595477756221555],[127.06975761379974,37.5955480287562],[127.0697615889145,37.59568209391616],[127.06976684932657,37.595858685102215],[127.06977104892795,37.59586931431695],[127.06977591170018,37.59586255400763],[127.06977928677472,37.59583903613964],[127.06981403327778,37.595578989499565],[127.06983566980061,37.59546725377342],[127.06995409960341,37.59496965619779],[127.07011253046797,37.59450573178923],[127.07021888256794,37.5941727521994],[127.07031057230198,37.59390212984861],[127.07047666746493,37.59340540420681],[127.07068154605287,37.59273368247408],[127.07073737294718,37.592499301067775],[127.07083918599704,37.592161818568826],[127.07090584571586,37.591769937174845],[127.07092936874788,37.59150133734732],[127.07095766401642,37.591250484176314],[127.07105668300805,37.590835247485415],[127.07109586551,37.590603488730856],[127.07119323612712,37.59000472076952],[127.07131340040105,37.58944477166532],[127.0713983260603,37.58909657690484],[127.07143556036405,37.58896086493219],[127.071498766711,37.58875269742946],[127.07155816736213,37.58859075310281],[127.07163138314404,37.58843105283996],[127.07172679247327,37.58827359152449],[127.07184031478376,37.58811377652482],[127.0720612855557,37.58783730743493],[127.0723356368256,37.587500258519256],[127.07248886998575,37.58731212736673],[127.07256096680166,37.58728604438332],[127.07285408046144,37.586920241032544],[127.07309270098071,37.58663826300868],[127.0731002082469,37.58655797991113],[127.07310615164987,37.58649941170479],[127.07313233218973,37.58641091800301],[127.07321212979352,37.58627220575573],[127.07331694317804,37.58612789176103],[127.07335890630605,37.586085699227986],[127.07336984775479,37.58604406656165],[127.07337401247015,37.58601919657232],[127.07338957316588,37.585954405517704],[127.07344595068841,37.58583327702052],[127.07351443919052,37.58570880727854],[127.0736116859464,37.58558522055651],[127.07368282220203,37.58550561850486],[127.07372434451766,37.58547622021145],[127.0737592059239,37.58546610731288],[127.07375807987097,37.585472324867226],[127.07373380165765,37.585537031322005],[127.07371675954978,37.585591732231805],[127.0737050322236,37.58563985257249],[127.07370472294829,37.58567066672042],[127.0737073276073,37.58567129578899],[127.07371151635517,37.58567093277623],[127.07379012858976,37.58559492996375],[127.07387607985069,37.58549865016587],[127.07406594880624,37.58527112058211],[127.07431903321338,37.584970840771554],[127.0746946911143,37.58451812499052],[127.07491972446633,37.584249576557895],[127.07500001270546,37.584154110408825],[127.07508584165453,37.58405197333068],[127.07516613001309,37.58395704766139],[127.07591223526273,37.583073596918005],[127.07648267866357,37.582362975701336],[127.07692070168491,37.581810652453456],[127.07706700483823,37.58162170880781],[127.07726370769723,37.58134335344603],[127.07733085971545,37.58125032694697],[127.07737201444786,37.581197591860274],[127.0774083099554,37.58115350948295],[127.07745319339148,37.581093834271975],[127.07747693281944,37.58105994133733],[127.07752134984456,37.58098729209891],[127.07762140668169,37.58074747196655],[127.07765089818737,37.580692852360514],[127.07768241191513,37.58062327492248],[127.07771230157572,37.58051612711161],[127.07774029878976,37.58043997471772],[127.0777633530854,37.58040076631076],[127.07782280192141,37.58030450101484],[127.07785241644864,37.580259612004646],[127.07789759582198,37.58015885111062],[127.07792085430384,37.58009846918543],[127.07796048401738,37.579995639642355],[127.07799038026653,37.579895429397006],[127.07801502515055,37.57975341650508],[127.07803481329726,37.579622308839426],[127.07808696893768,37.57904762052128],[127.07812999827048,37.5785153749778],[127.07822386276715,37.57777208290226],[127.07830077245919,37.57716359062593],[127.07831957756649,37.577067802477075],[127.07832915477154,37.577024548404786],[127.07838228278054,37.576625372729566],[127.07838660078993,37.57653283775871],[127.07839579576694,37.57644903919148],[127.07847035682094,37.57587046123982],[127.07855437934212,37.575139879133694],[127.0785709867584,37.575000304045275],[127.07866288975525,37.57423007274953],[127.07867373433405,37.574154607228664],[127.07874672561053,37.573648244646094],[127.07879265874867,37.57319339188578],[127.0787959569752,37.57310058722856],[127.07879630943538,37.57300535185025],[127.07879441081137,37.572922371501505],[127.07879127933637,37.57285110490633],[127.07878026554285,37.57271190856425],[127.07877818560341,37.5725642369054],[127.07877238443773,37.572430172747765],[127.07876638764019,37.57232530095027],[127.07876268680863,37.57225079114547],[127.07874651680643,37.57205231276288],[127.0787165728557,37.5718881714625],[127.0786880600236,37.57179304540762],[127.07867123564213,37.571725482000794],[127.07865052836266,37.5716253952601],[127.07862537006183,37.57149071327174],[127.07855447761618,37.57113811102287],[127.07846206726731,37.570774801171694],[127.07837494234256,37.570485459416936],[127.07824270037653,37.57013316793076],[127.07809633898432,37.569808365970474],[127.0777941302783,37.569176607408735],[127.07734802558558,37.5684038464812],[127.07731258879434,37.56834192625537],[127.07698300126695,37.567766180254125],[127.07636169478835,37.56666151260587],[127.07588282548787,37.56580713676193],[127.07532569384696,37.5647801779714],[127.07501089458468,37.56419085667511],[127.07500000862946,37.56417086147734],[127.07471720562984,37.56365440959707],[127.07427112995153,37.56284559641864],[127.07370787784306,37.561879901068],[127.07321730833021,37.561035431958445],[127.07290064434765,37.560473766401394],[127.07271416813639,37.56017168709718],[127.0725514361933,37.559960503468595],[127.07243609478594,37.55971550316248],[127.0721330101755,37.55937457131861],[127.07151706407994,37.55863847113888],[127.07117850541776,37.55823656076166],[127.07078474078645,37.55785657672394],[127.06993195176437,37.55700834557292],[127.06942511538529,37.55648201177109],[127.06883947241181,37.555907248056265],[127.06827892036573,37.55528588529921],[127.06750211820292,37.554427501065305],[127.0668611928102,37.553629942174005],[127.06674465620137,37.553535673640155],[127.06632300209517,37.553173980418286],[127.06627271415374,37.55312823796416],[127.06620812942899,37.55304015660659],[127.0659642101186,37.55261114783163],[127.06575862303754,37.552271496178776],[127.06561372446923,37.55209353958343],[127.06540591405516,37.55179623542948],[127.06492862982306,37.55121039958319],[127.06449433241475,37.5507283332706],[127.06434773631295,37.55054334821359],[127.06427218535451,37.550462659918104],[127.06418216133375,37.550395944914165],[127.06406054431311,37.550305911129506],[127.06394515483676,37.550219567938775],[127.063809967084,37.550139542322825],[127.06368122006813,37.550047800099264],[127.06361248871359,37.55000062483447],[127.06357602829155,37.54997559671746],[127.06345046955518,37.549906377481626],[127.06334155191968,37.54984381657355],[127.06321803827166,37.54978369607532],[127.06308627268828,37.5497341215373],[127.06290752959261,37.549667452919465],[127.06252110077259,37.549565845341654],[127.06235630473596,37.549531514344615],[127.06219309479731,37.54949916447846],[127.06205241013767,37.549473379839704],[127.06193289175691,37.54945298992385],[127.06180636298943,37.54943954124448],[127.06171129955709,37.54943292357712],[127.06156237280332,37.54942975772203],[127.06135880489322,37.54944752324916],[127.06111549431208,37.5494384592489],[127.06090050577336,37.549467402277024],[127.06069084660184,37.5495096769512],[127.06060621873317,37.549533236477146],[127.06049704236757,37.5495669898043],[127.06034769332078,37.54960175466688],[127.06019958336493,37.54962958102097],[127.06010001726995,37.54965287749918],[127.05979962445406,37.549726911880434],[127.0588575172363,37.55000056794929],[127.05863599036736,37.55006491934652],[127.05625961442638,37.55079137913946],[127.0542088043918,37.55140222415134],[127.05299068133209,37.55173461471981],[127.05114850928669,37.552190881616184],[127.04999998609313,37.55239490900786],[127.04985627882938,37.552420468018205],[127.04860845040005,37.55254920032478],[127.0479902635587,37.55263531830621],[127.04796186435873,37.55264506062359],[127.0479025796185,37.55266986213471],[127.047847929763,37.55268682305537],[127.04777404169884,37.552704692734125],[127.04768589163955,37.5527184235366],[127.04756163650333,37.55272577173649],[127.04734140974419,37.55272667113821],[127.0472517692094,37.552710038582156],[127.04717593449949,37.55269204894581],[127.04696479206712,37.55274186820572],[127.04694159294014,37.552742778428936],[127.04692088308386,37.55274296686003],[127.04673766316701,37.552744751422075],[127.0466734962111,37.55274477680378],[127.04660389685132,37.552744353795894],[127.04654470838936,37.552742845445934],[127.04648857583476,37.552741876461965],[127.04633488694361,37.55273373779057],[127.04627128439459,37.55273142013745],[127.04623778541634,37.55272999166347],[127.0461918372145,37.55272757695305],[127.04610005176893,37.55271914344334],[127.04586340211365,37.55269824234786],[127.04581156854015,37.55269483867754],[127.04576290547061,37.552694316949285],[127.04573370832291,37.5526951391599],[127.04571616831375,37.55269712814788],[127.04569183941878,37.552701192055935],[127.04563423801419,37.55270400742576],[127.04561194374173,37.55270410613982],[127.04555965914422,37.55270340552712],[127.04553351624283,37.55270206411454],[127.04550046985874,37.55270045505723],[127.04532063171796,37.55268016166636],[127.04498484241856,37.55265289973492],[127.04496356446292,37.55264930384755],[127.04493413449434,37.55263931397308],[127.04492428559372,37.55263400183249],[127.04491070076384,37.55262643861709],[127.04490051246756,37.5526213068032],[127.04489009740223,37.55261545427625],[127.04487401967323,37.55260257611608],[127.0448557958967,37.55259663645366],[127.04474261298648,37.552573433647815],[127.04471805338014,37.55257019935883],[127.0446936071601,37.55256732542102],[127.04450799536903,37.552542708186635],[127.044466119224,37.55253659717767],[127.04440885195307,37.552530221644126],[127.04418531153927,37.55247642582524],[127.04415461137096,37.55242318832576],[127.04415245829443,37.55241832374148],[127.04373483408727,37.55236450938362],[127.04318434489572,37.55230092133711],[127.04276854024931,37.55226025746644],[127.04236212872843,37.55221904816267],[127.04210102950837,37.5521842729229],[127.04155991027639,37.55207436265694],[127.041504567615,37.552068255336145],[127.04144503738964,37.55206151876066],[127.04140689531657,37.552053603359155],[127.04139071022144,37.55204991494159],[127.04136263977949,37.552041365296155],[127.04135018884065,37.55203695476639],[127.04133660582355,37.55203182383316],[127.04131883439273,37.552024531968655],[127.04130038211694,37.55201390664659],[127.04125657194268,37.55198833361589],[127.04102261980195,37.551926967056716],[127.04089370800305,37.55190241452462],[127.04086609487088,37.551902153785285],[127.0408362184287,37.551901983922086],[127.04082433480906,37.551900186035134],[127.04078913392473,37.55188983672193],[127.04076479869319,37.55188227674166],[127.04070955563544,37.55185085096602],[127.04070264622023,37.55183950077146],[127.04068034313813,37.551822930091774],[127.04066970203108,37.55181680697008],[127.04064604231934,37.55180275954593],[127.04047284654172,37.551712178624896],[127.04043854758201,37.55169525161109],[127.0403499187515,37.55166086380133],[127.04032513135665,37.55165402468316],[127.04028381820144,37.55164106441145],[127.0401417732753,37.55160453226119],[127.04011392933296,37.551595711941694],[127.04007442634735,37.551581669783765],[127.04005744505217,37.55157014276918],[127.04005438654104,37.55156455761799],[127.04005336461054,37.55155816087757],[127.04005211644177,37.55155194441348],[127.04004713432646,37.55154681041367],[127.04004283198766,37.551543117780234],[127.04001940661925,37.55154366632097],[127.04001725672713,37.5515442076485],[127.04000775032597,37.5515435801712],[127.03999688504913,37.551541331356695],[127.03998635860134,37.551537821029],[127.03996315259336,37.55152530501057],[127.03994877624581,37.55151765139076],[127.03993847368639,37.551509545892266],[127.03992873634117,37.55150026890405],[127.0399219430795,37.55149423451317],[127.0399016822805,37.55148703337608],[127.03989127016465,37.55148568539689],[127.03987859335821,37.55148181538673],[127.0398660289046,37.55147641364034],[127.03985278468129,37.551469570524915],[127.03983569171697,37.551460746510486],[127.03981848606875,37.55145282352976],[127.03980942976217,37.551447330494405],[127.0397832791642,37.55143049064177],[127.03977648592061,37.55142445624243],[127.03977252171546,37.55141815059036],[127.03976753867079,37.55141121458253],[127.0397615376486,37.55140527001531],[127.03975463234255,37.55140130794831],[127.03974320183204,37.55140014049856],[127.0397218140419,37.55140167939245],[127.03970540364874,37.55139952251616],[127.03969204786327,37.55139565271421],[127.03967518193782,37.5513880899976],[127.03965684379217,37.551378545576966],[127.03960838849981,37.55134126051493],[127.03960035053551,37.55133540672255],[127.03958789848348,37.55132847321173],[127.03955020445878,37.55131073617852],[127.03953345235253,37.5513043447011],[127.03944708745567,37.55126941485424],[127.03941923944906,37.55125248538767],[127.03934519517873,37.55118962040672],[127.03918059542602,37.551084438543654],[127.03896142522314,37.55093197205853],[127.03873490882461,37.55079635624083],[127.03853316971033,37.55064730702709],[127.037863658594,37.55015936270085],[127.03764471698553,37.550000676784094],[127.03733543798533,37.54977633626773],[127.03695076976109,37.549504265627554],[127.03662337207452,37.549246051349584],[127.03651514706839,37.54916355339954],[127.03626810165082,37.548911980634934],[127.03586233721875,37.54852260286081],[127.03536306861645,37.548056306414445],[127.03466274211951,37.54739707306357],[127.03409010451168,37.54680780630518],[127.03370781437899,37.54647950193522],[127.03321574034642,37.54609996039611],[127.03305998111283,37.54598188313241],[127.03270081282638,37.54571943201305],[127.03242959805557,37.54551939490661],[127.03232862187707,37.545429232581576],[127.03218791006952,37.545298626144636],[127.03203008455547,37.54510405323814],[127.03185121867891,37.544923811678885],[127.03177333734256,37.54485544681929],[127.03148460289906,37.544688839297265],[127.0307539895367,37.544240063892275],[127.03011665725012,37.54387081842344],[127.02955549467865,37.54352668833501],[127.0288622524055,37.54309645236324],[127.02835905745357,37.54280807423184],[127.02795557509516,37.54257382045316],[127.02775558355117,37.54244268208809],[127.0276635541841,37.542346837324175],[127.02761011122446,37.542253326070366],[127.02507804087526,37.543157773722506],[127.02509161881333,37.54315587873921],[127.02513518739082,37.54316776266687],[127.02518667687883,37.543179825089155],[127.02521100637478,37.54318342389537],[127.02528320178868,37.543191247155406],[127.02529881761035,37.54319259531013],[127.02533378388286,37.54319682251138],[127.02535856625484,37.54320114198963],[127.02540609840882,37.543222125060886],[127.0254291875404,37.54323842818181],[127.02548148101485,37.543285178782426],[127.02552143463639,37.54331427243737],[127.0256611828579,37.543319467948365],[127.02570361533786,37.54331756662085],[127.02574299222773,37.54331449464491],[127.0257838400673,37.54331124213479],[127.02586644085122,37.54330437647409],[127.0259250532636,37.54329895762375],[127.02596578949421,37.543300210072566],[127.02599193086017,37.5433075925172],[127.02601298116392,37.54331758897611],[127.02605089433072,37.543335510507745],[127.02613531474985,37.543354863342216],[127.02617322387005,37.54336107184224],[127.02620739834259,37.54336574945989],[127.02629453247035,37.54337915498166],[127.0263247531828,37.54340275443441],[127.0263361873348,37.543418339175545],[127.02634762044518,37.543430950617555],[127.02674187169195,37.54379973115941],[127.02677684606329,37.543825581916614],[127.02681102568995,37.54384395454882],[127.02684124206895,37.54385448937727],[127.02687134381303,37.54386087962687],[127.02691954903864,37.543863211245906],[127.02695971906728,37.54386239118217],[127.02701901262543,37.5438621073303],[127.02704854681818,37.54386354216793],[127.02711225753296,37.543874519749735],[127.02714439630968,37.5438814500616],[127.02717913806987,37.5438894609649],[127.02721422015667,37.54389981437793],[127.02725620446806,37.54390935528813],[127.02730101739236,37.54391808462998],[127.02736325726218,37.54392933271612],[127.0274532254793,37.543954539816546],[127.02749079971295,37.543972100562875],[127.02751162419082,37.54398236710583],[127.02754931227122,37.544001729805665],[127.02757613599445,37.544017310833674],[127.02761755995533,37.544041267735864],[127.02769180308844,37.544075668524194],[127.02771873768886,37.54408494249812],[127.02774171172943,37.544093947096606],[127.02777283429168,37.54410637357196],[127.02779988277197,37.54411753959918],[127.02782183959816,37.544129697919224],[127.02783802666866,37.54414510119314],[127.02786100815221,37.544174017852065],[127.02785931563574,37.54418699264189],[127.02784868363369,37.54419960914054],[127.02783227948139,37.54420907350115],[127.02777536644788,37.54422152069254],[127.02772965561134,37.544233244426934],[127.02772049394696,37.544244058569994],[127.02773963727688,37.54429775363445],[127.02776533242097,37.54432099337803],[127.0278077743836,37.54434323807414],[127.02785236691653,37.544367013946534],[127.02788360468007,37.54438457606096],[127.02793125366792,37.54441150467918],[127.02812627644887,37.54455480737594],[127.02840914407142,37.544788188571005],[127.0284835090078,37.54484241081099],[127.02856738281417,37.54490591099566],[127.02864548293769,37.5449621144271],[127.02869720675636,37.544990393243744],[127.02875051191364,37.54501110325921],[127.02879420074923,37.54503713149115],[127.02892593420003,37.54508368095393],[127.02982432192961,37.54544016303844],[127.03045142621721,37.54567264095967],[127.0310102945335,37.54589296999267],[127.03106156598129,37.54591818449088],[127.03116852874673,37.54598437973716],[127.03144528456133,37.546179462754445],[127.03194221779019,37.54656315494882],[127.03252032799755,37.54702926409681],[127.03312697876264,37.547533114223285],[127.03361412035427,37.547996630526],[127.03404250859526,37.5483988037246],[127.03413591201821,37.54849572421685],[127.03436650784349,37.548676758057674],[127.03439967452817,37.54869828226746],[127.03448675599242,37.54878301260053],[127.03484549368855,37.54895342519719],[127.03577621071963,37.549594263774544],[127.03822464149113,37.55118971602916],[127.03999376366889,37.55203570529578],[127.04202878842825,37.55261702686323],[127.04382434591322,37.55306082847023],[127.04499084628107,37.553432184815904]]]]},"properties":{"riv_nm":"중랑천","cat_nam":"국가하천"},"id":"LT_C_WKMSTRM.112"},{"type":"Feature","geometry":{"type":"MultiPolygon","coordinates":[[[[127.09874500832201,37.61458843373581],[127.09872244217686,37.614586587653946],[127.09869140899913,37.615091381940175],[127.09859295337891,37.61527352471446],[127.09829454633085,37.61539088565911],[127.09796356812886,37.61545250750068],[127.09796031267317,37.61545445395125],[127.09789643798686,37.61545291917308],[127.09787469334883,37.61544923146716],[127.09784642060475,37.61544668253078],[127.09783992399542,37.61544291961678],[127.09780908767165,37.615451124535774],[127.09778349634774,37.61545581595962],[127.09777939371092,37.615457537957845],[127.097748530027,37.61546219675938],[127.09776531500697,37.615476106660005],[127.09774374672942,37.61547816168659],[127.09767602436605,37.615469924309515],[127.0974281113061,37.615469046186384],[127.09738306558367,37.615466313475885],[127.09724749485636,37.6154586267253],[127.09720962583712,37.615452545835126],[127.09699623822877,37.61542027532374],[127.09675909547488,37.61538463154384],[127.09673922520585,37.61538464783457],[127.09671119510433,37.615393973673385],[127.09664199441539,37.615426101443525],[127.09660259173559,37.6154324037726],[127.09652308200091,37.6154441532363],[127.09647468076163,37.61545967550981],[127.0963357495358,37.61553570853022],[127.09620409319831,37.61563475215752],[127.09602081651207,37.61578752018764],[127.09558429323579,37.616132763483286],[127.09523601468103,37.61645624032473],[127.09517910137293,37.61651225493988],[127.0950656514987,37.61659451215441],[127.09503988827262,37.616614425115216],[127.09486944217755,37.61671682037277],[127.0947639545851,37.61677064670417],[127.09468880400487,37.61680169326455],[127.09416292194214,37.61706782939817],[127.09414847758613,37.61707925168709],[127.09409338416867,37.61710826554397],[127.09392484875623,37.61719687300472],[127.09366939184982,37.61733119502111],[127.09360170911947,37.617362905310586],[127.09323419841509,37.6175456140887],[127.09321983816626,37.617556968854196],[127.09316463561937,37.61758598080904],[127.09299605519232,37.61767469963548],[127.09247224187547,37.617954154148315],[127.09212323125702,37.618124860903634],[127.09181523829984,37.618258779705954],[127.09114310551368,37.618548522813306],[127.09062019075323,37.618777147112105],[127.08999150764461,37.619048566465395],[127.08960606858507,37.61921917907449],[127.08919018757106,37.61940516515384],[127.08865579877255,37.61963604481122],[127.08848141827026,37.61970689099875],[127.08842712846135,37.61978179481492],[127.08840691886104,37.61980374382588],[127.0883207264271,37.619847407692056],[127.088275037444,37.61986518225344],[127.08815726809509,37.619897762756246],[127.08814107420238,37.619902780835346],[127.08806897331851,37.619928454979195],[127.08743670391357,37.620134618452745],[127.08729244456944,37.62017187909776],[127.08703327490842,37.620231846710595],[127.08672391520336,37.62028244753521],[127.08644105886688,37.62030330639215],[127.08623556396313,37.62030813473348],[127.08587236797092,37.62031882999289],[127.08567457264846,37.62030307334811],[127.08555603528391,37.62025630275396],[127.08541995246192,37.62019751202283],[127.08455582328992,37.619945354415115],[127.0843398590188,37.61987154257918],[127.08370869624453,37.619685860734585],[127.08296405846926,37.61946529076567],[127.08242024076125,37.61930326370448],[127.08208357174706,37.61921308454497],[127.08187855648652,37.61917960532121],[127.08175527176897,37.619158738343046],[127.08128820424724,37.619026865100714],[127.08111497438372,37.61897270700321],[127.08108754001049,37.61895632811889],[127.08101917320027,37.61889171856303],[127.08097292248988,37.61884882695176],[127.08083764683781,37.61874204226713],[127.08070858415269,37.61865811110314],[127.08067652548363,37.618644781488406],[127.0805401825234,37.61859071683108],[127.08009087592046,37.618480618018694],[127.0798514310158,37.61842127026403],[127.07963614010526,37.61836212949955],[127.07935491876766,37.61827733463745],[127.0789552359596,37.61815196973663],[127.07853525219531,37.61801252292845],[127.07787129301782,37.61779856926011],[127.07729611273611,37.617594315892006],[127.07645668845326,37.61729248043229],[127.07604249593366,37.61714767002648],[127.07545340660685,37.616941809453635],[127.07500461743373,37.61678541947013],[127.07431206886872,37.61654131146717],[127.07347181600488,37.61621650640701],[127.07270177895512,37.61590479818813],[127.07196869125623,37.615618838955086],[127.07194595880257,37.61561586129753],[127.07192991622802,37.615632022352415],[127.07196171572647,37.61563618767787],[127.07269165460804,37.61592091863657],[127.0734617276441,37.61623264143718],[127.07430252671283,37.61655765765093],[127.07499548383338,37.616801909671686],[127.07544430594052,37.61695831113793],[127.07603338079737,37.61716416666185],[127.0764474650694,37.61730893922796],[127.07728682976894,37.61761075327475],[127.07786242012041,37.61781515227066],[127.07852663604532,37.61802918868193],[127.07894671696694,37.618168667753295],[127.0793467485356,37.618294142050786],[127.0796284261704,37.61837907449939],[127.07984436237713,37.61843839252917],[127.08008417160278,37.61849783058425],[127.08053173801112,37.61860750298259],[127.08066622395522,37.618660831270795],[127.08069603800197,37.61867322759921],[127.08082246370182,37.6187554439058],[127.08095631953229,37.61886110782067],[127.08100190942335,37.61890338661517],[127.08107187328774,37.61896950546783],[127.08110383067059,37.6189885846837],[127.08128026969003,37.61904374608684],[127.08174909876867,37.61917611669307],[127.0818739210636,37.6191972439201],[127.08207765689994,37.61923051421396],[127.08241265060813,37.61932024463131],[127.08295613238649,37.619482171607736],[127.08370081413373,37.619702754607694],[127.08433145254783,37.6198882821977],[127.08454744423031,37.61996210340359],[127.08541059536124,37.620213975630165],[127.08554559196581,37.620272297093585],[127.08566820555029,37.620320676017805],[127.08587165492351,37.62033688307417],[127.0862363174924,37.620326144630006],[127.08644244033484,37.620321301533785],[127.08672725252303,37.62030029844448],[127.0870387290554,37.62024935137826],[127.087299108335,37.62018910387913],[127.0874445095525,37.62015154829924],[127.08807790013874,37.61994501923744],[127.0881498194305,37.61991940975535],[127.08816510334903,37.61991467365413],[127.08828376642819,37.619881845901915],[127.08833182261482,37.61986315041729],[127.08842267963027,37.61981712353471],[127.08844613638983,37.61979164788038],[127.0884976949433,37.61972051236609],[127.08866635906435,37.61965198858263],[127.08920114560956,37.61942093706738],[127.08961712760976,37.61923490581458],[127.09000241900422,37.61906435855799],[127.09063104999062,37.61879296169013],[127.09115395844015,37.61856434013674],[127.09182606807789,37.61827460699026],[127.09213460443972,37.61814045190028],[127.09248448871219,37.61796931781391],[127.09300861424163,37.617689696712695],[127.09317712331448,37.61760101542588],[127.09323420839472,37.61757101409344],[127.09324836337562,37.61755982163372],[127.09361346259075,37.61737831171349],[127.0936813941471,37.61734648484301],[127.0939373395532,37.61721190595756],[127.09410588950085,37.617123290840894],[127.09416285572384,37.61709329070464],[127.09417715244038,37.617081985164575],[127.09470012610034,37.61681732087662],[127.0947753142831,37.6167862587791],[127.09488240281206,37.616731615545966],[127.09505466448712,37.61662812956938],[127.09508117869282,37.61660763615708],[127.09519563577511,37.616524648648785],[127.09525343000094,37.616467767014235],[127.09560090841443,37.61614503326768],[127.09603699912905,37.61580013201958],[127.09622008013332,37.61564752707159],[127.09635003736003,37.61554976165296],[127.09648546488474,37.61547564610014],[127.09652944895083,37.615461540413165],[127.09660689338945,37.61545009614541],[127.09665015644941,37.61544317636044],[127.09672131892943,37.615410137790555],[127.0967437828609,37.61540266386107],[127.09675698567568,37.615402653036554],[127.09699201991116,37.61543797989312],[127.09720526912844,37.615470229475925],[127.09724443588243,37.61547651875208],[127.0973813990213,37.615484284452094],[127.09742719840357,37.615487062883375],[127.09767425234836,37.61548793796597],[127.09774337497146,37.61549634566152],[127.09777008178473,37.615493801035115],[127.0977933295126,37.61549033325637],[127.09779268441687,37.615472766382325],[127.0977925433979,37.61547264951841],[127.09781523839676,37.61546848905082],[127.09783603255111,37.61546295615016],[127.09783792385775,37.615464051617515],[127.09787104756636,37.61546703789484],[127.0978937123706,37.61547088165283],[127.09796757130809,37.61547265633027],[127.09797336988743,37.61546918933564],[127.0983022481443,37.61540795845205],[127.09861046937418,37.61528673765727],[127.09871383491881,37.615095511439215],[127.09874500832201,37.61458843373581]]]]},"properties":{"riv_nm":"묵동천","cat_nam":"지방2급하천"},"id":"LT_C_WKMSTRM.3790"},{"type":"Feature","geometry":{"type":"MultiPolygon","coordinates":[[[[127.05658494047115,37.618513376164934],[127.05640863114546,37.61864771235065],[127.05596916342314,37.61898220209648],[127.05541045465915,37.6193719262086],[127.05500101983975,37.61962467779867],[127.05463763118772,37.61983400412208],[127.05444712095034,37.62000451332895],[127.05368720784124,37.62056340561964],[127.05346679324782,37.62077580809118],[127.05228907377862,37.6219815129687],[127.05156425206283,37.62276429069133],[127.05075722282076,37.62356792894289],[127.0506093360302,37.62374258853159],[127.05043219357343,37.623956883238776],[127.05024812986677,37.624159301583205],[127.0499910066557,37.62445047928244],[127.04989086879345,37.6245430668047],[127.04969787723614,37.62473004930242],[127.04945907951917,37.62499479136205],[127.04919474418688,37.62528182917034],[127.04887138410277,37.62567188555541],[127.04865898163163,37.62593721191937],[127.04820695375808,37.62650766586594],[127.04784730140213,37.626942623476715],[127.04750331364983,37.62729556109176],[127.04720819693492,37.62752728458956],[127.04683323572793,37.62775082573535],[127.04555774320555,37.62838600128241],[127.04488471236566,37.62876368320536],[127.0444829454281,37.62905144273405],[127.04375262811807,37.62972275756287],[127.04324884051377,37.63018955050299],[127.0428909997209,37.63045372753569],[127.04142912279616,37.63132868851984],[127.04041106026287,37.631957251624314],[127.03990566553622,37.632338038021295],[127.03930774774285,37.632943194014665],[127.03887161164612,37.633450494374365],[127.03857115875569,37.633864847855065],[127.03843219777582,37.6340978659354],[127.03831226408978,37.63439832756587],[127.0380952842784,37.63508478423863],[127.0379377511887,37.6357005944914],[127.03782929089432,37.63595925544732],[127.03767462922056,37.63616081638849],[127.03753124431331,37.63633155589087],[127.03742785407294,37.63643332162851],[127.03722155286339,37.63657970749936],[127.03684134326211,37.63675758984745],[127.03628940246824,37.63692968998395],[127.03584742584835,37.63704835079455],[127.03552248552505,37.63714067210689],[127.0352498441557,37.63723738357328],[127.03509535252284,37.637306830356714],[127.0348612270192,37.63746840338322],[127.03470467951928,37.63760587343618],[127.03458288881444,37.637753857916344],[127.03446752837259,37.637957166566025],[127.0338902435207,37.63927416062133],[127.03331806474121,37.640600758452],[127.03313962760171,37.64095968280335],[127.03298347587304,37.64119934395164],[127.03279119498526,37.641451443354235],[127.03257432185373,37.64168736248548],[127.03230148884512,37.6419210016308],[127.03168677709748,37.64235855928399],[127.03041841113186,37.64314164387667],[127.02885145829977,37.64410081846292],[127.02769759862404,37.64483687970553],[127.02665338617983,37.64537473506732],[127.02613219669223,37.64563736102251],[127.0258124896405,37.645824290850314],[127.02571392687689,37.64589960926744],[127.02553425324591,37.64607435159912],[127.02533043222643,37.646340773309134],[127.02531409295635,37.64636402730727],[127.0252709307047,37.646434431614686],[127.02498986391089,37.64688774430302],[127.02477246906928,37.64723531101025],[127.02469523319893,37.647342026113755],[127.02457604064455,37.64742997581792],[127.0243970462223,37.64749076226452],[127.0238746755782,37.64757700080197],[127.02314124748203,37.647697647089416],[127.02273374950413,37.64781460539475],[127.02241243888355,37.647958242003114],[127.02218392915185,37.648122325197235],[127.02202088286309,37.64828216341042],[127.02177051189217,37.6486381896534],[127.02161163419123,37.64878699394542],[127.02146943706337,37.64887752250555],[127.02124317603636,37.648961366565445],[127.020619829833,37.649091408156515],[127.02048667673544,37.64909681322063],[127.02008054035512,37.649017904434174],[127.01958980821598,37.64888913406518],[127.01901270141997,37.6487498371186],[127.01842105825527,37.64863325547628],[127.01803116384387,37.648592597182805],[127.01777890695962,37.648603335263],[127.01738562242762,37.64865160127735],[127.01711306465373,37.64869364868548],[127.01670288098828,37.64878867588785],[127.01588689710293,37.64901702729197],[127.01542501082832,37.64915395698671],[127.01519229036707,37.64930507207412],[127.01496623952994,37.64948757525451],[127.01482058497699,37.64961495344021],[127.01475620187074,37.64971015050665],[127.01460876401617,37.64999766025546],[127.01450384900332,37.650265341104216],[127.01447932131217,37.65046384971501],[127.01451267801015,37.65088543525261],[127.01465493225955,37.6519435765771],[127.01464709337341,37.65216930787302],[127.01452824675123,37.65262288138624],[127.0144605913759,37.65293770648048],[127.01445269975433,37.65325076813541],[127.01445683412452,37.65414049601913],[127.01439442917774,37.65434583724364],[127.0143768215494,37.65452528862059],[127.01434313766212,37.65495139973444],[127.0142788766665,37.65551326204676],[127.01430135304882,37.65562593043796],[127.01441211067424,37.65610401715779],[127.01445638462133,37.65643760276143],[127.0144666011179,37.65712378638736],[127.01450086461519,37.65754558335106],[127.01455665588186,37.65776060938765],[127.01458777320677,37.65819119253157],[127.01464380622654,37.65849573153907],[127.01473988543971,37.6589113321183],[127.01475541161818,37.65920887163684],[127.01474012502344,37.65938262038568],[127.01460395022505,37.6599439872066],[127.01454766079567,37.66014042904506],[127.01464104054538,37.661083089665176],[127.01468438339836,37.66139733428406],[127.01466614157846,37.66151340813756],[127.01455203194297,37.661764450385974],[127.01437610709023,37.662046694619455],[127.01415356692675,37.66231480044762],[127.01342327135791,37.662985492568566],[127.0134404096582,37.662997286020214],[127.01417167236113,37.66232570554674],[127.01439579653979,37.66205569129039],[127.0145729129078,37.661771535331354],[127.01468831969888,37.66151763916582],[127.01470720492131,37.661397471070515],[127.01466361003843,37.661081399885454],[127.0145705285364,37.6601417529568],[127.0146261346675,37.65994769552045],[127.01476264042704,37.659384963647426],[127.01477811060835,37.65920912763186],[127.01476246599123,37.65890932013098],[127.01466617357481,37.65849279786641],[127.01461034456804,37.658189368165914],[127.01457918916203,37.65775825987611],[127.01452338148964,37.657543170864045],[127.01448925796724,37.65712309860958],[127.01447903580372,37.65643654837251],[127.01443455910056,37.6561014358507],[127.01432369417482,37.65562288659091],[127.0143017043482,37.65551265734844],[127.01436573803015,37.65495278103939],[127.01439943090821,37.6545265545559],[127.01441688455154,37.65434867199948],[127.01447950869508,37.65414260930565],[127.01447536491811,37.65325091540681],[127.01448321711636,37.652939413928365],[127.01455051811055,37.65262623745792],[127.01466969298437,37.65217141065715],[127.01467762955386,37.65194286443868],[127.0145352658349,37.650883911240506],[127.01450205469467,37.650464166979845],[127.01452617685028,37.65026893999058],[127.01463011409828,37.65000375361756],[127.01477673282682,37.64971784104166],[127.01483922661832,37.64962543748715],[127.01498270400536,37.64949996325436],[127.01520757631846,37.649318411531006],[127.01543644175966,37.649169799654885],[127.01589461851277,37.64903396966382],[127.01670981805903,37.648805837751226],[127.01711840402443,37.648711180687044],[127.0173895106926,37.64866935713959],[127.01778124708616,37.64862128112223],[127.01803028872881,37.64861067990958],[127.01841684567913,37.64865099017038],[127.01900668009654,37.64876721540348],[127.01958296442808,37.64890631383248],[127.02007428953459,37.649035239798835],[127.02048451946104,37.64911494392217],[127.02062332009393,37.64910930960907],[127.02125090065094,37.64897838465232],[127.0214814774395,37.648892941324355],[127.02162750045774,37.64879997703406],[127.02178921610081,37.648648514702856],[127.02203971201587,37.64829231067213],[127.02220042293631,37.64813476184039],[127.02242575049522,37.6479729636084],[127.02274321485659,37.647831046396384],[127.02314742161218,37.64771503271973],[127.02387928264353,37.6475946441979],[127.02440386772096,37.64750804007206],[127.0245885669515,37.64744531627042],[127.02471316394116,37.6473533787327],[127.02479245430018,37.64724382495089],[127.02501017287693,37.646895740513656],[127.0252912793436,37.64644236364101],[127.02533418599407,37.64637237622805],[127.02535001154338,37.6463498533472],[127.02555279547421,37.64608478716644],[127.02573061060296,37.645911852289125],[127.02582711685741,37.64583810537694],[127.02614498982032,37.64565224790355],[127.0266656120789,37.64538990774964],[127.02771088341557,37.644851506919416],[127.02886546178296,37.644114987138956],[127.03043227163246,37.6431558999664],[127.03170130062747,37.642372405926366],[127.03231738248894,37.641933872949515],[127.03259183173746,37.64169884970035],[127.03281006470931,37.64146145124434],[127.03300324612127,37.64120817107953],[127.0331602777877,37.64096715930525],[127.03333933013344,37.64060699727145],[127.03391165953651,37.639280049345025],[127.03448859526266,37.6379638509243],[127.03460281637234,37.63776255011169],[127.03472266718086,37.63761692270059],[127.03487710799001,37.63748130258218],[127.035108484721,37.63732162649925],[127.03526005768819,37.63725349170328],[127.03553092500346,37.63715740952585],[127.03585486223731,37.6370653732055],[127.03629716668463,37.636946624376144],[127.036851285934,37.63677384496837],[127.03723497014438,37.63659433699908],[127.03744431840882,37.63644578899848],[127.03754951625933,37.63634224402954],[127.03769373004928,37.63617051746209],[127.03784997280265,37.63596689592505],[127.03795968135032,37.635705257902686],[127.03811738531616,37.635088778976275],[127.03833407019819,37.634403254731225],[127.03845332918303,37.63410448316965],[127.03859124169848,37.633873223109454],[127.03889080621805,37.63346009462828],[127.03932602791,37.632953857729206],[127.03992245475514,37.63235021059419],[127.04042583449423,37.63197094231528],[127.04144288280979,37.631343005322144],[127.04290555765795,37.63046756665778],[127.0432651963211,37.63020206230166],[127.04376979135014,37.62973452113639],[127.044499155929,37.62906408193728],[127.04489887405458,37.62877778979806],[127.04557029548906,37.62840101097894],[127.04684606458672,37.627765697639184],[127.04722301827567,37.62754096860715],[127.04752029983241,37.62730754525274],[127.04786574718882,37.62695310997341],[127.04822600384851,37.626517421397814],[127.04867812072088,37.62594685495336],[127.04889039795566,37.62568168494658],[127.0492133512912,37.62529211908916],[127.04947742277889,37.62500536770787],[127.0497158558115,37.62474102988462],[127.04990821405754,37.62455466093612],[127.05000890704373,37.62446156012488],[127.05026657917837,37.62416976072273],[127.05045084657608,37.62396711831941],[127.05062819732757,37.62375257156767],[127.05077549937924,37.623578602526514],[127.05158223042233,37.62277526102049],[127.05230714230987,37.62199238571701],[127.0534844776147,37.6207870738393],[127.05370370797279,37.62057581251134],[127.05446331637741,37.62001714422076],[127.05465292162911,37.61984744496075],[127.05501461198428,37.61963909689571],[127.0554248804721,37.61938583063741],[127.05598446972972,37.61899549228911],[127.05642437444479,37.618660669885934],[127.05665877273942,37.61848829327502],[127.05686805054381,37.618283127760755],[127.05701089058736,37.61814583837682],[127.05707583776947,37.61805579828602],[127.05719446229924,37.61795068565517],[127.05722038754597,37.61793355431557],[127.05725719057757,37.61792173352177],[127.05729512060738,37.6179025240679],[127.05750046285085,37.61773916516674],[127.05779634649387,37.61748323012332],[127.05800393838973,37.617302570262574],[127.05817430194699,37.61716995105491],[127.05834886913992,37.61705444829396],[127.05854519665299,37.61695641364836],[127.05888079645416,37.61680154701296],[127.059063656697,37.61671964590777],[127.05918299703445,37.61666642781536],[127.05932418278206,37.6165946382656],[127.05949640940527,37.61653076159602],[127.05954747820444,37.616513076468976],[127.05963647726487,37.61647816328304],[127.05964621531112,37.61647464450747],[127.0596601408768,37.616466979068456],[127.05967167885969,37.61644805248284],[127.05967665664537,37.616440661862526],[127.05968412677885,37.616433900673215],[127.05967493944294,37.61641786772977],[127.0602635634815,37.616115196956784],[127.06034892931119,37.61607046431501],[127.06073360359571,37.61582366647951],[127.06082599121989,37.61577892987658],[127.06088759059728,37.6157585357744],[127.06090298878297,37.61575141002105],[127.060932977442,37.61571895896188],[127.06097543503193,37.61569857469594],[127.06100430976305,37.61568909939551],[127.0610516473402,37.61568051552594],[127.06109365859965,37.615668420540594],[127.06119691152223,37.615614307742305],[127.06129336947016,37.6155614597664],[127.06132870017437,37.615551981032986],[127.06137071687021,37.61554664335835],[127.06140900384005,37.61555103828348],[127.06153506354268,37.61554673797196],[127.06167619013725,37.61554576330889],[127.06175196463467,37.61554653457084],[127.06178911458485,37.61554561413658],[127.06186340716734,37.61553494355133],[127.06192649194445,37.61553076591717],[127.06208076255396,37.61553627098787],[127.06213819782556,37.61554858429857],[127.0621644780727,37.61555208431193],[127.0624462448908,37.615505057670056],[127.06308554011845,37.6154134740084],[127.06374532708759,37.61534296419275],[127.06423878365827,37.61539933703878],[127.0644149779632,37.61525741617153],[127.0646184490652,37.615040979012285],[127.06514730118627,37.61453567186211],[127.0655128318649,37.61427344068537],[127.06556785143944,37.61426840620692],[127.06579024103397,37.614331351628],[127.0662762271219,37.61443262108992],[127.06628109925374,37.61443469062699],[127.06631136829564,37.61446611811943],[127.06635147376714,37.6144778985254],[127.06648424081625,37.614503862367656],[127.06663513321551,37.61453341978085],[127.06688130146671,37.61458715963093],[127.06712250334765,37.61465964235109],[127.06738614048332,37.61474175234415],[127.06771251081865,37.61480706738344],[127.06801496364045,37.61485095178291],[127.06826336138909,37.614863332094394],[127.06857719891964,37.61484684224428],[127.0690331494094,37.614795400260434],[127.06915487167838,37.61475685678746],[127.06943837591506,37.61464208458352],[127.06969571339732,37.6145249845836],[127.0698442648256,37.61447218893247],[127.06995875202793,37.614449326109415],[127.0702389247987,37.61440771421461],[127.07046233990351,37.61435253063206],[127.07052732823335,37.6143267235402],[127.07064756589928,37.61427691705654],[127.07069444338512,37.614263013761075],[127.07074586227225,37.6142606403769],[127.07080747613368,37.614259702435135],[127.07085470960854,37.61426291764328],[127.07105969898177,37.61353236299098],[127.071025739205,37.613551934887106],[127.07099018167563,37.61355880379568],[127.07085371499737,37.613572761033915],[127.07083641182831,37.613599981276394],[127.07083485907238,37.61363467026825],[127.07083226046971,37.61364142924225],[127.07079817698666,37.61365009918524],[127.07055131799392,37.61370412614221],[127.07051395539546,37.61371865438898],[127.07043120668334,37.61376690669193],[127.07033103041655,37.61383093662363],[127.07006726009308,37.61396903487347],[127.0698379036242,37.61408909239984],[127.06956041129554,37.61421061944334],[127.06917002476933,37.614363926852086],[127.06899314452913,37.61440277290018],[127.06867103697786,37.61441512412278],[127.06824600086632,37.61445735675371],[127.06800442697713,37.61447434469563],[127.06795187235757,37.61447356407974],[127.06760743036517,37.614462499558],[127.06733941695175,37.61442499148137],[127.06696727464255,37.61434195191568],[127.06642005755812,37.614163144667536],[127.06591591157571,37.61401710680785],[127.06571028446196,37.61395289090345],[127.06567630114047,37.61394750388999],[127.06557481501267,37.613943595977275],[127.06534555316169,37.613941303439866],[127.06505987381279,37.614111209848225],[127.06447686746763,37.61485269345575],[127.06434292306776,37.61509610241783],[127.06386082531466,37.615119697979544],[127.06297572019238,37.61517379300971],[127.06241711749641,37.61526075435437],[127.06188456077713,37.61536590704973],[127.06146304414484,37.615429466824686],[127.06127652575859,37.615463260786846],[127.06110643545819,37.615503082570235],[127.0610961321709,37.61550768294544],[127.06097249240324,37.615562617081274],[127.06074174483592,37.61566743092018],[127.06049244325887,37.61579946366494],[127.06027032350391,37.61593040081491],[127.06012450019225,37.616007329499936],[127.05977601550875,37.6161886952724],[127.05940794408016,37.61638250351],[127.05883447621054,37.61666498031325],[127.05846287462366,37.61684076758651],[127.05822193529458,37.61695801516285],[127.05814766308501,37.61699733486552],[127.05794979535878,37.61715483481946],[127.05768786111045,37.6173685874291],[127.05734397414271,37.61765319696089],[127.05732108531917,37.6176417655336],[127.05719793137273,37.61774769138175],[127.05717654372329,37.61777374029956],[127.05713593453228,37.61784421722932],[127.05709201032037,37.6178752324749],[127.05688707395743,37.61797831437198],[127.05681834612017,37.61801231472987],[127.05680600127181,37.618014122649065],[127.05679739310416,37.618014397088984],[127.05674780483474,37.61804487433891],[127.0567437334135,37.61805307528713],[127.05674363315507,37.61807019410639],[127.05675009663025,37.61807965137165],[127.05675985070621,37.618096765451355],[127.05677107542387,37.61811144615525],[127.05677142351772,37.61812234794186],[127.05675683102376,37.618147492524805],[127.05666698470445,37.618264393838224],[127.05666740410486,37.618369268629664],[127.05658494047115,37.618513376164934]]]]},"properties":{"riv_nm":"우이천","cat_nam":"지방2급하천"},"id":"LT_C_WKMSTRM.3791"}]}