{"type":"FeatureCollection","timestamp":"2026-10-04T12:54:20Z","features":[{"type":"Feature","id":"osm.way.26238052","geometry":{"type":"LineString","coordinates":[[127.070837,37.613111],[127.070848,37.612559],[127.070846,37.612168],[127.070846,37.611917],[127.070843,37.611631],[127.070845,37.611407],[127.070849,37.611227],[127.070851,37.611082],[127.070853,37.610912],[127.070857,37.610747],[127.070865,37.610443],[127.07088,37.609923],[127.070888,37.60969],[127.0709,37.609457],[127.070912,37.609184],[127.070921,37.608936],[127.070928,37.608675],[127.070943,37.608375],[127.070948,37.608021],[127.070956,37.607913],[127.070961,37.607752],[127.070978,37.607519]]},"properties":{"osm_id":26238052,"highway":"cycleway","name":"중랑천서자전거길","width":"3","oneway":"no"}},{"type":"Feature","id":"osm.way.26252133","geometry":{"type":"LineString","coordinates":[[127.065091,37.616957],[127.065147,37.616972],[127.065181,37.616882],[127.065231,37.616762],[127.065316,37.616557],[127.06536,37.616448],[127.065413,37.61634],[127.065782,37.615522],[127.065936,37.61518],[127.066002,37.61507],[127.066073,37.614978],[127.06617,37.614887],[127.066358,37.614798]]},"properties":{"osm_id":26252133,"highway":"tertiary","name":"화랑로45길"}},{"type":"Feature","id":"osm.way.28043812","geometry":{"type":"LineString","coordinates":[[127.070905,37.614312],[127.070904,37.61433]]},"properties":{"osm_id":28043812,"highway":"cycleway","name":"중랑천 자전거길 (우이천 합수부)","width":"3","oneway":"no"}},{"type":"Feature","id":"osm.way.37395797","geometry":{"type":"LineString","coordinates":[[127.078858,37.577362],[127.078759,37.578161],[127.078743,37.578292],[127.07865,37.579049],[127.078588,37.579592],[127.078547,37.579885],[127.078507,37.580121],[127.078455,37.580348],[127.078415,37.580493],[127.078402,37.580541],[127.078349,37.580713],[127.078285,37.580878],[127.078122,37.581232],[127.077968,37.581515],[127.077826,37.581731],[127.077668,37.58195],[127.077518,37.582139],[127.076523,37.583323],[127.07611,37.583815],[127.075708,37.584284],[127.074917,37.585231],[127.074392,37.585849],[127.073822,37.586533],[127.072963,37.587569],[127.072564,37.588036],[127.072356,37.588283],[127.072208,37.588487],[127.072085,37.588683],[127.071973,37.588917],[127.071888,37.589115],[127.071822,37.58929],[127.071777,37.589461],[127.071736,37.589637],[127.071693,37.589852],[127.071643,37.590114],[127.071564,37.590542],[127.07136,37.59168],[127.071298,37.591929],[127.071202,37.592226],[127.071062,37.592555],[127.070854,37.593045],[127.070798,37.593228],[127.070734,37.593518],[127.070688,37.593832],[127.070637,37.594247],[127.07045,37.595364],[127.070383,37.596037],[127.070374,37.596393],[127.070406,37.59669],[127.070469,37.596988],[127.070528,37.597152],[127.070712,37.59755],[127.070804,37.597705],[127.070918,37.597905],[127.070978,37.598011],[127.071085,37.598134],[127.071637,37.598746],[127.072151,37.599261],[127.072708,37.599835],[127.072796,37.59994],[127.072968,37.600198],[127.073194,37.600568],[127.073357,37.600889],[127.073511,37.601275],[127.073637,37.601687],[127.073717,37.602129],[127.07375,37.60247],[127.073711,37.603077],[127.073654,37.603591],[127.073179,37.605756],[127.072786,37.607361],[127.072691,37.607778],[127.072573,37.608403],[127.072545,37.609068],[127.072464,37.611],[127.072404,37.612761],[127.072382,37.6137],[127.072356,37.614602]]},"properties":{"osm_id":37395797,"highway":"trunk","name":"동부간선로","ref":"61","lanes":"3","width":"12","oneway":"yes"}},{"type":"Feature","id":"osm.way.37396914","geometry":{"type":"LineString","coordinates":[[127.062055,37.602998],[127.06186,37.602994],[127.061772,37.602992],[127.061664,37.603],[127.061573,37.603018],[127.061446,37.603057],[127.061323,37.603123],[127.061254,37.603173],[127.061196,37.603221],[127.060711,37.603643],[127.060476,37.603877],[127.060423,37.603943],[127.060364,37.604039],[127.060297,37.60421],[127.060236,37.604497],[127.060197,37.604597],[127.060146,37.604698],[127.060006,37.60492],[127.059877,37.605086],[127.05959,37.605323],[127.059429,37.605495],[127.059321,37.605617],[127.059092,37.606014],[127.059054,37.606082],[127.058988,37.606191],[127.058839,37.606438],[127.058714,37.606609],[127.058232,37.607267],[127.058035,37.607525],[127.057989,37.607585],[127.057939,37.607651],[127.057708,37.607908],[127.057683,37.607935],[127.057538,37.608097],[127.057355,37.6083],[127.057309,37.608351],[127.057112,37.608599],[127.057027,37.608707],[127.056784,37.608998],[127.056741,37.60905],[127.056608,37.609184],[127.056492,37.609302],[127.056378,37.609435],[127.056337,37.609484],[127.056295,37.609556],[127.056204,37.609712],[127.05616,37.609853],[127.056136,37.610112],[127.056127,37.610185],[127.056112,37.610303]]},"properties":{"osm_id":37396914,"highway":"tertiary","name":"화랑로32길"}},{"type":"Feature","id":"osm.way.37398820","geometry":{"type":"LineString","coordinates":[[127.056992,37.610878],[127.057066,37.610805]]},"properties":{"osm_id":37398820,"highway":"secondary","name":"돌곶이로"}},{"type":"Feature","id":"osm.way.37399268","geometry":{"type":"LineString","coordinates":[[127.072929,37.625571],[127.073075,37.625631]]},"properties":{"osm_id":37399268,"highway":"secondary","name":"동일로192길"}},{"type":"Feature","id":"osm.way.37399354","geometry":{"type":"LineString","coordinates":[[127.059037,37.620978],[127.059167,37.621207],[127.0592,37.6213],[127.05922,37.621375],[127.05925,37.62149],[127.05931,37.62172],[127.059328,37.621776],[127.05938,37.62194],[127.059421,37.622056],[127.05944,37.62211],[127.05952,37.62229],[127.05981,37.62266],[127.05987,37.62274],[127.059914,37.622784],[127.05998,37.62285],[127.06009,37.62296],[127.060134,37.622993],[127.060162,37.623016]]},"properties":{"osm_id":37399354,"highway":"tertiary","name":"광운로"}},{"type":"Feature","id":"osm.way.37399488","geometry":{"type":"LineString","coordinates":[[127.044077,37.628724],[127.043981,37.628643],[127.043958,37.628626],[127.04392,37.628608],[127.043475,37.628467],[127.043376,37.628449]]},"properties":{"osm_id":37399488,"highway":"tertiary","name":"한천로109길"}},{"type":"Feature","id":"osm.way.37400153","geometry":{"type":"LineString","coordinates":[[127.056992,37.610878],[127.05692,37.610943],[127.056848,37.611009],[127.0567,37.61114],[127.056472,37.611362],[127.05632,37.61151],[127.05611,37.61171],[127.055847,37.611966],[127.0557,37.61211],[127.05549,37.61231],[127.055271,37.612512],[127.05493,37.612842],[127.05462,37.61313],[127.054192,37.613521],[127.05405,37.61365],[127.05377,37.61393],[127.05347,37.61422],[127.0534,37.61427],[127.0533,37.61433],[127.053083,37.61447],[127.05302,37.61451],[127.052879,37.614577],[127.05283,37.6146],[127.052779,37.614633],[127.052665,37.614706],[127.05255,37.61478],[127.052248,37.61496],[127.05218,37.615],[127.051748,37.615278],[127.05173,37.61529],[127.05138,37.615471],[127.05106,37.6157],[127.05081,37.615861],[127.050657,37.615959],[127.05064,37.61597],[127.050531,37.616035],[127.05009,37.6163],[127.049853,37.616464],[127.04983,37.61648],[127.049644,37.616594],[127.049503,37.616681],[127.049364,37.616766]]},"properties":{"osm_id":37400153,"highway":"secondary","name":"돌곶이로"}},{"type":"Feature","id":"osm.way.37400305","geometry":{"type":"LineString","coordinates":[[127.070075,37.615902],[127.070056,37.616004],[127.070042,37.616093],[127.070019,37.61623],[127.069992,37.616415],[127.069974,37.616593],[127.069965,37.616831],[127.069968,37.617406],[127.069967,37.617461],[127.069963,37.617616],[127.069971,37.6179],[127.06998,37.618718],[127.069984,37.618869],[127.069983,37.619015],[127.069973,37.619158],[127.069953,37.619289],[127.06992,37.61945],[127.069867,37.619683],[127.06982,37.619878],[127.069774,37.620074],[127.06969,37.62044],[127.06962,37.62069],[127.06948,37.62111],[127.069443,37.621195],[127.06919,37.62178],[127.06902,37.62214],[127.06884,37.62251],[127.0687,37.62279],[127.06839,37.62346],[127.068321,37.62364]]},"properties":{"osm_id":37400305,"highway":"secondary","name":"마들로"}},{"type":"Feature","id":"osm.way.37400306","geometry":{"type":"LineString","coordinates":[[127.06663,37.61068],[127.06609,37.611],[127.065951,37.611067],[127.065886,37.611098],[127.065877,37.611102],[127.065841,37.61112],[127.06582,37.61113],[127.065719,37.611169],[127.065423,37.611251],[127.065258,37.611292],[127.065195,37.611304],[127.06506,37.61132],[127.06491,37.61133],[127.064678,37.61134],[127.064586,37.611342],[127.064504,37.611339],[127.064393,37.611331],[127.064306,37.611318],[127.063366,37.611145],[127.0629,37.61104],[127.062842,37.611033],[127.062533,37.610997]]},"properties":{"osm_id":37400306,"highway":"tertiary","name":"한천로76길"}},{"type":"Feature","id":"osm.way.37400733","geometry":{"type":"LineString","coordinates":[[127.069181,37.627571],[127.0695,37.62822],[127.06962,37.62838],[127.06976,37.6285],[127.07001,37.62861],[127.07034,37.6287],[127.071076,37.628871],[127.071299,37.628923]]},"properties":{"osm_id":37400733,"highway":"tertiary","name":"동일로197길"}},{"type":"Feature","id":"osm.way.37401006","geometry":{"type":"LineString","coordinates":[[127.061088,37.631495],[127.060403,37.63214],[127.06035,37.63219],[127.05964,37.63291],[127.05937,37.63317],[127.05919,37.633356],[127.05911,37.63343],[127.05911,37.63347],[127.059129,37.63379],[127.059159,37.63413],[127.05918,37.63425],[127.05924,37.63429],[127.059706,37.634624],[127.059765,37.634663]]},"properties":{"osm_id":37401006,"highway":"tertiary","name":"월계로55길"}},{"type":"Feature","id":"osm.way.37401045","geometry":{"type":"LineString","coordinates":[[127.071299,37.628923],[127.071451,37.628942],[127.071636,37.628965],[127.072072,37.629008],[127.0725,37.62905],[127.07307,37.62913],[127.073276,37.629182],[127.073384,37.62921],[127.073501,37.629245]]},"properties":{"osm_id":37401045,"highway":"tertiary","name":"동일로198길"}},{"type":"Feature","id":"osm.way.37401317","geometry":{"type":"LineString","coordinates":[[127.064837,37.614873],[127.064813,37.61495],[127.064733,37.61517]]},"properties":{"osm_id":37401317,"highway":"secondary","name":"석계로"}},{"type":"Feature","id":"osm.way.37401361","geometry":{"type":"LineString","coordinates":[[127.064733,37.61517],[127.064619,37.615284],[127.06455,37.615329],[127.064489,37.61536],[127.06442,37.615389],[127.064343,37.615404],[127.064305,37.615407],[127.064257,37.615408],[127.064169,37.615406],[127.064058,37.615397],[127.063932,37.615382],[127.063834,37.615375],[127.06373,37.615366],[127.063611,37.615359],[127.06346,37.615365],[127.063408,37.615372],[127.063338,37.615381],[127.063013,37.615426],[127.062747,37.615465],[127.062477,37.615518],[127.062,37.61561],[127.061799,37.615633],[127.061373,37.615662],[127.061228,37.615679],[127.060979,37.615751],[127.060836,37.615809],[127.060502,37.616004],[127.060309,37.616121],[127.060003,37.616291],[127.059917,37.616341],[127.059845,37.616395],[127.059823,37.616417],[127.059805,37.616442],[127.059791,37.616472],[127.059786,37.616506]]},"properties":{"osm_id":37401361,"highway":"tertiary","name":"석계로1길","layer":"1"}},{"type":"Feature","id":"osm.way.37401403","geometry":{"type":"LineString","coordinates":[[127.072915,37.616658],[127.072908,37.616713],[127.072898,37.616766]]},"properties":{"osm_id":37401403,"highway":"secondary","name":"섬밭로"}},{"type":"Feature","id":"osm.way.37401414","geometry":{"type":"LineString","coordinates":[[127.060162,37.623016],[127.060168,37.623122],[127.060181,37.623263],[127.060145,37.62363],[127.060133,37.623781],[127.06012,37.623954],[127.060114,37.624006],[127.060107,37.624162],[127.060101,37.624276],[127.060095,37.624413],[127.060093,37.624488],[127.06008,37.62504],[127.060117,37.625527],[127.060126,37.62569],[127.060121,37.625876],[127.060121,37.626072],[127.060094,37.626585],[127.060067,37.626916],[127.060042,37.627023],[127.059959,37.627326],[127.05987,37.62752],[127.05985,37.62759],[127.05979,37.62771],[127.05971,37.62788],[127.05964,37.628],[127.05953,37.62808],[127.059198,37.628202],[127.058827,37.628319],[127.058608,37.628379],[127.058526,37.628391],[127.0582,37.62844],[127.057603,37.62849],[127.057005,37.628543]]},"properties":{"osm_id":37401414,"highway":"tertiary","name":"광운로","lanes":"2"}},{"type":"Feature","id":"osm.way.37402215","geometry":{"type":"LineString","coordinates":[[127.04455,37.61934],[127.04478,37.619636]]},"properties":{"osm_id":37402215,"highway":"secondary","name":"월계로"}},{"type":"Feature","id":"osm.way.37402533","geometry":{"type":"LineString","coordinates":[[127.054255,37.61476],[127.053901,37.614552],[127.05383,37.61451],[127.0534,37.61427],[127.053285,37.614204],[127.052855,37.614046],[127.052553,37.613976],[127.05253,37.61397],[127.05194,37.61383],[127.051626,37.61374],[127.05131,37.61365],[127.051056,37.613579],[127.050962,37.613552],[127.05081,37.61351],[127.05048,37.61339],[127.050386,37.613386],[127.050351,37.613384],[127.05027,37.61338],[127.050033,37.613386],[127.04988,37.61339],[127.04979,37.613407],[127.049474,37.613468],[127.04941,37.61348],[127.049374,37.613488],[127.04906,37.61356]]},"properties":{"osm_id":37402533,"highway":"tertiary","name":"장위로","lanes":"2"}},{"type":"Feature","id":"osm.way.37402743","geometry":{"type":"LineString","coordinates":[[127.0675,37.631722],[127.067723,37.631766],[127.068359,37.631881],[127.068944,37.631914],[127.069536,37.631899],[127.069775,37.63188],[127.069897,37.631846]]},"properties":{"osm_id":37402743,"highway":"tertiary","name":"공릉로55길"}},{"type":"Feature","id":"osm.way.37402899","geometry":{"type":"LineString","coordinates":[[127.064282,37.633507],[127.063926,37.634012],[127.063479,37.634582],[127.06292,37.635051],[127.06259,37.63552],[127.062172,37.636047],[127.0618,37.6365],[127.061349,37.637151],[127.061321,37.637197],[127.06125,37.6373],[127.060939,37.638444],[127.060628,37.639587],[127.060625,37.639746],[127.06067,37.63993],[127.06118,37.64144],[127.06125,37.64195],[127.061319,37.642593],[127.062433,37.642911],[127.063666,37.643262],[127.064585,37.643524],[127.064724,37.643561]]},"properties":{"osm_id":37402899,"highway":"tertiary","name":"동일로207길"}},{"type":"Feature","id":"osm.way.37402949","geometry":{"type":"LineString","coordinates":[[127.055759,37.628149],[127.055577,37.628313],[127.055368,37.628528],[127.055116,37.628839],[127.055033,37.628931]]},"properties":{"osm_id":37402949,"highway":"tertiary","name":"초안산로"}},{"type":"Feature","id":"osm.way.37403275","geometry":{"type":"LineString","coordinates":[[127.068321,37.62364],[127.068712,37.623812]]},"properties":{"osm_id":37403275,"highway":"secondary","name":"섬밭로"}},{"type":"Feature","id":"osm.way.37930592","geometry":{"type":"LineString","coordinates":[[127.059922,37.634722],[127.060187,37.63447],[127.060355,37.634313],[127.061115,37.633708],[127.061779,37.633215],[127.062261,37.632843],[127.062405,37.632735],[127.062549,37.63262],[127.06263,37.632553],[127.062712,37.632482],[127.0628,37.632407],[127.062889,37.632319],[127.06299,37.632215],[127.063068,37.632128],[127.06316,37.632013],[127.063239,37.63191],[127.063318,37.631793],[127.063371,37.631705],[127.063437,37.631587],[127.063493,37.631478],[127.063549,37.631356],[127.063601,37.631229],[127.063654,37.631069],[127.063744,37.630765],[127.063801,37.630552],[127.063874,37.630291],[127.063987,37.629889],[127.064058,37.629636],[127.064104,37.629442],[127.064143,37.629271],[127.064188,37.629124],[127.064234,37.628979],[127.064291,37.628828],[127.064345,37.628695],[127.064405,37.628561],[127.064472,37.628429],[127.064544,37.628306],[127.064629,37.628178],[127.064722,37.628053],[127.064812,37.627933],[127.064911,37.627813],[127.065017,37.627692],[127.065126,37.627578],[127.065242,37.62747],[127.065397,37.627341],[127.066321,37.626547],[127.067991,37.625113],[127.068165,37.624965],[127.068299,37.624841],[127.068466,37.624682],[127.068629,37.624512],[127.06879,37.624339],[127.068887,37.624212],[127.069005,37.624052],[127.069111,37.623898],[127.06923,37.623704],[127.069303,37.623572],[127.069367,37.623443],[127.069442,37.623284],[127.069496,37.623153],[127.069547,37.623016],[127.069599,37.622871],[127.069863,37.622058]]},"properties":{"osm_id":37930592,"highway":"trunk","name":"동부간선로","ref":"61","lanes":"3","width":"12","oneway":"yes"}},{"type":"Feature","id":"osm.way.168087676","geometry":{"type":"LineString","coordinates":[[127.064208,37.616805],[127.064168,37.616799],[127.064126,37.616788],[127.064075,37.616751],[127.064014,37.616686],[127.063946,37.616603],[127.063854,37.616492],[127.063797,37.616431],[127.063655,37.616275],[127.063483,37.616098],[127.06336,37.615933],[127.063205,37.615759],[127.063115,37.615658],[127.063013,37.615426]]},"properties":{"osm_id":168087676,"highway":"residential","name":"석계로7길"}},{"type":"Feature","id":"osm.way.168089608","geometry":{"type":"LineString","coordinates":[[127.064641,37.615542],[127.064567,37.615552],[127.064526,37.615561],[127.064492,37.615572],[127.064282,37.615671],[127.064216,37.615702],[127.064038,37.615785],[127.063731,37.615948],[127.063569,37.616052],[127.063483,37.616098],[127.063136,37.616283],[127.062974,37.616365],[127.062789,37.616458],[127.062581,37.616563],[127.062501,37.616596],[127.062402,37.616633]]},"properties":{"osm_id":168089608,"highway":"residential","name":"석계로3길"}},{"type":"Feature","id":"osm.way.168089669","geometry":{"type":"LineString","coordinates":[[127.061228,37.615679],[127.061278,37.61578],[127.061378,37.615857],[127.061474,37.615935],[127.061499,37.615954],[127.061772,37.616158],[127.062019,37.616346],[127.062161,37.616455],[127.062281,37.616547],[127.062402,37.616633]]},"properties":{"osm_id":168089669,"highway":"residential","name":"석계로9길"}},{"type":"Feature","id":"osm.way.168228144","geometry":{"type":"LineString","coordinates":[[127.064763,37.616581],[127.064684,37.616563],[127.064523,37.616529],[127.064322,37.616487],[127.064094,37.616403],[127.064008,37.616371],[127.063971,37.616351],[127.063758,37.616203],[127.063605,37.61611],[127.063483,37.616098]]},"properties":{"osm_id":168228144,"highway":"residential","name":"석계로5길"}},{"type":"Feature","id":"osm.way.168228155","geometry":{"type":"LineString","coordinates":[[127.063566,37.617555],[127.063567,37.617526],[127.063567,37.61748],[127.063484,37.617278],[127.063366,37.617159],[127.063319,37.617127],[127.063102,37.616969],[127.062936,37.616828],[127.062725,37.616675],[127.062581,37.616563]]},"properties":{"osm_id":168228155,"highway":"residential","name":"석계로11길"}},{"type":"Feature","id":"osm.way.168228319","geometry":{"type":"LineString","coordinates":[[127.063831,37.618265],[127.06375,37.618236],[127.063715,37.618156],[127.063643,37.617701],[127.063652,37.617623]]},"properties":{"osm_id":168228319,"highway":"residential","name":"석계로11길"}},{"type":"Feature","id":"osm.way.168228346","geometry":{"type":"LineString","coordinates":[[127.063037,37.618042],[127.063248,37.617431],[127.06326,37.61731]]},"properties":{"osm_id":168228346,"highway":"residential"}},{"type":"Feature","id":"osm.way.168228474","geometry":{"type":"LineString","coordinates":[[127.063709,37.61732],[127.06368,37.617469],[127.063652,37.617623]]},"properties":{"osm_id":168228474,"highway":"residential","name":"석계로9길"}},{"type":"Feature","id":"osm.way.168228475","geometry":{"type":"LineString","coordinates":[[127.06368,37.617169],[127.063562,37.617239],[127.063484,37.617278]]},"properties":{"osm_id":168228475,"highway":"residential","name":"석계로11길"}},{"type":"Feature","id":"osm.way.168228589","geometry":{"type":"LineString","coordinates":[[127.065359,37.613922],[127.065488,37.613921],[127.065597,37.61393],[127.065692,37.613951],[127.06595,37.614038],[127.066418,37.614186],[127.066694,37.614262],[127.067152,37.614384],[127.067264,37.614406],[127.067376,37.614424],[127.0675,37.614442],[127.067711,37.614459],[127.06789,37.614467],[127.068029,37.614462],[127.068121,37.614453],[127.068259,37.614436],[127.068371,37.614431],[127.068594,37.61441],[127.068736,37.614398],[127.068838,37.614396],[127.068976,37.614391],[127.069052,37.614379],[127.069138,37.614358],[127.069217,37.614327],[127.069345,37.614285],[127.069448,37.614227],[127.069522,37.614178],[127.069593,37.614116],[127.069674,37.614033],[127.069808,37.613893],[127.070012,37.613692],[127.070119,37.613582],[127.070188,37.613506],[127.070226,37.61346],[127.070279,37.613389],[127.07033,37.613306],[127.070364,37.613263],[127.070397,37.613231],[127.070442,37.613201],[127.07048,37.61318],[127.070524,37.61316],[127.070574,37.613144],[127.070633,37.61313],[127.070713,37.613118],[127.070784,37.613112],[127.070837,37.613111]]},"properties":{"osm_id":168228589,"highway":"cycleway","name":"우이천 자전거길","width":"3","oneway":"no"}},{"type":"Feature","id":"osm.way.168243160","geometry":{"type":"LineString","coordinates":[[127.063356,37.616803],[127.063259,37.616906],[127.063425,37.617025],[127.063319,37.617127]]},"properties":{"osm_id":168243160,"highway":"residential","name":"석계로11길"}},{"type":"Feature","id":"osm.way.168286337","geometry":{"type":"LineString","coordinates":[[127.061259,37.621456],[127.061192,37.621683],[127.061118,37.621999],[127.061091,37.622117],[127.060956,37.622711],[127.060836,37.622978],[127.060807,37.623039]]},"properties":{"osm_id":168286337,"highway":"residential","name":"광운로15길"}},{"type":"Feature","id":"osm.way.168287359","geometry":{"type":"LineString","coordinates":[[127.0586,37.61724],[127.058842,37.617457],[127.058975,37.617576],[127.059167,37.617748]]},"properties":{"osm_id":168287359,"highway":"residential","name":"광운로2가길"}},{"type":"Feature","id":"osm.way.168369487","geometry":{"type":"LineString","coordinates":[[127.056442,37.616941],[127.056448,37.616999],[127.05646,37.617061],[127.056494,37.61716],[127.056537,37.617256]]},"properties":{"osm_id":168369487,"highway":"tertiary","name":"광운로","lanes":"3","layer":"1"}},{"type":"Feature","id":"osm.way.180701181","geometry":{"type":"LineString","coordinates":[[127.07034,37.6287],[127.07084,37.62721],[127.071061,37.626497],[127.07111,37.62634],[127.07125,37.62595],[127.071312,37.625763],[127.07141,37.62547],[127.071514,37.625157],[127.071555,37.625034]]},"properties":{"osm_id":180701181,"highway":"residential","name":"동일로191가길"}},{"type":"Feature","id":"osm.way.183272297","geometry":{"type":"LineString","coordinates":[[127.073578,37.616284],[127.07465,37.616656],[127.075765,37.61705],[127.077802,37.617765],[127.080468,37.618767],[127.081224,37.619023],[127.082059,37.619285],[127.083516,37.619709],[127.084055,37.619855],[127.084653,37.619974],[127.085029,37.620014],[127.085395,37.62004],[127.085847,37.620028],[127.086083,37.620011],[127.086446,37.619964],[127.086868,37.619876],[127.087288,37.619764],[127.087666,37.619629],[127.088178,37.619398],[127.08945,37.618802]]},"properties":{"osm_id":183272297,"highway":"trunk","name":"북부간선도로","lanes":"2","oneway":"yes","bridge":"viaduct","layer":"2"}},{"type":"Feature","id":"osm.way.183272298","geometry":{"type":"LineString","coordinates":[[127.073495,37.61635],[127.073155,37.616253],[127.072255,37.616063],[127.070542,37.615721],[127.068682,37.615351]]},"properties":{"osm_id":183272298,"highway":"trunk","name":"북부간선도로","lanes":"2","oneway":"yes","bridge":"yes","layer":"2"}},{"type":"Feature","id":"osm.way.183272335","geometry":{"type":"LineString","coordinates":[[127.057952,37.609956],[127.058812,37.610161],[127.059347,37.610265],[127.059601,37.610324],[127.05982,37.610368],[127.059965,37.61041],[127.06051,37.61055],[127.060601,37.61057],[127.06069,37.610589],[127.060931,37.610638],[127.06114,37.61068],[127.061398,37.610739],[127.061643,37.610796],[127.061852,37.610844],[127.06214,37.61091],[127.062184,37.610919],[127.062327,37.610951],[127.062533,37.610997]]},"properties":{"osm_id":183272335,"highway":"tertiary","name":"돌곶이로22길"}},{"type":"Feature","id":"osm.way.183272339","geometry":{"type":"LineString","coordinates":[[127.069863,37.622058],[127.069987,37.621701],[127.07006,37.621477],[127.070128,37.621274],[127.070185,37.621075],[127.070243,37.620842],[127.070285,37.620634],[127.070327,37.620384],[127.070364,37.620085],[127.070378,37.619829],[127.070338,37.618036],[127.070329,37.617814],[127.070325,37.617627],[127.070321,37.617421],[127.070313,37.617229],[127.070313,37.617042],[127.070317,37.616905],[127.07032,37.61682],[127.070328,37.616738],[127.070335,37.616653],[127.070345,37.616574],[127.070356,37.616492],[127.070367,37.616422],[127.070386,37.616331],[127.070407,37.616255],[127.070463,37.616069],[127.07063,37.615617],[127.070656,37.615525],[127.070677,37.615428],[127.070696,37.615325],[127.070709,37.615232],[127.070717,37.615145],[127.070722,37.615048],[127.070725,37.614952],[127.070727,37.614845],[127.070727,37.614689]]},"properties":{"osm_id":183272339,"highway":"trunk","name":"동부간선로","ref":"61","lanes":"3","width":"12","oneway":"yes"}},{"type":"Feature","id":"osm.way.183272342","geometry":{"type":"LineString","coordinates":[[127.072356,37.614602],[127.072328,37.61529],[127.072302,37.615576],[127.072229,37.615883]]},"properties":{"osm_id":183272342,"highway":"trunk","name":"동부간선로","ref":"61","lanes":"3","width":"12","oneway":"yes","bridge":"yes","layer":"1"}},{"type":"Feature","id":"osm.way.183272350","geometry":{"type":"LineString","coordinates":[[127.070727,37.614689],[127.070675,37.613762],[127.070657,37.612928]]},"properties":{"osm_id":183272350,"highway":"trunk","name":"동부간선로","ref":"61","lanes":"3","width":"12","oneway":"yes","bridge":"yes","layer":"1"}},{"type":"Feature","id":"osm.way.183272351","geometry":{"type":"LineString","coordinates":[[127.070156,37.624827],[127.069965,37.625097],[127.06971,37.625385],[127.069468,37.625614],[127.069204,37.625838],[127.067552,37.627125],[127.066186,37.628209],[127.065848,37.628552],[127.065574,37.628913],[127.06538,37.629292],[127.065242,37.629734],[127.065025,37.630741],[127.064983,37.630974],[127.064807,37.631497],[127.064541,37.632047],[127.064284,37.632398],[127.063987,37.632746],[127.063511,37.633146],[127.062725,37.633802],[127.062133,37.634303],[127.061335,37.635073],[127.061073,37.635335],[127.060881,37.635546],[127.060653,37.635825],[127.06048,37.636069],[127.060368,37.636306],[127.060288,37.636531],[127.060128,37.637024],[127.060035,37.637265],[127.059931,37.63749],[127.05985,37.637641],[127.059723,37.637858],[127.05962,37.638026]]},"properties":{"osm_id":183272351,"highway":"trunk","name":"동부간선로","ref":"61","lanes":"3","width":"12","oneway":"yes"}},{"type":"Feature","id":"osm.way.183272352","geometry":{"type":"LineString","coordinates":[[127.070657,37.612928],[127.070648,37.612317],[127.070668,37.611722],[127.070693,37.610816],[127.070717,37.609742],[127.070717,37.609303]]},"properties":{"osm_id":183272352,"highway":"trunk","name":"동부간선로","ref":"61","lanes":"3","width":"12","oneway":"yes"}},{"type":"Feature","id":"osm.way.183272377","geometry":{"type":"LineString","coordinates":[[127.075251,37.618614],[127.07518,37.618603],[127.074569,37.618475],[127.074542,37.618469],[127.07378,37.61831],[127.073372,37.618232],[127.073266,37.61821],[127.07262,37.61808]]},"properties":{"osm_id":183272377,"highway":"residential","name":"동일로173길"}},{"type":"Feature","id":"osm.way.183272378","geometry":{"type":"LineString","coordinates":[[127.07378,37.61831],[127.0737,37.618551],[127.073652,37.618698],[127.073374,37.619537],[127.073131,37.620272],[127.072988,37.620702],[127.072904,37.620957],[127.07286,37.62109],[127.072833,37.62117],[127.07276,37.621392],[127.072623,37.621806],[127.072243,37.622956],[127.071918,37.623936],[127.071843,37.624163],[127.071616,37.62485],[127.071574,37.624977],[127.071555,37.625034]]},"properties":{"osm_id":183272378,"highway":"residential","name":"동일로173가길","lanes":"4","oneway":"no"}},{"type":"Feature","id":"osm.way.183272379","geometry":{"type":"LineString","coordinates":[[127.072655,37.625454],[127.072801,37.625517],[127.072929,37.625571]]},"properties":{"osm_id":183272379,"highway":"secondary","name":"동일로191길"}},{"type":"Feature","id":"osm.way.183272380","geometry":{"type":"LineString","coordinates":[[127.070714,37.624625],[127.071479,37.624938],[127.071574,37.624977],[127.072336,37.625282],[127.07243,37.625322],[127.072655,37.625454]]},"properties":{"osm_id":183272380,"highway":"secondary","name":"동일로191길","oneway":"yes"}},{"type":"Feature","id":"osm.way.183272381","geometry":{"type":"LineString","coordinates":[[127.072655,37.625454],[127.072375,37.625387],[127.071555,37.625034],[127.071441,37.624987],[127.070689,37.624678]]},"properties":{"osm_id":183272381,"highway":"secondary","name":"동일로191길","oneway":"yes"}},{"type":"Feature","id":"osm.way.183272382","geometry":{"type":"LineString","coordinates":[[127.068712,37.623812],[127.069324,37.624072],[127.06996,37.624339],[127.070494,37.624559],[127.070616,37.624609],[127.07138,37.624927],[127.071812,37.625103],[127.07228,37.6253],[127.072417,37.625354]]},"properties":{"osm_id":183272382,"highway":"secondary","name":"동일로191길","lanes":"2","oneway":"no","bridge":"yes","layer":"1"}},{"type":"Feature","id":"osm.way.183272393","geometry":{"type":"LineString","coordinates":[[127.068416,37.61418],[127.069017,37.613985],[127.069416,37.613815],[127.069699,37.613615],[127.069931,37.61335],[127.070085,37.613157],[127.070112,37.613102],[127.070167,37.612946],[127.070213,37.612808],[127.070221,37.612783],[127.070223,37.612747],[127.070261,37.610839],[127.070263,37.610681],[127.070274,37.610607],[127.070288,37.610512],[127.070365,37.609988],[127.070363,37.609913],[127.070356,37.609678],[127.070348,37.609376],[127.070346,37.609298],[127.070345,37.60928],[127.070322,37.60869],[127.070301,37.60816],[127.070266,37.607447],[127.070267,37.607336],[127.070293,37.607077],[127.07036,37.606731],[127.07044,37.606313],[127.070793,37.604862]]},"properties":{"osm_id":183272393,"highway":"tertiary","name":"한천로58길","lanes":"2","oneway":"no"}},{"type":"Feature","id":"osm.way.183272394","geometry":{"type":"LineString","coordinates":[[127.066152,37.613677],[127.065999,37.613638],[127.065872,37.613606]]},"properties":{"osm_id":183272394,"highway":"tertiary","name":"한천로58길"}},{"type":"Feature","id":"osm.way.183272396","geometry":{"type":"LineString","coordinates":[[127.067089,37.614152],[127.066958,37.614102],[127.066849,37.614053],[127.066772,37.614007],[127.066709,37.613962],[127.066671,37.613922],[127.066614,37.613853]]},"properties":{"osm_id":183272396,"highway":"tertiary","name":"한천로58길"}},{"type":"Feature","id":"osm.way.183272397","geometry":{"type":"LineString","coordinates":[[127.067089,37.614152],[127.067231,37.614158],[127.067311,37.614166],[127.067428,37.614183],[127.067788,37.614216],[127.068343,37.614191],[127.068416,37.61418]]},"properties":{"osm_id":183272397,"highway":"tertiary","name":"한천로58길"}},{"type":"Feature","id":"osm.way.183272409","geometry":{"type":"LineString","coordinates":[[127.056992,37.610878],[127.056915,37.610836],[127.056827,37.61079],[127.056751,37.61075],[127.056384,37.610555],[127.05617,37.610442],[127.056114,37.610413],[127.056007,37.610359],[127.054624,37.609634],[127.054276,37.609451],[127.054068,37.609343],[127.053876,37.609241],[127.052819,37.608688],[127.052063,37.608284],[127.051756,37.608122],[127.051674,37.608078],[127.05098,37.607723],[127.050777,37.607644],[127.050632,37.60756],[127.049902,37.607174],[127.049146,37.606769],[127.048756,37.60656]]},"properties":{"osm_id":183272409,"highway":"primary","name":"화랑로","ref":"20","lanes":"3","oneway":"yes"}},{"type":"Feature","id":"osm.way.183272410","geometry":{"type":"LineString","coordinates":[[127.064837,37.614873],[127.064035,37.61466]]},"properties":{"osm_id":183272410,"highway":"tertiary","name":"화랑로","oneway":"yes"}},{"type":"Feature","id":"osm.way.183272412","geometry":{"type":"LineString","coordinates":[[127.070075,37.615902],[127.070012,37.615885],[127.069965,37.615873],[127.069934,37.615866],[127.069579,37.615807]]},"properties":{"osm_id":183272412,"highway":"primary","name":"화랑로","ref":"20","lanes":"3","oneway":"yes"}},{"type":"Feature","id":"osm.way.183272419","geometry":{"type":"LineString","coordinates":[[127.062622,37.613861],[127.06293,37.614002],[127.063519,37.614204],[127.064205,37.614347]]},"properties":{"osm_id":183272419,"highway":"tertiary","name":"화랑로","oneway":"yes"}},{"type":"Feature","id":"osm.way.183272420","geometry":{"type":"LineString","coordinates":[[127.069345,37.615755],[127.068881,37.615675],[127.068599,37.615627]]},"properties":{"osm_id":183272420,"highway":"tertiary","name":"화랑로","lanes":"3","oneway":"yes"}},{"type":"Feature","id":"osm.way.183272421","geometry":{"type":"LineString","coordinates":[[127.067763,37.615395],[127.06692,37.615238],[127.066109,37.615077],[127.064752,37.614781],[127.064511,37.614707],[127.06391,37.61449],[127.063426,37.61432],[127.063285,37.614269]]},"properties":{"osm_id":183272421,"highway":"primary","name":"화랑로","ref":"20","lanes":"2","oneway":"yes","bridge":"yes","layer":"1"}},{"type":"Feature","id":"osm.way.183272422","geometry":{"type":"LineString","coordinates":[[127.066358,37.614798],[127.066444,37.614754]]},"properties":{"osm_id":183272422,"highway":"tertiary","name":"화랑로48길"}},{"type":"Feature","id":"osm.way.183272444","geometry":{"type":"LineString","coordinates":[[127.075631,37.616443],[127.075535,37.616399],[127.075352,37.616343],[127.075172,37.616285],[127.074864,37.61616],[127.074749,37.6161],[127.074646,37.61605],[127.074465,37.615947],[127.074394,37.615897],[127.074322,37.615852],[127.07401,37.615618],[127.073734,37.615363],[127.073488,37.615086],[127.073276,37.614748],[127.07306,37.614266],[127.072993,37.613958],[127.072953,37.61365],[127.072947,37.613545],[127.072941,37.613431],[127.072942,37.613139],[127.072942,37.613055],[127.072944,37.612716],[127.072948,37.612097],[127.072948,37.611641],[127.072948,37.61153],[127.07295,37.61108],[127.072961,37.610602],[127.07297,37.610178],[127.07299,37.609377],[127.073035,37.608999],[127.073051,37.608859],[127.073079,37.608653],[127.073121,37.608372],[127.073223,37.607792],[127.073247,37.607633],[127.0734,37.606888],[127.073567,37.606167],[127.073613,37.605959],[127.073702,37.605519],[127.073756,37.605304],[127.07379,37.60517],[127.073882,37.604775],[127.073992,37.604324],[127.074058,37.604093],[127.074118,37.603832],[127.074165,37.603628],[127.07422,37.603386],[127.074302,37.602938],[127.074317,37.602768],[127.074322,37.602563],[127.074329,37.602377],[127.074329,37.602318],[127.074316,37.60208],[127.074284,37.601782],[127.074266,37.601591],[127.07423,37.60143],[127.07409,37.60098],[127.074074,37.600939],[127.074,37.60075],[127.073978,37.600712],[127.073828,37.600444],[127.073662,37.600142],[127.073602,37.600055],[127.07345,37.599835],[127.07337,37.59972],[127.073282,37.599618],[127.073068,37.599369],[127.07306,37.59936],[127.072998,37.599287],[127.072863,37.59913],[127.072806,37.599063],[127.072766,37.599015],[127.072677,37.598909],[127.07258,37.5988],[127.072479,37.598678],[127.072458,37.598656],[127.072261,37.598448],[127.072145,37.598318],[127.072,37.59817],[127.071842,37.597956],[127.0718,37.5979],[127.07184,37.597678],[127.07188,37.59746],[127.071904,37.597281],[127.071939,37.597113],[127.071972,37.596946],[127.071986,37.596869],[127.072023,37.596697],[127.07207,37.596458],[127.072078,37.596418],[127.072095,37.596297],[127.07217,37.59589],[127.072221,37.595632],[127.072239,37.595543],[127.07232,37.595141],[127.072329,37.595087],[127.072501,37.594224],[127.07255,37.59396],[127.072687,37.59327],[127.072728,37.593095]]},"properties":{"osm_id":183272444,"highway":"secondary","name":"중랑천로"}},{"type":"Feature","id":"osm.way.183272447","geometry":{"type":"LineString","coordinates":[[127.065827,37.622642],[127.06603,37.622701]]},"properties":{"osm_id":183272447,"highway":"residential","name":"마들로1길"}},{"type":"Feature","id":"osm.way.183272552","geometry":{"type":"LineString","coordinates":[[127.070188,37.618927],[127.070218,37.618307],[127.070202,37.617777],[127.070194,37.617548],[127.070193,37.617304],[127.070192,37.617009],[127.070206,37.616721],[127.070218,37.616606],[127.070237,37.616493],[127.070261,37.616359],[127.070289,37.616237],[127.07032,37.616137],[127.070352,37.616043],[127.070381,37.615963],[127.070425,37.61586],[127.070461,37.615777],[127.070496,37.615694],[127.070528,37.615608],[127.070549,37.615513],[127.070569,37.615423],[127.07059,37.615302],[127.070603,37.615186],[127.070612,37.615075],[127.070617,37.614956],[127.070617,37.614841],[127.070607,37.614693]]},"properties":{"osm_id":183272552,"highway":"trunk_link","ref":"61","lanes":"1","oneway":"yes"}},{"type":"Feature","id":"osm.way.183272554","geometry":{"type":"LineString","coordinates":[[127.072766,37.616729],[127.072483,37.616704],[127.072376,37.616701],[127.072353,37.616701],[127.072335,37.616703],[127.072318,37.616705],[127.072307,37.616707],[127.072298,37.61671],[127.072272,37.61672],[127.072249,37.61673],[127.072226,37.616742],[127.072206,37.616755],[127.072182,37.616772],[127.072156,37.616792],[127.072138,37.616809],[127.072126,37.616822],[127.072115,37.616837],[127.072108,37.616854],[127.072102,37.616874],[127.072089,37.616947],[127.072053,37.617184],[127.072042,37.61727],[127.072037,37.617334],[127.072035,37.617446],[127.072047,37.617713],[127.072047,37.618193],[127.072008,37.618568],[127.071999,37.619571],[127.071991,37.619711],[127.071983,37.61997],[127.071962,37.620077],[127.071904,37.620369],[127.071629,37.621133],[127.071205,37.622047]]},"properties":{"osm_id":183272554,"highway":"trunk_link","oneway":"yes","layer":"1"}},{"type":"Feature","id":"osm.way.183272555","geometry":{"type":"LineString","coordinates":[[127.068778,37.615269],[127.069409,37.615336],[127.069685,37.615379],[127.069767,37.615399],[127.069793,37.615405],[127.069815,37.615409],[127.069827,37.615411],[127.06984,37.615413],[127.069848,37.615414],[127.069857,37.615415],[127.069869,37.615416],[127.06988,37.615417],[127.069889,37.615418],[127.069903,37.615419],[127.069914,37.615419],[127.069927,37.615419],[127.069952,37.615419],[127.069968,37.615419],[127.069984,37.615418],[127.070002,37.615416],[127.070016,37.615415],[127.070031,37.615413],[127.070046,37.61541],[127.07006,37.615408],[127.070072,37.615406],[127.070089,37.615402],[127.070102,37.615399],[127.070117,37.615395],[127.070129,37.615392],[127.07014,37.615388],[127.070155,37.615383],[127.070169,37.615378],[127.070183,37.615373],[127.070198,37.615367],[127.070214,37.61536],[127.070228,37.615353],[127.070244,37.615345],[127.070263,37.615335],[127.070274,37.615328],[127.070286,37.61532],[127.0703,37.615311],[127.07031,37.615304],[127.070325,37.615292],[127.070339,37.615281],[127.070352,37.615269],[127.070363,37.61526],[127.070375,37.615247],[127.070386,37.615236],[127.070396,37.615224],[127.070405,37.615214],[127.070412,37.615205],[127.070419,37.615195],[127.070427,37.615183],[127.070435,37.61517],[127.070441,37.61516],[127.070448,37.615147],[127.070455,37.615134],[127.070461,37.615119],[127.070466,37.615107],[127.070471,37.615092],[127.070475,37.61508],[127.070478,37.615069],[127.07048,37.615062],[127.070482,37.615054],[127.070484,37.615044],[127.070485,37.615036],[127.070487,37.615025],[127.070488,37.615011],[127.07049,37.61499],[127.07049,37.61497],[127.07049,37.614933],[127.070488,37.614865],[127.070474,37.61437],[127.070468,37.614198],[127.07047,37.614039]]},"properties":{"osm_id":183272555,"highway":"trunk_link","lanes":"1","oneway":"yes","bridge":"yes","layer":"2"}},{"type":"Feature","id":"osm.way.183272557","geometry":{"type":"LineString","coordinates":[[127.068416,37.61418],[127.068646,37.614231],[127.068761,37.614238],[127.068986,37.614216],[127.069261,37.614099],[127.069431,37.614009],[127.069715,37.61389],[127.069808,37.613893]]},"properties":{"osm_id":183272557,"highway":"cycleway","width":"3","oneway":"no"}},{"type":"Feature","id":"osm.way.183272563","geometry":{"type":"LineString","coordinates":[[127.07014,37.61833],[127.070113,37.618125],[127.070106,37.618062],[127.070095,37.618008],[127.070083,37.617963],[127.070067,37.617914],[127.070044,37.617863],[127.070022,37.617812],[127.069998,37.617748],[127.06998,37.617682],[127.069963,37.617616]]},"properties":{"osm_id":183272563,"highway":"trunk_link","oneway":"yes"}},{"type":"Feature","id":"osm.way.183272565","geometry":{"type":"LineString","coordinates":[[127.072487,37.614661],[127.072458,37.615353],[127.072428,37.615584],[127.072401,37.615726],[127.07235,37.615905]]},"properties":{"osm_id":183272565,"highway":"trunk_link","oneway":"yes","bridge":"yes","layer":"1"}},{"type":"Feature","id":"osm.way.183272578","geometry":{"type":"LineString","coordinates":[[127.070612,37.614004],[127.070675,37.613762]]},"properties":{"osm_id":183272578,"highway":"trunk_link","lanes":"1","oneway":"yes","bridge":"yes","layer":"1"}},{"type":"Feature","id":"osm.way.183272581","geometry":{"type":"LineString","coordinates":[[127.069616,37.615699],[127.069656,37.615705],[127.069688,37.615709],[127.069717,37.615711],[127.06974,37.61571],[127.069799,37.615706],[127.06983,37.615702],[127.069861,37.615697],[127.069887,37.615693],[127.069921,37.615686],[127.069944,37.615682],[127.069985,37.615673],[127.070044,37.615658],[127.070096,37.615642],[127.070127,37.615633],[127.070144,37.615626],[127.070164,37.615618],[127.070184,37.61561],[127.070202,37.615601],[127.070223,37.615591],[127.070238,37.615582],[127.070259,37.61557],[127.070276,37.615558],[127.070296,37.615542],[127.070311,37.61553],[127.070325,37.615517],[127.070338,37.615504],[127.070353,37.615488],[127.070364,37.615473],[127.070378,37.615454],[127.070389,37.615433],[127.0704,37.615411],[127.070413,37.615377],[127.070494,37.61513],[127.070506,37.61509],[127.070516,37.615046],[127.070531,37.614958],[127.070535,37.614918],[127.070607,37.614693]]},"properties":{"osm_id":183272581,"highway":"trunk_link","oneway":"yes"}},{"type":"Feature","id":"osm.way.183272589","geometry":{"type":"LineString","coordinates":[[127.070607,37.614693],[127.070574,37.614135],[127.070612,37.614004]]},"properties":{"osm_id":183272589,"highway":"trunk_link","lanes":"1","oneway":"yes","bridge":"yes","layer":"1"}},{"type":"Feature","id":"osm.way.183272593","geometry":{"type":"LineString","coordinates":[[127.072593,37.613591],[127.072528,37.613885],[127.072496,37.61408],[127.072489,37.614282],[127.072487,37.614661]]},"properties":{"osm_id":183272593,"highway":"trunk_link","oneway":"yes"}},{"type":"Feature","id":"osm.way.183272594","geometry":{"type":"LineString","coordinates":[[127.066884,37.615286],[127.066836,37.615218],[127.06683,37.615201],[127.066829,37.615178],[127.066843,37.61515],[127.06686,37.615131],[127.066891,37.615115],[127.066923,37.615103]]},"properties":{"osm_id":183272594,"highway":"tertiary","lanes":"1","oneway":"yes"}},{"type":"Feature","id":"osm.way.183272599","geometry":{"type":"LineString","coordinates":[[127.056823,37.610675],[127.056815,37.610726],[127.056751,37.61075]]},"properties":{"osm_id":183272599,"highway":"secondary_link","oneway":"yes"}},{"type":"Feature","id":"osm.way.183272617","geometry":{"type":"LineString","coordinates":[[127.060472,37.612627],[127.060461,37.612679],[127.060386,37.612707]]},"properties":{"osm_id":183272617,"highway":"secondary_link","oneway":"yes"}},{"type":"Feature","id":"osm.way.183272627","geometry":{"type":"LineString","coordinates":[[127.070574,37.614135],[127.070569,37.614087],[127.070565,37.614057],[127.070557,37.613877],[127.070525,37.61296]]},"properties":{"osm_id":183272627,"highway":"trunk_link","lanes":"1","oneway":"yes","bridge":"yes","layer":"1"}},{"type":"Feature","id":"osm.way.183272651","geometry":{"type":"LineString","coordinates":[[127.069863,37.622058],[127.069924,37.621515],[127.069969,37.621319],[127.070008,37.621144],[127.070046,37.620995],[127.070075,37.620866],[127.070097,37.620741],[127.070114,37.620623],[127.07013,37.620503],[127.07014,37.620411],[127.070148,37.620315],[127.070154,37.62022],[127.07017,37.619958],[127.07018,37.619685],[127.070188,37.618927]]},"properties":{"osm_id":183272651,"highway":"trunk_link","lanes":"1","oneway":"yes","layer":"1"}},{"type":"Feature","id":"osm.way.183272652","geometry":{"type":"LineString","coordinates":[[127.070491,37.612299],[127.070486,37.612267],[127.070432,37.611924],[127.07042,37.611816],[127.070413,37.611709],[127.070414,37.611584],[127.070415,37.611476],[127.070423,37.611372],[127.070429,37.611285]]},"properties":{"osm_id":183272652,"highway":"trunk_link","lanes":"1","oneway":"yes"}},{"type":"Feature","id":"osm.way.183272655","geometry":{"type":"LineString","coordinates":[[127.072545,37.609068],[127.072661,37.609706],[127.072748,37.610737],[127.07272,37.611417],[127.072699,37.612896],[127.072668,37.613171],[127.072593,37.613591],[127.072566,37.614088],[127.072575,37.614294],[127.072586,37.614451],[127.0726,37.614564],[127.072676,37.614906],[127.072755,37.615193]]},"properties":{"osm_id":183272655,"highway":"trunk_link","oneway":"yes"}},{"type":"Feature","id":"osm.way.183272666","geometry":{"type":"LineString","coordinates":[[127.064205,37.614347],[127.064278,37.614367],[127.064333,37.614443],[127.064327,37.614505],[127.064262,37.614581],[127.064035,37.61466]]},"properties":{"osm_id":183272666,"highway":"tertiary_link","oneway":"yes"}},{"type":"Feature","id":"osm.way.183272704","geometry":{"type":"LineString","coordinates":[[127.072755,37.615193],[127.072835,37.615475],[127.072881,37.6157],[127.072915,37.615959],[127.072933,37.616151],[127.07294,37.616345]]},"properties":{"osm_id":183272704,"highway":"trunk_link","oneway":"yes","bridge":"yes","layer":"1"}},{"type":"Feature","id":"osm.way.183272728","geometry":{"type":"LineString","coordinates":[[127.07235,37.615905],[127.072248,37.616272],[127.072067,37.6167],[127.071985,37.617006],[127.071933,37.617464],[127.071946,37.617905],[127.072008,37.618568]]},"properties":{"osm_id":183272728,"highway":"trunk_link","oneway":"yes"}},{"type":"Feature","id":"osm.way.183521038","geometry":{"type":"LineString","coordinates":[[127.070429,37.611285],[127.070485,37.610487],[127.070488,37.610439],[127.070607,37.609756],[127.070717,37.609303]]},"properties":{"osm_id":183521038,"highway":"trunk_link","lanes":"1","oneway":"yes"}},{"type":"Feature","id":"osm.way.183521039","geometry":{"type":"LineString","coordinates":[[127.066707,37.615247],[127.066593,37.615215],[127.066307,37.615161],[127.066189,37.615138],[127.066092,37.61513],[127.066014,37.615137],[127.065936,37.61518]]},"properties":{"osm_id":183521039,"highway":"tertiary","lanes":"1","oneway":"yes"}},{"type":"Feature","id":"osm.way.183521040","geometry":{"type":"LineString","coordinates":[[127.07047,37.614039],[127.070463,37.613686],[127.07046,37.61351],[127.070456,37.613124]]},"properties":{"osm_id":183521040,"highway":"trunk_link","lanes":"1","oneway":"yes","bridge":"yes","layer":"1"}},{"type":"Feature","id":"osm.way.183521042","geometry":{"type":"LineString","coordinates":[[127.070188,37.618927],[127.07014,37.61833],[127.07015,37.617955],[127.070125,37.617687]]},"properties":{"osm_id":183521042,"highway":"trunk_link","lanes":"1","oneway":"yes"}},{"type":"Feature","id":"osm.way.183521056","geometry":{"type":"LineString","coordinates":[[127.070125,37.617687],[127.070111,37.617379],[127.070114,37.617016],[127.070121,37.616791],[127.070124,37.61673],[127.070132,37.616676],[127.070145,37.616595],[127.070162,37.616501],[127.070205,37.616279],[127.07022,37.616214],[127.070235,37.616149],[127.070236,37.616124],[127.070236,37.616107],[127.070236,37.616095],[127.070235,37.616071],[127.070234,37.616055],[127.070231,37.616038],[127.070229,37.616025],[127.070225,37.61601],[127.070222,37.615996],[127.070216,37.615977],[127.070208,37.615957],[127.070201,37.615942],[127.070192,37.615923],[127.070185,37.61591],[127.070178,37.615899],[127.07017,37.615886],[127.07016,37.615872],[127.070151,37.61586],[127.070141,37.615847],[127.070128,37.615833],[127.070117,37.615821],[127.070104,37.615808],[127.070088,37.615793],[127.070074,37.615782],[127.07006,37.61577],[127.070046,37.61576],[127.070032,37.615751],[127.070019,37.615742],[127.070006,37.615734],[127.069986,37.615723],[127.069965,37.615713],[127.069946,37.615702],[127.069926,37.615693],[127.069905,37.615683],[127.069881,37.615673],[127.069859,37.615664],[127.069831,37.615654],[127.069801,37.615646],[127.069773,37.615639],[127.069359,37.615554],[127.068682,37.615351]]},"properties":{"osm_id":183521056,"highway":"trunk_link","lanes":"1","oneway":"yes","bridge":"yes","layer":"2"}},{"type":"Feature","id":"osm.way.183521058","geometry":{"type":"LineString","coordinates":[[127.059786,37.616506],[127.059641,37.616567],[127.059273,37.616754],[127.05899,37.61693],[127.0586,37.61724]]},"properties":{"osm_id":183521058,"highway":"tertiary","name":"광운로2길","layer":"1"}},{"type":"Feature","id":"osm.way.183521071","geometry":{"type":"LineString","coordinates":[[127.060169,37.634179],[127.060467,37.633921],[127.062135,37.632453]]},"properties":{"osm_id":183521071,"highway":"secondary","name":"마들로","oneway":"yes"}},{"type":"Feature","id":"osm.way.183521072","geometry":{"type":"LineString","coordinates":[[127.062135,37.632453],[127.062597,37.632048]]},"properties":{"osm_id":183521072,"highway":"secondary","name":"마들로","oneway":"yes","tunnel":"yes","layer":"-1"}},{"type":"Feature","id":"osm.way.183521095","geometry":{"type":"LineString","coordinates":[[127.06417,37.614406],[127.063562,37.614297],[127.063221,37.614222],[127.062988,37.614155],[127.062609,37.614005],[127.062339,37.613871],[127.061802,37.613565],[127.061235,37.613243],[127.060397,37.612741],[127.059791,37.612403],[127.05857,37.611747],[127.057017,37.610916],[127.055999,37.610386],[127.052713,37.608693],[127.051918,37.608273],[127.05172,37.608168],[127.050548,37.607567],[127.049715,37.607136],[127.048966,37.606731],[127.048827,37.606662],[127.04738,37.605896],[127.046545,37.60546]]},"properties":{"osm_id":183521095,"highway":"trunk","name":"북부간선도로","lanes":"2","oneway":"yes","bridge":"viaduct","layer":"2"}},{"type":"Feature","id":"osm.way.183521097","geometry":{"type":"LineString","coordinates":[[127.046171,37.605157],[127.047597,37.605887],[127.048476,37.606356],[127.049254,37.606759],[127.049571,37.606926],[127.050532,37.607433],[127.05134,37.607861],[127.052068,37.608244],[127.052843,37.608652],[127.05326,37.608867],[127.054191,37.609358],[127.055922,37.610264],[127.057153,37.610918],[127.058583,37.611652],[127.058981,37.611866],[127.059781,37.612294],[127.060569,37.612749],[127.061474,37.613273],[127.061883,37.61351],[127.062311,37.613747],[127.062655,37.613921],[127.063126,37.614101],[127.06333,37.61416],[127.063576,37.614232],[127.064345,37.614374]]},"properties":{"osm_id":183521097,"highway":"trunk","name":"북부간선도로","lanes":"2","oneway":"yes","bridge":"viaduct","layer":"2"}},{"type":"Feature","id":"osm.way.183521098","geometry":{"type":"LineString","coordinates":[[127.068682,37.615351],[127.067495,37.615102],[127.066995,37.614992],[127.066137,37.614814],[127.0655,37.614681],[127.064811,37.614548],[127.06417,37.614406]]},"properties":{"osm_id":183521098,"highway":"trunk","name":"북부간선도로","lanes":"2","oneway":"yes","bridge":"viaduct","layer":"2"}},{"type":"Feature","id":"osm.way.183521099","geometry":{"type":"LineString","coordinates":[[127.064345,37.614374],[127.064505,37.6144],[127.06461,37.614422],[127.06552,37.614607],[127.066564,37.614819],[127.068778,37.615269]]},"properties":{"osm_id":183521099,"highway":"trunk","name":"북부간선도로","lanes":"2","oneway":"yes","bridge":"viaduct","layer":"2"}},{"type":"Feature","id":"osm.way.183521100","geometry":{"type":"LineString","coordinates":[[127.068778,37.615269],[127.06916,37.615342],[127.069817,37.615483],[127.070691,37.615665],[127.072296,37.615963],[127.073175,37.616166],[127.073578,37.616284]]},"properties":{"osm_id":183521100,"highway":"trunk","name":"북부간선도로","lanes":"2","oneway":"yes","bridge":"yes","layer":"2"}},{"type":"Feature","id":"osm.way.183521158","geometry":{"type":"LineString","coordinates":[[127.062599,37.632434],[127.063773,37.633181]]},"properties":{"osm_id":183521158,"highway":"secondary","name":"월계로","bridge":"yes","layer":"1"}},{"type":"Feature","id":"osm.way.183521159","geometry":{"type":"LineString","coordinates":[[127.063773,37.633181],[127.064111,37.633393]]},"properties":{"osm_id":183521159,"highway":"secondary","name":"한글비석로"}},{"type":"Feature","id":"osm.way.183521160","geometry":{"type":"LineString","coordinates":[[127.070358,37.615862],[127.072213,37.61645]]},"properties":{"osm_id":183521160,"highway":"primary","name":"화랑로","ref":"20","lanes":"3","oneway":"yes","bridge":"yes","layer":"1"}},{"type":"Feature","id":"osm.way.183521248","geometry":{"type":"LineString","coordinates":[[127.066358,37.614798],[127.066257,37.61467],[127.066167,37.614612],[127.066022,37.614554],[127.065909,37.614522],[127.065749,37.614481]]},"properties":{"osm_id":183521248,"highway":"tertiary","name":"화랑로","lanes":"2","oneway":"yes"}},{"type":"Feature","id":"osm.way.183521249","geometry":{"type":"LineString","coordinates":[[127.062469,37.613915],[127.06217,37.613746],[127.061725,37.613494],[127.061391,37.613305],[127.060873,37.612998],[127.060649,37.612854]]},"properties":{"osm_id":183521249,"highway":"primary","name":"화랑로","ref":"20","lanes":"3","oneway":"yes"}},{"type":"Feature","id":"osm.way.183521250","geometry":{"type":"LineString","coordinates":[[127.068831,37.615542],[127.069616,37.615699]]},"properties":{"osm_id":183521250,"highway":"primary","name":"화랑로","ref":"20","lanes":"3","oneway":"yes"}},{"type":"Feature","id":"osm.way.183521251","geometry":{"type":"LineString","coordinates":[[127.072898,37.616766],[127.072766,37.616729],[127.072475,37.616637],[127.072164,37.616539]]},"properties":{"osm_id":183521251,"highway":"primary","name":"화랑로","ref":"20","lanes":"3","oneway":"yes"}},{"type":"Feature","id":"osm.way.183521253","geometry":{"type":"LineString","coordinates":[[127.063285,37.614269],[127.062469,37.613915]]},"properties":{"osm_id":183521253,"highway":"primary","name":"화랑로","ref":"20","lanes":"2","oneway":"yes"}},{"type":"Feature","id":"osm.way.183521254","geometry":{"type":"LineString","coordinates":[[127.069579,37.615807],[127.069345,37.615755]]},"properties":{"osm_id":183521254,"highway":"primary","name":"화랑로","ref":"20","lanes":"3","oneway":"yes"}},{"type":"Feature","id":"osm.way.183521255","geometry":{"type":"LineString","coordinates":[[127.066707,37.615247],[127.066641,37.615199],[127.066557,37.615101],[127.066489,37.614989],[127.066421,37.614887],[127.066358,37.614798]]},"properties":{"osm_id":183521255,"highway":"tertiary","name":"화랑로","lanes":"2","oneway":"yes"}},{"type":"Feature","id":"osm.way.183521256","geometry":{"type":"LineString","coordinates":[[127.068326,37.615404],[127.068432,37.61543],[127.068523,37.615455],[127.068584,37.615471],[127.068656,37.615493],[127.06872,37.615513],[127.068772,37.615527],[127.068831,37.615542]]},"properties":{"osm_id":183521256,"highway":"tertiary","name":"화랑로","lanes":"3","oneway":"yes","bridge":"yes","layer":"1"}},{"type":"Feature","id":"osm.way.183521257","geometry":{"type":"LineString","coordinates":[[127.068599,37.615627],[127.067738,37.615457],[127.066884,37.615286],[127.066707,37.615247]]},"properties":{"osm_id":183521257,"highway":"tertiary","name":"화랑로","lanes":"2","oneway":"yes"}},{"type":"Feature","id":"osm.way.183521258","geometry":{"type":"LineString","coordinates":[[127.072213,37.61645],[127.072799,37.616643],[127.072819,37.616648],[127.072838,37.616651],[127.072858,37.616654],[127.072883,37.616657],[127.072915,37.616658]]},"properties":{"osm_id":183521258,"highway":"primary","name":"화랑로","ref":"20","lanes":"3","oneway":"yes"}},{"type":"Feature","id":"osm.way.183521259","geometry":{"type":"LineString","coordinates":[[127.065036,37.614246],[127.065108,37.614248],[127.065185,37.614256],[127.065746,37.614369],[127.065827,37.614389]]},"properties":{"osm_id":183521259,"highway":"tertiary","name":"화랑로","lanes":"2","oneway":"yes"}},{"type":"Feature","id":"osm.way.183521260","geometry":{"type":"LineString","coordinates":[[127.069616,37.615699],[127.069967,37.615775],[127.070079,37.615796],[127.070358,37.615862]]},"properties":{"osm_id":183521260,"highway":"primary","name":"화랑로","ref":"20","lanes":"3","oneway":"yes"}},{"type":"Feature","id":"osm.way.183521262","geometry":{"type":"LineString","coordinates":[[127.06336,37.614246],[127.063712,37.614363],[127.064431,37.614626],[127.06457,37.614668],[127.065006,37.614779],[127.066202,37.61504],[127.066643,37.615118],[127.067775,37.615339]]},"properties":{"osm_id":183521262,"highway":"primary","name":"화랑로","ref":"20","lanes":"2","oneway":"yes","bridge":"yes","layer":"1"}},{"type":"Feature","id":"osm.way.183521263","geometry":{"type":"LineString","coordinates":[[127.066968,37.614266],[127.067089,37.614152]]},"properties":{"osm_id":183521263,"highway":"residential","name":"화랑로48길"}},{"type":"Feature","id":"osm.way.183521264","geometry":{"type":"LineString","coordinates":[[127.066593,37.614642],[127.066771,37.61445],[127.066968,37.614266]]},"properties":{"osm_id":183521264,"highway":"tertiary","bridge":"yes","layer":"1"}},{"type":"Feature","id":"osm.way.183895290","geometry":{"type":"LineString","coordinates":[[127.07294,37.616345],[127.072928,37.616488],[127.072916,37.616567],[127.072915,37.616658]]},"properties":{"osm_id":183895290,"highway":"trunk_link","oneway":"yes"}},{"type":"Feature","id":"osm.way.183895296","geometry":{"type":"LineString","coordinates":[[127.07294,37.616345],[127.07302,37.616569],[127.073079,37.616638],[127.073183,37.6167],[127.073782,37.616932]]},"properties":{"osm_id":183895296,"highway":"trunk_link","oneway":"yes"}},{"type":"Feature","id":"osm.way.183895314","geometry":{"type":"LineString","coordinates":[[127.089508,37.618879],[127.089225,37.619011],[127.088394,37.619381],[127.08777,37.619664],[127.087439,37.619789],[127.087063,37.61991],[127.086736,37.619989],[127.086502,37.620038],[127.086215,37.620082],[127.085898,37.62011],[127.085522,37.620123],[127.085146,37.620114],[127.084705,37.620068],[127.08425,37.619989],[127.083511,37.619789],[127.082497,37.619488],[127.08119,37.619107],[127.08043,37.618846],[127.078661,37.618181],[127.075867,37.617176],[127.073495,37.61635]]},"properties":{"osm_id":183895314,"highway":"trunk","name":"북부간선도로","lanes":"2","oneway":"yes","bridge":"viaduct","layer":"2"}},{"type":"Feature","id":"osm.way.183895342","geometry":{"type":"LineString","coordinates":[[127.072164,37.616539],[127.070312,37.615986]]},"properties":{"osm_id":183895342,"highway":"primary","name":"화랑로","ref":"20","lanes":"3","oneway":"yes","bridge":"yes","layer":"1"}},{"type":"Feature","id":"osm.way.183895363","geometry":{"type":"LineString","coordinates":[[127.072915,37.616658],[127.072938,37.61666],[127.072966,37.616662],[127.072991,37.616667],[127.073016,37.616674],[127.073782,37.616932],[127.074215,37.617081],[127.075291,37.617439],[127.075366,37.617464],[127.075598,37.617546],[127.075628,37.617557],[127.075713,37.617587],[127.075745,37.617599],[127.075936,37.617666]]},"properties":{"osm_id":183895363,"highway":"primary","name":"화랑로","ref":"20","lanes":"4","oneway":"yes"}},{"type":"Feature","id":"osm.way.183895365","geometry":{"type":"LineString","coordinates":[[127.075881,37.617777],[127.075705,37.617717],[127.075561,37.617668],[127.07531,37.617584],[127.074906,37.617446],[127.074536,37.61732],[127.074165,37.617195],[127.07369,37.617036],[127.073043,37.616807],[127.072898,37.616766]]},"properties":{"osm_id":183895365,"highway":"primary","name":"화랑로","ref":"20","lanes":"4","oneway":"yes"}},{"type":"Feature","id":"osm.way.216881807","geometry":{"type":"LineString","coordinates":[[127.065212,37.613826],[127.065182,37.613687],[127.065164,37.613604],[127.065126,37.613467],[127.065046,37.613224],[127.064828,37.612855],[127.064743,37.612725],[127.064625,37.612562],[127.06454,37.612451],[127.064373,37.612247],[127.064009,37.61192],[127.063574,37.611597],[127.063261,37.61142],[127.062953,37.611245],[127.062762,37.611132],[127.062533,37.610997]]},"properties":{"osm_id":216881807,"highway":"residential","name":"한천로78길"}},{"type":"Feature","id":"osm.way.216881809","geometry":{"type":"LineString","coordinates":[[127.061171,37.615353],[127.061186,37.615394]]},"properties":{"osm_id":216881809,"highway":"residential"}},{"type":"Feature","id":"osm.way.218647396","geometry":{"type":"LineString","coordinates":[[127.04906,37.61356],[127.04893,37.6136],[127.048158,37.613677],[127.04762,37.61373],[127.04698,37.613801],[127.04654,37.61385],[127.046112,37.613873],[127.045957,37.613882],[127.0458,37.61389],[127.045662,37.613892],[127.045467,37.613895],[127.044853,37.613903],[127.044713,37.613905],[127.044212,37.613912],[127.043922,37.613917],[127.04367,37.61392],[127.043148,37.613921],[127.042953,37.613952],[127.04234,37.61405],[127.042053,37.614102],[127.04171,37.614163],[127.041577,37.614187],[127.04134,37.61423]]},"properties":{"osm_id":218647396,"highway":"tertiary","name":"장위로","lanes":"2"}},{"type":"Feature","id":"osm.way.218647397","geometry":{"type":"LineString","coordinates":[[127.04906,37.61356],[127.04898,37.61367],[127.04887,37.61388],[127.048835,37.613953],[127.04869,37.61425],[127.048579,37.614513],[127.04853,37.61463],[127.048449,37.614785],[127.0484,37.61488],[127.04836,37.61499],[127.04836,37.61506],[127.04836,37.6151],[127.048354,37.615314],[127.04835,37.61543],[127.048367,37.615537],[127.0484,37.61574],[127.04844,37.61586],[127.04853,37.61599],[127.04856,37.616024],[127.04868,37.61616],[127.048866,37.616336],[127.04905,37.61651],[127.049364,37.616766]]},"properties":{"osm_id":218647397,"highway":"tertiary","name":"장월로"}},{"type":"Feature","id":"osm.way.218748689","geometry":{"type":"LineString","coordinates":[[127.04455,37.61934],[127.044516,37.619304],[127.044463,37.619249],[127.043963,37.618727],[127.043948,37.618711],[127.04389,37.61865],[127.043416,37.618283],[127.043327,37.618214],[127.043093,37.618033],[127.04305,37.618],[127.042911,37.617903],[127.042085,37.61733],[127.04122,37.61673],[127.04099,37.616549],[127.04005,37.61581],[127.039236,37.614951],[127.039032,37.614737],[127.038838,37.614534],[127.038627,37.614311],[127.038396,37.614069],[127.038198,37.613844],[127.03793,37.61354]]},"properties":{"osm_id":218748689,"highway":"secondary","name":"월계로"}},{"type":"Feature","id":"osm.way.218748693","geometry":{"type":"LineString","coordinates":[[127.061088,37.631495],[127.061262,37.631599],[127.0617,37.63186],[127.061939,37.632014]]},"properties":{"osm_id":218748693,"highway":"secondary","name":"월계로"}},{"type":"Feature","id":"osm.way.218779908","geometry":{"type":"LineString","coordinates":[[127.049364,37.616766],[127.049248,37.616838],[127.049096,37.616929],[127.048309,37.61741],[127.048263,37.617438],[127.047911,37.617653],[127.047284,37.618036],[127.047271,37.618044],[127.046993,37.618214],[127.046741,37.618367]]},"properties":{"osm_id":218779908,"highway":"secondary","name":"돌곶이로"}},{"type":"Feature","id":"osm.way.218779909","geometry":{"type":"LineString","coordinates":[[127.054504,37.620134],[127.054145,37.619897]]},"properties":{"osm_id":218779909,"highway":"tertiary","bridge":"yes"}},{"type":"Feature","id":"osm.way.218779910","geometry":{"type":"LineString","coordinates":[[127.050415,37.617451],[127.050559,37.617548],[127.050683,37.617631],[127.050726,37.61766],[127.050742,37.617671],[127.051533,37.618193],[127.051609,37.618243],[127.051744,37.618325],[127.051814,37.618371],[127.051916,37.618437],[127.052303,37.618691],[127.052527,37.618838],[127.052605,37.618889],[127.052674,37.618934],[127.053092,37.619208],[127.053482,37.619459]]},"properties":{"osm_id":218779910,"highway":"tertiary","name":"장월로"}},{"type":"Feature","id":"osm.way.218779911","geometry":{"type":"LineString","coordinates":[[127.054145,37.619897],[127.053482,37.619459]]},"properties":{"osm_id":218779911,"highway":"tertiary","name":"장월로"}},{"type":"Feature","id":"osm.way.218779912","geometry":{"type":"LineString","coordinates":[[127.057319,37.618248],[127.057174,37.618293],[127.056728,37.618668],[127.056622,37.618759],[127.056457,37.618942],[127.055526,37.619628],[127.054921,37.619957],[127.054553,37.620175]]},"properties":{"osm_id":218779912,"highway":"tertiary","name":"광운로1길"}},{"type":"Feature","id":"osm.way.219054275","geometry":{"type":"LineString","coordinates":[[127.057066,37.610805],[127.057153,37.610852],[127.05836,37.611512],[127.058725,37.611711],[127.058792,37.611748],[127.059039,37.611875],[127.059422,37.612074],[127.059808,37.612272],[127.060061,37.612403],[127.060472,37.612627],[127.060524,37.612655],[127.060732,37.612767]]},"properties":{"osm_id":219054275,"highway":"primary","name":"화랑로","ref":"20","lanes":"3","oneway":"yes"}},{"type":"Feature","id":"osm.way.219055002","geometry":{"type":"LineString","coordinates":[[127.053482,37.619459],[127.053045,37.620161],[127.052517,37.620982],[127.052215,37.621413],[127.05186,37.62188],[127.051341,37.622431],[127.050947,37.622864],[127.050807,37.622992],[127.04994,37.623838],[127.04958,37.62419]]},"properties":{"osm_id":219055002,"highway":"secondary","name":"한천로"}},{"type":"Feature","id":"osm.way.219055003","geometry":{"type":"LineString","coordinates":[[127.04958,37.62419],[127.049323,37.624463],[127.04926,37.62453],[127.04894,37.6249],[127.04868,37.62518],[127.04827,37.62565],[127.04799,37.62597],[127.04754,37.62646],[127.04744,37.626577]]},"properties":{"osm_id":219055003,"highway":"secondary","name":"한천로"}},{"type":"Feature","id":"osm.way.232490703","geometry":{"type":"LineString","coordinates":[[127.060997,37.609467],[127.06139,37.609543],[127.061694,37.609602],[127.061995,37.609661],[127.062211,37.609702],[127.062307,37.609721],[127.062396,37.609738],[127.062587,37.609775],[127.062701,37.609797],[127.062866,37.609829],[127.062952,37.609846],[127.063199,37.609894],[127.06345,37.609942],[127.063567,37.609965]]},"properties":{"osm_id":232490703,"highway":"residential","name":"한천로73길"}},{"type":"Feature","id":"osm.way.232490704","geometry":{"type":"LineString","coordinates":[[127.06069,37.610589],[127.060781,37.610258],[127.060901,37.609819],[127.060978,37.609536],[127.060997,37.609467],[127.06108,37.609168],[127.061235,37.608614]]},"properties":{"osm_id":232490704,"highway":"residential","name":"돌곶이로22나길"}},{"type":"Feature","id":"osm.way.232490705","geometry":{"type":"LineString","coordinates":[[127.059601,37.610324],[127.059662,37.610135],[127.059708,37.609971],[127.059733,37.609882],[127.059872,37.609383],[127.060027,37.608827],[127.06014,37.608422]]},"properties":{"osm_id":232490705,"highway":"residential","name":"돌곶이로22가길"}},{"type":"Feature","id":"osm.way.232490829","geometry":{"type":"LineString","coordinates":[[127.065088,37.609187],[127.065057,37.609311],[127.064958,37.609774],[127.064893,37.610094],[127.06489,37.61011],[127.064875,37.610183],[127.064834,37.610389],[127.064794,37.610609],[127.064762,37.610787],[127.064739,37.610913],[127.064678,37.61134]]},"properties":{"osm_id":232490829,"highway":"residential","name":"한천로76가길"}},{"type":"Feature","id":"osm.way.257941382","geometry":{"type":"LineString","coordinates":[[127.074832,37.619839],[127.074756,37.619828],[127.074167,37.619701],[127.073374,37.619537],[127.072885,37.619428],[127.072328,37.619314]]},"properties":{"osm_id":257941382,"highway":"residential","name":"동일로175길"}},{"type":"Feature","id":"osm.way.257941386","geometry":{"type":"LineString","coordinates":[[127.073389,37.624248],[127.0733,37.624233],[127.072722,37.624109],[127.071918,37.623936],[127.070941,37.623726]]},"properties":{"osm_id":257941386,"highway":"residential","name":"동일로187길"}},{"type":"Feature","id":"osm.way.257943807","geometry":{"type":"LineString","coordinates":[[127.072336,37.625282],[127.072486,37.624828],[127.072604,37.624468],[127.072648,37.624333],[127.072722,37.624109]]},"properties":{"osm_id":257943807,"highway":"residential","name":"동일로187길"}},{"type":"Feature","id":"osm.way.257943812","geometry":{"type":"LineString","coordinates":[[127.07204,37.62053],[127.072988,37.620702],[127.073268,37.620753],[127.073798,37.620848],[127.074049,37.620893],[127.074396,37.620949],[127.074465,37.620958]]},"properties":{"osm_id":257943812,"highway":"residential","name":"동일로177길"}},{"type":"Feature","id":"osm.way.257943813","geometry":{"type":"LineString","coordinates":[[127.071752,37.621629],[127.072153,37.62171],[127.072623,37.621806],[127.07343,37.62197],[127.074009,37.622087],[127.074099,37.62211]]},"properties":{"osm_id":257943813,"highway":"residential","name":"동일로179길"}},{"type":"Feature","id":"osm.way.257943814","geometry":{"type":"LineString","coordinates":[[127.07371,37.623267],[127.073631,37.623252],[127.073045,37.623127],[127.072832,37.623081],[127.072243,37.622956],[127.07193,37.622889],[127.071277,37.62275]]},"properties":{"osm_id":257943814,"highway":"residential","name":"동일로183길"}},{"type":"Feature","id":"osm.way.257943816","geometry":{"type":"LineString","coordinates":[[127.073372,37.618232],[127.073557,37.617283],[127.073629,37.617137],[127.07369,37.617036]]},"properties":{"osm_id":257943816,"highway":"residential","name":"화랑로"}},{"type":"Feature","id":"osm.way.257943817","geometry":{"type":"LineString","coordinates":[[127.073266,37.61821],[127.073186,37.618464],[127.073141,37.618609],[127.072885,37.619428]]},"properties":{"osm_id":257943817,"highway":"residential","name":"동일로173길"}},{"type":"Feature","id":"osm.way.257943818","geometry":{"type":"LineString","coordinates":[[127.072106,37.620253],[127.072637,37.620339],[127.072672,37.620194],[127.073131,37.620272]]},"properties":{"osm_id":257943818,"highway":"residential","name":"동일로173가길"}},{"type":"Feature","id":"osm.way.257943819","geometry":{"type":"LineString","coordinates":[[127.072468,37.621018],[127.07286,37.62109]]},"properties":{"osm_id":257943819,"highway":"residential","name":"동일로173가길"}},{"type":"Feature","id":"osm.way.257943820","geometry":{"type":"LineString","coordinates":[[127.07193,37.622889],[127.071992,37.622557]]},"properties":{"osm_id":257943820,"highway":"residential","name":"동일로183길"}},{"type":"Feature","id":"osm.way.257943821","geometry":{"type":"LineString","coordinates":[[127.071992,37.622557],[127.071423,37.622428]]},"properties":{"osm_id":257943821,"highway":"residential","name":"섬밭로"}},{"type":"Feature","id":"osm.way.257943822","geometry":{"type":"LineString","coordinates":[[127.071843,37.624163],[127.072648,37.624333]]},"properties":{"osm_id":257943822,"highway":"residential","name":"동일로173가길"}},{"type":"Feature","id":"osm.way.257943823","geometry":{"type":"LineString","coordinates":[[127.072486,37.624828],[127.072279,37.624784],[127.072375,37.624429],[127.072604,37.624468]]},"properties":{"osm_id":257943823,"highway":"residential","name":"동일로187길"}},{"type":"Feature","id":"osm.way.257943824","geometry":{"type":"LineString","coordinates":[[127.072832,37.623081],[127.072952,37.622665],[127.073182,37.622714]]},"properties":{"osm_id":257943824,"highway":"residential","name":"동일로183길"}},{"type":"Feature","id":"osm.way.257943825","geometry":{"type":"LineString","coordinates":[[127.072904,37.620957],[127.073197,37.62102]]},"properties":{"osm_id":257943825,"highway":"residential"}},{"type":"Feature","id":"osm.way.257943826","geometry":{"type":"LineString","coordinates":[[127.07276,37.621392],[127.073045,37.621441],[127.07311,37.621229],[127.072833,37.62117]]},"properties":{"osm_id":257943826,"highway":"residential","name":"동일로173가길"}},{"type":"Feature","id":"osm.way.257943827","geometry":{"type":"LineString","coordinates":[[127.073197,37.62102],[127.073268,37.620753]]},"properties":{"osm_id":257943827,"highway":"residential","name":"동일로177길"}},{"type":"Feature","id":"osm.way.257943832","geometry":{"type":"LineString","coordinates":[[127.073186,37.618464],[127.0737,37.618551]]},"properties":{"osm_id":257943832,"highway":"residential","name":"동일로173가길"}},{"type":"Feature","id":"osm.way.257943833","geometry":{"type":"LineString","coordinates":[[127.073141,37.618609],[127.073652,37.618698]]},"properties":{"osm_id":257943833,"highway":"residential","name":"동일로173가길"}},{"type":"Feature","id":"osm.way.259549957","geometry":{"type":"LineString","coordinates":[[127.073266,37.625088],[127.07338,37.625136],[127.073491,37.625176],[127.074575,37.625619],[127.075557,37.62601],[127.076043,37.626204],[127.076327,37.626317],[127.076831,37.626517]]},"properties":{"osm_id":259549957,"highway":"residential","name":"동일로190길"}},{"type":"Feature","id":"osm.way.259549963","geometry":{"type":"LineString","coordinates":[[127.07437,37.624602],[127.074146,37.624389],[127.074201,37.624227],[127.074083,37.624129],[127.073968,37.624034],[127.07374,37.623992],[127.073631,37.62397]]},"properties":{"osm_id":259549963,"highway":"residential","name":"동일로186길"}},{"type":"Feature","id":"osm.way.259549971","geometry":{"type":"LineString","coordinates":[[127.073491,37.625176],[127.073968,37.624034]]},"properties":{"osm_id":259549971,"highway":"residential","name":"동일로186길"}},{"type":"Feature","id":"osm.way.260067418","geometry":{"type":"LineString","coordinates":[[127.050274,37.609147],[127.050597,37.609267],[127.050693,37.609303],[127.050839,37.609411],[127.051198,37.609677],[127.051607,37.609978]]},"properties":{"osm_id":260067418,"highway":"tertiary","name":"화랑로19길"}},{"type":"Feature","id":"osm.way.260067419","geometry":{"type":"LineString","coordinates":[[127.051145,37.611374],[127.051215,37.611143],[127.051284,37.610917],[127.051322,37.610794],[127.051331,37.610763],[127.051354,37.610693],[127.051438,37.610441],[127.051517,37.6102],[127.051529,37.610164],[127.051607,37.609978]]},"properties":{"osm_id":260067419,"highway":"residential","name":"장위로38길"}},{"type":"Feature","id":"osm.way.260067420","geometry":{"type":"LineString","coordinates":[[127.054567,37.612067],[127.054924,37.611736],[127.055063,37.611607],[127.055586,37.611121],[127.05587,37.610788],[127.056095,37.610529],[127.05617,37.610442]]},"properties":{"osm_id":260067420,"highway":"tertiary","name":"화랑로33길"}},{"type":"Feature","id":"osm.way.260067421","geometry":{"type":"LineString","coordinates":[[127.053539,37.613155],[127.053552,37.613144],[127.053801,37.612833],[127.053925,37.612697],[127.054059,37.612551],[127.054066,37.612544],[127.054339,37.612282],[127.054567,37.612067]]},"properties":{"osm_id":260067421,"highway":"service","name":"돌곶이로27가길","service":"alley"}},{"type":"Feature","id":"osm.way.339707301","geometry":{"type":"LineString","coordinates":[[127.07408,37.626044],[127.074042,37.626127],[127.073732,37.62679],[127.073191,37.62795]]},"properties":{"osm_id":339707301,"highway":"residential","name":"동일로192가길"}},{"type":"Feature","id":"osm.way.339707302","geometry":{"type":"LineString","coordinates":[[127.071972,37.627565],[127.072093,37.627606],[127.072219,37.627645],[127.072625,37.627772],[127.07294,37.627871],[127.073191,37.62795],[127.073618,37.628084],[127.074206,37.628269],[127.074342,37.628312],[127.074998,37.628521]]},"properties":{"osm_id":339707302,"highway":"residential","name":"동일로196길"}},{"type":"Feature","id":"osm.way.339726320","geometry":{"type":"LineString","coordinates":[[127.073732,37.62679],[127.072826,37.626438],[127.072695,37.626382]]},"properties":{"osm_id":339726320,"highway":"residential","name":"동일로192가길"}},{"type":"Feature","id":"osm.way.339726323","geometry":{"type":"LineString","coordinates":[[127.073618,37.628084],[127.073524,37.628403],[127.073276,37.629182]]},"properties":{"osm_id":339726323,"highway":"residential","name":"동일로196길"}},{"type":"Feature","id":"osm.way.339726324","geometry":{"type":"LineString","coordinates":[[127.074206,37.628269],[127.073657,37.629297]]},"properties":{"osm_id":339726324,"highway":"residential","name":"동일로196길"}},{"type":"Feature","id":"osm.way.339726325","geometry":{"type":"LineString","coordinates":[[127.072072,37.629008],[127.072056,37.628428],[127.072141,37.628128],[127.072514,37.628058],[127.072777,37.628147],[127.073415,37.628365],[127.073524,37.628403]]},"properties":{"osm_id":339726325,"highway":"residential","name":"동일로"}},{"type":"Feature","id":"osm.way.339726326","geometry":{"type":"LineString","coordinates":[[127.07294,37.627871],[127.072777,37.628147]]},"properties":{"osm_id":339726326,"highway":"residential","name":"동일로"}},{"type":"Feature","id":"osm.way.339726327","geometry":{"type":"LineString","coordinates":[[127.072625,37.627772],[127.072514,37.628058]]},"properties":{"osm_id":339726327,"highway":"residential","name":"동일로196길"}},{"type":"Feature","id":"osm.way.339726328","geometry":{"type":"LineString","coordinates":[[127.072141,37.628128],[127.072159,37.628036],[127.072034,37.627998],[127.071952,37.627974]]},"properties":{"osm_id":339726328,"highway":"residential","name":"동일로"}},{"type":"Feature","id":"osm.way.357579793","geometry":{"type":"LineString","coordinates":[[127.014596,37.650793],[127.014581,37.650654],[127.01457,37.650455],[127.014592,37.650293],[127.014682,37.649991],[127.01482,37.649763],[127.015002,37.649593],[127.015153,37.649435],[127.015406,37.649266],[127.015517,37.649196],[127.016437,37.648915],[127.016808,37.648817],[127.017154,37.648732],[127.017775,37.648676],[127.018062,37.648674],[127.018534,37.648723],[127.018851,37.648797],[127.019297,37.648889],[127.019538,37.648948],[127.019746,37.649026],[127.019974,37.649085],[127.020264,37.64915],[127.020472,37.649163],[127.020827,37.649133],[127.021165,37.649065],[127.021359,37.649017],[127.021582,37.648901],[127.021759,37.648756],[127.021954,37.64854],[127.0221,37.648367],[127.022227,37.648212],[127.02244,37.648061],[127.022592,37.647987],[127.022787,37.647922],[127.023046,37.647836],[127.023348,37.647754],[127.023728,37.647698],[127.024084,37.647641],[127.024519,37.647538],[127.0246,37.647507],[127.024904,37.647277],[127.025483,37.64639],[127.02572,37.646086],[127.02584,37.645967],[127.026051,37.64586],[127.026774,37.645476],[127.026911,37.645419],[127.027065,37.645371],[127.027246,37.645329],[127.027448,37.645285],[127.027579,37.645238],[127.027765,37.645141],[127.027902,37.645059],[127.027993,37.645],[127.028097,37.644932],[127.028339,37.644772],[127.028459,37.644661],[127.028512,37.644582],[127.028642,37.644463],[127.028767,37.644343],[127.028879,37.644264],[127.029072,37.644158],[127.029236,37.644074],[127.029401,37.644012],[127.029649,37.643894],[127.029813,37.643794],[127.029933,37.643721],[127.030359,37.643445],[127.030734,37.643214],[127.030974,37.643054],[127.031278,37.642861],[127.031738,37.642573],[127.031984,37.64242],[127.032365,37.642153],[127.032523,37.642037],[127.03272,37.641857],[127.032859,37.64171],[127.033001,37.641545],[127.033118,37.641368],[127.033253,37.641148],[127.033464,37.64073],[127.03352,37.640645],[127.033562,37.640551],[127.033634,37.640345],[127.033895,37.639721],[127.033958,37.639568],[127.034033,37.639423],[127.034066,37.639349],[127.034095,37.639272],[127.034152,37.639084],[127.034212,37.63892],[127.034559,37.638095],[127.034615,37.637976],[127.034709,37.637839],[127.034857,37.637688],[127.035104,37.637484],[127.035298,37.637371],[127.03548,37.637297],[127.035871,37.637192],[127.036087,37.637137],[127.036396,37.637056],[127.036795,37.636936],[127.037083,37.63683],[127.037354,37.636692],[127.037519,37.636564],[127.037673,37.636422],[127.03784,37.636221],[127.037925,37.636101],[127.038105,37.635906],[127.03817,37.635607],[127.038246,37.635309],[127.038367,37.634839],[127.038443,37.634584],[127.03856,37.634312],[127.038725,37.633986],[127.038969,37.633649],[127.039212,37.633321],[127.039405,37.633109],[127.03953,37.633001],[127.039621,37.632896],[127.039715,37.632745],[127.040079,37.632339],[127.040237,37.632217],[127.040499,37.632034],[127.040769,37.63185],[127.041046,37.631696],[127.041518,37.631425],[127.042355,37.630937],[127.042776,37.630714],[127.042908,37.630629],[127.043105,37.630505],[127.043328,37.63036],[127.043545,37.630189],[127.04372,37.630023],[127.043915,37.629845],[127.044162,37.629621],[127.044495,37.629264],[127.044604,37.629147],[127.044731,37.629019],[127.044834,37.628939],[127.044977,37.628847],[127.045644,37.62846],[127.046071,37.628248],[127.046401,37.628085],[127.046799,37.627909],[127.047011,37.627806],[127.047219,37.627687],[127.047418,37.627562],[127.047608,37.62743],[127.047751,37.627311],[127.047825,37.627241],[127.048069,37.626985],[127.04839,37.626576],[127.048688,37.62616],[127.048966,37.625785],[127.049194,37.625457],[127.049388,37.625231],[127.049639,37.624974],[127.049926,37.624668],[127.050279,37.624279],[127.050759,37.623765],[127.051318,37.623193],[127.051972,37.622525],[127.052618,37.621848],[127.052769,37.621688],[127.053292,37.621189],[127.053601,37.620869],[127.053757,37.620715],[127.053801,37.620636],[127.053901,37.620559],[127.054231,37.620298],[127.054562,37.620032],[127.055067,37.619687],[127.055221,37.61958],[127.055348,37.61952],[127.055725,37.619292],[127.056037,37.619062],[127.056358,37.618805],[127.056607,37.618589],[127.05684,37.618363],[127.057026,37.618189],[127.057266,37.617964],[127.057677,37.617615],[127.058182,37.61718],[127.058474,37.617005],[127.058687,37.616899]]},"properties":{"osm_id":357579793,"highway":"cycleway","name":"우이천 자전거길","width":"3","oneway":"no"}},{"type":"Feature","id":"osm.way.369784153","geometry":{"type":"LineString","coordinates":[[127.075331,37.614791],[127.075054,37.61489],[127.074811,37.614978],[127.074583,37.615059],[127.074527,37.615079],[127.074278,37.615169],[127.074105,37.61523],[127.073784,37.615344],[127.073734,37.615363]]},"properties":{"osm_id":369784153,"highway":"residential","name":"중랑역로47길","oneway":"yes"}},{"type":"Feature","id":"osm.way.372722683","geometry":{"type":"LineString","coordinates":[[127.075621,37.612731],[127.075231,37.612683],[127.075168,37.612676],[127.074925,37.612646],[127.074866,37.612639],[127.07459,37.612605],[127.074295,37.612569],[127.073947,37.61254],[127.073405,37.612486]]},"properties":{"osm_id":372722683,"highway":"residential","name":"중랑역로43길"}},{"type":"Feature","id":"osm.way.372722685","geometry":{"type":"LineString","coordinates":[[127.072948,37.612097],[127.073048,37.612105],[127.07346,37.612138]]},"properties":{"osm_id":372722685,"highway":"service","name":"중랑천로"}},{"type":"Feature","id":"osm.way.372722686","geometry":{"type":"LineString","coordinates":[[127.072944,37.612716],[127.073039,37.612725],[127.073354,37.612756],[127.073405,37.612486],[127.07346,37.612138],[127.073492,37.611946]]},"properties":{"osm_id":372722686,"highway":"service","name":"중랑천로"}},{"type":"Feature","id":"osm.way.372722704","geometry":{"type":"LineString","coordinates":[[127.073404,37.613488],[127.073379,37.613708]]},"properties":{"osm_id":372722704,"highway":"service","name":"동일로169길"}},{"type":"Feature","id":"osm.way.372722705","geometry":{"type":"LineString","coordinates":[[127.073698,37.613524],[127.073663,37.613737]]},"properties":{"osm_id":372722705,"highway":"service","name":"동일로169길"}},{"type":"Feature","id":"osm.way.379747340","geometry":{"type":"LineString","coordinates":[[127.061523,37.612],[127.061233,37.611878],[127.061144,37.611843],[127.060943,37.611765],[127.060857,37.611732],[127.060623,37.611641],[127.060378,37.611546],[127.060248,37.611497],[127.060039,37.611418],[127.059945,37.611382],[127.059556,37.611246]]},"properties":{"osm_id":379747340,"highway":"residential","name":"한천로81길"}},{"type":"Feature","id":"osm.way.379747341","geometry":{"type":"LineString","coordinates":[[127.062115,37.613555],[127.062158,37.613548],[127.062279,37.613541],[127.063097,37.613677],[127.063454,37.613746],[127.063559,37.613766],[127.063711,37.613809],[127.063805,37.613836],[127.064088,37.613916],[127.064116,37.613924],[127.064191,37.613946],[127.064325,37.613987],[127.064349,37.613992],[127.064375,37.613996],[127.064611,37.614018],[127.064672,37.614017],[127.064732,37.614011],[127.064779,37.614003],[127.064933,37.613963],[127.064993,37.613946],[127.065023,37.613936],[127.065053,37.613922],[127.065131,37.613873],[127.065212,37.613826]]},"properties":{"osm_id":379747341,"highway":"residential","name":"화랑로42길"}},{"type":"Feature","id":"osm.way.379747342","geometry":{"type":"LineString","coordinates":[[127.060781,37.610258],[127.060705,37.61024],[127.060575,37.609931],[127.060489,37.609747],[127.060482,37.609673],[127.060512,37.609558],[127.060539,37.609494]]},"properties":{"osm_id":379747342,"highway":"residential","name":"돌곶이로18길"}},{"type":"Feature","id":"osm.way.379747343","geometry":{"type":"LineString","coordinates":[[127.061892,37.613105],[127.061941,37.612908],[127.061889,37.612747],[127.061937,37.612737],[127.062439,37.612601],[127.062477,37.612642],[127.062471,37.612673],[127.062462,37.612724],[127.062314,37.612775],[127.062274,37.612818],[127.062191,37.61316]]},"properties":{"osm_id":379747343,"highway":"residential","name":"화랑로40길"}},{"type":"Feature","id":"osm.way.379747345","geometry":{"type":"LineString","coordinates":[[127.063366,37.611145],[127.063452,37.610889],[127.063459,37.610881],[127.063466,37.610876],[127.063478,37.610873],[127.063492,37.610873],[127.063575,37.610891],[127.063839,37.610948],[127.063856,37.610951],[127.063871,37.610952],[127.063888,37.610952],[127.063946,37.610943],[127.064037,37.610929],[127.064275,37.610881],[127.064418,37.610851],[127.064534,37.61083],[127.064762,37.610787]]},"properties":{"osm_id":379747345,"highway":"residential","name":"한천로76길"}},{"type":"Feature","id":"osm.way.379747348","geometry":{"type":"LineString","coordinates":[[127.060248,37.611497],[127.060081,37.611516],[127.059966,37.611523],[127.059851,37.611559],[127.059752,37.611571],[127.059543,37.611501],[127.059185,37.611672],[127.059116,37.611748],[127.059098,37.611781],[127.059039,37.611875]]},"properties":{"osm_id":379747348,"highway":"residential","name":"화랑로"}},{"type":"Feature","id":"osm.way.379747351","geometry":{"type":"LineString","coordinates":[[127.063261,37.61142],[127.063389,37.611403],[127.064027,37.611527],[127.064326,37.611597],[127.064606,37.611665],[127.064788,37.611711],[127.064827,37.611718],[127.064871,37.611715],[127.064939,37.611696],[127.065071,37.611658],[127.06512,37.611656],[127.065178,37.611662],[127.065291,37.611692],[127.06543,37.611726],[127.065462,37.611732],[127.065491,37.611735],[127.065545,37.611738],[127.065644,37.611742]]},"properties":{"osm_id":379747351,"highway":"residential","name":"한천로78길"}},{"type":"Feature","id":"osm.way.379747353","geometry":{"type":"LineString","coordinates":[[127.061546,37.613224],[127.06157,37.613198],[127.061665,37.613117],[127.061717,37.613073],[127.061892,37.613105],[127.062191,37.61316],[127.062497,37.613215],[127.062711,37.613254],[127.062806,37.613271],[127.063114,37.613328],[127.063228,37.613349],[127.063543,37.613407],[127.063696,37.613436],[127.063834,37.613461],[127.064102,37.613511],[127.064176,37.613524],[127.064256,37.613539],[127.064383,37.613563],[127.064779,37.613629],[127.065019,37.613667],[127.06505,37.613678],[127.065081,37.613693],[127.065104,37.613713],[127.065118,37.613727],[127.065212,37.613826]]},"properties":{"osm_id":379747353,"highway":"residential","name":"화랑로40길"}},{"type":"Feature","id":"osm.way.379747354","geometry":{"type":"LineString","coordinates":[[127.06394,37.60958],[127.064054,37.609632],[127.064092,37.60965],[127.064194,37.609717],[127.064309,37.609792],[127.064577,37.609956],[127.064786,37.610124],[127.064875,37.610183],[127.065042,37.610319],[127.065072,37.610359],[127.065097,37.61039],[127.065186,37.610503],[127.0652,37.610523],[127.065239,37.610596]]},"properties":{"osm_id":379747354,"highway":"residential","name":"한천로72길"}},{"type":"Feature","id":"osm.way.379747359","geometry":{"type":"LineString","coordinates":[[127.064534,37.61083],[127.064437,37.610403]]},"properties":{"osm_id":379747359,"highway":"residential","name":"한천로74길"}},{"type":"Feature","id":"osm.way.379747360","geometry":{"type":"LineString","coordinates":[[127.064541,37.6104],[127.064786,37.610124]]},"properties":{"osm_id":379747360,"highway":"residential","name":"한천로72길"}},{"type":"Feature","id":"osm.way.379747361","geometry":{"type":"LineString","coordinates":[[127.063038,37.610009],[127.063199,37.609894]]},"properties":{"osm_id":379747361,"highway":"residential","name":"한천로73길"}},{"type":"Feature","id":"osm.way.379747366","geometry":{"type":"LineString","coordinates":[[127.065665,37.61208],[127.06576,37.612015],[127.065774,37.612001],[127.065784,37.611981],[127.066015,37.611396]]},"properties":{"osm_id":379747366,"highway":"service","name":"한천로76나길"}},{"type":"Feature","id":"osm.way.379747368","geometry":{"type":"LineString","coordinates":[[127.060455,37.611484],[127.06068,37.610823]]},"properties":{"osm_id":379747368,"highway":"residential","name":"한천로79길"}},{"type":"Feature","id":"osm.way.379747369","geometry":{"type":"LineString","coordinates":[[127.060756,37.611416],[127.060942,37.610877]]},"properties":{"osm_id":379747369,"highway":"residential","name":"한천로79길"}},{"type":"Feature","id":"osm.way.379747372","geometry":{"type":"LineString","coordinates":[[127.063069,37.612043],[127.063386,37.611785]]},"properties":{"osm_id":379747372,"highway":"residential","name":"한천로80길"}},{"type":"Feature","id":"osm.way.379747378","geometry":{"type":"LineString","coordinates":[[127.062497,37.613215],[127.062651,37.612705]]},"properties":{"osm_id":379747378,"highway":"residential","name":"화랑로40길"}},{"type":"Feature","id":"osm.way.379747379","geometry":{"type":"LineString","coordinates":[[127.061852,37.610844],[127.061919,37.610735],[127.062409,37.610226],[127.062387,37.610209],[127.062866,37.609829]]},"properties":{"osm_id":379747379,"highway":"residential","name":"돌곶이로22길"}},{"type":"Feature","id":"osm.way.379747380","geometry":{"type":"LineString","coordinates":[[127.060358,37.61003],[127.060575,37.609931]]},"properties":{"osm_id":379747380,"highway":"residential","name":"돌곶이로18길"}},{"type":"Feature","id":"osm.way.379747382","geometry":{"type":"LineString","coordinates":[[127.060857,37.611732],[127.061593,37.61102]]},"properties":{"osm_id":379747382,"highway":"residential","name":"한천로79길"}},{"type":"Feature","id":"osm.way.379747383","geometry":{"type":"LineString","coordinates":[[127.064596,37.614301],[127.064596,37.614242],[127.064611,37.614018]]},"properties":{"osm_id":379747383,"highway":"residential"}},{"type":"Feature","id":"osm.way.379747384","geometry":{"type":"LineString","coordinates":[[127.063946,37.610943],[127.063845,37.610438]]},"properties":{"osm_id":379747384,"highway":"residential","name":"한천로74길"}},{"type":"Feature","id":"osm.way.379747385","geometry":{"type":"LineString","coordinates":[[127.059662,37.610135],[127.06024,37.609679]]},"properties":{"osm_id":379747385,"highway":"residential","name":"돌곶이로22가길"}},{"type":"Feature","id":"osm.way.379747387","geometry":{"type":"LineString","coordinates":[[127.065769,37.612263],[127.065493,37.613018]]},"properties":{"osm_id":379747387,"highway":"residential","name":"한천로76나길"}},{"type":"Feature","id":"osm.way.379747390","geometry":{"type":"LineString","coordinates":[[127.064102,37.613511],[127.064237,37.613159],[127.064374,37.612807]]},"properties":{"osm_id":379747390,"highway":"residential","name":"화랑로40길"}},{"type":"Feature","id":"osm.way.379747391","geometry":{"type":"LineString","coordinates":[[127.061144,37.611843],[127.061889,37.611099]]},"properties":{"osm_id":379747391,"highway":"residential","name":"한천로79길"}},{"type":"Feature","id":"osm.way.379747392","geometry":{"type":"LineString","coordinates":[[127.063834,37.613461],[127.06409,37.612708],[127.064115,37.612635]]},"properties":{"osm_id":379747392,"highway":"residential","name":"화랑로40길"}},{"type":"Feature","id":"osm.way.379747394","geometry":{"type":"LineString","coordinates":[[127.064625,37.612562],[127.064939,37.611696]]},"properties":{"osm_id":379747394,"highway":"residential","name":"한천로78길"}},{"type":"Feature","id":"osm.way.379747398","geometry":{"type":"LineString","coordinates":[[127.065955,37.612573],[127.06578,37.613062]]},"properties":{"osm_id":379747398,"highway":"residential","name":"한천로76나길"}},{"type":"Feature","id":"osm.way.379747400","geometry":{"type":"LineString","coordinates":[[127.062917,37.610663],[127.063061,37.610714],[127.063318,37.610639],[127.063358,37.610624],[127.06356,37.610522],[127.063638,37.610492],[127.063677,37.610478],[127.063845,37.610438],[127.063912,37.61042],[127.063955,37.610412],[127.06399,37.610408],[127.064029,37.610408],[127.064144,37.610412],[127.06427,37.610407],[127.064437,37.610403],[127.064541,37.6104],[127.064661,37.610397],[127.064834,37.610389]]},"properties":{"osm_id":379747400,"highway":"residential","name":"한천로74길"}},{"type":"Feature","id":"osm.way.379747403","geometry":{"type":"LineString","coordinates":[[127.06218,37.611943],[127.062444,37.611696],[127.062739,37.611396]]},"properties":{"osm_id":379747403,"highway":"residential","name":"한천로80길"}},{"type":"Feature","id":"osm.way.379747404","geometry":{"type":"LineString","coordinates":[[127.062471,37.612673],[127.062651,37.612705],[127.062997,37.612775]]},"properties":{"osm_id":379747404,"highway":"residential","name":"화랑로40길"}},{"type":"Feature","id":"osm.way.379747407","geometry":{"type":"LineString","coordinates":[[127.063677,37.610478],[127.064309,37.609792]]},"properties":{"osm_id":379747407,"highway":"residential","name":"한천로72길"}},{"type":"Feature","id":"osm.way.379747411","geometry":{"type":"LineString","coordinates":[[127.062548,37.612243],[127.062586,37.612112],[127.06283,37.612139]]},"properties":{"osm_id":379747411,"highway":"residential","name":"한천로82길"}},{"type":"Feature","id":"osm.way.379747412","geometry":{"type":"LineString","coordinates":[[127.063575,37.610891],[127.063602,37.61079],[127.063606,37.610767],[127.063604,37.610743],[127.06356,37.610522]]},"properties":{"osm_id":379747412,"highway":"residential","name":"한천로74길"}},{"type":"Feature","id":"osm.way.379747416","geometry":{"type":"LineString","coordinates":[[127.064828,37.612855],[127.064864,37.612809],[127.064887,37.61278],[127.064903,37.612749],[127.06513,37.612113],[127.065291,37.611692]]},"properties":{"osm_id":379747416,"highway":"residential","name":"한천로78길"}},{"type":"Feature","id":"osm.way.379747418","geometry":{"type":"LineString","coordinates":[[127.060532,37.61212],[127.06032,37.611934],[127.060623,37.611641]]},"properties":{"osm_id":379747418,"highway":"residential","name":"한천로81길"}},{"type":"Feature","id":"osm.way.379747421","geometry":{"type":"LineString","coordinates":[[127.062536,37.611968],[127.062666,37.611838],[127.062977,37.611522]]},"properties":{"osm_id":379747421,"highway":"residential","name":"한천로80길"}},{"type":"Feature","id":"osm.way.379747431","geometry":{"type":"LineString","coordinates":[[127.059855,37.610653],[127.060347,37.610754],[127.06068,37.610823],[127.060942,37.610877],[127.061093,37.610908],[127.061199,37.610932],[127.061572,37.611014],[127.061593,37.61102],[127.061889,37.611099],[127.062024,37.611135],[127.062314,37.611206]]},"properties":{"osm_id":379747431,"highway":"residential","name":"한천로79길"}},{"type":"Feature","id":"osm.way.379747433","geometry":{"type":"LineString","coordinates":[[127.06061,37.612309],[127.060462,37.61218],[127.060532,37.61212],[127.060943,37.611765]]},"properties":{"osm_id":379747433,"highway":"residential","name":"한천로81길"}},{"type":"Feature","id":"osm.way.379747439","geometry":{"type":"LineString","coordinates":[[127.060379,37.610169],[127.060599,37.610375],[127.060705,37.61024]]},"properties":{"osm_id":379747439,"highway":"residential","name":"돌곶이로22길"}},{"type":"Feature","id":"osm.way.379747440","geometry":{"type":"LineString","coordinates":[[127.062184,37.610919],[127.062252,37.610811],[127.062704,37.610344],[127.062928,37.610486],[127.06303,37.61055]]},"properties":{"osm_id":379747440,"highway":"residential","name":"한천로"}},{"type":"Feature","id":"osm.way.379747441","geometry":{"type":"LineString","coordinates":[[127.065951,37.611067],[127.06592,37.611005],[127.06591,37.610984],[127.065899,37.61095],[127.065897,37.610923],[127.065899,37.610896],[127.065915,37.610684],[127.065942,37.610329],[127.065966,37.610016],[127.065976,37.60981],[127.065977,37.609777],[127.065984,37.609498],[127.06599,37.609274]]},"properties":{"osm_id":379747441,"highway":"residential","name":"한천로68길"}},{"type":"Feature","id":"osm.way.379747444","geometry":{"type":"LineString","coordinates":[[127.058792,37.611748],[127.058896,37.611666],[127.058932,37.611637],[127.059148,37.611407],[127.059476,37.611412]]},"properties":{"osm_id":379747444,"highway":"residential","name":"돌곶이로38길"}},{"type":"Feature","id":"osm.way.379747445","geometry":{"type":"LineString","coordinates":[[127.061856,37.612275],[127.061513,37.612616],[127.061295,37.612464],[127.061141,37.612379]]},"properties":{"osm_id":379747445,"highway":"residential","name":"한천로"}},{"type":"Feature","id":"osm.way.379747451","geometry":{"type":"LineString","coordinates":[[127.056569,37.610146],[127.056556,37.610274],[127.056508,37.610386],[127.056444,37.610476]]},"properties":{"osm_id":379747451,"highway":"residential","name":"화랑로"}},{"type":"Feature","id":"osm.way.379747452","geometry":{"type":"LineString","coordinates":[[127.065999,37.613431],[127.06587,37.613403],[127.065377,37.613296],[127.065046,37.613224]]},"properties":{"osm_id":379747452,"highway":"residential","name":"한천로66길"}},{"type":"Feature","id":"osm.way.379747453","geometry":{"type":"LineString","coordinates":[[127.06114,37.61068],[127.061453,37.610301],[127.061447,37.610268],[127.061819,37.609873],[127.061974,37.609706],[127.061995,37.609661]]},"properties":{"osm_id":379747453,"highway":"residential","name":"돌곶이로22길"}},{"type":"Feature","id":"osm.way.379747456","geometry":{"type":"LineString","coordinates":[[127.065423,37.611251],[127.065531,37.611507],[127.065548,37.611561],[127.065552,37.611599],[127.065552,37.611638],[127.065545,37.611738]]},"properties":{"osm_id":379747456,"highway":"residential","name":"한천로76나길"}},{"type":"Feature","id":"osm.way.379747457","geometry":{"type":"LineString","coordinates":[[127.059347,37.610265],[127.059403,37.610208],[127.05957,37.610047]]},"properties":{"osm_id":379747457,"highway":"residential","name":"돌곶이로22길"}},{"type":"Feature","id":"osm.way.379747458","geometry":{"type":"LineString","coordinates":[[127.063148,37.612381],[127.06309,37.612351],[127.062548,37.612243],[127.061701,37.612055],[127.061523,37.612]]},"properties":{"osm_id":379747458,"highway":"residential","name":"한천로82길"}},{"type":"Feature","id":"osm.way.379747459","geometry":{"type":"LineString","coordinates":[[127.05957,37.610047],[127.059305,37.609858],[127.059311,37.609792],[127.059409,37.60955],[127.059614,37.609312]]},"properties":{"osm_id":379747459,"highway":"residential","name":"돌곶이로22길"}},{"type":"Feature","id":"osm.way.379747463","geometry":{"type":"LineString","coordinates":[[127.061199,37.610932],[127.061127,37.611144],[127.060938,37.611283],[127.060818,37.611402],[127.060756,37.611416],[127.060598,37.611449],[127.060455,37.611484],[127.060404,37.611497],[127.060378,37.611546]]},"properties":{"osm_id":379747463,"highway":"residential","name":"한천로79길"}},{"type":"Feature","id":"osm.way.379747464","geometry":{"type":"LineString","coordinates":[[127.061643,37.610796],[127.061737,37.610682],[127.062248,37.610145],[127.062278,37.610119],[127.062392,37.610021],[127.062701,37.609797]]},"properties":{"osm_id":379747464,"highway":"residential","name":"돌곶이로22길"}},{"type":"Feature","id":"osm.way.379747467","geometry":{"type":"LineString","coordinates":[[127.059808,37.612272],[127.059846,37.612206],[127.059905,37.612109],[127.059844,37.611869],[127.05983,37.61175],[127.05984,37.611614],[127.059851,37.611559]]},"properties":{"osm_id":379747467,"highway":"residential","name":"화랑로"}},{"type":"Feature","id":"osm.way.379747468","geometry":{"type":"LineString","coordinates":[[127.065576,37.611924],[127.065665,37.61208],[127.065769,37.612263],[127.065823,37.612352],[127.065949,37.612563],[127.065955,37.612573],[127.066112,37.612788],[127.066169,37.612841],[127.066239,37.612885]]},"properties":{"osm_id":379747468,"highway":"residential","name":"한천로76나길"}},{"type":"Feature","id":"osm.way.379747469","geometry":{"type":"LineString","coordinates":[[127.064373,37.612247],[127.064505,37.611944],[127.064606,37.611665],[127.064653,37.611526],[127.064663,37.611494],[127.064678,37.61134]]},"properties":{"osm_id":379747469,"highway":"residential","name":"한천로76길"}},{"type":"Feature","id":"osm.way.379747476","geometry":{"type":"LineString","coordinates":[[127.063519,37.614204],[127.06355,37.614165],[127.0636,37.614122],[127.063636,37.614104],[127.063672,37.614091],[127.06386,37.614073],[127.064059,37.614053],[127.064087,37.614048],[127.064118,37.61404],[127.064145,37.614027],[127.064157,37.614016],[127.064191,37.613946]]},"properties":{"osm_id":379747476,"highway":"residential","name":"화랑로"}},{"type":"Feature","id":"osm.way.379747477","geometry":{"type":"LineString","coordinates":[[127.05836,37.611512],[127.058432,37.611422],[127.058568,37.611251],[127.058303,37.611114],[127.058213,37.611024],[127.0582,37.610969],[127.058315,37.610763],[127.058053,37.610479],[127.057891,37.610277],[127.057761,37.610124]]},"properties":{"osm_id":379747477,"highway":"residential","name":"돌곶이로24길"}},{"type":"Feature","id":"osm.way.379747478","geometry":{"type":"LineString","coordinates":[[127.063114,37.613328],[127.06322,37.613015],[127.063307,37.612931],[127.063424,37.612606],[127.063428,37.612583],[127.063439,37.612512],[127.06385,37.61218]]},"properties":{"osm_id":379747478,"highway":"residential","name":"화랑로40길"}},{"type":"Feature","id":"osm.way.379747479","geometry":{"type":"LineString","coordinates":[[127.063645,37.611992],[127.063148,37.612381],[127.063113,37.61244],[127.06308,37.612547],[127.063061,37.612611],[127.062997,37.612775],[127.062806,37.613271]]},"properties":{"osm_id":379747479,"highway":"residential","name":"화랑로40길"}},{"type":"Feature","id":"osm.way.379747481","geometry":{"type":"LineString","coordinates":[[127.061398,37.610739],[127.061451,37.610644],[127.061618,37.61045],[127.061689,37.610341],[127.061863,37.610143],[127.062231,37.609868],[127.062396,37.609738]]},"properties":{"osm_id":379747481,"highway":"residential","name":"돌곶이로22길"}},{"type":"Feature","id":"osm.way.379747482","geometry":{"type":"LineString","coordinates":[[127.063543,37.613407],[127.063627,37.613163],[127.063623,37.613073],[127.063768,37.612674],[127.063795,37.612644],[127.063826,37.612611],[127.064078,37.612412]]},"properties":{"osm_id":379747482,"highway":"residential","name":"화랑로40길"}},{"type":"Feature","id":"osm.way.379747484","geometry":{"type":"LineString","coordinates":[[127.065823,37.612352],[127.065954,37.612197],[127.066018,37.612105],[127.066045,37.612056],[127.066068,37.612003],[127.0662,37.611698],[127.066301,37.611473]]},"properties":{"osm_id":379747484,"highway":"residential","name":"한천로76나길"}},{"type":"Feature","id":"osm.way.379747487","geometry":{"type":"LineString","coordinates":[[127.05982,37.610368],[127.059855,37.610286],[127.060288,37.609943],[127.060358,37.61003],[127.060438,37.610128],[127.060379,37.610169],[127.060269,37.610243]]},"properties":{"osm_id":379747487,"highway":"residential","name":"돌곶이로22길"}},{"type":"Feature","id":"osm.way.379747491","geometry":{"type":"LineString","coordinates":[[127.060039,37.611418],[127.060092,37.611323],[127.060199,37.611184],[127.060222,37.611089],[127.060255,37.610977],[127.060347,37.610754]]},"properties":{"osm_id":379747491,"highway":"residential","name":"한천로79길"}},{"type":"Feature","id":"osm.way.379747492","geometry":{"type":"LineString","coordinates":[[127.065191,37.612949],[127.065403,37.613009],[127.065429,37.613013],[127.065493,37.613018],[127.065549,37.613023],[127.065578,37.613027],[127.06578,37.613062],[127.066127,37.613131]]},"properties":{"osm_id":379747492,"highway":"residential","name":"한천로66길"}},{"type":"Feature","id":"osm.way.379747493","geometry":{"type":"LineString","coordinates":[[127.060931,37.610638],[127.061007,37.61046],[127.061329,37.610082],[127.061541,37.609824],[127.061694,37.609602]]},"properties":{"osm_id":379747493,"highway":"residential","name":"돌곶이로22길"}},{"type":"Feature","id":"osm.way.379747494","geometry":{"type":"LineString","coordinates":[[127.062081,37.611445],[127.06223,37.611557],[127.062444,37.611696],[127.062519,37.611744],[127.062666,37.611838],[127.062856,37.61196]]},"properties":{"osm_id":379747494,"highway":"residential","name":"한천로"}},{"type":"Feature","id":"osm.way.379747495","geometry":{"type":"LineString","coordinates":[[127.064275,37.610881],[127.064257,37.610868],[127.064243,37.610855],[127.064236,37.610838],[127.064144,37.610412]]},"properties":{"osm_id":379747495,"highway":"residential","name":"한천로74길"}},{"type":"Feature","id":"osm.way.379747496","geometry":{"type":"LineString","coordinates":[[127.060061,37.612403],[127.060167,37.612384],[127.060267,37.612366],[127.06061,37.612309],[127.060779,37.61228],[127.060859,37.612239],[127.061141,37.612379]]},"properties":{"osm_id":379747496,"highway":"residential","name":"화랑로"}},{"type":"Feature","id":"osm.way.379747500","geometry":{"type":"LineString","coordinates":[[127.061382,37.612136],[127.061542,37.61225],[127.061766,37.612265],[127.061856,37.612275],[127.061912,37.612304],[127.061956,37.612391],[127.061906,37.612455],[127.061852,37.612518],[127.061937,37.612737]]},"properties":{"osm_id":379747500,"highway":"residential","name":"한천로"}},{"type":"Feature","id":"osm.way.379747501","geometry":{"type":"LineString","coordinates":[[127.065841,37.61112],[127.065839,37.611202],[127.065834,37.611229],[127.065824,37.611258],[127.065797,37.611333],[127.065644,37.611742],[127.065576,37.611924],[127.065247,37.612809],[127.065213,37.612895],[127.065191,37.612949],[127.065103,37.613178],[127.065095,37.613193],[127.065084,37.613204],[127.065046,37.613224]]},"properties":{"osm_id":379747501,"highway":"residential","name":"한천로76다길"}},{"type":"Feature","id":"osm.way.379747503","geometry":{"type":"LineString","coordinates":[[127.06308,37.612547],[127.063428,37.612583],[127.06374,37.612631],[127.063795,37.612644],[127.063851,37.612657],[127.06397,37.612679],[127.064044,37.612669],[127.064115,37.612635],[127.064218,37.612585]]},"properties":{"osm_id":379747503,"highway":"residential","name":"한천로80길"}},{"type":"Feature","id":"osm.way.379757612","geometry":{"type":"LineString","coordinates":[[127.0583,37.610332],[127.058065,37.610283],[127.057891,37.610277]]},"properties":{"osm_id":379757612,"highway":"residential","name":"돌곶이로24길"}},{"type":"Feature","id":"osm.way.380105468","geometry":{"type":"LineString","coordinates":[[127.072083,37.614931],[127.072144,37.614934],[127.072189,37.614949],[127.072402,37.615053],[127.072496,37.615104],[127.072582,37.615174],[127.072704,37.615279],[127.072768,37.615324],[127.073087,37.615552],[127.073642,37.615934],[127.074104,37.616253],[127.07431,37.616387],[127.07461,37.616528],[127.074656,37.616544],[127.075619,37.616872],[127.075818,37.616935],[127.075874,37.616953],[127.076133,37.617038],[127.076341,37.617108],[127.077862,37.617638],[127.078822,37.617954],[127.078981,37.618009],[127.079039,37.618029],[127.079187,37.618109],[127.079753,37.618267],[127.080549,37.618437],[127.080592,37.618449],[127.080608,37.618454],[127.080693,37.618486],[127.081199,37.618868],[127.081241,37.618893],[127.08128,37.618913],[127.081319,37.618928],[127.081488,37.618995],[127.081748,37.619091],[127.083368,37.619501],[127.084618,37.619846],[127.084916,37.61993],[127.085359,37.620082],[127.085532,37.620125],[127.085674,37.620151],[127.085867,37.620182],[127.085972,37.620204],[127.086077,37.620205],[127.086548,37.620172],[127.086997,37.620113],[127.08725,37.620068],[127.087473,37.620001],[127.08842,37.619608]]},"properties":{"osm_id":380105468,"highway":"cycleway","name":"묵동천 자전거길","width":"3","oneway":"no","layer":"-1"}},{"type":"Feature","id":"osm.way.380105476","geometry":{"type":"LineString","coordinates":[[127.072704,37.615279],[127.07271,37.615304],[127.072735,37.615418],[127.072745,37.615465],[127.072766,37.615563],[127.072789,37.615707],[127.072809,37.615837]]},"properties":{"osm_id":380105476,"highway":"footway"}},{"type":"Feature","id":"osm.way.380123624","geometry":{"type":"LineString","coordinates":[[127.059248,37.630359],[127.05877,37.630043]]},"properties":{"osm_id":380123624,"highway":"secondary","name":"월계지하보차도","oneway":"yes","tunnel":"yes","layer":"-1"}},{"type":"Feature","id":"osm.way.380123625","geometry":{"type":"LineString","coordinates":[[127.060721,37.631259],[127.060639,37.63126],[127.060545,37.631213],[127.059248,37.630359]]},"properties":{"osm_id":380123625,"highway":"secondary","name":"월계로","oneway":"yes"}},{"type":"Feature","id":"osm.way.380123628","geometry":{"type":"LineString","coordinates":[[127.052172,37.634086],[127.051287,37.634099],[127.051241,37.634001],[127.051126,37.633816],[127.050965,37.633674],[127.050807,37.633595],[127.050658,37.633519],[127.050578,37.633436],[127.050532,37.63334],[127.050534,37.632314]]},"properties":{"osm_id":380123628,"highway":"residential","name":"초안산로7길"}},{"type":"Feature","id":"osm.way.380123634","geometry":{"type":"LineString","coordinates":[[127.044357,37.633783],[127.044294,37.633762]]},"properties":{"osm_id":380123634,"highway":"residential","name":"덕릉로60타길"}},{"type":"Feature","id":"osm.way.380123637","geometry":{"type":"LineString","coordinates":[[127.056775,37.629184],[127.056447,37.629525],[127.056225,37.629767],[127.055987,37.63004]]},"properties":{"osm_id":380123637,"highway":"residential","name":"월계로49길"}},{"type":"Feature","id":"osm.way.380123646","geometry":{"type":"LineString","coordinates":[[127.050861,37.632329],[127.050893,37.632045],[127.050961,37.63172],[127.05128,37.630718],[127.051019,37.629973],[127.050926,37.629822],[127.050847,37.629693],[127.05069,37.629369],[127.050555,37.628932],[127.050474,37.628678],[127.050438,37.628564],[127.050389,37.628234],[127.050399,37.628025],[127.049921,37.627708]]},"properties":{"osm_id":380123646,"highway":"residential","name":"월계로45가길","lanes":"2"}},{"type":"Feature","id":"osm.way.380123648","geometry":{"type":"LineString","coordinates":[[127.042409,37.632221],[127.042347,37.632273],[127.042117,37.63264],[127.041977,37.632868],[127.041654,37.633411],[127.041318,37.633976]]},"properties":{"osm_id":380123648,"highway":"residential","name":"우이천로4라길"}},{"type":"Feature","id":"osm.way.380123654","geometry":{"type":"LineString","coordinates":[[127.041864,37.634189],[127.042209,37.633629]]},"properties":{"osm_id":380123654,"highway":"residential","name":"우이천로4길"}},{"type":"Feature","id":"osm.way.380123656","geometry":{"type":"LineString","coordinates":[[127.056557,37.6328],[127.056952,37.633034]]},"properties":{"osm_id":380123656,"highway":"residential","name":"초안산로2길"}},{"type":"Feature","id":"osm.way.380123658","geometry":{"type":"LineString","coordinates":[[127.042134,37.634293],[127.042473,37.633733]]},"properties":{"osm_id":380123658,"highway":"residential","name":"우이천로4길"}},{"type":"Feature","id":"osm.way.380123659","geometry":{"type":"LineString","coordinates":[[127.057092,37.632416],[127.057929,37.631933]]},"properties":{"osm_id":380123659,"highway":"residential","name":"초안산로2길"}},{"type":"Feature","id":"osm.way.380123667","geometry":{"type":"LineString","coordinates":[[127.042411,37.634401],[127.04276,37.633845]]},"properties":{"osm_id":380123667,"highway":"residential","name":"우이천로4길"}},{"type":"Feature","id":"osm.way.380123668","geometry":{"type":"LineString","coordinates":[[127.057895,37.633459],[127.058689,37.633016]]},"properties":{"osm_id":380123668,"highway":"residential","name":"초안산로2길"}},{"type":"Feature","id":"osm.way.380123677","geometry":{"type":"LineString","coordinates":[[127.045622,37.628781],[127.0457,37.62885],[127.046428,37.629493]]},"properties":{"osm_id":380123677,"highway":"residential","name":"우이천로"}},{"type":"Feature","id":"osm.way.380123678","geometry":{"type":"LineString","coordinates":[[127.061488,37.631117],[127.061088,37.631495]]},"properties":{"osm_id":380123678,"highway":"residential"}},{"type":"Feature","id":"osm.way.380123682","geometry":{"type":"LineString","coordinates":[[127.057463,37.632831],[127.058302,37.632348]]},"properties":{"osm_id":380123682,"highway":"residential","name":"초안산로2길"}},{"type":"Feature","id":"osm.way.380123685","geometry":{"type":"LineString","coordinates":[[127.051169,37.626498],[127.052169,37.627136],[127.054112,37.62835],[127.055033,37.628931]]},"properties":{"osm_id":380123685,"highway":"residential","name":"초안산로1길"}},{"type":"Feature","id":"osm.way.380123686","geometry":{"type":"LineString","coordinates":[[127.043639,37.632429],[127.04381,37.632139]]},"properties":{"osm_id":380123686,"highway":"residential"}},{"type":"Feature","id":"osm.way.380123693","geometry":{"type":"LineString","coordinates":[[127.057263,37.63261],[127.058118,37.632143]]},"properties":{"osm_id":380123693,"highway":"residential","name":"초안산로2길"}},{"type":"Feature","id":"osm.way.380123696","geometry":{"type":"LineString","coordinates":[[127.05821,37.633816],[127.058702,37.633528]]},"properties":{"osm_id":380123696,"highway":"residential","name":"초안산로2길"}},{"type":"Feature","id":"osm.way.380123702","geometry":{"type":"LineString","coordinates":[[127.058052,37.633637],[127.058695,37.633269]]},"properties":{"osm_id":380123702,"highway":"residential","name":"초안산로2길"}},{"type":"Feature","id":"osm.way.380123711","geometry":{"type":"LineString","coordinates":[[127.057391,37.633006],[127.057518,37.632887]]},"properties":{"osm_id":380123711,"highway":"residential","name":"초안산로2길"}},{"type":"Feature","id":"osm.way.380123716","geometry":{"type":"LineString","coordinates":[[127.057647,37.633033],[127.058482,37.632548]]},"properties":{"osm_id":380123716,"highway":"residential","name":"초안산로2길"}},{"type":"Feature","id":"osm.way.380123718","geometry":{"type":"LineString","coordinates":[[127.04466,37.62831],[127.044811,37.628474],[127.044897,37.628566],[127.044918,37.628592]]},"properties":{"osm_id":380123718,"highway":"footway"}},{"type":"Feature","id":"osm.way.380123722","geometry":{"type":"LineString","coordinates":[[127.041701,37.634817],[127.04205,37.634261]]},"properties":{"osm_id":380123722,"highway":"residential","name":"우이천로4길"}},{"type":"Feature","id":"osm.way.380123725","geometry":{"type":"LineString","coordinates":[[127.04333,37.632275],[127.043484,37.632021]]},"properties":{"osm_id":380123725,"highway":"residential"}},{"type":"Feature","id":"osm.way.380123726","geometry":{"type":"LineString","coordinates":[[127.058363,37.63399],[127.058709,37.633793]]},"properties":{"osm_id":380123726,"highway":"residential","name":"초안산로2길"}},{"type":"Feature","id":"osm.way.380123727","geometry":{"type":"LineString","coordinates":[[127.04272,37.634521],[127.043093,37.633977],[127.043424,37.633434],[127.043561,37.633198],[127.043671,37.633088],[127.043822,37.632828],[127.04391,37.632676],[127.04415,37.632263],[127.044776,37.631186],[127.044986,37.630824],[127.045238,37.630525],[127.045563,37.630178],[127.045616,37.630118],[127.046198,37.629679],[127.046244,37.629641],[127.046428,37.629493],[127.046769,37.629257],[127.046974,37.628952],[127.047144,37.628631],[127.047158,37.628535]]},"properties":{"osm_id":380123727,"highway":"residential","name":"덕릉로60길"}},{"type":"Feature","id":"osm.way.380123729","geometry":{"type":"LineString","coordinates":[[127.05924,37.63429],[127.059186,37.634356],[127.059052,37.634509],[127.058998,37.634542]]},"properties":{"osm_id":380123729,"highway":"tertiary","name":"월계로53길"}},{"type":"Feature","id":"osm.way.380123730","geometry":{"type":"LineString","coordinates":[[127.058717,37.634338],[127.05863,37.634294],[127.058567,37.634222],[127.058363,37.63399],[127.05821,37.633816],[127.058052,37.633637],[127.057895,37.633459],[127.057755,37.633299],[127.057688,37.633086],[127.057647,37.633033],[127.057596,37.632968],[127.057518,37.632887],[127.057463,37.632831],[127.057326,37.632689],[127.057263,37.63261],[127.057092,37.632416],[127.057031,37.632313],[127.057011,37.632155],[127.057005,37.632016]]},"properties":{"osm_id":380123730,"highway":"tertiary","name":"초안산로2길","oneway":"yes"}},{"type":"Feature","id":"osm.way.380123749","geometry":{"type":"LineString","coordinates":[[127.04431,37.629692],[127.045048,37.630404],[127.045238,37.630525]]},"properties":{"osm_id":380123749,"highway":"residential","name":"우이천로"}},{"type":"Feature","id":"osm.way.380123750","geometry":{"type":"LineString","coordinates":[[127.043059,37.634648],[127.04341,37.634101]]},"properties":{"osm_id":380123750,"highway":"residential","name":"덕릉로60길"}},{"type":"Feature","id":"osm.way.380123763","geometry":{"type":"LineString","coordinates":[[127.043212,37.634706],[127.043566,37.634163]]},"properties":{"osm_id":380123763,"highway":"residential","name":"덕릉로60길"}},{"type":"Feature","id":"osm.way.380123764","geometry":{"type":"LineString","coordinates":[[127.05024,37.624576],[127.050104,37.624753],[127.050058,37.624812],[127.049048,37.62612],[127.048404,37.626973],[127.047968,37.627435],[127.047756,37.627622]]},"properties":{"osm_id":380123764,"highway":"tertiary","name":"우이천로"}},{"type":"Feature","id":"osm.way.380123766","geometry":{"type":"LineString","coordinates":[[127.043106,37.631883],[127.043484,37.632021],[127.04381,37.632139],[127.04415,37.632263]]},"properties":{"osm_id":380123766,"highway":"residential","name":"우이천로2나길"}},{"type":"Feature","id":"osm.way.380123767","geometry":{"type":"LineString","coordinates":[[127.058827,37.628319],[127.058985,37.628512],[127.059188,37.628671],[127.059405,37.628789]]},"properties":{"osm_id":380123767,"highway":"residential","name":"광운로"}},{"type":"Feature","id":"osm.way.380123772","geometry":{"type":"LineString","coordinates":[[127.057496,37.633152],[127.057619,37.633363],[127.057729,37.633329],[127.057755,37.633299]]},"properties":{"osm_id":380123772,"highway":"residential","name":"초안산로2길"}},{"type":"Feature","id":"osm.way.380123776","geometry":{"type":"LineString","coordinates":[[127.042904,37.632213],[127.043492,37.632513],[127.043731,37.632612],[127.04391,37.632676]]},"properties":{"osm_id":380123776,"highway":"residential","name":"덕릉로60길"}},{"type":"Feature","id":"osm.way.380123782","geometry":{"type":"LineString","coordinates":[[127.057755,37.633299],[127.057781,37.63325],[127.058629,37.63277],[127.058682,37.632715]]},"properties":{"osm_id":380123782,"highway":"residential","name":"초안산로2길"}},{"type":"Feature","id":"osm.way.380123791","geometry":{"type":"LineString","coordinates":[[127.041938,37.634922],[127.042015,37.634796],[127.042135,37.634597],[127.042284,37.634352]]},"properties":{"osm_id":380123791,"highway":"residential","name":"우이천로4길"}},{"type":"Feature","id":"osm.way.380123798","geometry":{"type":"LineString","coordinates":[[127.052343,37.632398],[127.050861,37.632329]]},"properties":{"osm_id":380123798,"highway":"residential","name":"초안산로5길","lanes":"2"}},{"type":"Feature","id":"osm.way.380123800","geometry":{"type":"LineString","coordinates":[[127.047756,37.627622],[127.049137,37.628408],[127.049921,37.627708]]},"properties":{"osm_id":380123800,"highway":"residential","name":"월계로45길"}},{"type":"Feature","id":"osm.way.380123802","geometry":{"type":"LineString","coordinates":[[127.043822,37.632828],[127.042751,37.632428],[127.042608,37.632361],[127.042409,37.632221],[127.041761,37.631482]]},"properties":{"osm_id":380123802,"highway":"residential","name":"우이천로2길"}},{"type":"Feature","id":"osm.way.380123813","geometry":{"type":"LineString","coordinates":[[127.060169,37.634179],[127.060408,37.633858],[127.060652,37.633634],[127.061937,37.632487],[127.062008,37.632393],[127.062011,37.632299],[127.061939,37.632014]]},"properties":{"osm_id":380123813,"highway":"secondary_link","oneway":"yes"}},{"type":"Feature","id":"osm.way.380123814","geometry":{"type":"LineString","coordinates":[[127.043435,37.635025],[127.043545,37.634831],[127.043912,37.634298],[127.044119,37.633998],[127.044294,37.633762]]},"properties":{"osm_id":380123814,"highway":"residential","name":"덕릉로62길"}},{"type":"Feature","id":"osm.way.380123817","geometry":{"type":"LineString","coordinates":[[127.057875,37.629342],[127.058215,37.629013],[127.058126,37.628893],[127.058313,37.628702],[127.0582,37.62844]]},"properties":{"osm_id":380123817,"highway":"residential","name":"월계로"}},{"type":"Feature","id":"osm.way.380123819","geometry":{"type":"LineString","coordinates":[[127.057473,37.629146],[127.057763,37.629275],[127.057875,37.629342],[127.058214,37.629545],[127.058644,37.629826],[127.058844,37.629958]]},"properties":{"osm_id":380123819,"highway":"tertiary_link","oneway":"yes"}},{"type":"Feature","id":"osm.way.380123821","geometry":{"type":"LineString","coordinates":[[127.058711,37.630688],[127.058603,37.630775],[127.057555,37.631435],[127.05733,37.631618],[127.057208,37.63176],[127.057103,37.631868],[127.057074,37.631888]]},"properties":{"osm_id":380123821,"highway":"tertiary","name":"초안산로2라길"}},{"type":"Feature","id":"osm.way.380123825","geometry":{"type":"LineString","coordinates":[[127.041977,37.632868],[127.043424,37.633434]]},"properties":{"osm_id":380123825,"highway":"residential","name":"덕릉로60길","oneway":"no"}},{"type":"Feature","id":"osm.way.380123826","geometry":{"type":"LineString","coordinates":[[127.050926,37.629822],[127.052455,37.629696],[127.052567,37.629693],[127.053342,37.629218],[127.053715,37.62949],[127.0539,37.629646],[127.054079,37.629807],[127.054176,37.629878]]},"properties":{"osm_id":380123826,"highway":"residential","name":"초안산로3길"}},{"type":"Feature","id":"osm.way.380123831","geometry":{"type":"LineString","coordinates":[[127.058777,37.630393],[127.058706,37.63013]]},"properties":{"osm_id":380123831,"highway":"tertiary_link","oneway":"yes"}},{"type":"Feature","id":"osm.way.380123832","geometry":{"type":"LineString","coordinates":[[127.056369,37.633248],[127.056456,37.632916],[127.056557,37.6328],[127.056847,37.63251],[127.056955,37.632386],[127.057031,37.632313]]},"properties":{"osm_id":380123832,"highway":"residential","name":"초안산로2길"}},{"type":"Feature","id":"osm.way.380123839","geometry":{"type":"LineString","coordinates":[[127.057555,37.631435],[127.057557,37.631505],[127.057929,37.631933],[127.058118,37.632143],[127.058302,37.632348],[127.058482,37.632548],[127.058592,37.63267],[127.058682,37.632715]]},"properties":{"osm_id":380123839,"highway":"residential","name":"초안산로2라길"}},{"type":"Feature","id":"osm.way.380123840","geometry":{"type":"LineString","coordinates":[[127.044776,37.631186],[127.04429,37.631011],[127.043984,37.631151],[127.043553,37.631249],[127.04345,37.631323],[127.043106,37.631883],[127.042904,37.632213],[127.042837,37.63232],[127.042751,37.632428]]},"properties":{"osm_id":380123840,"highway":"residential","name":"우이천로2가길"}},{"type":"Feature","id":"osm.way.380123842","geometry":{"type":"LineString","coordinates":[[127.041654,37.633411],[127.041936,37.633521],[127.042209,37.633629],[127.042473,37.633733],[127.04276,37.633845],[127.043093,37.633977]]},"properties":{"osm_id":380123842,"highway":"residential","name":"우이천로4라길"}},{"type":"Feature","id":"osm.way.380123848","geometry":{"type":"LineString","coordinates":[[127.060232,37.631099],[127.059177,37.630434],[127.059169,37.630374],[127.059167,37.630315]]},"properties":{"osm_id":380123848,"highway":"tertiary_link","oneway":"yes"}},{"type":"Feature","id":"osm.way.380240605","geometry":{"type":"LineString","coordinates":[[127.042038,37.628028],[127.042315,37.627843],[127.042771,37.627538],[127.042963,37.627406],[127.043956,37.626678],[127.04407,37.626582]]},"properties":{"osm_id":380240605,"highway":"residential","name":"한천로109가길"}},{"type":"Feature","id":"osm.way.380240641","geometry":{"type":"LineString","coordinates":[[127.041331,37.6273],[127.041552,37.627379],[127.041841,37.62746],[127.042144,37.627522],[127.042226,37.627546],[127.042298,37.627566],[127.042327,37.627569],[127.042386,37.627572],[127.042412,37.627569],[127.042433,37.62756],[127.042515,37.627512],[127.042542,37.627502],[127.042569,37.627495],[127.042597,37.627493],[127.042636,37.627493],[127.042675,37.627499],[127.042771,37.627538]]},"properties":{"osm_id":380240641,"highway":"residential","name":"한천로109길"}},{"type":"Feature","id":"osm.way.380250078","geometry":{"type":"LineString","coordinates":[[127.043376,37.628449],[127.0438,37.628107],[127.043889,37.628029],[127.04394,37.627984],[127.04409,37.627836],[127.044162,37.627718],[127.04418,37.627664],[127.044185,37.627607],[127.044178,37.627464],[127.044118,37.627002],[127.044092,37.626784],[127.04407,37.626582],[127.044076,37.62651],[127.044094,37.62641],[127.044199,37.626068],[127.044359,37.625805],[127.044501,37.625572],[127.044834,37.625137]]},"properties":{"osm_id":380250078,"highway":"tertiary","name":"월계로37길"}},{"type":"Feature","id":"osm.way.380250079","geometry":{"type":"LineString","coordinates":[[127.044834,37.625137],[127.046253,37.625921],[127.04744,37.626577]]},"properties":{"osm_id":380250079,"highway":"residential","name":"한천로105길"}},{"type":"Feature","id":"osm.way.380250081","geometry":{"type":"LineString","coordinates":[[127.043776,37.625852],[127.044132,37.625799],[127.044359,37.625805]]},"properties":{"osm_id":380250081,"highway":"residential","name":"월계로37길"}},{"type":"Feature","id":"osm.way.380250082","geometry":{"type":"LineString","coordinates":[[127.043705,37.622162],[127.043733,37.622154],[127.043815,37.62213],[127.044616,37.62174],[127.044719,37.621674],[127.04504,37.621449],[127.045122,37.621401],[127.045625,37.621192]]},"properties":{"osm_id":380250082,"highway":"residential","name":"월계로"}},{"type":"Feature","id":"osm.way.380250083","geometry":{"type":"LineString","coordinates":[[127.042963,37.627406],[127.043027,37.627446],[127.043043,37.62746],[127.043053,37.627474],[127.043169,37.627706],[127.043176,37.627716],[127.043185,37.627725],[127.043198,37.627733],[127.043211,37.627739],[127.0434,37.62781],[127.043433,37.627826],[127.043469,37.627852],[127.0438,37.628107]]},"properties":{"osm_id":380250083,"highway":"residential","name":"월계로37길"}},{"type":"Feature","id":"osm.way.380253603","geometry":{"type":"LineString","coordinates":[[127.047056,37.621363],[127.047307,37.621529],[127.047878,37.621907],[127.048345,37.62221],[127.048691,37.622314],[127.049279,37.622492],[127.049654,37.622615],[127.049966,37.622715],[127.050175,37.622782],[127.050428,37.622864],[127.050807,37.622992]]},"properties":{"osm_id":380253603,"highway":"residential","name":"한천로101길"}},{"type":"Feature","id":"osm.way.380253604","geometry":{"type":"LineString","coordinates":[[127.047878,37.621907],[127.048276,37.621529],[127.048565,37.621254],[127.048641,37.621182],[127.048726,37.621096],[127.04884,37.62098],[127.04905,37.620766],[127.049363,37.620448],[127.049834,37.619961],[127.049944,37.619848],[127.05065,37.619137],[127.050895,37.618891],[127.050937,37.618845],[127.051478,37.618253],[127.051533,37.618193]]},"properties":{"osm_id":380253604,"highway":"residential","name":"한천로101가길"}},{"type":"Feature","id":"osm.way.380253608","geometry":{"type":"LineString","coordinates":[[127.050428,37.622864],[127.050609,37.622664],[127.050995,37.622234],[127.051292,37.621917],[127.051292,37.621871],[127.051302,37.621714],[127.051332,37.621583]]},"properties":{"osm_id":380253608,"highway":"residential","name":"한천로99가길"}},{"type":"Feature","id":"osm.way.380253611","geometry":{"type":"LineString","coordinates":[[127.05186,37.62188],[127.051487,37.621671],[127.051332,37.621583],[127.050919,37.62134]]},"properties":{"osm_id":380253611,"highway":"residential","name":"한천로99길"}},{"type":"Feature","id":"osm.way.380253614","geometry":{"type":"LineString","coordinates":[[127.049588,37.622077],[127.049964,37.622296]]},"properties":{"osm_id":380253614,"highway":"residential","name":"장월로41길"}},{"type":"Feature","id":"osm.way.380253616","geometry":{"type":"LineString","coordinates":[[127.049465,37.62151],[127.049778,37.621638]]},"properties":{"osm_id":380253616,"highway":"residential","name":"월계로40길"}},{"type":"Feature","id":"osm.way.380253620","geometry":{"type":"LineString","coordinates":[[127.049966,37.622715],[127.050411,37.622266]]},"properties":{"osm_id":380253620,"highway":"residential","name":"한천로101길"}},{"type":"Feature","id":"osm.way.380253625","geometry":{"type":"LineString","coordinates":[[127.050609,37.622664],[127.050947,37.622864]]},"properties":{"osm_id":380253625,"highway":"residential","name":"한천로"}},{"type":"Feature","id":"osm.way.380253626","geometry":{"type":"LineString","coordinates":[[127.050722,37.621536],[127.051085,37.62175],[127.051292,37.621871]]},"properties":{"osm_id":380253626,"highway":"residential","name":"한천로99가길"}},{"type":"Feature","id":"osm.way.380253630","geometry":{"type":"LineString","coordinates":[[127.048525,37.621646],[127.04879,37.621795]]},"properties":{"osm_id":380253630,"highway":"residential","name":"한천로101가길"}},{"type":"Feature","id":"osm.way.380253631","geometry":{"type":"LineString","coordinates":[[127.048565,37.621254],[127.048806,37.621394]]},"properties":{"osm_id":380253631,"highway":"residential","name":"한천로101가길"}},{"type":"Feature","id":"osm.way.380253635","geometry":{"type":"LineString","coordinates":[[127.047307,37.621529],[127.04783,37.621046],[127.047857,37.621016],[127.047919,37.621009],[127.04817,37.620759],[127.048817,37.620116]]},"properties":{"osm_id":380253635,"highway":"residential","name":"한천로99마길"}},{"type":"Feature","id":"osm.way.380253636","geometry":{"type":"LineString","coordinates":[[127.047683,37.619761],[127.047816,37.619619],[127.047919,37.619572]]},"properties":{"osm_id":380253636,"highway":"residential"}},{"type":"Feature","id":"osm.way.380253637","geometry":{"type":"LineString","coordinates":[[127.04817,37.620759],[127.048456,37.62092],[127.048726,37.621096]]},"properties":{"osm_id":380253637,"highway":"residential","name":"한천로101가길"}},{"type":"Feature","id":"osm.way.380253640","geometry":{"type":"LineString","coordinates":[[127.050594,37.622014],[127.05077,37.62211],[127.050995,37.622234],[127.051341,37.622431]]},"properties":{"osm_id":380253640,"highway":"residential","name":"한천로"}},{"type":"Feature","id":"osm.way.380253650","geometry":{"type":"LineString","coordinates":[[127.048947,37.622053],[127.048703,37.621884],[127.04879,37.621795],[127.049179,37.621395]]},"properties":{"osm_id":380253650,"highway":"residential","name":"월계로40길"}},{"type":"Feature","id":"osm.way.380253656","geometry":{"type":"LineString","coordinates":[[127.04884,37.62098],[127.049095,37.621118],[127.049279,37.620915],[127.04905,37.620766]]},"properties":{"osm_id":380253656,"highway":"residential","name":"한천로101가길"}},{"type":"Feature","id":"osm.way.380253657","geometry":{"type":"LineString","coordinates":[[127.046741,37.618367],[127.04681,37.61849],[127.046816,37.618501],[127.047015,37.618856],[127.047094,37.618956],[127.047138,37.619017],[127.047155,37.619041],[127.047181,37.619086],[127.047214,37.619146]]},"properties":{"osm_id":380253657,"highway":"residential","name":"돌곶이로40길"}},{"type":"Feature","id":"osm.way.380253658","geometry":{"type":"LineString","coordinates":[[127.05068,37.621217],[127.049921,37.621956],[127.050151,37.622104]]},"properties":{"osm_id":380253658,"highway":"residential","name":"한천로99길"}},{"type":"Feature","id":"osm.way.380253660","geometry":{"type":"LineString","coordinates":[[127.049634,37.621342],[127.049419,37.6212],[127.049529,37.620971],[127.049693,37.620857],[127.049821,37.62072]]},"properties":{"osm_id":380253660,"highway":"residential","name":"월계로40길"}},{"type":"Feature","id":"osm.way.380253666","geometry":{"type":"LineString","coordinates":[[127.047556,37.620832],[127.047819,37.621005],[127.047857,37.621016]]},"properties":{"osm_id":380253666,"highway":"residential","name":"월계로38길"}},{"type":"Feature","id":"osm.way.380253670","geometry":{"type":"LineString","coordinates":[[127.050175,37.622782],[127.050325,37.622544],[127.050454,37.622293],[127.050594,37.622014],[127.050756,37.621693],[127.050665,37.621593]]},"properties":{"osm_id":380253670,"highway":"residential","name":"한천로101길"}},{"type":"Feature","id":"osm.way.380253671","geometry":{"type":"LineString","coordinates":[[127.048525,37.621646],[127.048806,37.621394],[127.048966,37.621229],[127.049179,37.621395],[127.04943,37.621545]]},"properties":{"osm_id":380253671,"highway":"residential","name":"월계로40길"}},{"type":"Feature","id":"osm.way.380253672","geometry":{"type":"LineString","coordinates":[[127.049969,37.620997],[127.050128,37.621102],[127.049802,37.621612],[127.049778,37.621638],[127.049548,37.621889],[127.049229,37.622216],[127.0494,37.622312]]},"properties":{"osm_id":380253672,"highway":"residential","name":"한천로99라길"}},{"type":"Feature","id":"osm.way.380253680","geometry":{"type":"LineString","coordinates":[[127.049279,37.622492],[127.0494,37.622312],[127.049559,37.622106],[127.049588,37.622077],[127.049651,37.622013],[127.049885,37.621718],[127.049997,37.621632],[127.050344,37.621027]]},"properties":{"osm_id":380253680,"highway":"residential","name":"한천로99라길"}},{"type":"Feature","id":"osm.way.380269061","geometry":{"type":"LineString","coordinates":[[127.052668,37.615535],[127.052653,37.615577],[127.052783,37.615819],[127.052789,37.61586],[127.052795,37.6159],[127.052862,37.616072],[127.052799,37.616144]]},"properties":{"osm_id":380269061,"highway":"residential","name":"돌곶이로32길"}},{"type":"Feature","id":"osm.way.380269062","geometry":{"type":"LineString","coordinates":[[127.059439,37.613422],[127.059463,37.613311],[127.059474,37.61326],[127.059607,37.612924],[127.059672,37.612813],[127.059749,37.612681],[127.059817,37.612552]]},"properties":{"osm_id":380269062,"highway":"residential"}},{"type":"Feature","id":"osm.way.380269067","geometry":{"type":"LineString","coordinates":[[127.051637,37.617282],[127.051616,37.617214],[127.051599,37.61716],[127.051591,37.617134],[127.051505,37.616661]]},"properties":{"osm_id":380269067,"highway":"residential","name":"장월로28길"}},{"type":"Feature","id":"osm.way.380269068","geometry":{"type":"LineString","coordinates":[[127.05081,37.615861],[127.051077,37.616031],[127.051177,37.616472],[127.051184,37.61651],[127.051214,37.616662],[127.051233,37.61676],[127.051249,37.616819],[127.051279,37.616935],[127.051334,37.617197],[127.051342,37.61722],[127.051359,37.617263],[127.051381,37.617344]]},"properties":{"osm_id":380269068,"highway":"residential","name":"돌곶이로34길"}},{"type":"Feature","id":"osm.way.380269072","geometry":{"type":"LineString","coordinates":[[127.060457,37.613077],[127.060342,37.613014],[127.059672,37.612813],[127.059186,37.612632],[127.059091,37.612601],[127.05823,37.612327]]},"properties":{"osm_id":380269072,"highway":"tertiary","name":"돌곶이로28길"}},{"type":"Feature","id":"osm.way.380269081","geometry":{"type":"LineString","coordinates":[[127.050415,37.617451],[127.050553,37.617455],[127.051131,37.617403],[127.051381,37.617344],[127.051637,37.617282],[127.051899,37.617219],[127.052142,37.617178],[127.052292,37.617101],[127.052449,37.61702],[127.052626,37.61693],[127.05277,37.616856],[127.052917,37.616728],[127.053112,37.616444],[127.053163,37.616394],[127.05358,37.615983],[127.053701,37.615864],[127.053983,37.615619],[127.054045,37.615478],[127.054039,37.615382]]},"properties":{"osm_id":380269081,"highway":"residential","name":"장월로28길"}},{"type":"Feature","id":"osm.way.380269084","geometry":{"type":"LineString","coordinates":[[127.060836,37.615809],[127.060794,37.615769]]},"properties":{"osm_id":380269084,"highway":"residential"}},{"type":"Feature","id":"osm.way.380269088","geometry":{"type":"LineString","coordinates":[[127.051993,37.615451],[127.052263,37.615322]]},"properties":{"osm_id":380269088,"highway":"residential"}},{"type":"Feature","id":"osm.way.380269089","geometry":{"type":"LineString","coordinates":[[127.054008,37.616496],[127.054406,37.616704]]},"properties":{"osm_id":380269089,"highway":"residential"}},{"type":"Feature","id":"osm.way.380269092","geometry":{"type":"LineString","coordinates":[[127.052204,37.616009],[127.052396,37.615841]]},"properties":{"osm_id":380269092,"highway":"residential","name":"돌곶이로32길"}},{"type":"Feature","id":"osm.way.380269095","geometry":{"type":"LineString","coordinates":[[127.054106,37.615149],[127.054075,37.614797]]},"properties":{"osm_id":380269095,"highway":"residential","name":"장위로43길"}},{"type":"Feature","id":"osm.way.380269096","geometry":{"type":"LineString","coordinates":[[127.051747,37.617636],[127.051595,37.617356]]},"properties":{"osm_id":380269096,"highway":"residential","name":"장월로32길"}},{"type":"Feature","id":"osm.way.380269098","geometry":{"type":"LineString","coordinates":[[127.05248,37.61676],[127.05261,37.616664],[127.052635,37.616528],[127.05266,37.616504],[127.052517,37.616304]]},"properties":{"osm_id":380269098,"highway":"residential","name":"장월로28길"}},{"type":"Feature","id":"osm.way.380269100","geometry":{"type":"LineString","coordinates":[[127.053749,37.614629],[127.053781,37.614826]]},"properties":{"osm_id":380269100,"highway":"residential","name":"장위로"}},{"type":"Feature","id":"osm.way.380269101","geometry":{"type":"LineString","coordinates":[[127.053367,37.616532],[127.053666,37.616221]]},"properties":{"osm_id":380269101,"highway":"residential","name":"돌곶이로32길"}},{"type":"Feature","id":"osm.way.380269103","geometry":{"type":"LineString","coordinates":[[127.051555,37.617889],[127.051282,37.617437]]},"properties":{"osm_id":380269103,"highway":"residential","name":"장월로32길"}},{"type":"Feature","id":"osm.way.380269108","geometry":{"type":"LineString","coordinates":[[127.051077,37.616031],[127.051473,37.615908],[127.051581,37.615902],[127.051709,37.615877],[127.052024,37.615804],[127.052132,37.615738],[127.052193,37.615696]]},"properties":{"osm_id":380269108,"highway":"residential","name":"돌곶이로34길"}},{"type":"Feature","id":"osm.way.380269109","geometry":{"type":"LineString","coordinates":[[127.051748,37.615278],[127.051897,37.615319],[127.051993,37.615451],[127.052156,37.615678],[127.052193,37.615696],[127.05223,37.615715],[127.052396,37.615841],[127.052754,37.616111],[127.052799,37.616144],[127.052823,37.616162],[127.053163,37.616394],[127.053234,37.616448],[127.053367,37.616532],[127.053473,37.616599],[127.053749,37.616764],[127.054091,37.616994],[127.05416,37.617034],[127.054341,37.61715]]},"properties":{"osm_id":380269109,"highway":"residential","name":"돌곶이로32길"}},{"type":"Feature","id":"osm.way.380269116","geometry":{"type":"LineString","coordinates":[[127.057981,37.612559],[127.057585,37.612947],[127.05731,37.613194],[127.056951,37.613498]]},"properties":{"osm_id":380269116,"highway":"residential","name":"화랑로37길"}},{"type":"Feature","id":"osm.way.380269117","geometry":{"type":"LineString","coordinates":[[127.059607,37.612924],[127.059025,37.612727],[127.059091,37.612601]]},"properties":{"osm_id":380269117,"highway":"residential","name":"돌곶이로28길"}},{"type":"Feature","id":"osm.way.380269120","geometry":{"type":"LineString","coordinates":[[127.055249,37.617055],[127.056402,37.616855]]},"properties":{"osm_id":380269120,"highway":"residential","name":"장위로"}},{"type":"Feature","id":"osm.way.380269126","geometry":{"type":"LineString","coordinates":[[127.050773,37.616879],[127.051072,37.616841],[127.051249,37.616819]]},"properties":{"osm_id":380269126,"highway":"residential","name":"돌곶이로"}},{"type":"Feature","id":"osm.way.380269127","geometry":{"type":"LineString","coordinates":[[127.053002,37.615453],[127.052865,37.614722],[127.052779,37.614633]]},"properties":{"osm_id":380269127,"highway":"residential","name":"돌곶이로"}},{"type":"Feature","id":"osm.way.380269130","geometry":{"type":"LineString","coordinates":[[127.052789,37.61586],[127.053004,37.615793],[127.052846,37.615487]]},"properties":{"osm_id":380269130,"highway":"residential","name":"장위로45가길"}},{"type":"Feature","id":"osm.way.380269138","geometry":{"type":"LineString","coordinates":[[127.062419,37.615181],[127.062674,37.615142],[127.063404,37.615071]]},"properties":{"osm_id":380269138,"highway":"residential","name":"화랑로43가길"}},{"type":"Feature","id":"osm.way.380269140","geometry":{"type":"LineString","coordinates":[[127.049949,37.617149],[127.050151,37.616941],[127.050339,37.616764]]},"properties":{"osm_id":380269140,"highway":"residential","name":"장월로"}},{"type":"Feature","id":"osm.way.380269142","geometry":{"type":"LineString","coordinates":[[127.053567,37.615405],[127.053492,37.614855]]},"properties":{"osm_id":380269142,"highway":"residential","name":"장위로45가길"}},{"type":"Feature","id":"osm.way.380269145","geometry":{"type":"LineString","coordinates":[[127.052292,37.617101],[127.052514,37.617134],[127.052666,37.617197]]},"properties":{"osm_id":380269145,"highway":"residential","name":"장월로38길"}},{"type":"Feature","id":"osm.way.380269147","geometry":{"type":"LineString","coordinates":[[127.053749,37.616764],[127.054008,37.616496],[127.054318,37.616173],[127.054315,37.61607]]},"properties":{"osm_id":380269147,"highway":"residential","name":"돌곶이로32길"}},{"type":"Feature","id":"osm.way.380269149","geometry":{"type":"LineString","coordinates":[[127.050625,37.616958],[127.050339,37.616764],[127.049948,37.616519],[127.049853,37.616464]]},"properties":{"osm_id":380269149,"highway":"residential","name":"돌곶이로"}},{"type":"Feature","id":"osm.way.380269150","geometry":{"type":"LineString","coordinates":[[127.054832,37.617465],[127.055085,37.617217],[127.055249,37.617055],[127.055825,37.616488]]},"properties":{"osm_id":380269150,"highway":"residential","name":"장위로51길"}},{"type":"Feature","id":"osm.way.380269154","geometry":{"type":"LineString","coordinates":[[127.049644,37.616594],[127.049718,37.616664],[127.050151,37.616941],[127.050699,37.617293]]},"properties":{"osm_id":380269154,"highway":"residential","name":"돌곶이로"}},{"type":"Feature","id":"osm.way.380269157","geometry":{"type":"LineString","coordinates":[[127.052429,37.615614],[127.052263,37.615322],[127.052227,37.615259]]},"properties":{"osm_id":380269157,"highway":"residential","name":"장위로45가길"}},{"type":"Feature","id":"osm.way.380269158","geometry":{"type":"LineString","coordinates":[[127.051072,37.616841],[127.051012,37.61653],[127.050911,37.616064],[127.050657,37.615959]]},"properties":{"osm_id":380269158,"highway":"residential","name":"돌곶이로"}},{"type":"Feature","id":"osm.way.380269160","geometry":{"type":"LineString","coordinates":[[127.051599,37.61716],[127.051971,37.617076],[127.052159,37.616986]]},"properties":{"osm_id":380269160,"highway":"residential","name":"장월로26길"}},{"type":"Feature","id":"osm.way.380269161","geometry":{"type":"LineString","coordinates":[[127.053446,37.615713],[127.053621,37.615544],[127.053714,37.615454],[127.053729,37.61542]]},"properties":{"osm_id":380269161,"highway":"residential","name":"장위로45가길"}},{"type":"Feature","id":"osm.way.380269165","geometry":{"type":"LineString","coordinates":[[127.053265,37.615421],[127.053193,37.614884],[127.053147,37.614547],[127.053083,37.61447]]},"properties":{"osm_id":380269165,"highway":"residential","name":"돌곶이로"}},{"type":"Feature","id":"osm.way.380269170","geometry":{"type":"LineString","coordinates":[[127.057981,37.612559],[127.058912,37.613109],[127.059129,37.613238],[127.059439,37.613422]]},"properties":{"osm_id":380269170,"highway":"residential","name":"한천로83길"}},{"type":"Feature","id":"osm.way.380269171","geometry":{"type":"LineString","coordinates":[[127.059186,37.612632],[127.059302,37.612457],[127.059481,37.612463],[127.059817,37.612552],[127.059858,37.612536],[127.060003,37.612473]]},"properties":{"osm_id":380269171,"highway":"residential"}},{"type":"Feature","id":"osm.way.380269176","geometry":{"type":"LineString","coordinates":[[127.050858,37.617274],[127.050773,37.616879],[127.050707,37.616567],[127.050609,37.616111],[127.050531,37.616035]]},"properties":{"osm_id":380269176,"highway":"residential","name":"돌곶이로"}},{"type":"Feature","id":"osm.way.380269180","geometry":{"type":"LineString","coordinates":[[127.052215,37.616725],[127.052368,37.616646],[127.05248,37.61676],[127.05255,37.616832],[127.052626,37.61693]]},"properties":{"osm_id":380269180,"highway":"residential","name":"장월로28길"}},{"type":"Feature","id":"osm.way.380269183","geometry":{"type":"LineString","coordinates":[[127.055085,37.617217],[127.054837,37.617054],[127.054588,37.616898],[127.054341,37.61715]]},"properties":{"osm_id":380269183,"highway":"residential","name":"장위로51길"}},{"type":"Feature","id":"osm.way.380269190","geometry":{"type":"LineString","coordinates":[[127.054487,37.615096],[127.054564,37.615199],[127.054625,37.615516],[127.054505,37.615637],[127.054298,37.615932],[127.054315,37.61607]]},"properties":{"osm_id":380269190,"highway":"residential","name":"장위로45길"}},{"type":"Feature","id":"osm.way.380269191","geometry":{"type":"LineString","coordinates":[[127.052666,37.617197],[127.052706,37.617204],[127.052778,37.617205],[127.053048,37.616914],[127.053106,37.616897],[127.053198,37.616891],[127.053261,37.616858],[127.053473,37.616599]]},"properties":{"osm_id":380269191,"highway":"residential","name":"돌곶이로32길"}},{"type":"Feature","id":"osm.way.380269193","geometry":{"type":"LineString","coordinates":[[127.05009,37.6163],[127.050183,37.616379],[127.050508,37.616594],[127.050707,37.616567],[127.051012,37.61653],[127.051184,37.61651]]},"properties":{"osm_id":380269193,"highway":"residential","name":"돌곶이로"}},{"type":"Feature","id":"osm.way.380269198","geometry":{"type":"LineString","coordinates":[[127.059463,37.613311],[127.059532,37.613301],[127.05986,37.613217],[127.059995,37.613162],[127.060116,37.613147],[127.060201,37.613167],[127.06032,37.61324]]},"properties":{"osm_id":380269198,"highway":"residential"}},{"type":"Feature","id":"osm.way.380269201","geometry":{"type":"LineString","coordinates":[[127.052142,37.617178],[127.051806,37.617297],[127.051595,37.617356],[127.051282,37.617437],[127.051123,37.617471],[127.050834,37.617623],[127.050742,37.617671]]},"properties":{"osm_id":380269201,"highway":"residential","name":"장월로32길"}},{"type":"Feature","id":"osm.way.380269207","geometry":{"type":"LineString","coordinates":[[127.052666,37.617197],[127.052589,37.617281],[127.052244,37.617551],[127.052208,37.617563]]},"properties":{"osm_id":380269207,"highway":"residential","name":"장월로38길"}},{"type":"Feature","id":"osm.way.380269210","geometry":{"type":"LineString","coordinates":[[127.05632,37.61151],[127.056445,37.611573],[127.056827,37.611753],[127.056923,37.611809],[127.056992,37.611831],[127.057241,37.611877],[127.057443,37.611966],[127.05758,37.612039],[127.057625,37.612075]]},"properties":{"osm_id":380269210,"highway":"residential","name":"돌곶이로28길"}},{"type":"Feature","id":"osm.way.380269211","geometry":{"type":"LineString","coordinates":[[127.05358,37.615983],[127.053694,37.616024],[127.054125,37.616067],[127.054255,37.616077],[127.054315,37.61607],[127.054407,37.61606],[127.054849,37.615943],[127.055117,37.615865],[127.05531,37.61579]]},"properties":{"osm_id":380269211,"highway":"residential","name":"장위로49길"}},{"type":"Feature","id":"osm.way.380269212","geometry":{"type":"LineString","coordinates":[[127.051616,37.617214],[127.051462,37.617217],[127.051342,37.61722],[127.050858,37.617274],[127.050764,37.617284],[127.050699,37.617293],[127.050493,37.61732],[127.050294,37.617373]]},"properties":{"osm_id":380269212,"highway":"residential","name":"장월로26길"}},{"type":"Feature","id":"osm.way.380270707","geometry":{"type":"LineString","coordinates":[[127.048354,37.615314],[127.048982,37.615311],[127.049207,37.615301],[127.049487,37.615276],[127.049535,37.615271],[127.049671,37.615258],[127.049743,37.615245],[127.049763,37.615224],[127.049788,37.615187],[127.050298,37.614774],[127.050644,37.614476]]},"properties":{"osm_id":380270707,"highway":"residential","name":"장월로20길"}},{"type":"Feature","id":"osm.way.380270708","geometry":{"type":"LineString","coordinates":[[127.04836,37.61506],[127.049477,37.615036]]},"properties":{"osm_id":380270708,"highway":"residential","name":"장월로18길"}},{"type":"Feature","id":"osm.way.380270709","geometry":{"type":"LineString","coordinates":[[127.049374,37.613488],[127.049398,37.613553],[127.04965,37.61374],[127.049897,37.613923],[127.050151,37.614111],[127.050391,37.614289],[127.050644,37.614476],[127.05089,37.614659],[127.051143,37.614847],[127.051383,37.615025],[127.051481,37.615097],[127.051656,37.615231],[127.051748,37.615278]]},"properties":{"osm_id":380270709,"highway":"residential","name":"장위로33길"}},{"type":"Feature","id":"osm.way.380270711","geometry":{"type":"LineString","coordinates":[[127.051415,37.614621],[127.051143,37.614847],[127.050783,37.615137],[127.050316,37.615522],[127.050261,37.615534],[127.050207,37.615546],[127.049845,37.615681],[127.049765,37.615709],[127.049642,37.615752],[127.0494,37.615835],[127.049258,37.615856],[127.049159,37.615871],[127.048909,37.615929],[127.048795,37.615955],[127.04856,37.616024]]},"properties":{"osm_id":380270711,"highway":"residential","name":"장월로24길"}},{"type":"Feature","id":"osm.way.380270712","geometry":{"type":"LineString","coordinates":[[127.050351,37.613384],[127.050332,37.613499],[127.050359,37.61353],[127.050418,37.613597],[127.050541,37.613706],[127.050568,37.613723],[127.05063,37.613761],[127.050827,37.613896],[127.050862,37.613921],[127.051051,37.614097],[127.051109,37.61412],[127.051211,37.614142],[127.051441,37.61419],[127.051484,37.61421],[127.051527,37.614229],[127.051732,37.614333],[127.052021,37.614478]]},"properties":{"osm_id":380270712,"highway":"residential","name":"장위로37길"}},{"type":"Feature","id":"osm.way.380270714","geometry":{"type":"LineString","coordinates":[[127.049437,37.615582],[127.049535,37.615271]]},"properties":{"osm_id":380270714,"highway":"residential","name":"장월로20길"}},{"type":"Feature","id":"osm.way.380270715","geometry":{"type":"LineString","coordinates":[[127.052251,37.614291],[127.052665,37.614706]]},"properties":{"osm_id":380270715,"highway":"residential","name":"돌곶이로"}},{"type":"Feature","id":"osm.way.380270716","geometry":{"type":"LineString","coordinates":[[127.049765,37.615709],[127.04982,37.61578]]},"properties":{"osm_id":380270716,"highway":"residential"}},{"type":"Feature","id":"osm.way.380270717","geometry":{"type":"LineString","coordinates":[[127.052432,37.61413],[127.052879,37.614577]]},"properties":{"osm_id":380270717,"highway":"residential","name":"돌곶이로"}},{"type":"Feature","id":"osm.way.380270718","geometry":{"type":"LineString","coordinates":[[127.04972,37.61562],[127.049834,37.615269]]},"properties":{"osm_id":380270718,"highway":"residential","name":"장월로18길"}},{"type":"Feature","id":"osm.way.380270719","geometry":{"type":"LineString","coordinates":[[127.051836,37.614028],[127.052045,37.614114],[127.052323,37.614233]]},"properties":{"osm_id":380270719,"highway":"residential","name":"장위로"}},{"type":"Feature","id":"osm.way.380270720","geometry":{"type":"LineString","coordinates":[[127.050528,37.615701],[127.050727,37.615517]]},"properties":{"osm_id":380270720,"highway":"residential","name":"장월로18길"}},{"type":"Feature","id":"osm.way.380270721","geometry":{"type":"LineString","coordinates":[[127.052553,37.613976],[127.052518,37.614042],[127.052432,37.61413],[127.052361,37.614201],[127.052323,37.614233],[127.052251,37.614291],[127.052187,37.614342],[127.052121,37.614395],[127.052021,37.614478],[127.051832,37.614635],[127.051383,37.615025]]},"properties":{"osm_id":380270721,"highway":"residential","name":"장위로41길"}},{"type":"Feature","id":"osm.way.380270722","geometry":{"type":"LineString","coordinates":[[127.050223,37.615819],[127.050324,37.615877],[127.050451,37.615973],[127.050531,37.616035]]},"properties":{"osm_id":380270722,"highway":"residential","name":"돌곶이로"}},{"type":"Feature","id":"osm.way.380270725","geometry":{"type":"LineString","coordinates":[[127.048909,37.615929],[127.048931,37.615711],[127.048941,37.615612],[127.048965,37.615434],[127.048982,37.615311]]},"properties":{"osm_id":380270725,"highway":"residential","name":"장월로20길"}},{"type":"Feature","id":"osm.way.380270726","geometry":{"type":"LineString","coordinates":[[127.052187,37.614342],[127.052204,37.614397],[127.052178,37.614908],[127.052248,37.61496]]},"properties":{"osm_id":380270726,"highway":"residential","name":"장위로41길"}},{"type":"Feature","id":"osm.way.380270727","geometry":{"type":"LineString","coordinates":[[127.049547,37.615076],[127.049675,37.614905],[127.050047,37.614589]]},"properties":{"osm_id":380270727,"highway":"residential","name":"장위로33길"}},{"type":"Feature","id":"osm.way.380270728","geometry":{"type":"LineString","coordinates":[[127.049258,37.615856],[127.049279,37.615925],[127.049381,37.616024],[127.049566,37.616213],[127.049756,37.61641],[127.049853,37.616464]]},"properties":{"osm_id":380270728,"highway":"residential","name":"돌곶이로"}},{"type":"Feature","id":"osm.way.380270729","geometry":{"type":"LineString","coordinates":[[127.051211,37.614142],[127.051038,37.614467],[127.051055,37.614513],[127.05089,37.614659]]},"properties":{"osm_id":380270729,"highway":"residential","name":"장위로33길"}},{"type":"Feature","id":"osm.way.380270730","geometry":{"type":"LineString","coordinates":[[127.04853,37.61463],[127.048684,37.614547],[127.049201,37.61412],[127.04965,37.61374],[127.050017,37.613431],[127.050033,37.613386]]},"properties":{"osm_id":380270730,"highway":"residential","name":"장위로35길"}},{"type":"Feature","id":"osm.way.380270732","geometry":{"type":"LineString","coordinates":[[127.051056,37.613579],[127.05098,37.613757],[127.050983,37.613796],[127.051112,37.613987],[127.051524,37.614111],[127.051938,37.614299],[127.052045,37.614114]]},"properties":{"osm_id":380270732,"highway":"residential","name":"장위로39길"}},{"type":"Feature","id":"osm.way.380270733","geometry":{"type":"LineString","coordinates":[[127.04982,37.61578],[127.04941,37.616013],[127.049381,37.616024],[127.049353,37.616036],[127.048866,37.616336]]},"properties":{"osm_id":380270733,"highway":"residential","name":"장월로"}},{"type":"Feature","id":"osm.way.380270734","geometry":{"type":"LineString","coordinates":[[127.04905,37.61651],[127.04954,37.616224],[127.049566,37.616213],[127.049597,37.616199],[127.050188,37.615847],[127.050223,37.615819],[127.050267,37.615782],[127.050337,37.615739],[127.050423,37.615633]]},"properties":{"osm_id":380270734,"highway":"residential","name":"장월로"}},{"type":"Feature","id":"osm.way.380277593","geometry":{"type":"LineString","coordinates":[[127.050711,37.61153],[127.050587,37.61199],[127.050446,37.612419],[127.050368,37.612656],[127.050315,37.612686]]},"properties":{"osm_id":380277593,"highway":"residential","name":"장월로12길"}},{"type":"Feature","id":"osm.way.380277599","geometry":{"type":"LineString","coordinates":[[127.047689,37.609994],[127.047797,37.61],[127.048535,37.610138],[127.048922,37.610214],[127.049177,37.610263],[127.049418,37.610311],[127.049624,37.610352],[127.049974,37.610422],[127.050218,37.61047],[127.050901,37.610608],[127.051354,37.610693],[127.052266,37.610877],[127.052542,37.610934],[127.052626,37.610944]]},"properties":{"osm_id":380277599,"highway":"residential","name":"장월로8길"}},{"type":"Feature","id":"osm.way.380277604","geometry":{"type":"LineString","coordinates":[[127.050775,37.610687],[127.051322,37.610794]]},"properties":{"osm_id":380277604,"highway":"residential"}},{"type":"Feature","id":"osm.way.380277605","geometry":{"type":"LineString","coordinates":[[127.054824,37.610855],[127.05504,37.610447]]},"properties":{"osm_id":380277605,"highway":"residential","name":"돌곶이로25길"}},{"type":"Feature","id":"osm.way.380277611","geometry":{"type":"LineString","coordinates":[[127.053594,37.611456],[127.053863,37.611218]]},"properties":{"osm_id":380277611,"highway":"residential","name":"돌곶이로27길"}},{"type":"Feature","id":"osm.way.380277619","geometry":{"type":"LineString","coordinates":[[127.053077,37.611513],[127.053019,37.611716]]},"properties":{"osm_id":380277619,"highway":"residential","name":"장위로40다길"}},{"type":"Feature","id":"osm.way.380277623","geometry":{"type":"LineString","coordinates":[[127.052326,37.610513],[127.052773,37.610129]]},"properties":{"osm_id":380277623,"highway":"residential","name":"돌곶이로27길"}},{"type":"Feature","id":"osm.way.380277626","geometry":{"type":"LineString","coordinates":[[127.054272,37.61002],[127.054542,37.609724],[127.054624,37.609634]]},"properties":{"osm_id":380277626,"highway":"residential","name":"화랑로"}},{"type":"Feature","id":"osm.way.380277632","geometry":{"type":"LineString","coordinates":[[127.052985,37.611003],[127.053436,37.610623]]},"properties":{"osm_id":380277632,"highway":"residential","name":"돌곶이로27길"}},{"type":"Feature","id":"osm.way.380277634","geometry":{"type":"LineString","coordinates":[[127.053426,37.610111],[127.053111,37.610375]]},"properties":{"osm_id":380277634,"highway":"residential","name":"돌곶이로25길"}},{"type":"Feature","id":"osm.way.380277635","geometry":{"type":"LineString","coordinates":[[127.047638,37.609011],[127.047684,37.609033],[127.048103,37.609138],[127.048563,37.609254],[127.048825,37.609319],[127.048748,37.609577],[127.048722,37.60965],[127.048658,37.609822],[127.048627,37.609902],[127.048535,37.610138]]},"properties":{"osm_id":380277635,"highway":"residential","name":"장월로6길"}},{"type":"Feature","id":"osm.way.380277636","geometry":{"type":"LineString","coordinates":[[127.055961,37.611185],[127.055812,37.61116],[127.055586,37.611121],[127.055444,37.611096],[127.055051,37.610938],[127.054824,37.610855],[127.054735,37.610823],[127.054608,37.610776],[127.054553,37.610753],[127.054335,37.61066],[127.054268,37.610626],[127.054092,37.610539],[127.053768,37.610368],[127.053522,37.610198],[127.053426,37.610111],[127.05333,37.610023],[127.053082,37.609841],[127.052811,37.609599],[127.052758,37.609503],[127.052722,37.609439],[127.052668,37.609326],[127.052587,37.60916],[127.052486,37.609045]]},"properties":{"osm_id":380277636,"highway":"residential","name":"돌곶이로25길"}},{"type":"Feature","id":"osm.way.380277638","geometry":{"type":"LineString","coordinates":[[127.049774,37.6111],[127.051145,37.611374]]},"properties":{"osm_id":380277638,"highway":"residential","name":"장위로38길"}},{"type":"Feature","id":"osm.way.380277643","geometry":{"type":"LineString","coordinates":[[127.049353,37.611262],[127.049495,37.610798],[127.049624,37.610352]]},"properties":{"osm_id":380277643,"highway":"residential","name":"장월로8길"}},{"type":"Feature","id":"osm.way.380277648","geometry":{"type":"LineString","coordinates":[[127.049904,37.610653],[127.051284,37.610917],[127.052221,37.611094]]},"properties":{"osm_id":380277648,"highway":"residential","name":"장위로38길"}},{"type":"Feature","id":"osm.way.380277649","geometry":{"type":"LineString","coordinates":[[127.0484,37.61142],[127.048492,37.611398],[127.04908,37.611496]]},"properties":{"osm_id":380277649,"highway":"residential","name":"장월로"}},{"type":"Feature","id":"osm.way.380277651","geometry":{"type":"LineString","coordinates":[[127.055063,37.611607],[127.055247,37.611638],[127.055166,37.612067],[127.055162,37.612348]]},"properties":{"osm_id":380277651,"highway":"residential","name":"돌곶이로27길"}},{"type":"Feature","id":"osm.way.380277652","geometry":{"type":"LineString","coordinates":[[127.049166,37.611223],[127.04908,37.611496],[127.048987,37.611805],[127.049302,37.611865]]},"properties":{"osm_id":380277652,"highway":"residential","name":"장월로10길"}},{"type":"Feature","id":"osm.way.380277654","geometry":{"type":"LineString","coordinates":[[127.054134,37.611858],[127.05458,37.61148]]},"properties":{"osm_id":380277654,"highway":"residential","name":"돌곶이로27길"}},{"type":"Feature","id":"osm.way.380277655","geometry":{"type":"LineString","coordinates":[[127.053617,37.611193],[127.053459,37.611033],[127.053534,37.610961],[127.053725,37.611104]]},"properties":{"osm_id":380277655,"highway":"residential","name":"돌곶이로27길"}},{"type":"Feature","id":"osm.way.380277657","geometry":{"type":"LineString","coordinates":[[127.055406,37.611812],[127.055534,37.611565],[127.055804,37.6112],[127.055812,37.61116]]},"properties":{"osm_id":380277657,"highway":"residential","name":"돌곶이로25길"}},{"type":"Feature","id":"osm.way.380277659","geometry":{"type":"LineString","coordinates":[[127.054735,37.610823],[127.0546,37.610995],[127.054294,37.611268]]},"properties":{"osm_id":380277659,"highway":"residential","name":"돌곶이로25길"}},{"type":"Feature","id":"osm.way.380277661","geometry":{"type":"LineString","coordinates":[[127.054715,37.610459],[127.054773,37.610354],[127.05504,37.610447],[127.055359,37.610605]]},"properties":{"osm_id":380277661,"highway":"residential"}},{"type":"Feature","id":"osm.way.380277663","geometry":{"type":"LineString","coordinates":[[127.049974,37.610422],[127.049904,37.610653],[127.049836,37.610874],[127.049774,37.6111],[127.049708,37.611337]]},"properties":{"osm_id":380277663,"highway":"residential","name":"장월로8길"}},{"type":"Feature","id":"osm.way.380277665","geometry":{"type":"LineString","coordinates":[[127.047842,37.61033],[127.047988,37.610347],[127.048327,37.610397],[127.048388,37.610415],[127.048436,37.61043],[127.049089,37.610554]]},"properties":{"osm_id":380277665,"highway":"residential","name":"장월로"}},{"type":"Feature","id":"osm.way.380277666","geometry":{"type":"LineString","coordinates":[[127.050218,37.61047],[127.050297,37.610221],[127.050375,37.609971],[127.050448,37.609741],[127.050521,37.609509],[127.050597,37.609267]]},"properties":{"osm_id":380277666,"highway":"residential","name":"화랑로19가길"}},{"type":"Feature","id":"osm.way.380277667","geometry":{"type":"LineString","coordinates":[[127.056384,37.610555],[127.056326,37.610643],[127.056309,37.61067],[127.056346,37.61082],[127.056371,37.610934],[127.056641,37.611064],[127.0567,37.61114]]},"properties":{"osm_id":380277667,"highway":"residential","name":"화랑로"}},{"type":"Feature","id":"osm.way.380277668","geometry":{"type":"LineString","coordinates":[[127.049878,37.609183],[127.049869,37.609255],[127.049831,37.609379],[127.049759,37.609617],[127.049688,37.609851],[127.049617,37.610086]]},"properties":{"osm_id":380277668,"highway":"residential","name":"장월로4길"}},{"type":"Feature","id":"osm.way.380277669","geometry":{"type":"LineString","coordinates":[[127.048722,37.60965],[127.049021,37.609717],[127.049061,37.609725],[127.049688,37.609851],[127.050375,37.609971]]},"properties":{"osm_id":380277669,"highway":"residential","name":"화랑로19가길","oneway":"no"}},{"type":"Feature","id":"osm.way.380277672","geometry":{"type":"LineString","coordinates":[[127.053446,37.611347],[127.0535,37.611288],[127.053617,37.611193],[127.053725,37.611104],[127.053883,37.610975],[127.053894,37.610965]]},"properties":{"osm_id":380277672,"highway":"residential","name":"돌곶이로27길"}},{"type":"Feature","id":"osm.way.380277674","geometry":{"type":"LineString","coordinates":[[127.049467,37.611286],[127.049302,37.611865],[127.04926,37.612037],[127.049202,37.612153],[127.049111,37.61223],[127.048902,37.612276],[127.048783,37.612297]]},"properties":{"osm_id":380277674,"highway":"residential","name":"장월로10길"}},{"type":"Feature","id":"osm.way.380277677","geometry":{"type":"LineString","coordinates":[[127.048206,37.611038],[127.048574,37.610902],[127.048618,37.610895],[127.048664,37.610887],[127.049036,37.610729],[127.049089,37.610554],[127.049177,37.610263]]},"properties":{"osm_id":380277677,"highway":"residential","name":"장월로"}},{"type":"Feature","id":"osm.way.380277678","geometry":{"type":"LineString","coordinates":[[127.049495,37.610798],[127.049836,37.610874],[127.049877,37.610883],[127.051215,37.611143]]},"properties":{"osm_id":380277678,"highway":"residential","name":"장위로38길"}},{"type":"Feature","id":"osm.way.380277679","geometry":{"type":"LineString","coordinates":[[127.050901,37.610608],[127.050975,37.610348],[127.051047,37.610097],[127.051114,37.609864],[127.051157,37.609714],[127.051198,37.609677],[127.051618,37.60927],[127.051894,37.608987]]},"properties":{"osm_id":380277679,"highway":"residential","name":"화랑로19길"}},{"type":"Feature","id":"osm.way.380277681","geometry":{"type":"LineString","coordinates":[[127.056371,37.610934],[127.056147,37.611071],[127.055982,37.611141],[127.055961,37.611185]]},"properties":{"osm_id":380277681,"highway":"residential","name":"화랑로"}},{"type":"Feature","id":"osm.way.380277683","geometry":{"type":"LineString","coordinates":[[127.051438,37.610441],[127.050975,37.610348],[127.050297,37.610221]]},"properties":{"osm_id":380277683,"highway":"residential","name":"화랑로19가길"}},{"type":"Feature","id":"osm.way.380277685","geometry":{"type":"LineString","coordinates":[[127.054715,37.610459],[127.054604,37.610411],[127.054667,37.610302],[127.054508,37.610197],[127.054419,37.610099],[127.054272,37.61002],[127.053619,37.609672],[127.053839,37.609382],[127.053889,37.609374],[127.054068,37.609343]]},"properties":{"osm_id":380277685,"highway":"residential","name":"화랑로27길"}},{"type":"Feature","id":"osm.way.380285357","geometry":{"type":"LineString","coordinates":[[127.041412,37.613639],[127.042174,37.613483],[127.042271,37.613464],[127.042771,37.61334],[127.043119,37.613344]]},"properties":{"osm_id":380285357,"highway":"residential","name":"장위로16길"}},{"type":"Feature","id":"osm.way.380285359","geometry":{"type":"LineString","coordinates":[[127.043148,37.613921],[127.043128,37.613608],[127.043123,37.613542],[127.043119,37.613344],[127.043112,37.613063],[127.043109,37.612787],[127.043107,37.612512],[127.043101,37.612244],[127.043095,37.611979],[127.043086,37.611585]]},"properties":{"osm_id":380285359,"highway":"residential","name":"장위로20길"}},{"type":"Feature","id":"osm.way.380285361","geometry":{"type":"LineString","coordinates":[[127.045014,37.611695],[127.044972,37.611719],[127.044836,37.611961],[127.044771,37.612058],[127.044691,37.612207]]},"properties":{"osm_id":380285361,"highway":"residential","name":"장위로24길"}},{"type":"Feature","id":"osm.way.380285362","geometry":{"type":"LineString","coordinates":[[127.043597,37.611938],[127.043555,37.611962],[127.043095,37.611979]]},"properties":{"osm_id":380285362,"highway":"residential","name":"장위로20길"}},{"type":"Feature","id":"osm.way.380285363","geometry":{"type":"LineString","coordinates":[[127.040453,37.612975],[127.040503,37.612952],[127.041104,37.612836],[127.04115,37.612826],[127.041637,37.61273],[127.04235,37.61259],[127.042469,37.612573],[127.043107,37.612512]]},"properties":{"osm_id":380285363,"highway":"residential","name":"장위로16길"}},{"type":"Feature","id":"osm.way.380285364","geometry":{"type":"LineString","coordinates":[[127.047871,37.61115],[127.047489,37.610457],[127.047472,37.610414],[127.047428,37.610303],[127.04725,37.609973],[127.047039,37.609634],[127.046861,37.609321],[127.04677,37.609099],[127.046703,37.608907],[127.046694,37.60878],[127.046762,37.608611],[127.046931,37.608476],[127.047134,37.608405],[127.047313,37.608391]]},"properties":{"osm_id":380285364,"highway":"residential","name":"장월로5길"}},{"type":"Feature","id":"osm.way.380285366","geometry":{"type":"LineString","coordinates":[[127.04654,37.61385],[127.046581,37.613743],[127.046693,37.613532],[127.047055,37.61285],[127.04707,37.61282],[127.047489,37.612047]]},"properties":{"osm_id":380285366,"highway":"residential","name":"장위로28길"}},{"type":"Feature","id":"osm.way.380285367","geometry":{"type":"LineString","coordinates":[[127.042355,37.611384],[127.042289,37.611293],[127.042247,37.611186],[127.042239,37.61106],[127.042188,37.610827],[127.042122,37.610552],[127.042131,37.610486],[127.042093,37.610252],[127.042056,37.610167],[127.042016,37.610123],[127.041889,37.609846],[127.041867,37.609767],[127.041889,37.609674],[127.041898,37.609488],[127.04186,37.609315],[127.041796,37.60897],[127.041775,37.608822]]},"properties":{"osm_id":380285367,"highway":"track","name":"화랑로13길"}},{"type":"Feature","id":"osm.way.380285368","geometry":{"type":"LineString","coordinates":[[127.045373,37.60963],[127.045391,37.609766],[127.0455,37.610191],[127.045575,37.610692],[127.045686,37.611175],[127.045741,37.611228]]},"properties":{"osm_id":380285368,"highway":"residential","name":"장월로3길"}},{"type":"Feature","id":"osm.way.380285369","geometry":{"type":"LineString","coordinates":[[127.040564,37.613218],[127.041112,37.613113],[127.041239,37.613088],[127.041723,37.612994],[127.042373,37.612867],[127.042442,37.612862],[127.042812,37.612794],[127.043109,37.612787]]},"properties":{"osm_id":380285369,"highway":"residential","name":"장위로16길"}},{"type":"Feature","id":"osm.way.380285371","geometry":{"type":"LineString","coordinates":[[127.045014,37.611695],[127.045446,37.611684],[127.045603,37.611832],[127.045823,37.612039],[127.04603,37.612239],[127.046237,37.612438],[127.04627,37.612453],[127.046336,37.612483],[127.046448,37.612521],[127.046587,37.612553],[127.046669,37.612539],[127.046857,37.61243],[127.046964,37.612353],[127.047411,37.612075],[127.047489,37.612047],[127.047568,37.612047],[127.047922,37.612197],[127.048505,37.612457],[127.048877,37.612624]]},"properties":{"osm_id":380285371,"highway":"residential","name":"장월로11길"}},{"type":"Feature","id":"osm.way.380285372","geometry":{"type":"LineString","coordinates":[[127.045014,37.611695],[127.045039,37.611571]]},"properties":{"osm_id":380285372,"highway":"residential","name":"장월로3길"}},{"type":"Feature","id":"osm.way.380285373","geometry":{"type":"LineString","coordinates":[[127.047055,37.61285],[127.047412,37.612971]]},"properties":{"osm_id":380285373,"highway":"residential"}},{"type":"Feature","id":"osm.way.380285374","geometry":{"type":"LineString","coordinates":[[127.047303,37.61318],[127.048063,37.613111]]},"properties":{"osm_id":380285374,"highway":"residential","name":"장위로32길"}},{"type":"Feature","id":"osm.way.380285375","geometry":{"type":"LineString","coordinates":[[127.048129,37.612026],[127.047552,37.611768]]},"properties":{"osm_id":380285375,"highway":"residential","name":"장월로9길"}},{"type":"Feature","id":"osm.way.380285377","geometry":{"type":"LineString","coordinates":[[127.046867,37.611682],[127.04685,37.611639],[127.04672,37.611597],[127.046655,37.611449],[127.046558,37.611223],[127.046508,37.611231],[127.046418,37.611229],[127.046375,37.610569]]},"properties":{"osm_id":380285377,"highway":"residential","name":"장월로9나길"}},{"type":"Feature","id":"osm.way.380285381","geometry":{"type":"LineString","coordinates":[[127.045603,37.611832],[127.045888,37.61165]]},"properties":{"osm_id":380285381,"highway":"residential","name":"장월로11길"}},{"type":"Feature","id":"osm.way.380285383","geometry":{"type":"LineString","coordinates":[[127.047454,37.61289],[127.048018,37.612839]]},"properties":{"osm_id":380285383,"highway":"residential","name":"장위로32길"}},{"type":"Feature","id":"osm.way.380285388","geometry":{"type":"LineString","coordinates":[[127.04469,37.612426],[127.045067,37.612195]]},"properties":{"osm_id":380285388,"highway":"residential","name":"장위로24길"}},{"type":"Feature","id":"osm.way.380285390","geometry":{"type":"LineString","coordinates":[[127.040694,37.613678],[127.040671,37.61347],[127.040564,37.613218],[127.040453,37.612975],[127.040443,37.612925],[127.040488,37.612656],[127.041116,37.612538],[127.041173,37.612545],[127.04126,37.612542],[127.04156,37.612478],[127.041705,37.612448],[127.0422,37.612352],[127.042282,37.612335],[127.042379,37.612315],[127.04274,37.612271],[127.043025,37.61225],[127.043101,37.612244],[127.043483,37.612237],[127.043831,37.61224],[127.043894,37.612199]]},"properties":{"osm_id":380285390,"highway":"residential","name":"장위로16길"}},{"type":"Feature","id":"osm.way.380285392","geometry":{"type":"LineString","coordinates":[[127.046857,37.61243],[127.046862,37.612495],[127.046633,37.612903],[127.046491,37.613146],[127.046116,37.613033],[127.045636,37.613037]]},"properties":{"osm_id":380285392,"highway":"residential","name":"장위로26길"}},{"type":"Feature","id":"osm.way.380285394","geometry":{"type":"LineString","coordinates":[[127.046418,37.611229],[127.046282,37.611225],[127.046128,37.611214],[127.046022,37.611206],[127.045821,37.611216],[127.045741,37.611228]]},"properties":{"osm_id":380285394,"highway":"residential"}},{"type":"Feature","id":"osm.way.380285395","geometry":{"type":"LineString","coordinates":[[127.04347,37.611822],[127.0433,37.61166],[127.04322,37.6116],[127.043086,37.611585]]},"properties":{"osm_id":380285395,"highway":"residential","name":"장위로16길"}},{"type":"Feature","id":"osm.way.380285396","geometry":{"type":"LineString","coordinates":[[127.045502,37.611328],[127.045348,37.611201],[127.045104,37.611033],[127.044892,37.610913],[127.044484,37.610493],[127.044397,37.610477],[127.044285,37.610508],[127.044116,37.6106],[127.043974,37.610606],[127.043914,37.610558],[127.043877,37.610471],[127.043804,37.610407],[127.043758,37.610369],[127.043658,37.610365],[127.043603,37.610247],[127.043532,37.610246],[127.04314,37.610345]]},"properties":{"osm_id":380285396,"highway":"footway","name":"장월로3길"}},{"type":"Feature","id":"osm.way.380285399","geometry":{"type":"LineString","coordinates":[[127.043597,37.611938],[127.044812,37.611923],[127.044836,37.611961]]},"properties":{"osm_id":380285399,"highway":"residential","name":"장위로24길"}},{"type":"Feature","id":"osm.way.380285409","geometry":{"type":"LineString","coordinates":[[127.046207,37.611788],[127.046418,37.611996],[127.046632,37.612208],[127.046857,37.61243]]},"properties":{"osm_id":380285409,"highway":"residential","name":"장월로11길"}},{"type":"Feature","id":"osm.way.380285413","geometry":{"type":"LineString","coordinates":[[127.04603,37.612239],[127.046418,37.611996],[127.046854,37.611715],[127.046867,37.611682]]},"properties":{"osm_id":380285413,"highway":"residential","name":"장월로11길"}},{"type":"Feature","id":"osm.way.380285418","geometry":{"type":"LineString","coordinates":[[127.042087,37.613209],[127.042174,37.613483],[127.042259,37.613749],[127.04234,37.61405]]},"properties":{"osm_id":380285418,"highway":"residential","name":"장위로"}},{"type":"Feature","id":"osm.way.380285420","geometry":{"type":"LineString","coordinates":[[127.046128,37.611214],[127.046146,37.611089],[127.046041,37.610911],[127.045996,37.610776],[127.045988,37.610663]]},"properties":{"osm_id":380285420,"highway":"residential"}},{"type":"Feature","id":"osm.way.380285421","geometry":{"type":"LineString","coordinates":[[127.04627,37.612453],[127.046344,37.612378],[127.046632,37.612208],[127.047356,37.611732],[127.047367,37.611673]]},"properties":{"osm_id":380285421,"highway":"residential","name":"장월로11길"}},{"type":"Feature","id":"osm.way.380285424","geometry":{"type":"LineString","coordinates":[[127.047719,37.611404],[127.047679,37.611371],[127.047158,37.610454],[127.046875,37.610529]]},"properties":{"osm_id":380285424,"highway":"residential","name":"장월로9길"}},{"type":"Feature","id":"osm.way.380285425","geometry":{"type":"LineString","coordinates":[[127.048505,37.612457],[127.048638,37.613294],[127.048614,37.613321],[127.048107,37.613371],[127.047149,37.613477]]},"properties":{"osm_id":380285425,"highway":"residential","name":"장월로11길"}},{"type":"Feature","id":"osm.way.380285426","geometry":{"type":"LineString","coordinates":[[127.042515,37.613127],[127.042442,37.612862],[127.04235,37.61259],[127.042282,37.612335],[127.0422,37.612065]]},"properties":{"osm_id":380285426,"highway":"residential"}},{"type":"Feature","id":"osm.way.380285430","geometry":{"type":"LineString","coordinates":[[127.048158,37.613677],[127.048107,37.613371],[127.048063,37.613111],[127.048018,37.612839],[127.04797,37.612551],[127.047922,37.612197]]},"properties":{"osm_id":380285430,"highway":"residential","name":"장위로32길"}},{"type":"Feature","id":"osm.way.380285433","geometry":{"type":"LineString","coordinates":[[127.046092,37.612757],[127.046023,37.612706],[127.045651,37.612353],[127.045526,37.61223],[127.045033,37.611748],[127.045014,37.611695]]},"properties":{"osm_id":380285433,"highway":"residential","name":"장위로24길"}},{"type":"Feature","id":"osm.way.380285436","geometry":{"type":"LineString","coordinates":[[127.044691,37.612207],[127.043894,37.612199]]},"properties":{"osm_id":380285436,"highway":"residential","name":"장위로24길"}},{"type":"Feature","id":"osm.way.380285437","geometry":{"type":"LineString","coordinates":[[127.043922,37.613917],[127.043922,37.613608],[127.043917,37.613341],[127.043911,37.613055],[127.043903,37.612779],[127.043901,37.612507],[127.043894,37.612199]]},"properties":{"osm_id":380285437,"highway":"residential","name":"장위로22길"}},{"type":"Feature","id":"osm.way.380285438","geometry":{"type":"LineString","coordinates":[[127.0447,37.612769],[127.045269,37.6124]]},"properties":{"osm_id":380285438,"highway":"residential","name":"장위로24길"}},{"type":"Feature","id":"osm.way.380285442","geometry":{"type":"LineString","coordinates":[[127.046726,37.610873],[127.046868,37.611127],[127.047111,37.611562],[127.047194,37.611607],[127.047311,37.611615],[127.047485,37.611618],[127.047606,37.611643]]},"properties":{"osm_id":380285442,"highway":"residential","name":"장월로9가길"}},{"type":"Feature","id":"osm.way.380285447","geometry":{"type":"LineString","coordinates":[[127.04698,37.613801],[127.047149,37.613477],[127.047303,37.61318],[127.047412,37.612971],[127.047454,37.61289],[127.047599,37.612612],[127.047699,37.612585],[127.04797,37.612551]]},"properties":{"osm_id":380285447,"highway":"residential","name":"장위로30길"}},{"type":"Feature","id":"osm.way.380285450","geometry":{"type":"LineString","coordinates":[[127.045662,37.613892],[127.045659,37.613585],[127.045648,37.613316],[127.045636,37.613037],[127.045625,37.612761],[127.045269,37.6124],[127.045067,37.612195],[127.044836,37.611961]]},"properties":{"osm_id":380285450,"highway":"residential","name":"장위로26길"}},{"type":"Feature","id":"osm.way.380285452","geometry":{"type":"LineString","coordinates":[[127.046957,37.610012],[127.047068,37.610112],[127.04718,37.610141],[127.047259,37.610192],[127.047363,37.610327],[127.047472,37.610414]]},"properties":{"osm_id":380285452,"highway":"residential","name":"장월로5길"}},{"type":"Feature","id":"osm.way.380291616","geometry":{"type":"LineString","coordinates":[[127.043733,37.615332],[127.043748,37.615288],[127.04366,37.615002],[127.043644,37.614978],[127.043629,37.614955],[127.043513,37.614601]]},"properties":{"osm_id":380291616,"highway":"residential","name":"장위로19길"}},{"type":"Feature","id":"osm.way.380291617","geometry":{"type":"LineString","coordinates":[[127.041219,37.61574],[127.042082,37.616284],[127.042228,37.616376],[127.04284,37.616762],[127.042999,37.616851],[127.043612,37.617196],[127.043655,37.617217],[127.04422,37.6175],[127.044315,37.617547],[127.044975,37.617878]]},"properties":{"osm_id":380291617,"highway":"residential","name":"장위로11가길"}},{"type":"Feature","id":"osm.way.380291618","geometry":{"type":"LineString","coordinates":[[127.045421,37.615542],[127.045357,37.615519],[127.044931,37.615494],[127.044521,37.615519]]},"properties":{"osm_id":380291618,"highway":"residential","name":"장위로21나길"}},{"type":"Feature","id":"osm.way.380291619","geometry":{"type":"LineString","coordinates":[[127.046221,37.618686],[127.045991,37.61868],[127.045743,37.618744],[127.045554,37.618775],[127.045341,37.618769],[127.045232,37.61878],[127.045079,37.618796],[127.044642,37.61879],[127.044473,37.618764],[127.0443,37.618639],[127.04415,37.618631],[127.043948,37.618711]]},"properties":{"osm_id":380291619,"highway":"residential","name":"월계로32길"}},{"type":"Feature","id":"osm.way.380291620","geometry":{"type":"LineString","coordinates":[[127.042316,37.617109],[127.042366,37.617134],[127.042556,37.617214],[127.042715,37.617326],[127.042805,37.617417],[127.04311,37.617578],[127.043307,37.617682],[127.043371,37.617715],[127.043898,37.617993],[127.044134,37.618111],[127.044278,37.618184],[127.04461,37.618346],[127.044979,37.61841],[127.045791,37.618579]]},"properties":{"osm_id":380291620,"highway":"residential","name":"돌곶이로41가길"}},{"type":"Feature","id":"osm.way.380291621","geometry":{"type":"LineString","coordinates":[[127.04762,37.61373],[127.047616,37.614005],[127.047614,37.614093],[127.047604,37.61426],[127.047597,37.614381],[127.047593,37.614535],[127.047591,37.614659],[127.047587,37.614827],[127.047557,37.615064],[127.047503,37.615362],[127.047514,37.615461],[127.047544,37.615546],[127.047569,37.615603],[127.047573,37.615611]]},"properties":{"osm_id":380291621,"highway":"residential","name":"장위로31길"}},{"type":"Feature","id":"osm.way.380291622","geometry":{"type":"LineString","coordinates":[[127.044966,37.617553],[127.044478,37.617287],[127.04442,37.617258],[127.044291,37.617193],[127.043881,37.616986],[127.043638,37.616863],[127.043368,37.616727],[127.043201,37.616634],[127.043011,37.61653],[127.042969,37.616503],[127.04244,37.616169],[127.042355,37.616115],[127.042267,37.61606],[127.04191,37.615817],[127.041842,37.615682]]},"properties":{"osm_id":380291622,"highway":"residential","name":"장위로13길"}},{"type":"Feature","id":"osm.way.380291623","geometry":{"type":"LineString","coordinates":[[127.046873,37.617193],[127.04674,37.617249],[127.046568,37.617347],[127.04642,37.617472],[127.046288,37.617604],[127.046245,37.617656],[127.046206,37.61774],[127.046081,37.617939],[127.046061,37.617984],[127.046026,37.618065],[127.045967,37.618304],[127.045816,37.618537],[127.045791,37.618579],[127.045743,37.61866],[127.045743,37.618744]]},"properties":{"osm_id":380291623,"highway":"residential","name":"돌곶이로41길"}},{"type":"Feature","id":"osm.way.380291624","geometry":{"type":"LineString","coordinates":[[127.041096,37.615721],[127.041127,37.615818],[127.04133,37.616164],[127.04135,37.616185],[127.04139,37.616227],[127.041848,37.616512],[127.042447,37.616883],[127.042503,37.616917],[127.042625,37.61699],[127.042793,37.61709],[127.043454,37.61744],[127.043531,37.617481],[127.044119,37.617782],[127.044326,37.617888],[127.044921,37.618194],[127.044988,37.618217]]},"properties":{"osm_id":380291624,"highway":"residential","name":"장위로11길"}},{"type":"Feature","id":"osm.way.380291625","geometry":{"type":"LineString","coordinates":[[127.045904,37.61759],[127.045938,37.617521],[127.046146,37.617386],[127.046379,37.617258],[127.046622,37.617125],[127.046807,37.617027],[127.046895,37.61698],[127.04707,37.616877],[127.047105,37.616855],[127.047226,37.616779],[127.047342,37.616711],[127.047512,37.616612],[127.047755,37.61646],[127.048111,37.616238],[127.048176,37.616197],[127.048214,37.616178],[127.04835,37.616107],[127.04856,37.616024]]},"properties":{"osm_id":380291625,"highway":"residential","name":"장월로23길"}},{"type":"Feature","id":"osm.way.380291626","geometry":{"type":"LineString","coordinates":[[127.04582,37.617556],[127.04582,37.617451],[127.045649,37.616816],[127.045598,37.616756],[127.045523,37.616669],[127.045276,37.616379],[127.04508,37.616157],[127.04478,37.615815],[127.044566,37.615572],[127.044521,37.615519],[127.044467,37.615457],[127.04432,37.615211],[127.044212,37.614897],[127.044203,37.614859],[127.044183,37.61478],[127.044124,37.614542],[127.044118,37.614497]]},"properties":{"osm_id":380291626,"highway":"residential","name":"장위로21나길"}},{"type":"Feature","id":"osm.way.380291627","geometry":{"type":"LineString","coordinates":[[127.042354,37.614555],[127.042551,37.614472],[127.043033,37.614364],[127.043072,37.614363],[127.043115,37.614361],[127.043656,37.614234],[127.043767,37.614223],[127.044211,37.614215],[127.044856,37.614203],[127.045418,37.614193],[127.045477,37.614193],[127.045908,37.614197],[127.045965,37.614195],[127.046022,37.614194],[127.046438,37.614166],[127.046907,37.614121],[127.046954,37.614103],[127.047008,37.614083],[127.047614,37.614093]]},"properties":{"osm_id":380291627,"highway":"residential","name":"장위로21가길"}},{"type":"Feature","id":"osm.way.380291628","geometry":{"type":"LineString","coordinates":[[127.047589,37.617314],[127.047865,37.617148]]},"properties":{"osm_id":380291628,"highway":"residential","name":"돌곶이로37길"}},{"type":"Feature","id":"osm.way.380291629","geometry":{"type":"LineString","coordinates":[[127.045107,37.616836],[127.045427,37.616922]]},"properties":{"osm_id":380291629,"highway":"residential","name":"장위로15길"}},{"type":"Feature","id":"osm.way.380291630","geometry":{"type":"LineString","coordinates":[[127.047587,37.614827],[127.048449,37.614785]]},"properties":{"osm_id":380291630,"highway":"residential","name":"장월로"}},{"type":"Feature","id":"osm.way.380291631","geometry":{"type":"LineString","coordinates":[[127.044134,37.618111],[127.044326,37.617888]]},"properties":{"osm_id":380291631,"highway":"residential","name":"돌곶이로41가길"}},{"type":"Feature","id":"osm.way.380291632","geometry":{"type":"LineString","coordinates":[[127.047253,37.614869],[127.047251,37.614648]]},"properties":{"osm_id":380291632,"highway":"residential","name":"장월로17길"}},{"type":"Feature","id":"osm.way.380291633","geometry":{"type":"LineString","coordinates":[[127.047593,37.614535],[127.048579,37.614513]]},"properties":{"osm_id":380291633,"highway":"residential","name":"장월로"}},{"type":"Feature","id":"osm.way.380291634","geometry":{"type":"LineString","coordinates":[[127.043732,37.616182],[127.04366,37.615919]]},"properties":{"osm_id":380291634,"highway":"residential","name":"장위로15길"}},{"type":"Feature","id":"osm.way.380291635","geometry":{"type":"LineString","coordinates":[[127.042625,37.61699],[127.04284,37.616762]]},"properties":{"osm_id":380291635,"highway":"residential"}},{"type":"Feature","id":"osm.way.380291636","geometry":{"type":"LineString","coordinates":[[127.044801,37.616687],[127.045135,37.61676]]},"properties":{"osm_id":380291636,"highway":"residential","name":"장위로15길"}},{"type":"Feature","id":"osm.way.380291637","geometry":{"type":"LineString","coordinates":[[127.047325,37.616023],[127.04759,37.615876]]},"properties":{"osm_id":380291637,"highway":"residential","name":"장월로23길"}},{"type":"Feature","id":"osm.way.380291638","geometry":{"type":"LineString","coordinates":[[127.044119,37.617782],[127.044315,37.617547]]},"properties":{"osm_id":380291638,"highway":"residential","name":"장위로11길"}},{"type":"Feature","id":"osm.way.380291640","geometry":{"type":"LineString","coordinates":[[127.044241,37.616247],[127.044588,37.616332]]},"properties":{"osm_id":380291640,"highway":"residential","name":"장위로15길"}},{"type":"Feature","id":"osm.way.380291641","geometry":{"type":"LineString","coordinates":[[127.042228,37.616376],[127.04244,37.616169]]},"properties":{"osm_id":380291641,"highway":"residential","name":"장위로13길"}},{"type":"Feature","id":"osm.way.380291642","geometry":{"type":"LineString","coordinates":[[127.047294,37.617003],[127.047618,37.61679]]},"properties":{"osm_id":380291642,"highway":"residential","name":"돌곶이로37길"}},{"type":"Feature","id":"osm.way.380291643","geometry":{"type":"LineString","coordinates":[[127.044291,37.617193],[127.044482,37.616957]]},"properties":{"osm_id":380291643,"highway":"residential","name":"장위로15길"}},{"type":"Feature","id":"osm.way.380291645","geometry":{"type":"LineString","coordinates":[[127.04316,37.615738],[127.043071,37.615468]]},"properties":{"osm_id":380291645,"highway":"residential","name":"장위로15길"}},{"type":"Feature","id":"osm.way.380291646","geometry":{"type":"LineString","coordinates":[[127.043762,37.616587],[127.043915,37.616143]]},"properties":{"osm_id":380291646,"highway":"residential","name":"장위로15길"}},{"type":"Feature","id":"osm.way.380291649","geometry":{"type":"LineString","coordinates":[[127.044211,37.614215],[127.044212,37.613912]]},"properties":{"osm_id":380291649,"highway":"residential","name":"장위로"}},{"type":"Feature","id":"osm.way.380291651","geometry":{"type":"LineString","coordinates":[[127.044558,37.616413],[127.044875,37.616491]]},"properties":{"osm_id":380291651,"highway":"residential","name":"장위로15길"}},{"type":"Feature","id":"osm.way.380291654","geometry":{"type":"LineString","coordinates":[[127.042217,37.614436],[127.042053,37.614102]]},"properties":{"osm_id":380291654,"highway":"residential","name":"장위로"}},{"type":"Feature","id":"osm.way.380291656","geometry":{"type":"LineString","coordinates":[[127.041848,37.616512],[127.042082,37.616284]]},"properties":{"osm_id":380291656,"highway":"residential"}},{"type":"Feature","id":"osm.way.380291657","geometry":{"type":"LineString","coordinates":[[127.047201,37.616504],[127.047373,37.616419]]},"properties":{"osm_id":380291657,"highway":"residential"}},{"type":"Feature","id":"osm.way.380291660","geometry":{"type":"LineString","coordinates":[[127.045934,37.61649],[127.045865,37.616174]]},"properties":{"osm_id":380291660,"highway":"residential","name":"장위로21다길"}},{"type":"Feature","id":"osm.way.380291662","geometry":{"type":"LineString","coordinates":[[127.042999,37.616851],[127.043201,37.616634]]},"properties":{"osm_id":380291662,"highway":"residential","name":"장위로11가길"}},{"type":"Feature","id":"osm.way.380291663","geometry":{"type":"LineString","coordinates":[[127.04305,37.618],[127.043307,37.617682]]},"properties":{"osm_id":380291663,"highway":"residential","name":"월계로"}},{"type":"Feature","id":"osm.way.380291665","geometry":{"type":"LineString","coordinates":[[127.04422,37.6175],[127.04442,37.617258]]},"properties":{"osm_id":380291665,"highway":"residential","name":"장위로13길"}},{"type":"Feature","id":"osm.way.380291666","geometry":{"type":"LineString","coordinates":[[127.043638,37.616863],[127.043837,37.616626]]},"properties":{"osm_id":380291666,"highway":"residential","name":"장위로15길"}},{"type":"Feature","id":"osm.way.380291667","geometry":{"type":"LineString","coordinates":[[127.040237,37.614299],[127.040397,37.614611],[127.040598,37.614948],[127.040879,37.61542],[127.040985,37.615597],[127.041056,37.615699],[127.041096,37.615721],[127.041144,37.615746],[127.041219,37.61574],[127.041472,37.615718],[127.041509,37.615714],[127.041842,37.615682],[127.041983,37.615669],[127.042222,37.615642]]},"properties":{"osm_id":380291667,"highway":"residential","name":"장위로11길"}},{"type":"Feature","id":"osm.way.380291669","geometry":{"type":"LineString","coordinates":[[127.047284,37.618036],[127.047198,37.617968],[127.046953,37.617473],[127.046892,37.617275],[127.046873,37.617193],[127.046849,37.617091],[127.046807,37.617027]]},"properties":{"osm_id":380291669,"highway":"residential","name":"돌곶이로39길"}},{"type":"Feature","id":"osm.way.380291671","geometry":{"type":"LineString","coordinates":[[127.044124,37.618372],[127.044506,37.618575],[127.044931,37.618657],[127.044977,37.618454],[127.044979,37.61841]]},"properties":{"osm_id":380291671,"highway":"residential","name":"돌곶이로41가길"}},{"type":"Feature","id":"osm.way.380291673","geometry":{"type":"LineString","coordinates":[[127.04134,37.61423],[127.041384,37.61432],[127.041714,37.614858],[127.041832,37.615052],[127.042169,37.615601],[127.042222,37.615642],[127.042285,37.615691],[127.042583,37.615883],[127.042893,37.616082],[127.043216,37.61629],[127.043336,37.616366],[127.043762,37.616587],[127.043837,37.616626],[127.043987,37.616704],[127.044064,37.616743]]},"properties":{"osm_id":380291673,"highway":"residential","name":"장위로15길"}},{"type":"Feature","id":"osm.way.380291674","geometry":{"type":"LineString","coordinates":[[127.044855,37.614491],[127.044856,37.614203],[127.044853,37.613903]]},"properties":{"osm_id":380291674,"highway":"residential","name":"장위로"}},{"type":"Feature","id":"osm.way.380291675","geometry":{"type":"LineString","coordinates":[[127.04669,37.616214],[127.046698,37.616322],[127.047105,37.616855]]},"properties":{"osm_id":380291675,"highway":"residential","name":"장월로23길"}},{"type":"Feature","id":"osm.way.380291676","geometry":{"type":"LineString","coordinates":[[127.045272,37.617335],[127.045427,37.616922],[127.045523,37.616669]]},"properties":{"osm_id":380291676,"highway":"residential","name":"장위로15길"}},{"type":"Feature","id":"osm.way.380291678","geometry":{"type":"LineString","coordinates":[[127.047503,37.615362],[127.048266,37.615331],[127.048354,37.615314]]},"properties":{"osm_id":380291678,"highway":"residential","name":"장월로"}},{"type":"Feature","id":"osm.way.380291679","geometry":{"type":"LineString","coordinates":[[127.043162,37.614671],[127.043072,37.614363],[127.042953,37.613952]]},"properties":{"osm_id":380291679,"highway":"residential","name":"장위로19길"}},{"type":"Feature","id":"osm.way.380291680","geometry":{"type":"LineString","coordinates":[[127.047109,37.616368],[127.047201,37.616504],[127.047342,37.616711]]},"properties":{"osm_id":380291680,"highway":"residential","name":"장월로23길"}},{"type":"Feature","id":"osm.way.380291682","geometry":{"type":"LineString","coordinates":[[127.047616,37.614005],[127.048748,37.61397],[127.048835,37.613953]]},"properties":{"osm_id":380291682,"highway":"residential","name":"장월로"}},{"type":"Feature","id":"osm.way.380291683","geometry":{"type":"LineString","coordinates":[[127.046826,37.615776],[127.046899,37.615702],[127.047051,37.615396]]},"properties":{"osm_id":380291683,"highway":"residential","name":"장월로21길"}},{"type":"Feature","id":"osm.way.380291685","geometry":{"type":"LineString","coordinates":[[127.042085,37.61733],[127.042316,37.617109],[127.042503,37.616917]]},"properties":{"osm_id":380291685,"highway":"residential","name":"월계로"}},{"type":"Feature","id":"osm.way.380291687","geometry":{"type":"LineString","coordinates":[[127.042985,37.615254],[127.042919,37.615003],[127.043163,37.614943]]},"properties":{"osm_id":380291687,"highway":"residential","name":"장위로19길"}},{"type":"Feature","id":"osm.way.380291688","geometry":{"type":"LineString","coordinates":[[127.042882,37.614727],[127.04308,37.614687],[127.043162,37.614671],[127.043513,37.614601],[127.044027,37.614499],[127.044118,37.614497],[127.044213,37.6145],[127.044791,37.614493],[127.044855,37.614491],[127.044995,37.614488],[127.045101,37.614505],[127.045418,37.614598],[127.045485,37.614612],[127.045538,37.614623],[127.045883,37.614727],[127.045928,37.614764],[127.045988,37.614812],[127.04607,37.614919],[127.046098,37.614977],[127.046121,37.615025],[127.046193,37.615232],[127.046276,37.615382],[127.046402,37.615492],[127.046761,37.615708],[127.046826,37.615776],[127.046831,37.615782]]},"properties":{"osm_id":380291688,"highway":"residential","name":"장위로21길"}},{"type":"Feature","id":"osm.way.380291690","geometry":{"type":"LineString","coordinates":[[127.045421,37.615542],[127.045486,37.61555],[127.045775,37.615485],[127.045968,37.615441]]},"properties":{"osm_id":380291690,"highway":"residential","name":"장위로21다길"}},{"type":"Feature","id":"osm.way.380291691","geometry":{"type":"LineString","coordinates":[[127.044183,37.61478],[127.044615,37.614761],[127.045042,37.614752],[127.045086,37.614725]]},"properties":{"osm_id":380291691,"highway":"residential","name":"장위로21다길"}},{"type":"Feature","id":"osm.way.380291692","geometry":{"type":"LineString","coordinates":[[127.042565,37.615573],[127.042171,37.614941],[127.041726,37.614219],[127.04171,37.614163]]},"properties":{"osm_id":380291692,"highway":"residential","name":"장위로17길"}},{"type":"Feature","id":"osm.way.380291694","geometry":{"type":"LineString","coordinates":[[127.043655,37.617217],[127.043712,37.617188],[127.043881,37.616986]]},"properties":{"osm_id":380291694,"highway":"residential","name":"장위로11가길"}},{"type":"Feature","id":"osm.way.380291695","geometry":{"type":"LineString","coordinates":[[127.045485,37.614612],[127.045477,37.614193],[127.045469,37.613913],[127.045467,37.613895]]},"properties":{"osm_id":380291695,"highway":"residential","name":"장위로"}},{"type":"Feature","id":"osm.way.380291696","geometry":{"type":"LineString","coordinates":[[127.047173,37.615931],[127.047325,37.616023],[127.047363,37.616046],[127.047755,37.61646]]},"properties":{"osm_id":380291696,"highway":"residential","name":"장월로23길"}},{"type":"Feature","id":"osm.way.380291697","geometry":{"type":"LineString","coordinates":[[127.044376,37.616903],[127.044558,37.616413],[127.044588,37.616332],[127.04478,37.615815]]},"properties":{"osm_id":380291697,"highway":"residential","name":"장위로15길"}},{"type":"Feature","id":"osm.way.380291699","geometry":{"type":"LineString","coordinates":[[127.046625,37.615249],[127.047051,37.615396],[127.047496,37.615541],[127.047544,37.615546]]},"properties":{"osm_id":380291699,"highway":"residential","name":"장월로21길"}},{"type":"Feature","id":"osm.way.380291700","geometry":{"type":"LineString","coordinates":[[127.042893,37.616082],[127.04366,37.615919],[127.043792,37.615891],[127.044414,37.615759]]},"properties":{"osm_id":380291700,"highway":"residential","name":"장위로15길"}},{"type":"Feature","id":"osm.way.380291701","geometry":{"type":"LineString","coordinates":[[127.045775,37.615485],[127.045896,37.615758]]},"properties":{"osm_id":380291701,"highway":"residential","name":"장위로21다길"}},{"type":"Feature","id":"osm.way.380291703","geometry":{"type":"LineString","coordinates":[[127.044278,37.618184],[127.044124,37.618372],[127.044012,37.618522],[127.043948,37.618711]]},"properties":{"osm_id":380291703,"highway":"residential","name":"월계로"}},{"type":"Feature","id":"osm.way.380291705","geometry":{"type":"LineString","coordinates":[[127.04308,37.614687],[127.043163,37.614943],[127.043209,37.615086],[127.043644,37.614978],[127.044203,37.614859]]},"properties":{"osm_id":380291705,"highway":"residential","name":"장위로19길"}},{"type":"Feature","id":"osm.way.380291707","geometry":{"type":"LineString","coordinates":[[127.049096,37.616929],[127.048796,37.61663],[127.04897,37.616536],[127.04905,37.61651]]},"properties":{"osm_id":380291707,"highway":"residential"}},{"type":"Feature","id":"osm.way.380291708","geometry":{"type":"LineString","coordinates":[[127.044665,37.617051],[127.044801,37.616687],[127.044875,37.616491],[127.044988,37.616188],[127.04508,37.616157]]},"properties":{"osm_id":380291708,"highway":"residential","name":"장위로15길"}},{"type":"Feature","id":"osm.way.380291709","geometry":{"type":"LineString","coordinates":[[127.047604,37.61426],[127.047651,37.614267],[127.048188,37.614242],[127.048596,37.614241],[127.04869,37.61425]]},"properties":{"osm_id":380291709,"highway":"residential","name":"장월로"}},{"type":"Feature","id":"osm.way.380291711","geometry":{"type":"LineString","coordinates":[[127.04455,37.61934],[127.044711,37.619235],[127.044962,37.619048],[127.04516,37.618868],[127.045232,37.61878]]},"properties":{"osm_id":380291711,"highway":"residential","name":"월계로"}},{"type":"Feature","id":"osm.way.380291712","geometry":{"type":"LineString","coordinates":[[127.045422,37.616024],[127.045363,37.615989],[127.044931,37.615494],[127.044904,37.615461],[127.044615,37.614761]]},"properties":{"osm_id":380291712,"highway":"residential","name":"장위로21다길"}},{"type":"Feature","id":"osm.way.380291714","geometry":{"type":"LineString","coordinates":[[127.041832,37.615052],[127.041889,37.615043],[127.042171,37.614941]]},"properties":{"osm_id":380291714,"highway":"residential","name":"장위로15길"}},{"type":"Feature","id":"osm.way.380291715","geometry":{"type":"LineString","coordinates":[[127.045928,37.614764],[127.045983,37.614682],[127.045975,37.614469],[127.045965,37.614195],[127.045957,37.613882]]},"properties":{"osm_id":380291715,"highway":"residential","name":"장위로"}},{"type":"Feature","id":"osm.way.380291717","geometry":{"type":"LineString","coordinates":[[127.042969,37.616503],[127.043157,37.616308],[127.043216,37.61629],[127.043732,37.616182],[127.043915,37.616143],[127.044307,37.616061]]},"properties":{"osm_id":380291717,"highway":"residential","name":"장위로15길"}},{"type":"Feature","id":"osm.way.380291718","geometry":{"type":"LineString","coordinates":[[127.047591,37.614659],[127.047251,37.614648],[127.046854,37.614634],[127.046773,37.614668],[127.046001,37.614744],[127.045928,37.614764]]},"properties":{"osm_id":380291718,"highway":"residential","name":"장위로31길"}},{"type":"Feature","id":"osm.way.380291720","geometry":{"type":"LineString","coordinates":[[127.047911,37.617653],[127.047589,37.617314],[127.047294,37.617003],[127.0472,37.616905]]},"properties":{"osm_id":380291720,"highway":"residential","name":"돌곶이로"}},{"type":"Feature","id":"osm.way.380291721","geometry":{"type":"LineString","coordinates":[[127.045975,37.614469],[127.046225,37.614456],[127.046903,37.614385],[127.046939,37.614365]]},"properties":{"osm_id":380291721,"highway":"residential","name":"장위로29길"}},{"type":"Feature","id":"osm.way.380291724","geometry":{"type":"LineString","coordinates":[[127.045976,37.616712],[127.045846,37.616643],[127.045783,37.616582],[127.045779,37.616531],[127.045934,37.61649],[127.046357,37.616378]]},"properties":{"osm_id":380291724,"highway":"residential","name":"장위로21다길"}},{"type":"Feature","id":"osm.way.380291726","geometry":{"type":"LineString","coordinates":[[127.042355,37.616115],[127.042583,37.615883],[127.04266,37.615846],[127.04316,37.615738],[127.043713,37.615619],[127.044467,37.615457]]},"properties":{"osm_id":380291726,"highway":"residential","name":"장위로15길"}},{"type":"Feature","id":"osm.way.380291731","geometry":{"type":"LineString","coordinates":[[127.046125,37.616802],[127.046261,37.616776],[127.046295,37.616844],[127.046328,37.616939],[127.046307,37.616999],[127.046305,37.61706],[127.046379,37.617258]]},"properties":{"osm_id":380291731,"highway":"residential","name":"장월로23길"}},{"type":"Feature","id":"osm.way.380291732","geometry":{"type":"LineString","coordinates":[[127.046695,37.614948],[127.046803,37.614708],[127.046854,37.614634],[127.046879,37.614597],[127.046939,37.614365],[127.046954,37.614103],[127.04698,37.613801]]},"properties":{"osm_id":380291732,"highway":"residential","name":"장위로29길"}},{"type":"Feature","id":"osm.way.380291733","geometry":{"type":"LineString","coordinates":[[127.044118,37.614497],[127.04405,37.614468],[127.04382,37.614333],[127.043656,37.614234],[127.043615,37.614209],[127.043307,37.614051],[127.043148,37.613921]]},"properties":{"osm_id":380291733,"highway":"residential","name":"장위로21길"}},{"type":"Feature","id":"osm.way.380291735","geometry":{"type":"LineString","coordinates":[[127.045519,37.617434],[127.045404,37.617625],[127.045297,37.617764],[127.045266,37.617891],[127.045297,37.618116],[127.045523,37.618114]]},"properties":{"osm_id":380291735,"highway":"residential"}},{"type":"Feature","id":"osm.way.380291736","geometry":{"type":"LineString","coordinates":[[127.046173,37.615822],[127.046754,37.615795],[127.046831,37.615782]]},"properties":{"osm_id":380291736,"highway":"residential","name":"장위로31길"}},{"type":"Feature","id":"osm.way.380301047","geometry":{"type":"LineString","coordinates":[[127.061448,37.620306],[127.061385,37.620367],[127.061277,37.620679],[127.061322,37.62074],[127.061383,37.620787],[127.061767,37.620903],[127.061897,37.620893],[127.062399,37.620789],[127.062451,37.620638],[127.062475,37.620578]]},"properties":{"osm_id":380301047,"highway":"residential","name":"석계로13길"}},{"type":"Feature","id":"osm.way.380301048","geometry":{"type":"LineString","coordinates":[[127.058803,37.62176],[127.058818,37.621835],[127.057954,37.622452],[127.057919,37.622482]]},"properties":{"osm_id":380301048,"highway":"residential","name":"광운로15길"}},{"type":"Feature","id":"osm.way.380301049","geometry":{"type":"LineString","coordinates":[[127.054746,37.624355],[127.054938,37.624147],[127.055003,37.624113],[127.055309,37.624288],[127.055336,37.624332],[127.055221,37.624444],[127.055084,37.624574]]},"properties":{"osm_id":380301049,"highway":"residential","name":"월계로44나길"}},{"type":"Feature","id":"osm.way.380301050","geometry":{"type":"LineString","coordinates":[[127.059032,37.625226],[127.059482,37.624929],[127.059484,37.624894],[127.059487,37.624802],[127.059501,37.624772],[127.059513,37.624744],[127.059619,37.624658],[127.059633,37.624471],[127.05965,37.624256],[127.059666,37.624045],[127.059671,37.623977],[127.059697,37.623774],[127.059692,37.623694]]},"properties":{"osm_id":380301050,"highway":"residential","name":"광운로19가길"}},{"type":"Feature","id":"osm.way.380301051","geometry":{"type":"LineString","coordinates":[[127.052454,37.622881],[127.052596,37.622975],[127.052788,37.623102],[127.0531,37.623308],[127.053321,37.623445],[127.053442,37.62352],[127.053773,37.623725],[127.054079,37.623927],[127.054438,37.624155],[127.054746,37.624355],[127.055084,37.624574],[127.055364,37.624756],[127.055587,37.624914],[127.055926,37.625153]]},"properties":{"osm_id":380301051,"highway":"residential","name":"월계로44가길"}},{"type":"Feature","id":"osm.way.380301052","geometry":{"type":"LineString","coordinates":[[127.054553,37.620175],[127.054429,37.620254],[127.054061,37.620537],[127.053693,37.620885],[127.05365,37.620931],[127.052833,37.621781],[127.052566,37.622061],[127.052485,37.622146],[127.052039,37.622614],[127.051545,37.623103],[127.051327,37.623319],[127.050829,37.623877]]},"properties":{"osm_id":380301052,"highway":"tertiary","name":"월계로42길"}},{"type":"Feature","id":"osm.way.380301053","geometry":{"type":"LineString","coordinates":[[127.058789,37.62265],[127.058904,37.622691],[127.059342,37.623025],[127.059644,37.623282],[127.059717,37.623322],[127.05977,37.623351],[127.059839,37.623388],[127.059942,37.623606],[127.059947,37.623646],[127.059965,37.623792],[127.06012,37.623954]]},"properties":{"osm_id":380301053,"highway":"residential","name":"광운로19길"}},{"type":"Feature","id":"osm.way.380301054","geometry":{"type":"LineString","coordinates":[[127.060209,37.619085],[127.060043,37.61896],[127.05999,37.61892],[127.059802,37.618881],[127.059745,37.618842],[127.059749,37.618812],[127.059755,37.618764],[127.059738,37.618738],[127.059715,37.618702],[127.059354,37.618514],[127.059238,37.618435],[127.059156,37.618382],[127.059078,37.618332],[127.059031,37.618331],[127.058854,37.618546],[127.058603,37.618705],[127.05839,37.618968],[127.058109,37.619149],[127.05791,37.61925]]},"properties":{"osm_id":380301054,"highway":"residential","name":"광운로6길"}},{"type":"Feature","id":"osm.way.380301055","geometry":{"type":"LineString","coordinates":[[127.055003,37.624113],[127.054921,37.624004],[127.054754,37.623811],[127.054623,37.62366],[127.05451,37.623534],[127.054265,37.623259],[127.054196,37.623182],[127.054159,37.62314],[127.054083,37.623054],[127.054041,37.623015],[127.053976,37.62299],[127.053921,37.622969],[127.053832,37.622968],[127.05361,37.622801],[127.05335,37.622582],[127.053318,37.622557],[127.053167,37.622439],[127.052905,37.622402]]},"properties":{"osm_id":380301055,"highway":"residential","name":"월계로44나길"}},{"type":"Feature","id":"osm.way.380301056","geometry":{"type":"LineString","coordinates":[[127.059232,37.624032],[127.059666,37.624045]]},"properties":{"osm_id":380301056,"highway":"residential","name":"광운로19가길"}},{"type":"Feature","id":"osm.way.380301057","geometry":{"type":"LineString","coordinates":[[127.060438,37.61837],[127.060056,37.618009]]},"properties":{"osm_id":380301057,"highway":"residential"}},{"type":"Feature","id":"osm.way.380301058","geometry":{"type":"LineString","coordinates":[[127.05791,37.62057],[127.057821,37.620254]]},"properties":{"osm_id":380301058,"highway":"residential","name":"광운로"}},{"type":"Feature","id":"osm.way.380301060","geometry":{"type":"LineString","coordinates":[[127.057336,37.619329],[127.057509,37.619195]]},"properties":{"osm_id":380301060,"highway":"residential","name":"광운로3길"}},{"type":"Feature","id":"osm.way.380301061","geometry":{"type":"LineString","coordinates":[[127.061477,37.619719],[127.061448,37.620306]]},"properties":{"osm_id":380301061,"highway":"residential","name":"석계로13길"}},{"type":"Feature","id":"osm.way.380301062","geometry":{"type":"LineString","coordinates":[[127.06184,37.619738],[127.06182,37.620404]]},"properties":{"osm_id":380301062,"highway":"residential","name":"석계로13길"}},{"type":"Feature","id":"osm.way.380301063","geometry":{"type":"LineString","coordinates":[[127.062217,37.619915],[127.062171,37.620497]]},"properties":{"osm_id":380301063,"highway":"residential","name":"석계로13길"}},{"type":"Feature","id":"osm.way.380301064","geometry":{"type":"LineString","coordinates":[[127.055054,37.625172],[127.055364,37.624756]]},"properties":{"osm_id":380301064,"highway":"residential","name":"월계로44가길"}},{"type":"Feature","id":"osm.way.380301065","geometry":{"type":"LineString","coordinates":[[127.058031,37.62163],[127.058188,37.621239],[127.058256,37.621275],[127.058615,37.621307],[127.058888,37.621489]]},"properties":{"osm_id":380301065,"highway":"residential","name":"광운로13길"}},{"type":"Feature","id":"osm.way.380301066","geometry":{"type":"LineString","coordinates":[[127.056821,37.619462],[127.057149,37.61973]]},"properties":{"osm_id":380301066,"highway":"residential","name":"광운로3길"}},{"type":"Feature","id":"osm.way.380301067","geometry":{"type":"LineString","coordinates":[[127.058717,37.61815],[127.059261,37.617839]]},"properties":{"osm_id":380301067,"highway":"residential","name":"광운로2가길"}},{"type":"Feature","id":"osm.way.380301069","geometry":{"type":"LineString","coordinates":[[127.060203,37.620777],[127.060223,37.620648]]},"properties":{"osm_id":380301069,"highway":"residential"}},{"type":"Feature","id":"osm.way.380301072","geometry":{"type":"LineString","coordinates":[[127.057477,37.622398],[127.057527,37.622116]]},"properties":{"osm_id":380301072,"highway":"residential"}},{"type":"Feature","id":"osm.way.380301073","geometry":{"type":"LineString","coordinates":[[127.05304,37.623936],[127.053442,37.62352]]},"properties":{"osm_id":380301073,"highway":"residential","name":"월계로44가길"}},{"type":"Feature","id":"osm.way.380301074","geometry":{"type":"LineString","coordinates":[[127.057275,37.62038],[127.057821,37.620254],[127.058426,37.620064]]},"properties":{"osm_id":380301074,"highway":"residential","name":"광운로"}},{"type":"Feature","id":"osm.way.380301076","geometry":{"type":"LineString","coordinates":[[127.059167,37.617748],[127.059261,37.617839],[127.059634,37.6182]]},"properties":{"osm_id":380301076,"highway":"residential","name":"광운로2가길"}},{"type":"Feature","id":"osm.way.380301077","geometry":{"type":"LineString","coordinates":[[127.053584,37.62498],[127.054438,37.624155]]},"properties":{"osm_id":380301077,"highway":"residential","name":"월계로44가길"}},{"type":"Feature","id":"osm.way.380301078","geometry":{"type":"LineString","coordinates":[[127.05332,37.624699],[127.054079,37.623927]]},"properties":{"osm_id":380301078,"highway":"residential","name":"월계로44가길"}},{"type":"Feature","id":"osm.way.380301079","geometry":{"type":"LineString","coordinates":[[127.053318,37.622557],[127.052788,37.623102]]},"properties":{"osm_id":380301079,"highway":"residential","name":"월계로44나길"}},{"type":"Feature","id":"osm.way.380301080","geometry":{"type":"LineString","coordinates":[[127.061245,37.623117],[127.061458,37.62272],[127.061634,37.622774]]},"properties":{"osm_id":380301080,"highway":"residential"}},{"type":"Feature","id":"osm.way.380301081","geometry":{"type":"LineString","coordinates":[[127.05315,37.624332],[127.053773,37.623725]]},"properties":{"osm_id":380301081,"highway":"residential","name":"월계로44가길"}},{"type":"Feature","id":"osm.way.380301082","geometry":{"type":"LineString","coordinates":[[127.062526,37.620126],[127.06255,37.62019],[127.062554,37.620599]]},"properties":{"osm_id":380301082,"highway":"residential","name":"석계로13길"}},{"type":"Feature","id":"osm.way.380301085","geometry":{"type":"LineString","coordinates":[[127.059342,37.623025],[127.059442,37.62302],[127.059914,37.622784]]},"properties":{"osm_id":380301085,"highway":"residential","name":"광운로"}},{"type":"Feature","id":"osm.way.380301087","geometry":{"type":"LineString","coordinates":[[127.051412,37.623573],[127.051761,37.623317],[127.051821,37.623257]]},"properties":{"osm_id":380301087,"highway":"residential","name":"월계로44길"}},{"type":"Feature","id":"osm.way.380301089","geometry":{"type":"LineString","coordinates":[[127.059506,37.623384],[127.059647,37.62367],[127.059692,37.623694]]},"properties":{"osm_id":380301089,"highway":"residential"}},{"type":"Feature","id":"osm.way.380301090","geometry":{"type":"LineString","coordinates":[[127.058421,37.62258],[127.058879,37.62227],[127.059184,37.622269],[127.059236,37.622275]]},"properties":{"osm_id":380301090,"highway":"residential","name":"광운로17길"}},{"type":"Feature","id":"osm.way.380301091","geometry":{"type":"LineString","coordinates":[[127.059037,37.620978],[127.059139,37.620993],[127.059283,37.621033],[127.059448,37.621081],[127.059555,37.621119]]},"properties":{"osm_id":380301091,"highway":"residential","oneway":"yes"}},{"type":"Feature","id":"osm.way.380301092","geometry":{"type":"LineString","coordinates":[[127.061003,37.621411],[127.061098,37.621058],[127.061251,37.620785],[127.061322,37.62074]]},"properties":{"osm_id":380301092,"highway":"residential","name":"석계로13길"}},{"type":"Feature","id":"osm.way.380301093","geometry":{"type":"LineString","coordinates":[[127.051545,37.623103],[127.051781,37.623234],[127.051821,37.623257]]},"properties":{"osm_id":380301093,"highway":"residential","name":"월계로42길"}},{"type":"Feature","id":"osm.way.380301094","geometry":{"type":"LineString","coordinates":[[127.05891,37.625289],[127.058728,37.62511],[127.059292,37.624742],[127.059501,37.624772]]},"properties":{"osm_id":380301094,"highway":"residential","name":"광운로19가길"}},{"type":"Feature","id":"osm.way.380301095","geometry":{"type":"LineString","coordinates":[[127.056921,37.618999],[127.057172,37.618808],[127.057459,37.618671],[127.057546,37.618643]]},"properties":{"osm_id":380301095,"highway":"residential","name":"광운로"}},{"type":"Feature","id":"osm.way.380301096","geometry":{"type":"LineString","coordinates":[[127.05896,37.617192],[127.059349,37.617048],[127.059373,37.616873],[127.059273,37.616754]]},"properties":{"osm_id":380301096,"highway":"residential","name":"광운로2길"}},{"type":"Feature","id":"osm.way.380301097","geometry":{"type":"LineString","coordinates":[[127.058154,37.617631],[127.058317,37.617646],[127.058682,37.617563],[127.058842,37.617457]]},"properties":{"osm_id":380301097,"highway":"residential","name":"광운로2길"}},{"type":"Feature","id":"osm.way.380301098","geometry":{"type":"LineString","coordinates":[[127.058366,37.619936],[127.057999,37.620021],[127.057778,37.62009],[127.057383,37.620192]]},"properties":{"osm_id":380301098,"highway":"residential"}},{"type":"Feature","id":"osm.way.380301099","geometry":{"type":"LineString","coordinates":[[127.059761,37.621521],[127.059501,37.621476],[127.059421,37.621481],[127.05925,37.62149]]},"properties":{"osm_id":380301099,"highway":"residential"}},{"type":"Feature","id":"osm.way.380301100","geometry":{"type":"LineString","coordinates":[[127.056457,37.618942],[127.056928,37.619328],[127.05696,37.619354]]},"properties":{"osm_id":380301100,"highway":"residential","name":"광운로1길"}},{"type":"Feature","id":"osm.way.380301103","geometry":{"type":"LineString","coordinates":[[127.059947,37.623646],[127.059692,37.623694],[127.059542,37.623734],[127.059096,37.62378]]},"properties":{"osm_id":380301103,"highway":"residential","name":"광운로19가길"}},{"type":"Feature","id":"osm.way.380301105","geometry":{"type":"LineString","coordinates":[[127.05952,37.62229],[127.059436,37.622347],[127.059392,37.622855],[127.059389,37.622962],[127.059342,37.623025]]},"properties":{"osm_id":380301105,"highway":"residential","name":"광운로"}},{"type":"Feature","id":"osm.way.380301106","geometry":{"type":"LineString","coordinates":[[127.056622,37.618759],[127.056921,37.618999],[127.05716,37.619187]]},"properties":{"osm_id":380301106,"highway":"residential","name":"광운로1길"}},{"type":"Feature","id":"osm.way.380301107","geometry":{"type":"LineString","coordinates":[[127.057336,37.62105],[127.057421,37.621107],[127.057268,37.621443],[127.057123,37.621762],[127.056573,37.622075]]},"properties":{"osm_id":380301107,"highway":"residential","name":"광운로15길"}},{"type":"Feature","id":"osm.way.380301108","geometry":{"type":"LineString","coordinates":[[127.05723,37.618134],[127.057332,37.618041],[127.058225,37.617257],[127.05826,37.617237],[127.058448,37.617373]]},"properties":{"osm_id":380301108,"highway":"residential","name":"광운로"}},{"type":"Feature","id":"osm.way.380301109","geometry":{"type":"LineString","coordinates":[[127.056763,37.619507],[127.056821,37.619462],[127.05696,37.619354],[127.05716,37.619187],[127.057568,37.61885],[127.057646,37.618805]]},"properties":{"osm_id":380301109,"highway":"residential","name":"광운로3길"}},{"type":"Feature","id":"osm.way.380301110","geometry":{"type":"LineString","coordinates":[[127.050829,37.623877],[127.050883,37.624012],[127.051006,37.624195],[127.051125,37.624241]]},"properties":{"osm_id":380301110,"highway":"residential","name":"월계로44길"}},{"type":"Feature","id":"osm.way.380301111","geometry":{"type":"LineString","coordinates":[[127.060703,37.624303],[127.06084,37.624263],[127.061096,37.623698],[127.061311,37.623219],[127.06142,37.62317]]},"properties":{"osm_id":380301111,"highway":"residential","name":"석계로"}},{"type":"Feature","id":"osm.way.380301112","geometry":{"type":"LineString","coordinates":[[127.058789,37.62265],[127.059191,37.622409],[127.059236,37.622275],[127.059251,37.622233],[127.059324,37.622092],[127.059421,37.622056]]},"properties":{"osm_id":380301112,"highway":"residential","name":"광운로17길"}},{"type":"Feature","id":"osm.way.380301113","geometry":{"type":"LineString","coordinates":[[127.060482,37.623828],[127.060649,37.623817],[127.060802,37.623758],[127.060887,37.623725],[127.061002,37.623701],[127.061096,37.623698]]},"properties":{"osm_id":380301113,"highway":"residential","name":"석계로18길"}},{"type":"Feature","id":"osm.way.380301114","geometry":{"type":"LineString","coordinates":[[127.057383,37.620192],[127.057124,37.620206],[127.056962,37.61987],[127.057149,37.61973],[127.057302,37.619608],[127.057467,37.619475],[127.05781,37.619225],[127.057857,37.619154]]},"properties":{"osm_id":380301114,"highway":"residential","name":"광운로"}},{"type":"Feature","id":"osm.way.380301115","geometry":{"type":"LineString","coordinates":[[127.059421,37.621481],[127.059558,37.621553],[127.060081,37.62192],[127.060776,37.622068],[127.060884,37.622086],[127.061091,37.622117]]},"properties":{"osm_id":380301115,"highway":"residential"}},{"type":"Feature","id":"osm.way.380301116","geometry":{"type":"LineString","coordinates":[[127.055398,37.625074],[127.055552,37.624929],[127.055587,37.624914],[127.055651,37.624912],[127.055861,37.624732],[127.055911,37.624692]]},"properties":{"osm_id":380301116,"highway":"residential","name":"월계로44가길"}},{"type":"Feature","id":"osm.way.380301117","geometry":{"type":"LineString","coordinates":[[127.059037,37.620978],[127.059179,37.620889],[127.059569,37.620685],[127.059636,37.620688],[127.060203,37.620777],[127.060264,37.620787]]},"properties":{"osm_id":380301117,"highway":"residential","name":"광운로10길"}},{"type":"Feature","id":"osm.way.380301118","geometry":{"type":"LineString","coordinates":[[127.062841,37.620675],[127.062554,37.620599],[127.062475,37.620578],[127.062171,37.620497],[127.06182,37.620404],[127.061448,37.620306],[127.061358,37.620289]]},"properties":{"osm_id":380301118,"highway":"residential","name":"석계로13길"}},{"type":"Feature","id":"osm.way.380301120","geometry":{"type":"LineString","coordinates":[[127.052809,37.623583],[127.0531,37.623308]]},"properties":{"osm_id":380301120,"highway":"residential","name":"월계로44가길"}},{"type":"Feature","id":"osm.way.380301121","geometry":{"type":"LineString","coordinates":[[127.058241,37.620755],[127.058225,37.620868],[127.058123,37.621205],[127.058188,37.621239]]},"properties":{"osm_id":380301121,"highway":"residential","name":"광운로7길"}},{"type":"Feature","id":"osm.way.380301122","geometry":{"type":"LineString","coordinates":[[127.059156,37.618382],[127.059557,37.618235],[127.059634,37.6182]]},"properties":{"osm_id":380301122,"highway":"residential","name":"광운로2나길"}},{"type":"Feature","id":"osm.way.380301124","geometry":{"type":"LineString","coordinates":[[127.056137,37.622751],[127.05624,37.622869],[127.057161,37.622331],[127.057527,37.622116],[127.057547,37.622003]]},"properties":{"osm_id":380301124,"highway":"residential","name":"광운로17길"}},{"type":"Feature","id":"osm.way.380301125","geometry":{"type":"LineString","coordinates":[[127.057275,37.62038],[127.057266,37.62049],[127.057322,37.620573],[127.057398,37.620693],[127.057291,37.621007],[127.057241,37.621039],[127.056802,37.620966]]},"properties":{"osm_id":380301125,"highway":"residential"}},{"type":"Feature","id":"osm.way.380301126","geometry":{"type":"LineString","coordinates":[[127.057572,37.620674],[127.05779,37.620719],[127.057958,37.620759],[127.058122,37.620775],[127.058241,37.620755],[127.05833,37.62074],[127.058478,37.62071],[127.058705,37.620629],[127.058795,37.620584]]},"properties":{"osm_id":380301126,"highway":"residential","name":"광운로7길"}},{"type":"Feature","id":"osm.way.380301127","geometry":{"type":"LineString","coordinates":[[127.058824,37.618301],[127.058717,37.61815],[127.058539,37.617896],[127.058916,37.617621],[127.058975,37.617576],[127.059319,37.617302],[127.059528,37.617095]]},"properties":{"osm_id":380301127,"highway":"residential","name":"광운로2가길"}},{"type":"Feature","id":"osm.way.380301128","geometry":{"type":"LineString","coordinates":[[127.057268,37.621443],[127.057654,37.621537],[127.057786,37.621569],[127.058031,37.62163],[127.058444,37.621733],[127.058748,37.621746],[127.058803,37.62176],[127.058894,37.621782],[127.059328,37.621776]]},"properties":{"osm_id":380301128,"highway":"residential","name":"광운로15길"}},{"type":"Feature","id":"osm.way.380303535","geometry":{"type":"LineString","coordinates":[[127.06351,37.616684],[127.06417,37.61693]]},"properties":{"osm_id":380303535,"highway":"residential","name":"석계로"}},{"type":"Feature","id":"osm.way.380303536","geometry":{"type":"LineString","coordinates":[[127.064194,37.616084],[127.064037,37.616073],[127.064029,37.616071],[127.064022,37.616067],[127.064018,37.616064],[127.064015,37.616057],[127.064038,37.615785]]},"properties":{"osm_id":380303536,"highway":"residential","name":"석계로3길"}},{"type":"Feature","id":"osm.way.380303537","geometry":{"type":"LineString","coordinates":[[127.063511,37.616502],[127.063946,37.616603]]},"properties":{"osm_id":380303537,"highway":"residential","name":"석계로7길"}},{"type":"Feature","id":"osm.way.380303539","geometry":{"type":"LineString","coordinates":[[127.062419,37.615181],[127.062437,37.615325],[127.062477,37.615518]]},"properties":{"osm_id":380303539,"highway":"footway","name":"화랑로43나길"}},{"type":"Feature","id":"osm.way.380303540","geometry":{"type":"LineString","coordinates":[[127.06521,37.615546],[127.065045,37.615513],[127.065032,37.615513],[127.065018,37.615515],[127.065006,37.615524],[127.064998,37.615535],[127.064811,37.616165],[127.064813,37.616169],[127.064889,37.616276]]},"properties":{"osm_id":380303540,"highway":"residential","name":"석계로8길"}},{"type":"Feature","id":"osm.way.380303541","geometry":{"type":"LineString","coordinates":[[127.063529,37.615675],[127.063382,37.615672],[127.063235,37.615726],[127.063205,37.615759]]},"properties":{"osm_id":380303541,"highway":"residential","name":"석계로7길"}},{"type":"Feature","id":"osm.way.380303543","geometry":{"type":"LineString","coordinates":[[127.064441,37.616791],[127.064465,37.616726],[127.064523,37.616529],[127.064608,37.616242],[127.064851,37.615428],[127.064663,37.615386]]},"properties":{"osm_id":380303543,"highway":"residential","name":"석계로8가길"}},{"type":"Feature","id":"osm.way.380303544","geometry":{"type":"LineString","coordinates":[[127.064659,37.616843],[127.064763,37.616581],[127.064775,37.616551],[127.064889,37.616276],[127.06521,37.615546]]},"properties":{"osm_id":380303544,"highway":"service","name":"화랑로","service":"parking_aisle"}},{"type":"Feature","id":"osm.way.380307780","geometry":{"type":"LineString","coordinates":[[127.065151,37.632041],[127.065384,37.631366],[127.065398,37.631329]]},"properties":{"osm_id":380307780,"highway":"residential"}},{"type":"Feature","id":"osm.way.380307782","geometry":{"type":"LineString","coordinates":[[127.066221,37.616048],[127.066708,37.616004]]},"properties":{"osm_id":380307782,"highway":"residential","name":"화랑로47길"}},{"type":"Feature","id":"osm.way.380307783","geometry":{"type":"LineString","coordinates":[[127.062902,37.628698],[127.063339,37.6278]]},"properties":{"osm_id":380307783,"highway":"residential","name":"마들로3길"}},{"type":"Feature","id":"osm.way.380307787","geometry":{"type":"LineString","coordinates":[[127.07019,37.631183],[127.07014,37.631191],[127.069934,37.631224],[127.069366,37.631267],[127.068841,37.631239],[127.068153,37.631154],[127.06769,37.631069],[127.067537,37.631034],[127.067262,37.630976],[127.065761,37.630669]]},"properties":{"osm_id":380307787,"highway":"tertiary","name":"동일로198가길"}},{"type":"Feature","id":"osm.way.380307789","geometry":{"type":"LineString","coordinates":[[127.06097,37.62707],[127.06226,37.627469],[127.062478,37.627537],[127.062626,37.627583],[127.063339,37.6278]]},"properties":{"osm_id":380307789,"highway":"tertiary"}},{"type":"Feature","id":"osm.way.380307791","geometry":{"type":"LineString","coordinates":[[127.066931,37.615844],[127.066956,37.615747],[127.066957,37.615743],[127.066955,37.615739],[127.066952,37.615737],[127.066948,37.615734],[127.066756,37.615699],[127.066456,37.615646]]},"properties":{"osm_id":380307791,"highway":"residential","name":"화랑로47길"}},{"type":"Feature","id":"osm.way.380307792","geometry":{"type":"LineString","coordinates":[[127.065181,37.616882],[127.065407,37.616885],[127.065481,37.61688],[127.065552,37.616874],[127.065859,37.616837],[127.065877,37.616838],[127.065891,37.616846],[127.065903,37.616857],[127.06591,37.616871],[127.065947,37.617043]]},"properties":{"osm_id":380307792,"highway":"residential","name":"화랑로45길"}},{"type":"Feature","id":"osm.way.380307795","geometry":{"type":"LineString","coordinates":[[127.065782,37.615522],[127.065907,37.615551],[127.065917,37.615558],[127.065927,37.615565],[127.065934,37.615572],[127.065938,37.615585],[127.065963,37.615896],[127.065959,37.615916],[127.065943,37.615931],[127.065906,37.615955],[127.0659,37.615967],[127.0659,37.615982],[127.065934,37.616293]]},"properties":{"osm_id":380307795,"highway":"residential","name":"화랑로45길"}},{"type":"Feature","id":"osm.way.380307797","geometry":{"type":"LineString","coordinates":[[127.066593,37.615215],[127.066571,37.615283],[127.066456,37.615646],[127.066439,37.615705],[127.066435,37.615711],[127.066426,37.615717],[127.066418,37.615719],[127.066405,37.615719],[127.066289,37.615696],[127.06628,37.615696],[127.066271,37.615698],[127.066264,37.615704],[127.066259,37.615713],[127.066202,37.615836],[127.066196,37.615855],[127.066197,37.615876],[127.066221,37.616048],[127.066256,37.616266]]},"properties":{"osm_id":380307797,"highway":"residential","name":"화랑로"}},{"type":"Feature","id":"osm.way.380307798","geometry":{"type":"LineString","coordinates":[[127.065413,37.61634],[127.065776,37.616307],[127.065934,37.616293],[127.066256,37.616266],[127.06669,37.616233],[127.066715,37.616231],[127.066727,37.616227],[127.066738,37.616219],[127.066743,37.61621],[127.066745,37.616199],[127.066724,37.616085],[127.066708,37.616004],[127.066701,37.615969],[127.066697,37.615937],[127.066699,37.615913],[127.066756,37.615699],[127.066869,37.615339],[127.066884,37.615286]]},"properties":{"osm_id":380307798,"highway":"residential","name":"화랑로47길"}},{"type":"Feature","id":"osm.way.380910511","geometry":{"type":"LineString","coordinates":[[127.064226,37.633471],[127.064481,37.63319],[127.064521,37.633119],[127.064545,37.632948],[127.064588,37.632835],[127.064951,37.632335],[127.065031,37.632231],[127.065108,37.632119],[127.065151,37.632041]]},"properties":{"osm_id":380910511,"highway":"residential"}},{"type":"Feature","id":"osm.way.380910513","geometry":{"type":"LineString","coordinates":[[127.069671,37.632982],[127.069726,37.632994],[127.070623,37.63326],[127.071297,37.633462],[127.072058,37.63369]]},"properties":{"osm_id":380910513,"highway":"residential","name":"공릉로59길"}},{"type":"Feature","id":"osm.way.380910514","geometry":{"type":"LineString","coordinates":[[127.070623,37.63326],[127.069969,37.634813],[127.069871,37.635047],[127.06972,37.635405],[127.069514,37.635896],[127.070404,37.636251],[127.070713,37.636374]]},"properties":{"osm_id":380910514,"highway":"residential","name":"공릉로59나길"}},{"type":"Feature","id":"osm.way.380910518","geometry":{"type":"LineString","coordinates":[[127.070623,37.63326],[127.070765,37.632962]]},"properties":{"osm_id":380910518,"highway":"residential"}},{"type":"Feature","id":"osm.way.380910519","geometry":{"type":"LineString","coordinates":[[127.071297,37.633462],[127.070681,37.635072]]},"properties":{"osm_id":380910519,"highway":"residential","name":"공릉로59가길"}},{"type":"Feature","id":"osm.way.380910701","geometry":{"type":"LineString","coordinates":[[127.071961,37.634543],[127.072069,37.634419],[127.072258,37.634365],[127.072494,37.634305],[127.0726,37.63421],[127.072604,37.633232],[127.072608,37.632809],[127.072596,37.632493]]},"properties":{"osm_id":380910701,"highway":"residential","name":"공릉로58길"}},{"type":"Feature","id":"osm.way.380910704","geometry":{"type":"LineString","coordinates":[[127.073614,37.630974],[127.073633,37.631071],[127.073657,37.631184],[127.073872,37.631809],[127.074706,37.634215]]},"properties":{"osm_id":380910704,"highway":"service"}},{"type":"Feature","id":"osm.way.381019735","geometry":{"type":"LineString","coordinates":[[127.069807,37.626213],[127.071061,37.626497]]},"properties":{"osm_id":381019735,"highway":"residential","name":"동일로191가길"}},{"type":"Feature","id":"osm.way.381025729","geometry":{"type":"LineString","coordinates":[[127.067687,37.630814],[127.067492,37.63136],[127.067436,37.631707],[127.06718,37.632244],[127.066967,37.632705]]},"properties":{"osm_id":381025729,"highway":"secondary","name":"공릉지하차도","tunnel":"yes","layer":"-1"}},{"type":"Feature","id":"osm.way.381025733","geometry":{"type":"LineString","coordinates":[[127.07019,37.631183],[127.070223,37.631173],[127.070357,37.631132],[127.07056,37.631083],[127.070671,37.631038],[127.07076,37.631008],[127.070855,37.63095],[127.071397,37.630718],[127.071931,37.630365],[127.072582,37.629922],[127.073353,37.629415],[127.073501,37.629245]]},"properties":{"osm_id":381025733,"highway":"tertiary","name":"동일로198가길"}},{"type":"Feature","id":"osm.way.381025735","geometry":{"type":"LineString","coordinates":[[127.070485,37.630747],[127.070978,37.629686],[127.07112,37.629304],[127.071214,37.629094],[127.071299,37.628923],[127.071405,37.628724],[127.071796,37.627921],[127.071972,37.627565],[127.072029,37.627446],[127.072312,37.626844],[127.072572,37.626329]]},"properties":{"osm_id":381025735,"highway":"primary","name":"동일로","ref":"3","oneway":"yes"}},{"type":"Feature","id":"osm.way.381025747","geometry":{"type":"LineString","coordinates":[[127.069932,37.631997],[127.070485,37.630747]]},"properties":{"osm_id":381025747,"highway":"primary","name":"동일로","ref":"3","oneway":"yes","tunnel":"yes","layer":"-1"}},{"type":"Feature","id":"osm.way.381221393","geometry":{"type":"LineString","coordinates":[[127.07297,37.610178],[127.073406,37.610214]]},"properties":{"osm_id":381221393,"highway":"service"}},{"type":"Feature","id":"osm.way.381221395","geometry":{"type":"LineString","coordinates":[[127.0733,37.611572],[127.073332,37.611398],[127.07331,37.611344],[127.073218,37.611305],[127.07319,37.611235],[127.073212,37.611039],[127.073255,37.610954],[127.073344,37.610881],[127.073369,37.610616],[127.073406,37.610214],[127.073461,37.610168],[127.073668,37.610185],[127.073757,37.61017],[127.0738,37.610109],[127.073831,37.609919],[127.073825,37.609868],[127.073773,37.609824],[127.0736,37.609797],[127.073529,37.609826],[127.073502,37.60987],[127.073461,37.610168]]},"properties":{"osm_id":381221395,"highway":"service"}},{"type":"Feature","id":"osm.way.381221397","geometry":{"type":"LineString","coordinates":[[127.073369,37.610616],[127.073566,37.610641],[127.07352,37.610922],[127.073548,37.610983],[127.073588,37.610993]]},"properties":{"osm_id":381221397,"highway":"service"}},{"type":"Feature","id":"osm.way.381798553","geometry":{"type":"LineString","coordinates":[[127.064983,37.630974],[127.064975,37.631249],[127.064932,37.631406],[127.0648,37.63177],[127.064645,37.632061],[127.064473,37.632322],[127.064334,37.632537],[127.064221,37.632679],[127.064098,37.632815],[127.064012,37.632908],[127.063969,37.63298],[127.063969,37.633046],[127.063993,37.633123],[127.064031,37.633229],[127.064111,37.633393]]},"properties":{"osm_id":381798553,"highway":"trunk_link","oneway":"yes"}},{"type":"Feature","id":"osm.way.381798555","geometry":{"type":"LineString","coordinates":[[127.064111,37.633393],[127.063888,37.63333],[127.063759,37.633296],[127.063625,37.633295],[127.063503,37.633323],[127.063348,37.633416],[127.063014,37.633677],[127.062648,37.633942],[127.062378,37.634155],[127.062133,37.634303]]},"properties":{"osm_id":381798555,"highway":"trunk_link","oneway":"yes"}},{"type":"Feature","id":"osm.way.383460722","geometry":{"type":"LineString","coordinates":[[127.072942,37.613055],[127.073055,37.613066],[127.073332,37.613092],[127.07339,37.613081],[127.07343,37.613057],[127.07346,37.612887],[127.073479,37.612859],[127.073514,37.612842],[127.073762,37.61287]]},"properties":{"osm_id":383460722,"highway":"service"}},{"type":"Feature","id":"osm.way.383460723","geometry":{"type":"LineString","coordinates":[[127.073269,37.613381],[127.073372,37.613391],[127.073589,37.613414]]},"properties":{"osm_id":383460723,"highway":"service"}},{"type":"Feature","id":"osm.way.383460724","geometry":{"type":"LineString","coordinates":[[127.07339,37.613081],[127.073411,37.613147],[127.073403,37.613197]]},"properties":{"osm_id":383460724,"highway":"service"}},{"type":"Feature","id":"osm.way.392856290","geometry":{"type":"LineString","coordinates":[[127.066967,37.632705],[127.066611,37.633449]]},"properties":{"osm_id":392856290,"highway":"secondary","name":"섬밭로"}},{"type":"Feature","id":"osm.way.393509474","geometry":{"type":"LineString","coordinates":[[127.051607,37.609978],[127.052011,37.610279],[127.052326,37.610513],[127.052674,37.610772],[127.052691,37.610785],[127.052985,37.611003],[127.053446,37.611347],[127.053594,37.611456],[127.053832,37.611634],[127.054134,37.611858],[127.054567,37.612067],[127.055162,37.612348],[127.055271,37.612512]]},"properties":{"osm_id":393509474,"highway":"tertiary","name":"돌곶이로27길"}},{"type":"Feature","id":"osm.way.393772397","geometry":{"type":"LineString","coordinates":[[127.051607,37.609978],[127.051998,37.609558],[127.052114,37.609433],[127.052418,37.60912],[127.052486,37.609045],[127.052741,37.608772],[127.052819,37.608688]]},"properties":{"osm_id":393772397,"highway":"residential","name":"화랑로25길"}},{"type":"Feature","id":"osm.way.414489589","geometry":{"type":"LineString","coordinates":[[127.065761,37.630669],[127.065628,37.630677],[127.065548,37.630718],[127.065471,37.630815],[127.065316,37.631101],[127.065305,37.631219],[127.065338,37.631291],[127.065398,37.631329]]},"properties":{"osm_id":414489589,"highway":"tertiary","name":"동일로198가길"}},{"type":"Feature","id":"osm.way.414491142","geometry":{"type":"LineString","coordinates":[[127.073501,37.629245],[127.073657,37.629297],[127.073894,37.629376],[127.073989,37.629397],[127.074247,37.629456],[127.074295,37.629468],[127.074409,37.629495],[127.075368,37.629718],[127.075479,37.629745],[127.075734,37.629789],[127.07598,37.629874],[127.076223,37.629982],[127.076389,37.630047]]},"properties":{"osm_id":414491142,"highway":"tertiary","name":"동일로198길"}},{"type":"Feature","id":"osm.way.414536672","geometry":{"type":"LineString","coordinates":[[127.07343,37.62197],[127.073702,37.62113],[127.073798,37.620848]]},"properties":{"osm_id":414536672,"highway":"residential","name":"동일로177길"}},{"type":"Feature","id":"osm.way.414536673","geometry":{"type":"LineString","coordinates":[[127.073045,37.623127],[127.073182,37.622714],[127.07343,37.62197]]},"properties":{"osm_id":414536673,"highway":"residential","name":"동일로179길"}},{"type":"Feature","id":"osm.way.414536674","geometry":{"type":"LineString","coordinates":[[127.072722,37.624109],[127.072771,37.623961],[127.073045,37.623127]]},"properties":{"osm_id":414536674,"highway":"residential","name":"동일로183길"}},{"type":"Feature","id":"osm.way.414538027","geometry":{"type":"LineString","coordinates":[[127.060999,37.617498],[127.060968,37.617448],[127.060385,37.616962],[127.05993,37.61662],[127.059837,37.616559],[127.059786,37.616506]]},"properties":{"osm_id":414538027,"highway":"residential","name":"광운로2나길"}},{"type":"Feature","id":"osm.way.414538028","geometry":{"type":"LineString","coordinates":[[127.059555,37.621119],[127.059449,37.621127],[127.059331,37.621144],[127.059237,37.621176],[127.059167,37.621207]]},"properties":{"osm_id":414538028,"highway":"residential","name":"광운로12길","oneway":"yes"}},{"type":"Feature","id":"osm.way.414540562","geometry":{"type":"LineString","coordinates":[[127.052905,37.622402],[127.052705,37.622621],[127.052454,37.622881],[127.052451,37.622885],[127.052386,37.622952],[127.052057,37.623301],[127.052017,37.62337],[127.051948,37.623493],[127.051562,37.623821],[127.051182,37.624133],[127.051125,37.624241]]},"properties":{"osm_id":414540562,"highway":"residential","name":"월계로44길"}},{"type":"Feature","id":"osm.way.414540563","geometry":{"type":"LineString","coordinates":[[127.052876,37.622384],[127.052986,37.622261]]},"properties":{"osm_id":414540563,"highway":"residential"}},{"type":"Feature","id":"osm.way.414540824","geometry":{"type":"LineString","coordinates":[[127.052905,37.622402],[127.052876,37.622384],[127.052485,37.622146]]},"properties":{"osm_id":414540824,"highway":"residential","name":"월계로44길"}},{"type":"Feature","id":"osm.way.414540825","geometry":{"type":"LineString","coordinates":[[127.054438,37.624155],[127.054754,37.623811]]},"properties":{"osm_id":414540825,"highway":"residential","name":"월계로44나길"}},{"type":"Feature","id":"osm.way.414540826","geometry":{"type":"LineString","coordinates":[[127.053442,37.62352],[127.053976,37.62299]]},"properties":{"osm_id":414540826,"highway":"residential","name":"월계로44나길"}},{"type":"Feature","id":"osm.way.414540991","geometry":{"type":"LineString","coordinates":[[127.058777,37.630393],[127.058866,37.630184],[127.058943,37.630022]]},"properties":{"osm_id":414540991,"highway":"tertiary","name":"광운로22길"}},{"type":"Feature","id":"osm.way.414740176","geometry":{"type":"LineString","coordinates":[[127.05017,37.624525],[127.05024,37.624576],[127.05082,37.62496]]},"properties":{"osm_id":414740176,"highway":"secondary","name":"월계로"}},{"type":"Feature","id":"osm.way.414740177","geometry":{"type":"LineString","coordinates":[[127.049793,37.624302],[127.05017,37.624525]]},"properties":{"osm_id":414740177,"highway":"secondary","bridge":"yes","layer":"1"}},{"type":"Feature","id":"osm.way.414740437","geometry":{"type":"LineString","coordinates":[[127.055987,37.63004],[127.055806,37.630251],[127.055726,37.630344],[127.05569,37.630378],[127.055678,37.63039],[127.05561,37.63043],[127.054903,37.630684],[127.054708,37.630754],[127.05416,37.630952]]},"properties":{"osm_id":414740437,"highway":"service"}},{"type":"Feature","id":"osm.way.414740438","geometry":{"type":"LineString","coordinates":[[127.054708,37.630754],[127.055187,37.631599],[127.055289,37.631779],[127.055354,37.631895],[127.055564,37.632269]]},"properties":{"osm_id":414740438,"highway":"service"}},{"type":"Feature","id":"osm.way.414741011","geometry":{"type":"LineString","coordinates":[[127.047158,37.628535],[127.047016,37.628424],[127.046726,37.628264]]},"properties":{"osm_id":414741011,"highway":"residential","name":"우이천로"}},{"type":"Feature","id":"osm.way.414741375","geometry":{"type":"LineString","coordinates":[[127.043424,37.633434],[127.043752,37.633561],[127.043917,37.633626],[127.044071,37.633686],[127.044294,37.633762]]},"properties":{"osm_id":414741375,"highway":"residential","name":"덕릉로60타길"}},{"type":"Feature","id":"osm.way.414741376","geometry":{"type":"LineString","coordinates":[[127.043093,37.633977],[127.04341,37.634101],[127.043566,37.634163],[127.043912,37.634298]]},"properties":{"osm_id":414741376,"highway":"residential","name":"우이천로4라길"}},{"type":"Feature","id":"osm.way.414741920","geometry":{"type":"LineString","coordinates":[[127.04272,37.634521],[127.042411,37.634401],[127.042284,37.634352],[127.042134,37.634293],[127.04205,37.634261],[127.041864,37.634189],[127.041764,37.63415],[127.041588,37.634081],[127.041489,37.634043],[127.041318,37.633976],[127.040722,37.633745],[127.040115,37.633509],[127.039992,37.633461],[127.039744,37.633365],[127.0395,37.63327]]},"properties":{"osm_id":414741920,"highway":"residential","name":"우이천로4길"}},{"type":"Feature","id":"osm.way.414741921","geometry":{"type":"LineString","coordinates":[[127.04341,37.634101],[127.043752,37.633561]]},"properties":{"osm_id":414741921,"highway":"residential","name":"덕릉로60타길"}},{"type":"Feature","id":"osm.way.414741922","geometry":{"type":"LineString","coordinates":[[127.043566,37.634163],[127.043917,37.633626]]},"properties":{"osm_id":414741922,"highway":"residential","name":"덕릉로60타길"}},{"type":"Feature","id":"osm.way.414743590","geometry":{"type":"LineString","coordinates":[[127.061186,37.615394],[127.061476,37.615327],[127.062419,37.615181]]},"properties":{"osm_id":414743590,"highway":"residential","name":"한천로96길"}},{"type":"Feature","id":"osm.way.414743652","geometry":{"type":"LineString","coordinates":[[127.063404,37.615071],[127.06346,37.615365]]},"properties":{"osm_id":414743652,"highway":"residential","name":"화랑로43가길"}},{"type":"Feature","id":"osm.way.414744248","geometry":{"type":"LineString","coordinates":[[127.05723,37.618134],[127.057319,37.618248]]},"properties":{"osm_id":414744248,"highway":"tertiary","name":"광운로","layer":"1"}},{"type":"Feature","id":"osm.way.414745096","geometry":{"type":"LineString","coordinates":[[127.050091,37.62088],[127.050058,37.620906],[127.049969,37.620997],[127.049634,37.621342],[127.049465,37.62151],[127.04943,37.621545],[127.048947,37.622053],[127.048691,37.622314],[127.04861,37.622396],[127.047989,37.62304],[127.04784,37.6232]]},"properties":{"osm_id":414745096,"highway":"residential","name":"월계로40길"}},{"type":"Feature","id":"osm.way.414745097","geometry":{"type":"LineString","coordinates":[[127.048478,37.61991],[127.047919,37.619572],[127.047214,37.619146]]},"properties":{"osm_id":414745097,"highway":"residential","name":"돌곶이로40길"}},{"type":"Feature","id":"osm.way.414745178","geometry":{"type":"LineString","coordinates":[[127.048478,37.61991],[127.047556,37.620832],[127.047056,37.621363],[127.046462,37.621996],[127.046393,37.622201]]},"properties":{"osm_id":414745178,"highway":"residential","name":"월계로38길"}},{"type":"Feature","id":"osm.way.414835898","geometry":{"type":"LineString","coordinates":[[127.05077,37.62211],[127.051085,37.62175]]},"properties":{"osm_id":414835898,"highway":"residential","name":"한천로"}},{"type":"Feature","id":"osm.way.414835899","geometry":{"type":"LineString","coordinates":[[127.050151,37.622104],[127.050411,37.622266],[127.050454,37.622293]]},"properties":{"osm_id":414835899,"highway":"residential","name":"장월로41길"}},{"type":"Feature","id":"osm.way.414835903","geometry":{"type":"LineString","coordinates":[[127.048265,37.621093],[127.048456,37.62092],[127.049086,37.62028]]},"properties":{"osm_id":414835903,"highway":"residential","name":"한천로99길"}},{"type":"Feature","id":"osm.way.414837576","geometry":{"type":"LineString","coordinates":[[127.054091,37.616994],[127.054406,37.616704],[127.054615,37.616478],[127.05514,37.615936],[127.05531,37.61579]]},"properties":{"osm_id":414837576,"highway":"residential","name":"장위로49길"}},{"type":"Feature","id":"osm.way.414838483","geometry":{"type":"LineString","coordinates":[[127.051214,37.616662],[127.051505,37.616661],[127.0517,37.616636],[127.051946,37.61654],[127.052232,37.616447],[127.052396,37.616386],[127.052517,37.616304],[127.052625,37.61623],[127.052727,37.616166],[127.052799,37.616144]]},"properties":{"osm_id":414838483,"highway":"residential","name":"돌곶이로34길"}},{"type":"Feature","id":"osm.way.414838485","geometry":{"type":"LineString","coordinates":[[127.052193,37.615696],[127.052429,37.615614],[127.052516,37.615588],[127.052668,37.615535],[127.052744,37.615509],[127.052846,37.615487],[127.052928,37.615469],[127.053002,37.615453],[127.053075,37.615438],[127.053232,37.615423],[127.053265,37.615421],[127.053334,37.615418],[127.053532,37.615404],[127.053567,37.615405],[127.053641,37.615407],[127.053729,37.61542],[127.053783,37.615428],[127.053912,37.615406],[127.054039,37.615382]]},"properties":{"osm_id":414838485,"highway":"residential","name":"장위로45가길"}},{"type":"Feature","id":"osm.way.414838488","geometry":{"type":"LineString","coordinates":[[127.057042,37.612146],[127.056923,37.611864],[127.056923,37.611809]]},"properties":{"osm_id":414838488,"highway":"residential","name":"돌곶이로28길"}},{"type":"Feature","id":"osm.way.414839876","geometry":{"type":"LineString","coordinates":[[127.059476,37.611412],[127.05951,37.611339],[127.059556,37.611246],[127.059855,37.610653],[127.059965,37.61041]]},"properties":{"osm_id":414839876,"highway":"residential","name":"돌곶이로38길"}},{"type":"Feature","id":"osm.way.414839877","geometry":{"type":"LineString","coordinates":[[127.062314,37.611206],[127.062739,37.611396],[127.062838,37.61144],[127.062977,37.611522],[127.063109,37.611599],[127.063208,37.611665],[127.063386,37.611785],[127.063442,37.611823],[127.063645,37.611992],[127.063768,37.612101],[127.06385,37.61218],[127.064034,37.612358],[127.064078,37.612412],[127.064162,37.612515],[127.064218,37.612585],[127.064306,37.612694],[127.064374,37.612807],[127.064477,37.612978],[127.064624,37.613249],[127.06466,37.613324],[127.06468,37.613371],[127.064779,37.613629]]},"properties":{"osm_id":414839877,"highway":"residential","name":"한천로80길"}},{"type":"Feature","id":"osm.way.414840356","geometry":{"type":"LineString","coordinates":[[127.060859,37.612239],[127.061198,37.611921],[127.061233,37.611878]]},"properties":{"osm_id":414840356,"highway":"residential","name":"한천로81길"}},{"type":"Feature","id":"osm.way.414841064","geometry":{"type":"LineString","coordinates":[[127.060347,37.610754],[127.06051,37.61055]]},"properties":{"osm_id":414841064,"highway":"residential","name":"한천로79길"}},{"type":"Feature","id":"osm.way.414848152","geometry":{"type":"LineString","coordinates":[[127.048535,37.610138],[127.048388,37.610415],[127.048386,37.610462],[127.048618,37.610895],[127.048746,37.611135],[127.049166,37.611223],[127.049353,37.611262],[127.049467,37.611286],[127.049708,37.611337],[127.050711,37.61153]]},"properties":{"osm_id":414848152,"highway":"residential","name":"장월로8가길"}},{"type":"Feature","id":"osm.way.414848153","geometry":{"type":"LineString","coordinates":[[127.050448,37.609741],[127.049759,37.609617],[127.049127,37.609494],[127.049061,37.609725],[127.048987,37.609963],[127.048922,37.610214]]},"properties":{"osm_id":414848153,"highway":"residential","name":"화랑로19가길"}},{"type":"Feature","id":"osm.way.414848154","geometry":{"type":"LineString","coordinates":[[127.050375,37.609971],[127.051047,37.610097],[127.051517,37.6102]]},"properties":{"osm_id":414848154,"highway":"residential","name":"화랑로19가길"}},{"type":"Feature","id":"osm.way.414848155","geometry":{"type":"LineString","coordinates":[[127.050297,37.610221],[127.049617,37.610086],[127.049029,37.609978],[127.048987,37.609963],[127.048949,37.609949],[127.048627,37.609902]]},"properties":{"osm_id":414848155,"highway":"residential","name":"화랑로19가길"}},{"type":"Feature","id":"osm.way.414850508","geometry":{"type":"LineString","coordinates":[[127.053111,37.610375],[127.052718,37.610705],[127.052674,37.610772]]},"properties":{"osm_id":414850508,"highway":"residential","name":"돌곶이로27길"}},{"type":"Feature","id":"osm.way.414850509","geometry":{"type":"LineString","coordinates":[[127.05458,37.61148],[127.054945,37.611161],[127.055051,37.610938]]},"properties":{"osm_id":414850509,"highway":"residential","name":"돌곶이로25길"}},{"type":"Feature","id":"osm.way.414850510","geometry":{"type":"LineString","coordinates":[[127.054294,37.611268],[127.053903,37.611601],[127.053832,37.611634]]},"properties":{"osm_id":414850510,"highway":"residential","name":"돌곶이로27길"}},{"type":"Feature","id":"osm.way.414850511","geometry":{"type":"LineString","coordinates":[[127.053894,37.610965],[127.054206,37.610695],[127.054268,37.610626]]},"properties":{"osm_id":414850511,"highway":"residential","name":"돌곶이로25길"}},{"type":"Feature","id":"osm.way.414850512","geometry":{"type":"LineString","coordinates":[[127.055961,37.611185],[127.055954,37.611217],[127.056018,37.611354],[127.056117,37.611431],[127.05632,37.61151]]},"properties":{"osm_id":414850512,"highway":"residential","name":"돌곶이로25길"}},{"type":"Feature","id":"osm.way.414855936","geometry":{"type":"LineString","coordinates":[[127.051524,37.614111],[127.051511,37.614137],[127.051484,37.61421],[127.051486,37.614238],[127.051313,37.61455],[127.051322,37.614585],[127.051415,37.614621],[127.051505,37.614656],[127.051541,37.614652],[127.051732,37.614333]]},"properties":{"osm_id":414855936,"highway":"residential","name":"장위로37길"}},{"type":"Feature","id":"osm.way.414855937","geometry":{"type":"LineString","coordinates":[[127.051383,37.615025],[127.051338,37.615069],[127.05112,37.615246],[127.051036,37.615315],[127.051019,37.615303],[127.050783,37.615137],[127.05068,37.615065],[127.050536,37.614955],[127.050298,37.614774],[127.050157,37.614666],[127.050047,37.614589],[127.04998,37.614542],[127.049755,37.614433],[127.049593,37.614355],[127.049469,37.614294],[127.049423,37.614272],[127.049201,37.61412],[127.048944,37.613945],[127.048835,37.613953]]},"properties":{"osm_id":414855937,"highway":"residential","name":"장월로14길"}},{"type":"Feature","id":"osm.way.414856860","geometry":{"type":"LineString","coordinates":[[127.049238,37.614463],[127.049469,37.614294],[127.049897,37.613923],[127.049926,37.613883],[127.050359,37.61353]]},"properties":{"osm_id":414856860,"highway":"residential","name":"장위로37길"}},{"type":"Feature","id":"osm.way.414856862","geometry":{"type":"LineString","coordinates":[[127.050568,37.613723],[127.050151,37.614111],[127.049755,37.614433],[127.04937,37.614757],[127.048449,37.614785]]},"properties":{"osm_id":414856862,"highway":"residential","name":"장월로16길"}},{"type":"Feature","id":"osm.way.414856865","geometry":{"type":"LineString","coordinates":[[127.049477,37.615036],[127.049547,37.615076],[127.049576,37.615093],[127.049763,37.615224],[127.049834,37.615269],[127.050031,37.615393],[127.050261,37.615534],[127.050328,37.615571],[127.050423,37.615633],[127.050528,37.615701],[127.050683,37.615801],[127.05081,37.615861]]},"properties":{"osm_id":414856865,"highway":"residential","name":"장월로18길"}},{"type":"Feature","id":"osm.way.414856868","geometry":{"type":"LineString","coordinates":[[127.048965,37.615434],[127.048672,37.615412],[127.048561,37.615536],[127.04856,37.615688],[127.048931,37.615711]]},"properties":{"osm_id":414856868,"highway":"residential","name":"장월로20길"}},{"type":"Feature","id":"osm.way.414858519","geometry":{"type":"LineString","coordinates":[[127.050223,37.615819],[127.05007,37.615738],[127.04982,37.61578]]},"properties":{"osm_id":414858519,"highway":"residential","name":"돌곶이로"}},{"type":"Feature","id":"osm.way.414858520","geometry":{"type":"LineString","coordinates":[[127.05125,37.615341],[127.05138,37.615471]]},"properties":{"osm_id":414858520,"highway":"residential","name":"돌곶이로"}},{"type":"Feature","id":"osm.way.414858521","geometry":{"type":"LineString","coordinates":[[127.047573,37.615611],[127.047764,37.615847],[127.047989,37.616098],[127.048099,37.616045]]},"properties":{"osm_id":414858521,"highway":"residential","name":"장위로31길"}},{"type":"Feature","id":"osm.way.414858522","geometry":{"type":"LineString","coordinates":[[127.047512,37.616612],[127.047618,37.61679],[127.047793,37.617067],[127.047865,37.617148],[127.047966,37.617263],[127.048099,37.617404],[127.048263,37.617438]]},"properties":{"osm_id":414858522,"highway":"residential","name":"돌곶이로37길"}},{"type":"Feature","id":"osm.way.414858523","geometry":{"type":"LineString","coordinates":[[127.047744,37.615713],[127.04785,37.615759],[127.048099,37.616045],[127.048214,37.616178]]},"properties":{"osm_id":414858523,"highway":"residential","name":"장월로23길"}},{"type":"Feature","id":"osm.way.414858524","geometry":{"type":"LineString","coordinates":[[127.046831,37.615782],[127.046902,37.615857],[127.047218,37.616224],[127.047373,37.616419],[127.047484,37.616558],[127.047512,37.616612]]},"properties":{"osm_id":414858524,"highway":"residential","name":"돌곶이로37길"}},{"type":"Feature","id":"osm.way.414859035","geometry":{"type":"LineString","coordinates":[[127.04836,37.61506],[127.047557,37.615064],[127.047496,37.615054],[127.047191,37.614973],[127.047006,37.614936],[127.046695,37.614948],[127.046344,37.614967]]},"properties":{"osm_id":414859035,"highway":"residential","name":"장월로17길"}},{"type":"Feature","id":"osm.way.414859037","geometry":{"type":"LineString","coordinates":[[127.046831,37.615782],[127.047504,37.615771],[127.047549,37.615672],[127.047573,37.615611]]},"properties":{"osm_id":414859037,"highway":"residential","name":"장위로31길"}},{"type":"Feature","id":"osm.way.414897360","geometry":{"type":"LineString","coordinates":[[127.053467,37.612536],[127.053494,37.612449],[127.053591,37.612135],[127.053603,37.612102],[127.053756,37.611682],[127.053832,37.611634]]},"properties":{"osm_id":414897360,"highway":"service","name":"돌곶이로27길","service":"alley"}},{"type":"Feature","id":"osm.way.414897364","geometry":{"type":"LineString","coordinates":[[127.052491,37.611388],[127.053077,37.611513],[127.053669,37.611639],[127.053832,37.611634]]},"properties":{"osm_id":414897364,"highway":"residential","name":"장위로40다길"}},{"type":"Feature","id":"osm.way.414897365","geometry":{"type":"LineString","coordinates":[[127.051215,37.611143],[127.052231,37.611339],[127.052491,37.611388]]},"properties":{"osm_id":414897365,"highway":"residential","name":"장위로40라길"}},{"type":"Feature","id":"osm.way.414897366","geometry":{"type":"LineString","coordinates":[[127.052221,37.611094],[127.052266,37.610877]]},"properties":{"osm_id":414897366,"highway":"service","name":"장위로40마길"}},{"type":"Feature","id":"osm.way.414897367","geometry":{"type":"LineString","coordinates":[[127.052189,37.611455],[127.052231,37.611339]]},"properties":{"osm_id":414897367,"highway":"service","name":"장위로40라길"}},{"type":"Feature","id":"osm.way.414899974","geometry":{"type":"LineString","coordinates":[[127.047489,37.612047],[127.047521,37.61199],[127.04754,37.611831],[127.047552,37.611768],[127.047563,37.611713],[127.047606,37.611643],[127.047647,37.611576],[127.047719,37.611404],[127.047871,37.61115],[127.04791,37.61112],[127.048206,37.611038]]},"properties":{"osm_id":414899974,"highway":"residential","name":"장월로9길"}},{"type":"Feature","id":"osm.way.414899975","geometry":{"type":"LineString","coordinates":[[127.043086,37.611585],[127.043012,37.611591],[127.042827,37.611623],[127.042286,37.611729],[127.041947,37.611812],[127.041751,37.611874],[127.041701,37.6119],[127.041593,37.611956],[127.04146,37.612035]]},"properties":{"osm_id":414899975,"highway":"residential","name":"장위로16길"}},{"type":"Feature","id":"osm.way.414899976","geometry":{"type":"LineString","coordinates":[[127.043894,37.612199],[127.043827,37.612172],[127.043597,37.611938],[127.04347,37.611822]]},"properties":{"osm_id":414899976,"highway":"residential","name":"장위로22길"}},{"type":"Feature","id":"osm.way.414899977","geometry":{"type":"LineString","coordinates":[[127.043095,37.611979],[127.042885,37.611989],[127.042584,37.612014],[127.042308,37.612042],[127.0422,37.612065],[127.042034,37.612101],[127.041758,37.612162],[127.041612,37.612194],[127.041477,37.612214],[127.041339,37.612235]]},"properties":{"osm_id":414899977,"highway":"residential","name":"장위로16길"}},{"type":"Feature","id":"osm.way.414899978","geometry":{"type":"LineString","coordinates":[[127.043107,37.612512],[127.043836,37.612508],[127.043901,37.612507]]},"properties":{"osm_id":414899978,"highway":"residential","name":"장위로20길"}},{"type":"Feature","id":"osm.way.414899979","geometry":{"type":"LineString","coordinates":[[127.043128,37.613608],[127.04387,37.613598],[127.043922,37.613608]]},"properties":{"osm_id":414899979,"highway":"residential","name":"장위로20길"}},{"type":"Feature","id":"osm.way.414899980","geometry":{"type":"LineString","coordinates":[[127.043119,37.613344],[127.043917,37.613341]]},"properties":{"osm_id":414899980,"highway":"residential","name":"장위로20길"}},{"type":"Feature","id":"osm.way.414899981","geometry":{"type":"LineString","coordinates":[[127.043112,37.613063],[127.043057,37.613063],[127.042736,37.613085],[127.042515,37.613127],[127.04231,37.613166],[127.042087,37.613209],[127.041809,37.613263],[127.04155,37.613314],[127.041388,37.613344],[127.041311,37.613374]]},"properties":{"osm_id":414899981,"highway":"residential","name":"장위로16길"}},{"type":"Feature","id":"osm.way.414899982","geometry":{"type":"LineString","coordinates":[[127.043109,37.612787],[127.043178,37.612782],[127.043903,37.612779]]},"properties":{"osm_id":414899982,"highway":"residential","name":"장위로20길"}},{"type":"Feature","id":"osm.way.414899983","geometry":{"type":"LineString","coordinates":[[127.041487,37.613888],[127.041537,37.613887],[127.042259,37.613749],[127.042932,37.613616],[127.043128,37.613608]]},"properties":{"osm_id":414899983,"highway":"residential","name":"장위로16길"}},{"type":"Feature","id":"osm.way.414899984","geometry":{"type":"LineString","coordinates":[[127.043922,37.613608],[127.044706,37.613595]]},"properties":{"osm_id":414899984,"highway":"residential","name":"장위로22길"}},{"type":"Feature","id":"osm.way.414899985","geometry":{"type":"LineString","coordinates":[[127.043917,37.613341],[127.0447,37.613326]]},"properties":{"osm_id":414899985,"highway":"residential","name":"장위로22길"}},{"type":"Feature","id":"osm.way.414899986","geometry":{"type":"LineString","coordinates":[[127.043911,37.613055],[127.043871,37.613055],[127.043112,37.613063]]},"properties":{"osm_id":414899986,"highway":"residential","name":"장위로20길"}},{"type":"Feature","id":"osm.way.414899987","geometry":{"type":"LineString","coordinates":[[127.043903,37.612779],[127.044619,37.61277],[127.0447,37.612769]]},"properties":{"osm_id":414899987,"highway":"residential","name":"장위로22길"}},{"type":"Feature","id":"osm.way.414899988","geometry":{"type":"LineString","coordinates":[[127.043901,37.612507],[127.044689,37.612495]]},"properties":{"osm_id":414899988,"highway":"residential","name":"장위로22길"}},{"type":"Feature","id":"osm.way.414899989","geometry":{"type":"LineString","coordinates":[[127.044706,37.613595],[127.045659,37.613585]]},"properties":{"osm_id":414899989,"highway":"residential","name":"장위로24길"}},{"type":"Feature","id":"osm.way.414899990","geometry":{"type":"LineString","coordinates":[[127.0447,37.613326],[127.045648,37.613316]]},"properties":{"osm_id":414899990,"highway":"residential","name":"장위로24길"}},{"type":"Feature","id":"osm.way.414899991","geometry":{"type":"LineString","coordinates":[[127.044705,37.61305],[127.044625,37.613051],[127.043911,37.613055]]},"properties":{"osm_id":414899991,"highway":"residential","name":"장위로22길"}},{"type":"Feature","id":"osm.way.414899992","geometry":{"type":"LineString","coordinates":[[127.0447,37.612769],[127.045625,37.612761]]},"properties":{"osm_id":414899992,"highway":"residential","name":"장위로24길"}},{"type":"Feature","id":"osm.way.414902180","geometry":{"type":"LineString","coordinates":[[127.045659,37.613585],[127.046001,37.613581],[127.046506,37.613773],[127.04654,37.61385]]},"properties":{"osm_id":414902180,"highway":"residential","name":"장위로26길"}},{"type":"Feature","id":"osm.way.414902181","geometry":{"type":"LineString","coordinates":[[127.045648,37.613316],[127.046079,37.613318],[127.046693,37.613532]]},"properties":{"osm_id":414902181,"highway":"residential","name":"장위로26길"}},{"type":"Feature","id":"osm.way.414902182","geometry":{"type":"LineString","coordinates":[[127.045636,37.613037],[127.045574,37.613037],[127.044705,37.61305]]},"properties":{"osm_id":414902182,"highway":"residential","name":"장위로24길"}},{"type":"Feature","id":"osm.way.414902183","geometry":{"type":"LineString","coordinates":[[127.045625,37.612761],[127.046092,37.612757],[127.04616,37.612762],[127.046633,37.612903]]},"properties":{"osm_id":414902183,"highway":"residential","name":"장위로26길"}},{"type":"Feature","id":"osm.way.414902184","geometry":{"type":"LineString","coordinates":[[127.045269,37.6124],[127.045526,37.61223],[127.045823,37.612039]]},"properties":{"osm_id":414902184,"highway":"residential","name":"장위로26길"}},{"type":"Feature","id":"osm.way.414902185","geometry":{"type":"LineString","coordinates":[[127.045741,37.611228],[127.046285,37.611568],[127.046428,37.611621],[127.046586,37.611647],[127.046774,37.611678],[127.046867,37.611682],[127.046912,37.611684],[127.047236,37.611675],[127.047367,37.611673],[127.047465,37.611672],[127.047606,37.611643]]},"properties":{"osm_id":414902185,"highway":"residential","name":"장월로9나길"}},{"type":"Feature","id":"osm.way.414902186","geometry":{"type":"LineString","coordinates":[[127.045823,37.612039],[127.046207,37.611788],[127.046401,37.611662],[127.046428,37.611621]]},"properties":{"osm_id":414902186,"highway":"residential","name":"장월로11길"}},{"type":"Feature","id":"osm.way.414902187","geometry":{"type":"LineString","coordinates":[[127.04314,37.610345],[127.04304,37.610489],[127.043056,37.610627],[127.043121,37.611023],[127.043073,37.611091],[127.043004,37.611187],[127.042861,37.611262],[127.042651,37.61133],[127.042438,37.611372],[127.042355,37.611384],[127.042106,37.61142]]},"properties":{"osm_id":414902187,"highway":"footway","name":"화랑로13가길"}},{"type":"Feature","id":"osm.way.414902188","geometry":{"type":"LineString","coordinates":[[127.042106,37.61142],[127.042006,37.610906],[127.040996,37.611033],[127.040915,37.610933]]},"properties":{"osm_id":414902188,"highway":"residential","name":"화랑로13가길"}},{"type":"Feature","id":"osm.way.415101263","geometry":{"type":"LineString","coordinates":[[127.042222,37.615642],[127.042565,37.615573],[127.042651,37.615556],[127.042902,37.615504],[127.043071,37.615468],[127.043261,37.615429],[127.043733,37.615332],[127.04432,37.615211]]},"properties":{"osm_id":415101263,"highway":"residential","name":"장위로15길"}},{"type":"Feature","id":"osm.way.415101264","geometry":{"type":"LineString","coordinates":[[127.044979,37.61841],[127.044988,37.618217],[127.044975,37.617878],[127.044965,37.617609],[127.044966,37.617553],[127.04497,37.617204],[127.045107,37.616836],[127.045135,37.61676],[127.045262,37.616417],[127.045276,37.616379]]},"properties":{"osm_id":415101264,"highway":"residential","name":"장위로15길"}},{"type":"Feature","id":"osm.way.415101266","geometry":{"type":"LineString","coordinates":[[127.046807,37.617027],[127.046485,37.616577],[127.046381,37.616429],[127.046357,37.616378],[127.046329,37.616318],[127.046254,37.616049],[127.04624,37.616008],[127.046173,37.615822],[127.046153,37.615693],[127.046036,37.615521],[127.045968,37.615441],[127.045845,37.615296],[127.045598,37.614973],[127.045448,37.614788],[127.045372,37.61476],[127.045142,37.614716],[127.045086,37.614725]]},"properties":{"osm_id":415101266,"highway":"residential","name":"장위로21다길"}},{"type":"Feature","id":"osm.way.415101267","geometry":{"type":"LineString","coordinates":[[127.046873,37.617193],[127.047014,37.617105],[127.047107,37.617033],[127.047162,37.616969],[127.0472,37.616905],[127.047237,37.616836],[127.047226,37.616779]]},"properties":{"osm_id":415101267,"highway":"residential","name":"돌곶이로41길"}},{"type":"Feature","id":"osm.way.415101268","geometry":{"type":"LineString","coordinates":[[127.04599,37.615969],[127.046134,37.616007],[127.04624,37.616008]]},"properties":{"osm_id":415101268,"highway":"residential","name":"장위로21다길"}},{"type":"Feature","id":"osm.way.415101269","geometry":{"type":"LineString","coordinates":[[127.045276,37.616379],[127.045391,37.616051],[127.045422,37.616024],[127.045482,37.615971],[127.045516,37.615919],[127.045492,37.615792],[127.045421,37.615542],[127.045405,37.615487],[127.045108,37.614781],[127.045086,37.614725],[127.044995,37.614488]]},"properties":{"osm_id":415101269,"highway":"residential","name":"장위로21라길"}},{"type":"Feature","id":"osm.way.415101887","geometry":{"type":"LineString","coordinates":[[127.044521,37.615519],[127.044462,37.615618],[127.044414,37.615759],[127.044307,37.616061],[127.044241,37.616247],[127.044064,37.616743]]},"properties":{"osm_id":415101887,"highway":"residential","name":"장위로15길"}},{"type":"Feature","id":"osm.way.415101888","geometry":{"type":"LineString","coordinates":[[127.042171,37.614941],[127.042468,37.614835],[127.042902,37.615504]]},"properties":{"osm_id":415101888,"highway":"residential","name":"장위로17길"}},{"type":"Feature","id":"osm.way.415345197","geometry":{"type":"LineString","coordinates":[[127.042788,37.6284],[127.042897,37.628156],[127.042903,37.628124],[127.042905,37.628086],[127.042901,37.62802],[127.042887,37.627957],[127.042878,37.627931],[127.042848,37.627848],[127.04284,37.62781],[127.042837,37.627782],[127.042852,37.627628],[127.042852,37.62762],[127.042849,37.627612],[127.042845,37.627605],[127.042839,37.627598],[127.042771,37.627538]]},"properties":{"osm_id":415345197,"highway":"residential","name":"한천로109길"}},{"type":"Feature","id":"osm.way.415345198","geometry":{"type":"LineString","coordinates":[[127.04065,37.6298],[127.041083,37.629497],[127.041577,37.62915],[127.041589,37.629145],[127.041602,37.629138],[127.04162,37.629129],[127.04173,37.629092],[127.04177,37.629078],[127.041828,37.629059],[127.041983,37.628995],[127.042116,37.628917],[127.042213,37.628854],[127.042529,37.628618],[127.042788,37.6284]]},"properties":{"osm_id":415345198,"highway":"residential","name":"오현로36길"}},{"type":"Feature","id":"osm.way.425322338","geometry":{"type":"LineString","coordinates":[[127.07036,37.606731],[127.070235,37.606651],[127.070242,37.605923],[127.070186,37.605022],[127.070151,37.604985],[127.070095,37.604958],[127.069249,37.604923],[127.069106,37.604922],[127.069102,37.605989],[127.069101,37.60614],[127.069099,37.606884],[127.069067,37.608066],[127.068994,37.60933],[127.068975,37.60999],[127.06895,37.610136],[127.068899,37.61031],[127.06881,37.610505],[127.068697,37.610686],[127.068564,37.610874]]},"properties":{"osm_id":425322338,"highway":"service"}},{"type":"Feature","id":"osm.way.425545564","geometry":{"type":"LineString","coordinates":[[127.061854,37.622888],[127.061991,37.622928],[127.063379,37.623326],[127.063396,37.623557],[127.063412,37.623746]]},"properties":{"osm_id":425545564,"highway":"footway","bridge":"yes","layer":"2"}},{"type":"Feature","id":"osm.way.425545567","geometry":{"type":"LineString","coordinates":[[127.063396,37.623557],[127.063654,37.62365],[127.063726,37.623668]]},"properties":{"osm_id":425545567,"highway":"footway","bridge":"yes","layer":"2"}},{"type":"Feature","id":"osm.way.425545569","geometry":{"type":"LineString","coordinates":[[127.063412,37.623746],[127.063416,37.623823],[127.063419,37.623925]]},"properties":{"osm_id":425545569,"highway":"steps"}},{"type":"Feature","id":"osm.way.425545572","geometry":{"type":"LineString","coordinates":[[127.063726,37.623668],[127.063865,37.623707]]},"properties":{"osm_id":425545572,"highway":"steps"}},{"type":"Feature","id":"osm.way.425545574","geometry":{"type":"LineString","coordinates":[[127.063726,37.623668],[127.063856,37.623552]]},"properties":{"osm_id":425545574,"highway":"steps"}},{"type":"Feature","id":"osm.way.425545602","geometry":{"type":"LineString","coordinates":[[127.062626,37.627583],[127.062458,37.627598],[127.062328,37.627637],[127.062272,37.627695],[127.062186,37.62787],[127.061932,37.628394],[127.061707,37.628864],[127.061648,37.628984],[127.06148,37.628932],[127.060995,37.628771],[127.060909,37.62874],[127.060653,37.62805],[127.060639,37.627975],[127.060657,37.627891],[127.060863,37.627312]]},"properties":{"osm_id":425545602,"highway":"service","oneway":"yes"}},{"type":"Feature","id":"osm.way.425545603","geometry":{"type":"LineString","coordinates":[[127.060863,37.627312],[127.060913,37.627193],[127.06097,37.62707],[127.060911,37.626965],[127.061153,37.626464],[127.061931,37.62567]]},"properties":{"osm_id":425545603,"highway":"service","oneway":"yes"}},{"type":"Feature","id":"osm.way.468170812","geometry":{"type":"LineString","coordinates":[[127.073403,37.613197],[127.073372,37.613391]]},"properties":{"osm_id":468170812,"highway":"service"}},{"type":"Feature","id":"osm.way.468577863","geometry":{"type":"LineString","coordinates":[[127.067089,37.614152],[127.06721,37.61406],[127.067619,37.61375],[127.067736,37.613658]]},"properties":{"osm_id":468577863,"highway":"residential","lanes":"4"}},{"type":"Feature","id":"osm.way.468577884","geometry":{"type":"LineString","coordinates":[[127.06706,37.613129],[127.067547,37.613507],[127.067736,37.613658]]},"properties":{"osm_id":468577884,"highway":"residential"}},{"type":"Feature","id":"osm.way.468577918","geometry":{"type":"LineString","coordinates":[[127.067736,37.613658],[127.06801,37.613864],[127.068116,37.613948],[127.068175,37.613976],[127.068244,37.613994],[127.068307,37.613995]]},"properties":{"osm_id":468577918,"highway":"residential","lanes":"4"}},{"type":"Feature","id":"osm.way.469062848","geometry":{"type":"LineString","coordinates":[[127.061488,37.631117],[127.061553,37.631049]]},"properties":{"osm_id":469062848,"highway":"residential","lanes":"1","oneway":"no"}},{"type":"Feature","id":"osm.way.469062851","geometry":{"type":"LineString","coordinates":[[127.062902,37.628698],[127.06273,37.628922],[127.062711,37.628959],[127.062616,37.629143],[127.062551,37.629261],[127.062467,37.629432],[127.062337,37.629392],[127.062234,37.629616],[127.061947,37.629523],[127.062051,37.629304],[127.062337,37.629392]]},"properties":{"osm_id":469062851,"highway":"service","lanes":"1"}},{"type":"Feature","id":"osm.way.469062855","geometry":{"type":"LineString","coordinates":[[127.061314,37.631391],[127.062206,37.630553],[127.06238,37.63036],[127.062421,37.63026],[127.062201,37.630144]]},"properties":{"osm_id":469062855,"highway":"footway"}},{"type":"Feature","id":"osm.way.469062857","geometry":{"type":"LineString","coordinates":[[127.062201,37.630144],[127.061916,37.629945]]},"properties":{"osm_id":469062857,"highway":"footway"}},{"type":"Feature","id":"osm.way.469062860","geometry":{"type":"LineString","coordinates":[[127.06238,37.63036],[127.062826,37.630489],[127.063019,37.630534],[127.063464,37.63063],[127.063509,37.63064]]},"properties":{"osm_id":469062860,"highway":"footway"}},{"type":"Feature","id":"osm.way.469062867","geometry":{"type":"LineString","coordinates":[[127.061672,37.629045],[127.061972,37.62846],[127.062326,37.627714],[127.062355,37.627666]]},"properties":{"osm_id":469062867,"highway":"footway"}},{"type":"Feature","id":"osm.way.469065401","geometry":{"type":"LineString","coordinates":[[127.061115,37.633708],[127.062318,37.632571],[127.062355,37.632444]]},"properties":{"osm_id":469065401,"highway":"trunk_link","lanes":"1","oneway":"yes"}},{"type":"Feature","id":"osm.way.469065402","geometry":{"type":"LineString","coordinates":[[127.061939,37.632014],[127.062279,37.632054],[127.062492,37.63198],[127.062734,37.631755],[127.062889,37.631492],[127.063164,37.630764],[127.063196,37.630674]]},"properties":{"osm_id":469065402,"highway":"secondary_link","oneway":"yes"}},{"type":"Feature","id":"osm.way.469065403","geometry":{"type":"LineString","coordinates":[[127.062524,37.632176],[127.062652,37.632184],[127.062678,37.632183],[127.062691,37.632181],[127.062703,37.632178],[127.062714,37.632175],[127.062723,37.632171],[127.062734,37.632165],[127.062747,37.632155],[127.062771,37.632138],[127.062815,37.6321],[127.062902,37.632007],[127.062999,37.631899],[127.063089,37.631788],[127.06316,37.631692],[127.063221,37.631601],[127.063271,37.631519],[127.063322,37.63142],[127.063368,37.63133],[127.063407,37.631242],[127.063438,37.631162],[127.06347,37.631073],[127.063614,37.630658],[127.063641,37.63055],[127.063703,37.630355],[127.06397,37.629685],[127.064046,37.629477],[127.064079,37.629399],[127.06411,37.629336],[127.064143,37.629271]]},"properties":{"osm_id":469065403,"highway":"trunk_link","oneway":"yes"}},{"type":"Feature","id":"osm.way.469255521","geometry":{"type":"LineString","coordinates":[[127.062161,37.616455],[127.061921,37.616619],[127.061861,37.616659],[127.06137,37.616995],[127.06126,37.61707],[127.061316,37.617272],[127.061291,37.617295],[127.061248,37.617334]]},"properties":{"osm_id":469255521,"highway":"residential"}},{"type":"Feature","id":"osm.way.469401992","geometry":{"type":"LineString","coordinates":[[127.061553,37.631049],[127.061574,37.630999],[127.061574,37.630939],[127.060433,37.630235],[127.06027,37.630393],[127.059816,37.63011],[127.060058,37.629854]]},"properties":{"osm_id":469401992,"highway":"residential"}},{"type":"Feature","id":"osm.way.469401993","geometry":{"type":"LineString","coordinates":[[127.061931,37.62567],[127.062629,37.625896],[127.062876,37.626266],[127.062521,37.627023],[127.062356,37.627278],[127.062353,37.627315],[127.062349,37.627374],[127.062389,37.627442],[127.062478,37.627537]]},"properties":{"osm_id":469401993,"highway":"service","oneway":"yes"}},{"type":"Feature","id":"osm.way.469939718","geometry":{"type":"LineString","coordinates":[[127.05977,37.623351],[127.060168,37.623122]]},"properties":{"osm_id":469939718,"highway":"residential","name":"광운로"}},{"type":"Feature","id":"osm.way.470097756","geometry":{"type":"LineString","coordinates":[[127.063289,37.624306],[127.063416,37.624306],[127.063752,37.624308],[127.066732,37.624321],[127.066732,37.623976],[127.066732,37.623742],[127.066746,37.623424],[127.067103,37.62322],[127.067184,37.623174]]},"properties":{"osm_id":470097756,"highway":"service"}},{"type":"Feature","id":"osm.way.470097759","geometry":{"type":"LineString","coordinates":[[127.066732,37.623976],[127.065999,37.623971],[127.065999,37.623928],[127.066001,37.623774],[127.066002,37.623733],[127.066732,37.623742]]},"properties":{"osm_id":470097759,"highway":"service"}},{"type":"Feature","id":"osm.way.470097760","geometry":{"type":"LineString","coordinates":[[127.065677,37.623923],[127.065999,37.623928]]},"properties":{"osm_id":470097760,"highway":"service"}},{"type":"Feature","id":"osm.way.470097761","geometry":{"type":"LineString","coordinates":[[127.065678,37.623768],[127.066001,37.623774]]},"properties":{"osm_id":470097761,"highway":"service"}},{"type":"Feature","id":"osm.way.470097765","geometry":{"type":"LineString","coordinates":[[127.066732,37.624321],[127.066802,37.624324],[127.06681,37.624911],[127.066821,37.625447],[127.06692,37.625445],[127.067062,37.625466],[127.067136,37.625523]]},"properties":{"osm_id":470097765,"highway":"service"}},{"type":"Feature","id":"osm.way.471712630","geometry":{"type":"LineString","coordinates":[[127.060496,37.632516],[127.060389,37.632623],[127.060765,37.632865],[127.060885,37.632752],[127.060496,37.632516]]},"properties":{"osm_id":471712630,"highway":"residential","name":"사슴아파트2단지","oneway":"no"}},{"type":"Feature","id":"osm.way.471845456","geometry":{"type":"LineString","coordinates":[[127.06706,37.613129],[127.067202,37.612967],[127.067437,37.612703],[127.067706,37.612427],[127.067869,37.612262],[127.068043,37.612096],[127.06846,37.611748],[127.069338,37.611036],[127.069351,37.611026],[127.069711,37.610715]]},"properties":{"osm_id":471845456,"highway":"service","lanes":"2"}},{"type":"Feature","id":"osm.way.471845977","geometry":{"type":"LineString","coordinates":[[127.062352,37.614917],[127.062417,37.614919]]},"properties":{"osm_id":471845977,"highway":"road"}},{"type":"Feature","id":"osm.way.471847218","geometry":{"type":"LineString","coordinates":[[127.068307,37.613995],[127.068376,37.613989],[127.068424,37.613979],[127.068476,37.613953],[127.068732,37.613753],[127.069308,37.613301],[127.06942,37.613213],[127.069435,37.613194],[127.06944,37.613169],[127.06944,37.613126],[127.069448,37.613109],[127.069465,37.613093],[127.069804,37.612844],[127.069898,37.612886],[127.069993,37.612913]]},"properties":{"osm_id":471847218,"highway":"service","lanes":"2"}},{"type":"Feature","id":"osm.way.471847528","geometry":{"type":"LineString","coordinates":[[127.069993,37.612913],[127.070167,37.612946]]},"properties":{"osm_id":471847528,"highway":"service","lanes":"2"}},{"type":"Feature","id":"osm.way.471848706","geometry":{"type":"LineString","coordinates":[[127.069804,37.612844],[127.069536,37.612623],[127.06935,37.612468],[127.06924,37.612379],[127.068968,37.612159],[127.06876,37.611991],[127.06846,37.611748]]},"properties":{"osm_id":471848706,"highway":"service","lanes":"2"}},{"type":"Feature","id":"osm.way.471849534","geometry":{"type":"LineString","coordinates":[[127.066614,37.613853],[127.06706,37.613129]]},"properties":{"osm_id":471849534,"highway":"residential","lanes":"2"}},{"type":"Feature","id":"osm.way.471858043","geometry":{"type":"LineString","coordinates":[[127.06801,37.613864],[127.067816,37.614013]]},"properties":{"osm_id":471858043,"highway":"residential","lanes":"1"}},{"type":"Feature","id":"osm.way.472786222","geometry":{"type":"LineString","coordinates":[[127.060496,37.632516],[127.060685,37.632328],[127.060829,37.632179],[127.060648,37.632059]]},"properties":{"osm_id":472786222,"highway":"residential","name":"사슴아파트2단지","oneway":"no"}},{"type":"Feature","id":"osm.way.472786223","geometry":{"type":"LineString","coordinates":[[127.060403,37.63214],[127.060685,37.632328]]},"properties":{"osm_id":472786223,"highway":"residential","name":"사슴아파트2단지","oneway":"no"}},{"type":"Feature","id":"osm.way.472842931","geometry":{"type":"LineString","coordinates":[[127.068936,37.617996],[127.068937,37.61807],[127.06893,37.618115],[127.068913,37.618163],[127.068903,37.618195],[127.068888,37.618242],[127.068879,37.618278],[127.068879,37.61831],[127.068867,37.618831],[127.068865,37.618927],[127.068851,37.619548],[127.069689,37.619834],[127.06982,37.619878]]},"properties":{"osm_id":472842931,"highway":"service","lanes":"1"}},{"type":"Feature","id":"osm.way.473995350","geometry":{"type":"LineString","coordinates":[[127.067619,37.61375],[127.067339,37.613527],[127.067328,37.613521],[127.067317,37.613519],[127.067304,37.613521],[127.067295,37.613527],[127.067168,37.613626]]},"properties":{"osm_id":473995350,"highway":"residential"}},{"type":"Feature","id":"osm.way.473995806","geometry":{"type":"LineString","coordinates":[[127.067437,37.612703],[127.06753,37.612779],[127.067649,37.612874],[127.067669,37.612887],[127.067686,37.612891],[127.067714,37.612884],[127.067727,37.612874],[127.067937,37.612705],[127.067945,37.612695],[127.067947,37.612685],[127.067945,37.612675],[127.067939,37.612666],[127.067856,37.612595]]},"properties":{"osm_id":473995806,"highway":"residential"}},{"type":"Feature","id":"osm.way.473995807","geometry":{"type":"LineString","coordinates":[[127.06753,37.612779],[127.06773,37.612609]]},"properties":{"osm_id":473995807,"highway":"residential"}},{"type":"Feature","id":"osm.way.480014977","geometry":{"type":"LineString","coordinates":[[127.056204,37.609712],[127.056644,37.609812],[127.056922,37.609876],[127.057695,37.610056],[127.057761,37.610124]]},"properties":{"osm_id":480014977,"highway":"tertiary","name":"돌곶이로23길"}},{"type":"Feature","id":"osm.way.481573080","geometry":{"type":"LineString","coordinates":[[127.045625,37.621192],[127.04577,37.62148],[127.04593,37.6217],[127.04606,37.62187],[127.04628,37.62209],[127.046393,37.622201]]},"properties":{"osm_id":481573080,"highway":"secondary","name":"월계로"}},{"type":"Feature","id":"osm.way.481573081","geometry":{"type":"LineString","coordinates":[[127.060721,37.631259],[127.061088,37.631495]]},"properties":{"osm_id":481573081,"highway":"secondary","name":"월계로"}},{"type":"Feature","id":"osm.way.481573082","geometry":{"type":"LineString","coordinates":[[127.059167,37.630315],[127.059216,37.630257],[127.059304,37.630242],[127.059413,37.630271],[127.060455,37.630941]]},"properties":{"osm_id":481573082,"highway":"tertiary_link","oneway":"yes"}},{"type":"Feature","id":"osm.way.481576481","geometry":{"type":"LineString","coordinates":[[127.064111,37.633393],[127.064226,37.633471],[127.064282,37.633507],[127.066116,37.634626]]},"properties":{"osm_id":481576481,"highway":"secondary","name":"한글비석로"}},{"type":"Feature","id":"osm.way.481576482","geometry":{"type":"LineString","coordinates":[[127.061939,37.632014],[127.062102,37.632113]]},"properties":{"osm_id":481576482,"highway":"secondary","name":"월계로"}},{"type":"Feature","id":"osm.way.482982954","geometry":{"type":"LineString","coordinates":[[127.071972,37.627565],[127.071899,37.627544],[127.071298,37.627355],[127.07084,37.62721],[127.069567,37.626941]]},"properties":{"osm_id":482982954,"highway":"residential","name":"동일로195길"}},{"type":"Feature","id":"osm.way.482983240","geometry":{"type":"LineString","coordinates":[[127.072572,37.626329],[127.072494,37.6263],[127.071914,37.626036],[127.071312,37.625763]]},"properties":{"osm_id":482983240,"highway":"residential","name":"동일로193길"}},{"type":"Feature","id":"osm.way.482983452","geometry":{"type":"LineString","coordinates":[[127.071914,37.626036],[127.071298,37.627355]]},"properties":{"osm_id":482983452,"highway":"residential","name":"동일로193가길"}},{"type":"Feature","id":"osm.way.485047325","geometry":{"type":"LineString","coordinates":[[127.037765,37.622277],[127.038334,37.622277],[127.03872,37.622276],[127.038995,37.622172],[127.039136,37.622086],[127.03918,37.622054],[127.039243,37.622042],[127.039478,37.621996],[127.039576,37.621957],[127.039635,37.621924],[127.039813,37.621863],[127.039973,37.621818],[127.040002,37.621788],[127.040168,37.621619],[127.040372,37.621349],[127.040583,37.621227],[127.040727,37.621183],[127.040867,37.621142],[127.041108,37.621073],[127.041306,37.620951],[127.041435,37.620783],[127.041463,37.620747],[127.041627,37.62064],[127.041825,37.620585],[127.042053,37.620556],[127.042208,37.620517],[127.042394,37.620471],[127.042528,37.620386],[127.042779,37.620163],[127.04292,37.620012],[127.04297,37.619994],[127.04306,37.619963],[127.043194,37.619916],[127.043469,37.619932],[127.04365,37.619967],[127.04381,37.620004],[127.043871,37.619816],[127.043964,37.619654],[127.044055,37.61955]]},"properties":{"osm_id":485047325,"highway":"footway"}},{"type":"Feature","id":"osm.way.485047327","geometry":{"type":"LineString","coordinates":[[127.039753,37.622719],[127.039812,37.622708],[127.039919,37.622677],[127.040059,37.622603],[127.040173,37.622551],[127.040358,37.622547],[127.040386,37.622547],[127.040515,37.622547],[127.040566,37.622547],[127.040743,37.622547],[127.041105,37.622577],[127.041374,37.6226],[127.041483,37.62261],[127.041633,37.622599],[127.041757,37.622549],[127.04189,37.622464],[127.041903,37.622456],[127.042087,37.622339],[127.042102,37.622329],[127.042233,37.622198],[127.042427,37.622033],[127.042622,37.621862],[127.042674,37.621817],[127.042732,37.621742],[127.042768,37.621696],[127.042824,37.621552],[127.042847,37.621477],[127.042931,37.621206],[127.042987,37.621055],[127.043011,37.621034],[127.043074,37.620979],[127.043146,37.620942],[127.043256,37.620835],[127.043321,37.62069],[127.043376,37.620575],[127.043386,37.620553],[127.043444,37.620462],[127.043555,37.620431],[127.043713,37.620387],[127.04379,37.620365],[127.043798,37.62029],[127.043785,37.620256],[127.04375,37.620223]]},"properties":{"osm_id":485047327,"highway":"footway"}},{"type":"Feature","id":"osm.way.485048588","geometry":{"type":"LineString","coordinates":[[127.042208,37.620517],[127.042303,37.620445],[127.042412,37.620357],[127.042546,37.620172],[127.042661,37.620075],[127.042768,37.620021],[127.04295,37.619956],[127.043044,37.619928],[127.043115,37.619905],[127.043213,37.619869],[127.043365,37.619747],[127.043495,37.619668],[127.043622,37.619567],[127.043658,37.619533],[127.043695,37.619461],[127.043706,37.619408],[127.043708,37.619395],[127.043688,37.619339],[127.043642,37.619247],[127.043574,37.619183],[127.043554,37.619164],[127.043481,37.619116],[127.0433,37.619038],[127.043202,37.618936],[127.043185,37.618919],[127.043111,37.61884],[127.043087,37.618806],[127.043038,37.618736],[127.042993,37.618691],[127.042951,37.618655],[127.042916,37.618625],[127.042836,37.61858],[127.042804,37.618549],[127.042775,37.618522],[127.042729,37.618423],[127.04272,37.618351],[127.042711,37.618286],[127.042734,37.6182],[127.042802,37.618067],[127.042911,37.617903]]},"properties":{"osm_id":485048588,"highway":"footway"}},{"type":"Feature","id":"osm.way.485048589","geometry":{"type":"LineString","coordinates":[[127.043087,37.618806],[127.043146,37.618763],[127.043221,37.618665],[127.043287,37.618552],[127.043333,37.618444],[127.043342,37.618372],[127.043416,37.618283]]},"properties":{"osm_id":485048589,"highway":"footway"}},{"type":"Feature","id":"osm.way.485048590","geometry":{"type":"LineString","coordinates":[[127.044391,37.619792],[127.044347,37.619814],[127.044296,37.619853],[127.044288,37.619867]]},"properties":{"osm_id":485048590,"highway":"footway","bridge":"yes"}},{"type":"Feature","id":"osm.way.485048591","geometry":{"type":"LineString","coordinates":[[127.044288,37.619867],[127.044253,37.619864],[127.04419,37.619863],[127.044123,37.619883],[127.044057,37.619924],[127.043998,37.619971],[127.043957,37.620036],[127.043944,37.620112],[127.043944,37.620123],[127.043941,37.620174],[127.043943,37.620204],[127.04394,37.620231],[127.043935,37.620287],[127.043925,37.620367],[127.04387,37.620366],[127.043848,37.620363],[127.04379,37.620365]]},"properties":{"osm_id":485048591,"highway":"footway"}},{"type":"Feature","id":"osm.way.485048592","geometry":{"type":"LineString","coordinates":[[127.043944,37.620123],[127.043908,37.620112]]},"properties":{"osm_id":485048592,"highway":"footway"}},{"type":"Feature","id":"osm.way.485048595","geometry":{"type":"LineString","coordinates":[[127.042732,37.621742],[127.042812,37.621788]]},"properties":{"osm_id":485048595,"highway":"footway"}},{"type":"Feature","id":"osm.way.485048596","geometry":{"type":"LineString","coordinates":[[127.042812,37.621788],[127.042843,37.621842],[127.042891,37.621871],[127.042911,37.621847],[127.04293,37.621857],[127.042914,37.621885],[127.042928,37.621895],[127.04296,37.621865],[127.04298,37.621878],[127.042948,37.621926],[127.042987,37.621954],[127.043006,37.621943]]},"properties":{"osm_id":485048596,"highway":"steps"}},{"type":"Feature","id":"osm.way.485048597","geometry":{"type":"LineString","coordinates":[[127.043006,37.621943],[127.043063,37.621964],[127.043166,37.621909],[127.043212,37.621883],[127.043255,37.621934],[127.043328,37.621975],[127.043404,37.62198],[127.043495,37.621966],[127.043539,37.621947],[127.043551,37.621939],[127.043596,37.621907],[127.043622,37.621848],[127.043597,37.621782],[127.04356,37.62166],[127.043572,37.621602],[127.043618,37.621561],[127.043674,37.62152],[127.043752,37.621469],[127.043789,37.621464],[127.043847,37.621456],[127.043889,37.621434],[127.043939,37.621395],[127.043968,37.621351],[127.04398,37.621291],[127.043976,37.621232],[127.043943,37.621041],[127.043946,37.621006],[127.044087,37.620831],[127.044111,37.620827],[127.044171,37.62084],[127.044245,37.620863],[127.044306,37.620874],[127.044313,37.620858],[127.04431,37.620818],[127.044241,37.620694],[127.04423,37.620651],[127.044252,37.62065],[127.044296,37.620677],[127.044357,37.620731],[127.044441,37.6208],[127.044522,37.620856],[127.044603,37.620857],[127.044689,37.620858]]},"properties":{"osm_id":485048597,"highway":"footway"}},{"type":"Feature","id":"osm.way.485048598","geometry":{"type":"LineString","coordinates":[[127.04504,37.621449],[127.045014,37.621395],[127.044827,37.621336],[127.044719,37.621206],[127.044689,37.620858],[127.044685,37.620773],[127.044565,37.620646],[127.044502,37.620563],[127.04449,37.62049],[127.044487,37.620465],[127.044509,37.620352],[127.044595,37.620234],[127.044741,37.620118],[127.044879,37.620035],[127.044981,37.619988]]},"properties":{"osm_id":485048598,"highway":"residential"}},{"type":"Feature","id":"osm.way.485048599","geometry":{"type":"LineString","coordinates":[[127.043925,37.620367],[127.043949,37.620381],[127.04407,37.620413],[127.044192,37.620458],[127.044273,37.620495],[127.044345,37.620526],[127.044406,37.620588],[127.044472,37.620637],[127.044526,37.620704],[127.044597,37.620788],[127.044603,37.620857]]},"properties":{"osm_id":485048599,"highway":"footway"}},{"type":"Feature","id":"osm.way.485048600","geometry":{"type":"LineString","coordinates":[[127.044345,37.620526],[127.04449,37.62049]]},"properties":{"osm_id":485048600,"highway":"footway"}},{"type":"Feature","id":"osm.way.485048601","geometry":{"type":"LineString","coordinates":[[127.044391,37.619792],[127.04448,37.619776],[127.044582,37.619762],[127.0447,37.619717],[127.04478,37.619636]]},"properties":{"osm_id":485048601,"highway":"footway"}},{"type":"Feature","id":"osm.way.485051595","geometry":{"type":"LineString","coordinates":[[127.042804,37.618549],[127.042817,37.618527],[127.04283,37.618485],[127.042838,37.61843],[127.042848,37.618354],[127.042862,37.618292],[127.042876,37.618252],[127.042905,37.618217],[127.042964,37.618167],[127.043017,37.618108],[127.043093,37.618033]]},"properties":{"osm_id":485051595,"highway":"footway"}},{"type":"Feature","id":"osm.way.485051596","geometry":{"type":"LineString","coordinates":[[127.042951,37.618655],[127.042967,37.618638],[127.04297,37.618624],[127.04297,37.618594],[127.042967,37.618562],[127.042973,37.618521],[127.042994,37.618476],[127.043028,37.618428],[127.043069,37.618387],[127.043113,37.618365],[127.043161,37.618331],[127.043188,37.618315],[127.04325,37.618273],[127.043327,37.618214]]},"properties":{"osm_id":485051596,"highway":"footway"}},{"type":"Feature","id":"osm.way.485051597","geometry":{"type":"LineString","coordinates":[[127.043574,37.619183],[127.043589,37.619144],[127.04362,37.619078],[127.043653,37.619023],[127.043684,37.618978],[127.043742,37.61894],[127.043781,37.618904],[127.043821,37.618863],[127.043836,37.618829],[127.04386,37.618794],[127.043906,37.618755],[127.043963,37.618727]]},"properties":{"osm_id":485051597,"highway":"footway"}},{"type":"Feature","id":"osm.way.485051598","geometry":{"type":"LineString","coordinates":[[127.03909,37.621841],[127.039144,37.621787],[127.039198,37.621753],[127.039271,37.621708],[127.039374,37.62168],[127.039401,37.621604],[127.039382,37.621541],[127.039401,37.621474],[127.039443,37.621425],[127.039547,37.621398],[127.039685,37.621352],[127.039762,37.621283],[127.039838,37.621167],[127.039884,37.621106],[127.039973,37.621006],[127.04003,37.620842],[127.040075,37.620752],[127.040084,37.620705],[127.040084,37.620657],[127.040096,37.620627],[127.040132,37.620614],[127.040188,37.62055],[127.040209,37.620498],[127.040226,37.620449],[127.040273,37.620395],[127.040332,37.620337],[127.040433,37.620284],[127.040541,37.620239],[127.040714,37.620173],[127.040794,37.620152],[127.040854,37.620137],[127.040889,37.620121],[127.040922,37.620048],[127.040919,37.619972],[127.040909,37.619904],[127.040913,37.61985],[127.040893,37.619775],[127.040876,37.619714],[127.040867,37.619664],[127.040872,37.619618],[127.040872,37.619579],[127.040877,37.619538],[127.040869,37.6195],[127.040863,37.61947],[127.040873,37.619443],[127.040876,37.619427],[127.040875,37.619384],[127.040922,37.619318],[127.040959,37.619277],[127.040959,37.619226],[127.040963,37.619138],[127.040974,37.619098],[127.040988,37.619051],[127.041038,37.619013],[127.041103,37.618955],[127.041137,37.618922],[127.041191,37.618902],[127.041227,37.618823],[127.041273,37.618787],[127.041413,37.618769],[127.041511,37.618766],[127.041639,37.618805],[127.041812,37.618861],[127.041925,37.618823],[127.042057,37.618819],[127.042174,37.618816],[127.042217,37.618812],[127.04224,37.618791],[127.042253,37.618762],[127.042278,37.618724],[127.042299,37.618703],[127.042355,37.618689],[127.042428,37.618697],[127.042568,37.618734],[127.042673,37.618775],[127.042811,37.618829],[127.042965,37.61892],[127.043005,37.618993],[127.043043,37.618976],[127.043072,37.618943],[127.043106,37.618928],[127.043138,37.618924],[127.043168,37.618924],[127.043185,37.618919]]},"properties":{"osm_id":485051598,"highway":"footway"}},{"type":"Feature","id":"osm.way.485051599","geometry":{"type":"LineString","coordinates":[[127.041547,37.620951],[127.041593,37.620912],[127.04166,37.620869],[127.041737,37.620833],[127.041825,37.620819],[127.041908,37.620812],[127.041998,37.620815],[127.042073,37.620825],[127.042147,37.620857],[127.042184,37.62087],[127.042214,37.62088],[127.042301,37.620906],[127.042362,37.620941],[127.042416,37.620979],[127.042462,37.621029],[127.042504,37.621071]]},"properties":{"osm_id":485051599,"highway":"footway"}},{"type":"Feature","id":"osm.way.485051600","geometry":{"type":"LineString","coordinates":[[127.042504,37.621071],[127.042536,37.62108],[127.042573,37.621106],[127.0426,37.621083],[127.042627,37.621049],[127.042643,37.621021],[127.042649,37.620991],[127.042652,37.620978],[127.042725,37.620982]]},"properties":{"osm_id":485051600,"highway":"footway"}},{"type":"Feature","id":"osm.way.485053560","geometry":{"type":"LineString","coordinates":[[127.038611,37.623533],[127.038652,37.62359],[127.038678,37.623622],[127.038707,37.623657],[127.038742,37.623673],[127.038783,37.623691],[127.038824,37.623727],[127.038882,37.62378],[127.038941,37.623837],[127.038971,37.623861],[127.039043,37.623868],[127.03911,37.623831],[127.039192,37.623786],[127.039246,37.623751],[127.039326,37.623751],[127.0394,37.623751],[127.039445,37.623726],[127.039495,37.623686],[127.039523,37.623647],[127.039574,37.623618],[127.039629,37.623618],[127.039697,37.623623],[127.039788,37.623625],[127.039913,37.623625],[127.039922,37.623674],[127.039954,37.623678],[127.039965,37.623674],[127.039988,37.623666],[127.040034,37.623676],[127.04017,37.623696],[127.040358,37.623723],[127.04053,37.623749],[127.04062,37.623757],[127.040644,37.623759],[127.040901,37.623767],[127.040975,37.623775],[127.04106,37.623812],[127.041155,37.623865],[127.041232,37.623899],[127.041378,37.623917],[127.041608,37.62393],[127.041678,37.623949],[127.04179,37.623964],[127.041886,37.623953],[127.041954,37.623929],[127.042082,37.623859],[127.042214,37.623799],[127.042286,37.623773],[127.042358,37.623787],[127.042404,37.623795],[127.042494,37.623762],[127.042541,37.62373]]},"properties":{"osm_id":485053560,"highway":"footway"}},{"type":"Feature","id":"osm.way.485053563","geometry":{"type":"LineString","coordinates":[[127.042358,37.623787],[127.042332,37.623838],[127.042276,37.623941]]},"properties":{"osm_id":485053563,"highway":"footway"}},{"type":"Feature","id":"osm.way.485053567","geometry":{"type":"LineString","coordinates":[[127.042025,37.622286],[127.042049,37.62225],[127.042082,37.622201],[127.042128,37.622164],[127.042166,37.622137],[127.042175,37.622144],[127.042215,37.622171],[127.042233,37.622198]]},"properties":{"osm_id":485053567,"highway":"footway"}},{"type":"Feature","id":"osm.way.485053568","geometry":{"type":"LineString","coordinates":[[127.042684,37.621452],[127.042739,37.621463],[127.042791,37.621463],[127.042847,37.621477]]},"properties":{"osm_id":485053568,"highway":"footway"}},{"type":"Feature","id":"osm.way.485053569","geometry":{"type":"LineString","coordinates":[[127.042622,37.621862],[127.042605,37.621835],[127.042613,37.62179],[127.042639,37.621753],[127.042663,37.621713],[127.042669,37.621687],[127.042647,37.621652],[127.042632,37.621625],[127.042628,37.621592],[127.042649,37.621561],[127.042663,37.62153],[127.042673,37.621492],[127.042684,37.621452],[127.042712,37.621411],[127.042772,37.621381],[127.042816,37.621343],[127.042835,37.621297],[127.042857,37.621236],[127.042859,37.621193],[127.042848,37.621171],[127.042842,37.621158],[127.042838,37.621103],[127.042846,37.621057],[127.042849,37.621014],[127.042862,37.620987],[127.042889,37.620972]]},"properties":{"osm_id":485053569,"highway":"footway"}},{"type":"Feature","id":"osm.way.485053570","geometry":{"type":"LineString","coordinates":[[127.043011,37.621034],[127.04296,37.621002],[127.042889,37.620972],[127.042837,37.620939],[127.042797,37.620883],[127.042747,37.620816],[127.042753,37.62076],[127.042731,37.620718],[127.042668,37.620658],[127.042668,37.620583],[127.042671,37.620574],[127.042687,37.62052],[127.04272,37.620455],[127.042729,37.62044],[127.0428,37.620432],[127.042876,37.620422],[127.04292,37.620424],[127.042966,37.620405],[127.043031,37.620374],[127.043045,37.620367],[127.043018,37.62029],[127.043,37.620224]]},"properties":{"osm_id":485053570,"highway":"footway"}},{"type":"Feature","id":"osm.way.485053571","geometry":{"type":"LineString","coordinates":[[127.043031,37.620374],[127.043058,37.620399],[127.043134,37.620379],[127.04319,37.620364],[127.043239,37.620495],[127.043376,37.620575]]},"properties":{"osm_id":485053571,"highway":"footway"}},{"type":"Feature","id":"osm.way.485053572","geometry":{"type":"LineString","coordinates":[[127.043239,37.620495],[127.043284,37.620492],[127.043375,37.62047],[127.043444,37.620462]]},"properties":{"osm_id":485053572,"highway":"footway"}},{"type":"Feature","id":"osm.way.485053898","geometry":{"type":"LineString","coordinates":[[127.042352,37.621195],[127.042314,37.621217],[127.042338,37.621243],[127.04231,37.621259],[127.042341,37.621285],[127.042308,37.621307],[127.042341,37.621345],[127.042395,37.621315],[127.042455,37.62138],[127.042404,37.621409],[127.042455,37.621465],[127.042509,37.62144],[127.04254,37.621472],[127.042504,37.621539],[127.042561,37.621568]]},"properties":{"osm_id":485053898,"highway":"footway","bridge":"yes","layer":"1"}},{"type":"Feature","id":"osm.way.485053899","geometry":{"type":"LineString","coordinates":[[127.042504,37.621071],[127.042484,37.621097],[127.042479,37.621107],[127.042402,37.621147]]},"properties":{"osm_id":485053899,"highway":"footway"}},{"type":"Feature","id":"osm.way.485053900","geometry":{"type":"LineString","coordinates":[[127.042573,37.621106],[127.04262,37.621153],[127.042678,37.62121],[127.042682,37.621214]]},"properties":{"osm_id":485053900,"highway":"footway"}},{"type":"Feature","id":"osm.way.485053901","geometry":{"type":"LineString","coordinates":[[127.042387,37.621171],[127.04249,37.621182],[127.042588,37.621202],[127.042642,37.621217],[127.042678,37.62121]]},"properties":{"osm_id":485053901,"highway":"footway"}},{"type":"Feature","id":"osm.way.485053902","geometry":{"type":"LineString","coordinates":[[127.042561,37.621568],[127.042599,37.621489],[127.04262,37.621438],[127.042626,37.621423],[127.042643,37.621368],[127.042613,37.62133],[127.042689,37.621292],[127.042716,37.621277],[127.04273,37.621261]]},"properties":{"osm_id":485053902,"highway":"footway"}},{"type":"Feature","id":"osm.way.485053903","geometry":{"type":"LineString","coordinates":[[127.042684,37.621452],[127.04262,37.621438]]},"properties":{"osm_id":485053903,"highway":"footway"}},{"type":"Feature","id":"osm.way.485053904","geometry":{"type":"LineString","coordinates":[[127.042421,37.621829],[127.042306,37.621718],[127.042175,37.621802],[127.042281,37.62191],[127.042346,37.621869],[127.042366,37.621857],[127.042421,37.621829]]},"properties":{"osm_id":485053904,"highway":"footway","bridge":"yes","layer":"1"}},{"type":"Feature","id":"osm.way.485053905","geometry":{"type":"LineString","coordinates":[[127.042427,37.621923],[127.042381,37.621953]]},"properties":{"osm_id":485053905,"highway":"steps"}},{"type":"Feature","id":"osm.way.485053906","geometry":{"type":"LineString","coordinates":[[127.042346,37.621869],[127.042384,37.621901]]},"properties":{"osm_id":485053906,"highway":"steps"}},{"type":"Feature","id":"osm.way.485053907","geometry":{"type":"LineString","coordinates":[[127.042384,37.621901],[127.042399,37.621894],[127.042427,37.621923]]},"properties":{"osm_id":485053907,"highway":"footway"}},{"type":"Feature","id":"osm.way.485053908","geometry":{"type":"LineString","coordinates":[[127.042381,37.621953],[127.042321,37.621986],[127.042302,37.622015]]},"properties":{"osm_id":485053908,"highway":"footway"}},{"type":"Feature","id":"osm.way.485053909","geometry":{"type":"LineString","coordinates":[[127.042175,37.622144],[127.042225,37.62211]]},"properties":{"osm_id":485053909,"highway":"footway"}},{"type":"Feature","id":"osm.way.485053910","geometry":{"type":"LineString","coordinates":[[127.042225,37.62211],[127.042244,37.622099],[127.042231,37.622088],[127.042275,37.622063],[127.042255,37.622045],[127.042302,37.622015]]},"properties":{"osm_id":485053910,"highway":"steps"}},{"type":"Feature","id":"osm.way.485054356","geometry":{"type":"LineString","coordinates":[[127.042729,37.62044],[127.042703,37.620439]]},"properties":{"osm_id":485054356,"highway":"footway"}},{"type":"Feature","id":"osm.way.485054357","geometry":{"type":"LineString","coordinates":[[127.042529,37.620479],[127.042543,37.62049],[127.042578,37.62054],[127.042603,37.620556]]},"properties":{"osm_id":485054357,"highway":"footway"}},{"type":"Feature","id":"osm.way.485054358","geometry":{"type":"LineString","coordinates":[[127.043706,37.619408],[127.04377,37.619386],[127.043883,37.619357],[127.044017,37.619326],[127.04416,37.619318],[127.044259,37.619315],[127.044343,37.61931],[127.044463,37.619249]]},"properties":{"osm_id":485054358,"highway":"footway"}},{"type":"Feature","id":"osm.way.485054359","geometry":{"type":"LineString","coordinates":[[127.044055,37.61955],[127.04422,37.619459],[127.044317,37.619408]]},"properties":{"osm_id":485054359,"highway":"footway","bridge":"yes","layer":"1"}},{"type":"Feature","id":"osm.way.485054360","geometry":{"type":"LineString","coordinates":[[127.044317,37.619408],[127.044516,37.619304]]},"properties":{"osm_id":485054360,"highway":"footway"}},{"type":"Feature","id":"osm.way.485054361","geometry":{"type":"LineString","coordinates":[[127.04394,37.620231],[127.044065,37.620176],[127.044301,37.620103],[127.04453,37.620052],[127.044626,37.620044],[127.044717,37.620006],[127.044946,37.619921]]},"properties":{"osm_id":485054361,"highway":"footway"}},{"type":"Feature","id":"osm.way.485054362","geometry":{"type":"LineString","coordinates":[[127.043212,37.621883],[127.043254,37.621857],[127.043409,37.621835],[127.043447,37.62183],[127.043782,37.621801]]},"properties":{"osm_id":485054362,"highway":"footway"}},{"type":"Feature","id":"osm.way.485054363","geometry":{"type":"LineString","coordinates":[[127.043309,37.621761],[127.043409,37.621835],[127.043551,37.621939]]},"properties":{"osm_id":485054363,"highway":"footway"}},{"type":"Feature","id":"osm.way.485467372","geometry":{"type":"LineString","coordinates":[[127.042025,37.622286],[127.042001,37.622318],[127.041986,37.622342],[127.041956,37.622373],[127.041914,37.622402],[127.041872,37.622421],[127.041903,37.622456]]},"properties":{"osm_id":485467372,"highway":"footway"}},{"type":"Feature","id":"osm.way.485467373","geometry":{"type":"LineString","coordinates":[[127.042652,37.620978],[127.042602,37.620962],[127.042536,37.62089],[127.042496,37.620845],[127.042504,37.620818],[127.042504,37.620788],[127.042481,37.620764],[127.042473,37.620731],[127.042473,37.620701],[127.042477,37.62068],[127.042492,37.620656],[127.042511,37.620639],[127.042526,37.620626],[127.042541,37.620603],[127.042541,37.620581],[127.042526,37.620545],[127.042511,37.620536],[127.042519,37.620519],[127.042519,37.620505],[127.042516,37.620499],[127.042511,37.620488]]},"properties":{"osm_id":485467373,"highway":"footway"}},{"type":"Feature","id":"osm.way.485467374","geometry":{"type":"LineString","coordinates":[[127.042642,37.621217],[127.042595,37.621239],[127.042562,37.621257],[127.042552,37.621263],[127.042613,37.62133]]},"properties":{"osm_id":485467374,"highway":"footway"}},{"type":"Feature","id":"osm.way.485467379","geometry":{"type":"LineString","coordinates":[[127.04388,37.620109],[127.043794,37.620107]]},"properties":{"osm_id":485467379,"highway":"footway"}},{"type":"Feature","id":"osm.way.485467380","geometry":{"type":"LineString","coordinates":[[127.043908,37.620112],[127.04388,37.620109]]},"properties":{"osm_id":485467380,"highway":"footway","bridge":"yes"}},{"type":"Feature","id":"osm.way.485467381","geometry":{"type":"LineString","coordinates":[[127.04376,37.620148],[127.043782,37.620129],[127.043794,37.620107],[127.043811,37.620034],[127.04381,37.620004]]},"properties":{"osm_id":485467381,"highway":"footway"}},{"type":"Feature","id":"osm.way.485467382","geometry":{"type":"LineString","coordinates":[[127.04375,37.620223],[127.04376,37.620148]]},"properties":{"osm_id":485467382,"highway":"footway","bridge":"yes"}},{"type":"Feature","id":"osm.way.485467383","geometry":{"type":"LineString","coordinates":[[127.042989,37.620188],[127.042969,37.620116],[127.042968,37.620078],[127.042988,37.620044],[127.04297,37.619994]]},"properties":{"osm_id":485467383,"highway":"footway"}},{"type":"Feature","id":"osm.way.485467384","geometry":{"type":"LineString","coordinates":[[127.043,37.620224],[127.042989,37.620188]]},"properties":{"osm_id":485467384,"highway":"footway","bridge":"yes"}},{"type":"Feature","id":"osm.way.485467385","geometry":{"type":"LineString","coordinates":[[127.042666,37.620437],[127.04265,37.620436],[127.042529,37.620479],[127.042511,37.620488],[127.042499,37.620493],[127.042431,37.620489],[127.042394,37.620471]]},"properties":{"osm_id":485467385,"highway":"footway"}},{"type":"Feature","id":"osm.way.485467386","geometry":{"type":"LineString","coordinates":[[127.042703,37.620439],[127.042666,37.620437]]},"properties":{"osm_id":485467386,"highway":"footway","bridge":"yes"}},{"type":"Feature","id":"osm.way.485467387","geometry":{"type":"LineString","coordinates":[[127.042603,37.620556],[127.042638,37.620567]]},"properties":{"osm_id":485467387,"highway":"footway","bridge":"yes"}},{"type":"Feature","id":"osm.way.485467388","geometry":{"type":"LineString","coordinates":[[127.042638,37.620567],[127.042658,37.620573],[127.042671,37.620574]]},"properties":{"osm_id":485467388,"highway":"footway"}},{"type":"Feature","id":"osm.way.485467389","geometry":{"type":"LineString","coordinates":[[127.042725,37.620982],[127.042759,37.62098]]},"properties":{"osm_id":485467389,"highway":"footway","bridge":"yes"}},{"type":"Feature","id":"osm.way.485467390","geometry":{"type":"LineString","coordinates":[[127.042759,37.62098],[127.042837,37.620939]]},"properties":{"osm_id":485467390,"highway":"footway"}},{"type":"Feature","id":"osm.way.485467391","geometry":{"type":"LineString","coordinates":[[127.042276,37.623941],[127.042438,37.623928],[127.042519,37.623894],[127.042619,37.623872],[127.0427,37.623849],[127.042781,37.623815],[127.04288,37.623806],[127.042922,37.623832],[127.042965,37.623842],[127.043056,37.623844],[127.043158,37.623838],[127.043233,37.623832],[127.043332,37.62382],[127.043431,37.623795],[127.043546,37.623783],[127.043597,37.623771],[127.043731,37.623719],[127.043817,37.623704],[127.043835,37.623658],[127.043828,37.623613],[127.043836,37.623589],[127.043839,37.623578],[127.04387,37.623548],[127.043843,37.623518],[127.043816,37.6235],[127.043766,37.623513],[127.043752,37.623488],[127.043771,37.623428],[127.043784,37.623352],[127.043781,37.623285],[127.043586,37.623333],[127.043542,37.623361],[127.043404,37.623263],[127.043427,37.623231],[127.043471,37.623197],[127.043551,37.623126],[127.043596,37.623076],[127.043597,37.623063],[127.043561,37.623018],[127.043988,37.622711],[127.044146,37.622636],[127.044132,37.622574],[127.044114,37.622523],[127.044056,37.622448],[127.044019,37.622403],[127.043945,37.622328],[127.043905,37.622285],[127.043892,37.62224]]},"properties":{"osm_id":485467391,"highway":"footway"}},{"type":"Feature","id":"osm.way.485467392","geometry":{"type":"LineString","coordinates":[[127.043632,37.623562],[127.043671,37.623546],[127.043726,37.623527],[127.043766,37.623513],[127.043785,37.623542],[127.043819,37.623582],[127.043836,37.623589]]},"properties":{"osm_id":485467392,"highway":"footway"}},{"type":"Feature","id":"osm.way.485467393","geometry":{"type":"LineString","coordinates":[[127.04062,37.623757],[127.040657,37.623781],[127.040706,37.623802],[127.040743,37.62383],[127.040781,37.623874],[127.040813,37.623898],[127.040925,37.623945],[127.040963,37.62398],[127.041027,37.624012],[127.041151,37.624058],[127.041188,37.624062],[127.041296,37.624043],[127.041357,37.624025],[127.041372,37.624014],[127.04169,37.62403],[127.041785,37.624037],[127.041855,37.624035],[127.041923,37.624018],[127.042008,37.624],[127.04209,37.623981],[127.04212,37.623977],[127.042153,37.623988],[127.042189,37.623978],[127.042205,37.623973],[127.042233,37.623953],[127.042276,37.623941]]},"properties":{"osm_id":485467393,"highway":"footway"}},{"type":"Feature","id":"osm.way.485467394","geometry":{"type":"LineString","coordinates":[[127.043733,37.622154],[127.043788,37.622208],[127.043892,37.62224],[127.044388,37.621988]]},"properties":{"osm_id":485467394,"highway":"service","service":"parking_aisle"}},{"type":"Feature","id":"osm.way.488253634","geometry":{"type":"LineString","coordinates":[[127.043044,37.619928],[127.04306,37.619963]]},"properties":{"osm_id":488253634,"highway":"footway"}},{"type":"Feature","id":"osm.way.505438085","geometry":{"type":"LineString","coordinates":[[127.02783,37.644426],[127.028078,37.644352],[127.028192,37.644275],[127.028521,37.644072],[127.029167,37.64364],[127.02945,37.64347],[127.029936,37.643179],[127.030009,37.643135],[127.031059,37.64247],[127.031478,37.642227],[127.031707,37.642091],[127.031945,37.641944],[127.032329,37.641656],[127.032676,37.641329],[127.032834,37.641143],[127.033009,37.640814],[127.033233,37.640344],[127.033552,37.63962],[127.033786,37.639088],[127.034428,37.637633],[127.034522,37.637485],[127.034953,37.637166],[127.03531,37.637034],[127.036896,37.636558],[127.037408,37.636246],[127.037697,37.63585],[127.037863,37.635241],[127.038141,37.634191],[127.038168,37.634089],[127.038339,37.633796],[127.038903,37.633081],[127.039468,37.632401],[127.039557,37.632313],[127.040108,37.63188],[127.040836,37.631484],[127.041958,37.630828],[127.042685,37.630399],[127.043256,37.629953],[127.044105,37.629105],[127.044195,37.629034],[127.044708,37.62868],[127.044897,37.628566],[127.046752,37.627652],[127.047123,37.627425],[127.047362,37.627249],[127.047456,37.627143],[127.047515,37.627083],[127.047698,37.626806],[127.048917,37.625347],[127.049434,37.624791],[127.049661,37.624545],[127.05292,37.621169],[127.053378,37.620711],[127.053718,37.620429],[127.053848,37.620324],[127.053931,37.620268],[127.054083,37.620112],[127.054212,37.619981],[127.054331,37.619871],[127.054429,37.619821],[127.054582,37.619747],[127.054737,37.619682],[127.054819,37.619636],[127.054917,37.61958],[127.055614,37.619101],[127.055988,37.618839],[127.056187,37.618697],[127.056369,37.618554],[127.056475,37.618465],[127.056618,37.618301],[127.056702,37.61818],[127.056767,37.618094],[127.056803,37.618053],[127.057429,37.617535],[127.057635,37.617334],[127.05805,37.616993],[127.058579,37.616707]]},"properties":{"osm_id":505438085,"highway":"cycleway","name":"우이천 자전거길","width":"3","oneway":"no"}},{"type":"Feature","id":"osm.way.505438096","geometry":{"type":"LineString","coordinates":[[127.042528,37.631052],[127.042536,37.630958],[127.042767,37.630764],[127.042776,37.630714],[127.042908,37.630629]]},"properties":{"osm_id":505438096,"highway":"cycleway"}},{"type":"Feature","id":"osm.way.505438097","geometry":{"type":"LineString","coordinates":[[127.044811,37.628474],[127.044708,37.62868]]},"properties":{"osm_id":505438097,"highway":"cycleway"}},{"type":"Feature","id":"osm.way.505438098","geometry":{"type":"LineString","coordinates":[[127.045181,37.628884],[127.04543,37.628744],[127.045644,37.62846]]},"properties":{"osm_id":505438098,"highway":"cycleway"}},{"type":"Feature","id":"osm.way.505439622","geometry":{"type":"LineString","coordinates":[[127.049639,37.624974],[127.050027,37.624718],[127.050104,37.624753]]},"properties":{"osm_id":505439622,"highway":"cycleway"}},{"type":"Feature","id":"osm.way.505439624","geometry":{"type":"LineString","coordinates":[[127.054921,37.619957],[127.054871,37.619897],[127.055248,37.619601],[127.055348,37.61952]]},"properties":{"osm_id":505439624,"highway":"cycleway"}},{"type":"Feature","id":"osm.way.505445001","geometry":{"type":"LineString","coordinates":[[127.058579,37.616707],[127.058687,37.616899]]},"properties":{"osm_id":505445001,"highway":"cycleway","name":"우이천 자전거길","width":"3","oneway":"no","bridge":"yes","layer":"1"}},{"type":"Feature","id":"osm.way.505445003","geometry":{"type":"LineString","coordinates":[[127.065359,37.613922],[127.065251,37.613934],[127.065091,37.613982],[127.06498,37.614064],[127.06478,37.614219],[127.06461,37.614842],[127.064543,37.615036],[127.064439,37.61512],[127.064198,37.615183],[127.063592,37.615118],[127.063377,37.615119],[127.063315,37.615127],[127.062383,37.615245]]},"properties":{"osm_id":505445003,"highway":"cycleway","name":"우이천 자전거길","width":"3","oneway":"no","tunnel":"yes","layer":"-1"}},{"type":"Feature","id":"osm.way.518796244","geometry":{"type":"LineString","coordinates":[[127.045741,37.611228],[127.045612,37.611265],[127.045502,37.611328],[127.045456,37.611355],[127.045357,37.611461],[127.045283,37.611551],[127.045165,37.611598],[127.045106,37.611606],[127.045039,37.611571]]},"properties":{"osm_id":518796244,"highway":"residential","name":"장월로3길"}},{"type":"Feature","id":"osm.way.518796247","geometry":{"type":"LineString","coordinates":[[127.045039,37.611571],[127.044959,37.611529],[127.044693,37.611462],[127.044603,37.611465],[127.044549,37.611488],[127.044445,37.611595],[127.044384,37.611666],[127.04408,37.611622]]},"properties":{"osm_id":518796247,"highway":"residential","name":"장위로24길"}},{"type":"Feature","id":"osm.way.518796252","geometry":{"type":"LineString","coordinates":[[127.044691,37.612207],[127.04469,37.612426],[127.044689,37.612495],[127.0447,37.612769],[127.044705,37.61305],[127.0447,37.613326],[127.044706,37.613595],[127.044713,37.613905]]},"properties":{"osm_id":518796252,"highway":"residential","name":"장위로24길"}},{"type":"Feature","id":"osm.way.518807022","geometry":{"type":"LineString","coordinates":[[127.060732,37.612767],[127.060958,37.612894],[127.061546,37.613224],[127.061867,37.613411],[127.061951,37.61346],[127.062115,37.613555],[127.062269,37.613648],[127.062622,37.613861]]},"properties":{"osm_id":518807022,"highway":"primary","name":"화랑로","ref":"20","lanes":"3","oneway":"yes"}},{"type":"Feature","id":"osm.way.518807030","geometry":{"type":"LineString","coordinates":[[127.062622,37.613861],[127.062854,37.614],[127.06336,37.614246]]},"properties":{"osm_id":518807030,"highway":"primary","name":"화랑로","ref":"20","oneway":"yes"}},{"type":"Feature","id":"osm.way.518807034","geometry":{"type":"LineString","coordinates":[[127.064205,37.614347],[127.064373,37.614336],[127.064516,37.61432],[127.064596,37.614301],[127.064709,37.614276],[127.064831,37.614261],[127.064893,37.614255],[127.064915,37.614252],[127.065036,37.614246]]},"properties":{"osm_id":518807034,"highway":"tertiary","name":"화랑로","oneway":"yes"}},{"type":"Feature","id":"osm.way.518807037","geometry":{"type":"LineString","coordinates":[[127.064035,37.61466],[127.063775,37.614565],[127.06337,37.614391],[127.063306,37.614355],[127.063202,37.614304]]},"properties":{"osm_id":518807037,"highway":"tertiary","name":"화랑로","oneway":"yes"}},{"type":"Feature","id":"osm.way.518807039","geometry":{"type":"LineString","coordinates":[[127.060649,37.612854],[127.060456,37.612746],[127.060386,37.612707],[127.060003,37.612473],[127.059883,37.612409],[127.058756,37.611794],[127.058688,37.611761],[127.058207,37.611499],[127.057655,37.611226],[127.057092,37.610932],[127.056992,37.610878]]},"properties":{"osm_id":518807039,"highway":"primary","name":"화랑로","ref":"20","lanes":"3","oneway":"yes"}},{"type":"Feature","id":"osm.way.518807040","geometry":{"type":"LineString","coordinates":[[127.05834,37.615187],[127.058477,37.61505],[127.058503,37.615028],[127.05856,37.61498],[127.05883,37.61472],[127.059011,37.614536],[127.059409,37.614132],[127.05944,37.6141],[127.059518,37.614026],[127.059893,37.61367],[127.06026,37.6133],[127.06032,37.61324],[127.060457,37.613077],[127.06052,37.613003],[127.060649,37.612854],[127.060732,37.612767],[127.060821,37.612683],[127.061141,37.612379],[127.061382,37.612136],[127.061523,37.612],[127.062081,37.611445],[127.062314,37.611206],[127.062431,37.611095],[127.062533,37.610997],[127.062697,37.610856],[127.06288,37.6107],[127.062917,37.610663],[127.06303,37.61055],[127.063468,37.610072],[127.063567,37.609965],[127.06394,37.60958],[127.064367,37.609136],[127.064523,37.608971],[127.064586,37.608904],[127.065215,37.608219],[127.065465,37.607963],[127.065606,37.607801],[127.065711,37.60766],[127.065849,37.607403],[127.06597,37.607179]]},"properties":{"osm_id":518807040,"highway":"secondary","name":"한천로"}},{"type":"Feature","id":"osm.way.518807041","geometry":{"type":"LineString","coordinates":[[127.047506,37.606852],[127.0475,37.60689],[127.047485,37.606988],[127.047456,37.607172],[127.047439,37.607277],[127.04739,37.60759],[127.047341,37.607936],[127.047313,37.608391],[127.04729,37.60877],[127.047266,37.609077],[127.047334,37.60929],[127.047505,37.609629],[127.047689,37.609994],[127.04779,37.61023],[127.047842,37.61033],[127.048206,37.611038],[127.04831,37.61124],[127.0484,37.61142],[127.04871,37.61204],[127.048783,37.612297],[127.048877,37.612624],[127.04895,37.61288],[127.048987,37.613107],[127.04906,37.61356]]},"properties":{"osm_id":518807041,"highway":"tertiary","name":"장월로"}},{"type":"Feature","id":"osm.way.518958914","geometry":{"type":"LineString","coordinates":[[127.044064,37.616743],[127.044376,37.616903],[127.044482,37.616957],[127.044665,37.617051],[127.044899,37.617171],[127.04497,37.617204],[127.045078,37.617257],[127.045272,37.617335],[127.045519,37.617434],[127.04582,37.617556],[127.045904,37.61759],[127.045968,37.617616],[127.046194,37.617652],[127.046245,37.617656]]},"properties":{"osm_id":518958914,"highway":"residential","name":"장위로15길"}},{"type":"Feature","id":"osm.way.518958916","geometry":{"type":"LineString","coordinates":[[127.05834,37.615187],[127.058067,37.61545],[127.057386,37.616119],[127.057139,37.616354],[127.05693,37.616577]]},"properties":{"osm_id":518958916,"highway":"secondary","name":"한천로"}},{"type":"Feature","id":"osm.way.518959776","geometry":{"type":"LineString","coordinates":[[127.04478,37.619636],[127.04492,37.61987],[127.044946,37.619921],[127.044981,37.619988],[127.045072,37.620168],[127.04514,37.6203],[127.045262,37.62053],[127.0454,37.62079],[127.045625,37.621192]]},"properties":{"osm_id":518959776,"highway":"secondary","name":"월계로"}},{"type":"Feature","id":"osm.way.518959777","geometry":{"type":"LineString","coordinates":[[127.05082,37.62496],[127.051969,37.625728]]},"properties":{"osm_id":518959777,"highway":"secondary","name":"월계로"}},{"type":"Feature","id":"osm.way.518959778","geometry":{"type":"LineString","coordinates":[[127.051125,37.624241],[127.051067,37.624352],[127.050914,37.624848],[127.05082,37.62496]]},"properties":{"osm_id":518959778,"highway":"residential","name":"월계로44길"}},{"type":"Feature","id":"osm.way.518959779","geometry":{"type":"LineString","coordinates":[[127.051125,37.624241],[127.051241,37.624314],[127.051734,37.624663]]},"properties":{"osm_id":518959779,"highway":"residential","name":"월계로44길"}},{"type":"Feature","id":"osm.way.518959780","geometry":{"type":"LineString","coordinates":[[127.050829,37.623877],[127.050403,37.624352],[127.05024,37.624576]]},"properties":{"osm_id":518959780,"highway":"tertiary","name":"월계로42길"}},{"type":"Feature","id":"osm.way.518959781","geometry":{"type":"LineString","coordinates":[[127.054553,37.620175],[127.054504,37.620134]]},"properties":{"osm_id":518959781,"highway":"tertiary","name":"광운로1길"}},{"type":"Feature","id":"osm.way.518959782","geometry":{"type":"LineString","coordinates":[[127.05723,37.618134],[127.057208,37.618107]]},"properties":{"osm_id":518959782,"highway":"tertiary","name":"광운로","lanes":"4"}},{"type":"Feature","id":"osm.way.518959784","geometry":{"type":"LineString","coordinates":[[127.051969,37.625728],[127.05231,37.62594],[127.05265,37.626165],[127.0529,37.62633],[127.053855,37.62693],[127.0541,37.627088],[127.05521,37.62779],[127.0556,37.62805],[127.055759,37.628149]]},"properties":{"osm_id":518959784,"highway":"secondary","name":"월계로"}},{"type":"Feature","id":"osm.way.518959785","geometry":{"type":"LineString","coordinates":[[127.047214,37.619146],[127.046955,37.619412],[127.046863,37.619497],[127.046633,37.61974],[127.046343,37.620152],[127.046178,37.620608],[127.04608,37.620775],[127.046052,37.620823],[127.045625,37.621192]]},"properties":{"osm_id":518959785,"highway":"residential","name":"장월로29길"}},{"type":"Feature","id":"osm.way.518959786","geometry":{"type":"LineString","coordinates":[[127.046741,37.618367],[127.046221,37.618686],[127.04478,37.619636]]},"properties":{"osm_id":518959786,"highway":"secondary","name":"돌곶이로"}},{"type":"Feature","id":"osm.way.519304023","geometry":{"type":"LineString","coordinates":[[127.04744,37.626577],[127.04729,37.62675],[127.04714,37.62691],[127.04702,37.62703],[127.04694,37.6271],[127.04685,37.62716],[127.04667,37.62727],[127.04653,37.62736],[127.04612,37.62758],[127.04557,37.62784],[127.04501,37.62812],[127.04466,37.62831],[127.04439,37.62848],[127.044077,37.628724],[127.04382,37.62893],[127.0436,37.62913],[127.04334,37.62937],[127.0433,37.62941],[127.0431,37.62958],[127.04297,37.62969],[127.04285,37.6298],[127.04273,37.6299],[127.04187,37.63045],[127.041539,37.630655]]},"properties":{"osm_id":519304023,"highway":"secondary","name":"한천로"}},{"type":"Feature","id":"osm.way.519304026","geometry":{"type":"LineString","coordinates":[[127.044834,37.625137],[127.044984,37.624939],[127.045624,37.624053],[127.046011,37.623344],[127.046192,37.622868],[127.046281,37.622404],[127.046393,37.622201]]},"properties":{"osm_id":519304026,"highway":"tertiary","name":"월계로37길"}},{"type":"Feature","id":"osm.way.519304027","geometry":{"type":"LineString","coordinates":[[127.043376,37.628449],[127.042858,37.628414],[127.042819,37.628408],[127.042788,37.6284],[127.04248,37.6283],[127.04241,37.628275],[127.04235,37.62825],[127.042335,37.628243],[127.042307,37.628228],[127.042272,37.628205],[127.042197,37.628155],[127.042038,37.628028],[127.0418,37.62785],[127.04155,37.62768],[127.041472,37.627627]]},"properties":{"osm_id":519304027,"highway":"tertiary","name":"한천로109길"}},{"type":"Feature","id":"osm.way.519319010","geometry":{"type":"LineString","coordinates":[[127.046393,37.622201],[127.04672,37.62252],[127.04689,37.62264],[127.04714,37.62279],[127.04784,37.6232],[127.04809,37.62335],[127.04853,37.62358],[127.049,37.62386],[127.04915,37.623942],[127.049262,37.624009],[127.04958,37.62419]]},"properties":{"osm_id":519319010,"highway":"secondary","name":"월계로"}},{"type":"Feature","id":"osm.way.519943894","geometry":{"type":"LineString","coordinates":[[127.065036,37.614246],[127.065008,37.61432],[127.064973,37.614409],[127.064939,37.614509],[127.064837,37.614873]]},"properties":{"osm_id":519943894,"highway":"secondary","name":"한천로66길"}},{"type":"Feature","id":"osm.way.519943895","geometry":{"type":"LineString","coordinates":[[127.070714,37.624625],[127.070689,37.624678]]},"properties":{"osm_id":519943895,"highway":"secondary","name":"섬밭로"}},{"type":"Feature","id":"osm.way.519943897","geometry":{"type":"LineString","coordinates":[[127.072875,37.631829],[127.072596,37.632493],[127.072443,37.632808],[127.07212,37.63352],[127.072058,37.63369],[127.07196,37.63396],[127.07188,37.63434],[127.071864,37.63448],[127.071853,37.634572],[127.07183,37.63477],[127.07188,37.63514]]},"properties":{"osm_id":519943897,"highway":"tertiary","name":"공릉로"}},{"type":"Feature","id":"osm.way.519943898","geometry":{"type":"LineString","coordinates":[[127.0675,37.631722],[127.067356,37.632021],[127.067261,37.632214],[127.067229,37.632299],[127.066951,37.632834],[127.06669,37.633402],[127.066611,37.633449]]},"properties":{"osm_id":519943898,"highway":"secondary_link","oneway":"yes"}},{"type":"Feature","id":"osm.way.519943899","geometry":{"type":"LineString","coordinates":[[127.066611,37.633449],[127.066604,37.633352],[127.067037,37.632441],[127.067376,37.631689]]},"properties":{"osm_id":519943899,"highway":"secondary_link","oneway":"yes"}},{"type":"Feature","id":"osm.way.519943900","geometry":{"type":"LineString","coordinates":[[127.068149,37.629383],[127.068034,37.629818],[127.067969,37.63007],[127.06769,37.631069]]},"properties":{"osm_id":519943900,"highway":"secondary_link","oneway":"yes"}},{"type":"Feature","id":"osm.way.519943901","geometry":{"type":"LineString","coordinates":[[127.067537,37.631034],[127.067796,37.630032],[127.06785,37.629872],[127.068149,37.629383]]},"properties":{"osm_id":519943901,"highway":"secondary_link","oneway":"yes"}},{"type":"Feature","id":"osm.way.519943902","geometry":{"type":"LineString","coordinates":[[127.066611,37.633449],[127.066547,37.633599],[127.066197,37.634433],[127.066116,37.634626]]},"properties":{"osm_id":519943902,"highway":"secondary","name":"섬밭로"}},{"type":"Feature","id":"osm.way.519943905","geometry":{"type":"LineString","coordinates":[[127.070207,37.631788],[127.070182,37.631841],[127.069671,37.632982],[127.069559,37.633107]]},"properties":{"osm_id":519943905,"highway":"primary_link","oneway":"yes"}},{"type":"Feature","id":"osm.way.519943906","geometry":{"type":"LineString","coordinates":[[127.069897,37.631846],[127.070207,37.631788],[127.070369,37.631749],[127.07058,37.6317],[127.07094,37.6316],[127.071233,37.631496],[127.071263,37.631483],[127.071334,37.631459],[127.071372,37.631446],[127.071542,37.631477],[127.072704,37.631787],[127.072875,37.631829]]},"properties":{"osm_id":519943906,"highway":"tertiary","name":"공릉로55길"}},{"type":"Feature","id":"osm.way.519943907","geometry":{"type":"LineString","coordinates":[[127.069433,37.63308],[127.069452,37.632909],[127.069858,37.631928],[127.069897,37.631846]]},"properties":{"osm_id":519943907,"highway":"primary_link","oneway":"yes"}},{"type":"Feature","id":"osm.way.519943909","geometry":{"type":"LineString","coordinates":[[127.070689,37.624678],[127.070617,37.624832],[127.070517,37.625089],[127.070463,37.625192],[127.070172,37.625554],[127.07011,37.62564],[127.069671,37.626203],[127.06961,37.62628],[127.06947,37.62656],[127.069371,37.626887],[127.0692,37.62745],[127.069181,37.627571],[127.069099,37.627758],[127.06894,37.62805],[127.06832,37.6291],[127.068149,37.629383]]},"properties":{"osm_id":519943909,"highway":"secondary","name":"섬밭로"}},{"type":"Feature","id":"osm.way.519943910","geometry":{"type":"LineString","coordinates":[[127.072898,37.616766],[127.072876,37.616881],[127.072844,37.617039],[127.07275,37.61749],[127.07267,37.6178],[127.07262,37.61808],[127.072328,37.619314],[127.072106,37.620253],[127.07204,37.62053],[127.07185,37.62134],[127.07178,37.62156],[127.071752,37.621629],[127.07167,37.62183],[127.071423,37.622428],[127.07141,37.62246],[127.071277,37.62275],[127.07119,37.62294],[127.07111,37.62312],[127.07098,37.62357],[127.070941,37.623726],[127.0709,37.62389],[127.0708,37.62434],[127.07074,37.62454],[127.070714,37.624625]]},"properties":{"osm_id":519943910,"highway":"secondary","name":"섬밭로"}},{"type":"Feature","id":"osm.way.519943911","geometry":{"type":"LineString","coordinates":[[127.068149,37.629383],[127.067945,37.629885],[127.0679,37.630044],[127.067687,37.630814]]},"properties":{"osm_id":519943911,"highway":"secondary","name":"섬밭로"}},{"type":"Feature","id":"osm.way.519948363","geometry":{"type":"LineString","coordinates":[[127.076389,37.630047],[127.076274,37.630221],[127.07625,37.630256],[127.076099,37.630471],[127.07602,37.63054],[127.075981,37.63056],[127.075934,37.630579],[127.07582,37.63061],[127.075457,37.630665],[127.0742,37.630831],[127.073941,37.630871],[127.073792,37.630894],[127.073614,37.630974],[127.0735,37.631028],[127.073392,37.631086],[127.073259,37.631185],[127.073249,37.631195],[127.073188,37.631253],[127.073115,37.631338],[127.073064,37.631413],[127.07302,37.631499],[127.072875,37.631829]]},"properties":{"osm_id":519948363,"highway":"tertiary","name":"공릉로"}},{"type":"Feature","id":"osm.way.520021676","geometry":{"type":"LineString","coordinates":[[127.056621,37.628658],[127.056841,37.628797]]},"properties":{"osm_id":520021676,"highway":"secondary","name":"월계로"}},{"type":"Feature","id":"osm.way.520021677","geometry":{"type":"LineString","coordinates":[[127.064733,37.61517],[127.064663,37.615386],[127.064656,37.61542],[127.064651,37.615457],[127.064641,37.615542],[127.064564,37.615768],[127.064541,37.615835],[127.064479,37.616018],[127.064469,37.616049],[127.064417,37.616205],[127.064322,37.616487],[127.06427,37.61662],[127.064208,37.616805],[127.06417,37.61693],[127.06394,37.61784],[127.063927,37.617894],[127.06385,37.61821],[127.063831,37.618265],[127.06372,37.61859],[127.06353,37.61919],[127.06322,37.62],[127.06304,37.62032],[127.062841,37.620675],[127.06268,37.62096],[127.062294,37.621635],[127.062276,37.621667],[127.061634,37.622774],[127.06148,37.62304],[127.06142,37.62317],[127.061245,37.623117],[127.060807,37.623039],[127.060535,37.623026],[127.06034,37.623014],[127.060162,37.623016]]},"properties":{"osm_id":520021677,"highway":"secondary","name":"석계로"}},{"type":"Feature","id":"osm.way.520021678","geometry":{"type":"LineString","coordinates":[[127.059634,37.6182],[127.060056,37.618009],[127.060129,37.617976],[127.060999,37.617498]]},"properties":{"osm_id":520021678,"highway":"residential","name":"광운로2나길"}},{"type":"Feature","id":"osm.way.520021679","geometry":{"type":"LineString","coordinates":[[127.059167,37.617748],[127.05969,37.617404],[127.060127,37.617119],[127.060385,37.616962]]},"properties":{"osm_id":520021679,"highway":"residential","name":"광운로2가길"}},{"type":"Feature","id":"osm.way.520021680","geometry":{"type":"LineString","coordinates":[[127.0586,37.61724],[127.058448,37.617373],[127.058154,37.617631],[127.05804,37.61773],[127.05769,37.61803],[127.05744,37.61821],[127.057319,37.618248]]},"properties":{"osm_id":520021680,"highway":"tertiary","name":"광운로2길","layer":"1"}},{"type":"Feature","id":"osm.way.520027566","geometry":{"type":"LineString","coordinates":[[127.055033,37.628931],[127.054976,37.629006],[127.054904,37.629084],[127.054376,37.629665],[127.054176,37.629878],[127.053968,37.630091],[127.05383,37.63022],[127.053479,37.630601],[127.05276,37.63138],[127.05267,37.63152],[127.052392,37.632268],[127.052343,37.632398]]},"properties":{"osm_id":520027566,"highway":"tertiary","name":"초안산로","lanes":"4"}},{"type":"Feature","id":"osm.way.520027567","geometry":{"type":"LineString","coordinates":[[127.051169,37.626498],[127.051969,37.625728]]},"properties":{"osm_id":520027567,"highway":"residential","name":"월계로45길"}},{"type":"Feature","id":"osm.way.520027568","geometry":{"type":"LineString","coordinates":[[127.047756,37.627622],[127.047341,37.627941],[127.046877,37.628192],[127.046726,37.628264]]},"properties":{"osm_id":520027568,"highway":"tertiary","name":"우이천로"}},{"type":"Feature","id":"osm.way.520027569","geometry":{"type":"LineString","coordinates":[[127.046726,37.628264],[127.046485,37.628379],[127.045622,37.628781],[127.045254,37.628956],[127.044979,37.629103],[127.044799,37.629189],[127.04466,37.629319],[127.044422,37.629605],[127.04431,37.629692],[127.044179,37.629793],[127.044036,37.629939],[127.043853,37.630126],[127.043498,37.630438],[127.043235,37.630643],[127.042799,37.630896],[127.042528,37.631052],[127.042344,37.631158],[127.041875,37.631407],[127.041761,37.631482]]},"properties":{"osm_id":520027569,"highway":"tertiary","name":"우이천로"}},{"type":"Feature","id":"osm.way.520027583","geometry":{"type":"LineString","coordinates":[[127.052343,37.632398],[127.052312,37.632612],[127.052242,37.633479],[127.052172,37.634086],[127.05217,37.63412],[127.0522,37.63448],[127.052393,37.635664],[127.052423,37.635852],[127.052452,37.636025]]},"properties":{"osm_id":520027583,"highway":"tertiary","name":"초안산로","lanes":"4"}},{"type":"Feature","id":"osm.way.520027584","geometry":{"type":"LineString","coordinates":[[127.049921,37.627708],[127.051169,37.626498]]},"properties":{"osm_id":520027584,"highway":"residential","name":"월계로45길"}},{"type":"Feature","id":"osm.way.520033835","geometry":{"type":"LineString","coordinates":[[127.050861,37.632329],[127.050534,37.632314],[127.049459,37.632277],[127.049539,37.631163]]},"properties":{"osm_id":520033835,"highway":"residential","name":"초안산로5길","lanes":"2"}},{"type":"Feature","id":"osm.way.520033836","geometry":{"type":"LineString","coordinates":[[127.055759,37.628149],[127.056202,37.628411]]},"properties":{"osm_id":520033836,"highway":"secondary","name":"월계로"}},{"type":"Feature","id":"osm.way.520033840","geometry":{"type":"LineString","coordinates":[[127.059706,37.634624],[127.060169,37.634179]]},"properties":{"osm_id":520033840,"highway":"secondary","name":"마들로","oneway":"yes"}},{"type":"Feature","id":"osm.way.520307307","geometry":{"type":"LineString","coordinates":[[127.057066,37.610805],[127.057151,37.610726],[127.057761,37.610124],[127.057952,37.609956]]},"properties":{"osm_id":520307307,"highway":"secondary","name":"돌곶이로"}},{"type":"Feature","id":"osm.way.521912013","geometry":{"type":"LineString","coordinates":[[127.070905,37.614312],[127.070885,37.613534]]},"properties":{"osm_id":521912013,"highway":"cycleway","name":"중랑천서자전거길","width":"3","oneway":"no","bridge":"yes","layer":"1"}},{"type":"Feature","id":"osm.way.521912016","geometry":{"type":"LineString","coordinates":[[127.070885,37.613534],[127.070884,37.613478],[127.070877,37.613449],[127.07087,37.613422],[127.07086,37.613387],[127.070853,37.613349],[127.070848,37.613316],[127.070844,37.613262],[127.070839,37.613196],[127.070837,37.613111]]},"properties":{"osm_id":521912016,"highway":"cycleway","name":"중랑천서자전거길","width":"3","oneway":"no"}},{"type":"Feature","id":"osm.way.535711085","geometry":{"type":"LineString","coordinates":[[127.047653,37.605858],[127.0478,37.605937],[127.047889,37.605983],[127.048164,37.606137],[127.048791,37.606499],[127.050695,37.60747],[127.050768,37.607501],[127.051002,37.607626],[127.052121,37.608201],[127.052891,37.608604],[127.053246,37.608792],[127.053943,37.609162],[127.05413,37.609252],[127.054227,37.609297],[127.055193,37.609821],[127.056088,37.61029],[127.056112,37.610303],[127.056444,37.610476],[127.056823,37.610675],[127.05689,37.61071],[127.056992,37.610764],[127.057066,37.610805]]},"properties":{"osm_id":535711085,"highway":"primary","name":"화랑로","ref":"20","lanes":"3","oneway":"yes"}},{"type":"Feature","id":"osm.way.536675981","geometry":{"type":"LineString","coordinates":[[127.071239,37.629349],[127.071028,37.629872],[127.070875,37.630189],[127.070634,37.630821],[127.070606,37.63088],[127.070578,37.63089],[127.070531,37.630888],[127.070483,37.630876],[127.070445,37.630863],[127.070425,37.630841],[127.070417,37.630818],[127.07042,37.630782],[127.070582,37.630388],[127.070708,37.630068],[127.070876,37.629735],[127.07098,37.629531],[127.07112,37.629304]]},"properties":{"osm_id":536675981,"highway":"primary_link","oneway":"yes"}},{"type":"Feature","id":"osm.way.536725931","geometry":{"type":"LineString","coordinates":[[127.06909,37.62423],[127.06879,37.624553]]},"properties":{"osm_id":536725931,"highway":"cycleway","name":"중랑천 자전거길 출입로 (광운대역 방면)","width":"3","oneway":"no"}},{"type":"Feature","id":"osm.way.536725934","geometry":{"type":"LineString","coordinates":[[127.070691,37.616131],[127.070726,37.616141]]},"properties":{"osm_id":536725934,"highway":"cycleway","name":"중랑천 자전거길 출입로 (석계역 방면)","width":"3","oneway":"no"}},{"type":"Feature","id":"osm.way.536725935","geometry":{"type":"LineString","coordinates":[[127.066675,37.614797],[127.06675,37.614781],[127.066921,37.614782],[127.067072,37.614791],[127.06729,37.614827],[127.067853,37.614951],[127.067925,37.614962],[127.068205,37.614958],[127.068426,37.614945],[127.068572,37.614924],[127.068681,37.614902],[127.069183,37.614805],[127.069261,37.614781],[127.069517,37.614681],[127.069622,37.614627],[127.069676,37.614591],[127.069788,37.614482],[127.069815,37.614463],[127.069846,37.614454],[127.070093,37.614413],[127.07044,37.614378],[127.070654,37.614355],[127.070904,37.61433]]},"properties":{"osm_id":536725935,"highway":"cycleway","width":"2","oneway":"no"}},{"type":"Feature","id":"osm.way.545830535","geometry":{"type":"LineString","coordinates":[[127.069443,37.621195],[127.069316,37.621161],[127.068252,37.620875],[127.06825,37.620874],[127.068104,37.620801],[127.067772,37.620723],[127.067755,37.620671],[127.067725,37.620579],[127.067694,37.620465],[127.067633,37.620219],[127.067608,37.620098],[127.067564,37.619917],[127.067513,37.619716],[127.067426,37.619686],[127.067558,37.619403],[127.068242,37.619645]]},"properties":{"osm_id":545830535,"highway":"service"}},{"type":"Feature","id":"osm.way.545830536","geometry":{"type":"LineString","coordinates":[[127.067772,37.620723],[127.067063,37.62083]]},"properties":{"osm_id":545830536,"highway":"service"}},{"type":"Feature","id":"osm.way.545830537","geometry":{"type":"LineString","coordinates":[[127.067694,37.620465],[127.067013,37.620575]]},"properties":{"osm_id":545830537,"highway":"service"}},{"type":"Feature","id":"osm.way.545830538","geometry":{"type":"LineString","coordinates":[[127.067633,37.620219],[127.06694,37.620331]]},"properties":{"osm_id":545830538,"highway":"service"}},{"type":"Feature","id":"osm.way.545830539","geometry":{"type":"LineString","coordinates":[[127.067564,37.619917],[127.066859,37.620031]]},"properties":{"osm_id":545830539,"highway":"service"}},{"type":"Feature","id":"osm.way.545830540","geometry":{"type":"LineString","coordinates":[[127.067558,37.619403],[127.066803,37.619136]]},"properties":{"osm_id":545830540,"highway":"service"}},{"type":"Feature","id":"osm.way.545830541","geometry":{"type":"LineString","coordinates":[[127.066633,37.619428],[127.067426,37.619686]]},"properties":{"osm_id":545830541,"highway":"service"}},{"type":"Feature","id":"osm.way.545830542","geometry":{"type":"LineString","coordinates":[[127.067513,37.619716],[127.06815,37.619948]]},"properties":{"osm_id":545830542,"highway":"service"}},{"type":"Feature","id":"osm.way.545830865","geometry":{"type":"LineString","coordinates":[[127.067608,37.620098],[127.067755,37.620077],[127.067868,37.620581],[127.067755,37.620671]]},"properties":{"osm_id":545830865,"highway":"service"}},{"type":"Feature","id":"osm.way.545830866","geometry":{"type":"LineString","coordinates":[[127.06825,37.620874],[127.067836,37.621769],[127.067525,37.622415],[127.067184,37.623174]]},"properties":{"osm_id":545830866,"highway":"service"}},{"type":"Feature","id":"osm.way.546842480","geometry":{"type":"LineString","coordinates":[[127.056766,37.610865],[127.056827,37.61079],[127.05689,37.61071],[127.056957,37.610622]]},"properties":{"osm_id":546842480,"highway":"footway"}},{"type":"Feature","id":"osm.way.546842481","geometry":{"type":"LineString","coordinates":[[127.057039,37.611003],[127.057092,37.610932],[127.057153,37.610852],[127.057225,37.610763]]},"properties":{"osm_id":546842481,"highway":"footway"}},{"type":"Feature","id":"osm.way.546842482","geometry":{"type":"LineString","coordinates":[[127.058623,37.611844],[127.058688,37.611761],[127.058725,37.611711],[127.058799,37.611615]]},"properties":{"osm_id":546842482,"highway":"footway"}},{"type":"Feature","id":"osm.way.546842483","geometry":{"type":"LineString","coordinates":[[127.060379,37.612848],[127.060456,37.612746],[127.060524,37.612655],[127.06056,37.612603]]},"properties":{"osm_id":546842483,"highway":"footway"}},{"type":"Feature","id":"osm.way.546842484","geometry":{"type":"LineString","coordinates":[[127.06077,37.613092],[127.060873,37.612998],[127.060958,37.612894],[127.060984,37.612848]]},"properties":{"osm_id":546842484,"highway":"footway"}},{"type":"Feature","id":"osm.way.546842485","geometry":{"type":"LineString","coordinates":[[127.062293,37.613625],[127.062269,37.613648],[127.06217,37.613746],[127.062069,37.613846]]},"properties":{"osm_id":546842485,"highway":"footway"}},{"type":"Feature","id":"osm.way.550460231","geometry":{"type":"LineString","coordinates":[[127.072809,37.615837],[127.072786,37.616142]]},"properties":{"osm_id":550460231,"highway":"footway","bridge":"low_water_crossing","layer":"1"}},{"type":"Feature","id":"osm.way.550460234","geometry":{"type":"LineString","coordinates":[[127.072786,37.616142],[127.072676,37.616201],[127.072561,37.616188],[127.072497,37.616185],[127.072454,37.616195],[127.072405,37.616218]]},"properties":{"osm_id":550460234,"highway":"footway"}},{"type":"Feature","id":"osm.way.550460236","geometry":{"type":"LineString","coordinates":[[127.072405,37.616218],[127.072385,37.616254],[127.072328,37.616376]]},"properties":{"osm_id":550460236,"highway":"steps"}},{"type":"Feature","id":"osm.way.551974846","geometry":{"type":"LineString","coordinates":[[127.073043,37.616807],[127.073016,37.616674],[127.072994,37.616575],[127.072916,37.616567],[127.072873,37.616565]]},"properties":{"osm_id":551974846,"highway":"footway"}},{"type":"Feature","id":"osm.way.554387908","geometry":{"type":"LineString","coordinates":[[127.058742,37.63454],[127.058712,37.634521],[127.058716,37.634386],[127.058717,37.634338]]},"properties":{"osm_id":554387908,"highway":"tertiary","name":"월계로53길"}},{"type":"Feature","id":"osm.way.563109695","geometry":{"type":"LineString","coordinates":[[127.065063,37.613965],[127.064999,37.614056],[127.064987,37.614071],[127.064955,37.614106],[127.064927,37.614136],[127.0649,37.614155],[127.064874,37.614165],[127.064842,37.614175],[127.064596,37.614242],[127.064348,37.614294],[127.064225,37.614298],[127.06355,37.614165],[127.062993,37.613948],[127.062604,37.613801],[127.062293,37.613625],[127.062158,37.613548],[127.06157,37.613198],[127.060984,37.612848],[127.060981,37.612783]]},"properties":{"osm_id":563109695,"highway":"footway","name":"화랑로","width":"2"}},{"type":"Feature","id":"osm.way.563109696","geometry":{"type":"LineString","coordinates":[[127.060981,37.612783],[127.060821,37.612683],[127.060698,37.612608]]},"properties":{"osm_id":563109696,"highway":"footway"}},{"type":"Feature","id":"osm.way.563109697","geometry":{"type":"LineString","coordinates":[[127.060698,37.612608],[127.06056,37.612603],[127.060167,37.612384],[127.059846,37.612206],[127.059098,37.611781],[127.058896,37.611666],[127.058799,37.611615],[127.058432,37.611422],[127.057225,37.610763],[127.057151,37.610726],[127.056957,37.610622],[127.056508,37.610386],[127.056127,37.610185],[127.054471,37.609341],[127.05386,37.609008],[127.053315,37.608712],[127.052975,37.608526],[127.052792,37.608432],[127.052208,37.608132],[127.050845,37.607402],[127.050784,37.60737],[127.048892,37.606373],[127.048053,37.605957]]},"properties":{"osm_id":563109697,"highway":"footway","name":"화랑로","width":"2"}},{"type":"Feature","id":"osm.way.564033843","geometry":{"type":"LineString","coordinates":[[127.063509,37.63064],[127.063874,37.630711],[127.063928,37.630721],[127.064857,37.630888],[127.065194,37.630947],[127.065504,37.631001]]},"properties":{"osm_id":564033843,"highway":"footway","width":"4","bridge":"yes","layer":"2"}},{"type":"Feature","id":"osm.way.566953974","geometry":{"type":"LineString","coordinates":[[127.063927,37.630545],[127.063886,37.630535],[127.063868,37.630592],[127.063896,37.630596],[127.063905,37.630562]]},"properties":{"osm_id":566953974,"highway":"steps","name":"경춘철교 엘리베이터","width":"2","oneway":"no","bridge":"yes","layer":"1"}},{"type":"Feature","id":"osm.way.566958780","geometry":{"type":"LineString","coordinates":[[127.072097,37.61539],[127.072063,37.615774]]},"properties":{"osm_id":566958780,"highway":"cycleway","name":"중랑천동자전거길","width":"3","oneway":"no","bridge":"yes","layer":"1"}},{"type":"Feature","id":"osm.way.569407068","geometry":{"type":"LineString","coordinates":[[127.04149,37.602547],[127.041552,37.602571],[127.041614,37.602573],[127.041901,37.602679],[127.042065,37.602764],[127.042183,37.602836],[127.042288,37.60294],[127.042827,37.603485],[127.04286,37.603504],[127.042923,37.603539],[127.04345,37.603845],[127.043603,37.603933],[127.043855,37.604105],[127.044361,37.604404],[127.044653,37.604577],[127.044933,37.604746],[127.045237,37.604942],[127.045292,37.604969],[127.045357,37.605001],[127.045425,37.605033],[127.045558,37.605097],[127.046013,37.605307],[127.046397,37.605498],[127.047212,37.605896],[127.047561,37.606079],[127.047625,37.606105],[127.047675,37.606126],[127.048668,37.606663],[127.048899,37.606791],[127.049789,37.607264],[127.050548,37.607662],[127.050705,37.607731],[127.051635,37.608217],[127.051844,37.608306],[127.052546,37.608671],[127.052741,37.608772],[127.053889,37.609374],[127.054542,37.609724],[127.056095,37.610529],[127.056326,37.610643],[127.056766,37.610865],[127.05692,37.610943],[127.057039,37.611003],[127.057617,37.611314],[127.058093,37.611571],[127.058623,37.611844],[127.058686,37.611877],[127.059858,37.612536],[127.060379,37.612848],[127.060406,37.612942]]},"properties":{"osm_id":569407068,"highway":"footway","name":"화랑로","width":"2"}},{"type":"Feature","id":"osm.way.569488266","geometry":{"type":"LineString","coordinates":[[127.064955,37.614106],[127.065081,37.614125],[127.06521,37.614196],[127.065185,37.614256],[127.065146,37.614347],[127.065123,37.614402]]},"properties":{"osm_id":569488266,"highway":"footway"}},{"type":"Feature","id":"osm.way.569488267","geometry":{"type":"LineString","coordinates":[[127.065123,37.614402],[127.065069,37.614427],[127.06493,37.614802]]},"properties":{"osm_id":569488267,"highway":"footway"}},{"type":"Feature","id":"osm.way.569488268","geometry":{"type":"LineString","coordinates":[[127.06493,37.614802],[127.064972,37.614853],[127.065003,37.614911],[127.064997,37.614932]]},"properties":{"osm_id":569488268,"highway":"footway"}},{"type":"Feature","id":"osm.way.569488269","geometry":{"type":"LineString","coordinates":[[127.06521,37.614196],[127.065336,37.614226],[127.065378,37.614237],[127.065469,37.614261],[127.065643,37.614306],[127.066204,37.614443],[127.066481,37.614584]]},"properties":{"osm_id":569488269,"highway":"footway"}},{"type":"Feature","id":"osm.way.569488270","geometry":{"type":"LineString","coordinates":[[127.066481,37.614584],[127.066562,37.614673],[127.066654,37.614774]]},"properties":{"osm_id":569488270,"highway":"footway"}},{"type":"Feature","id":"osm.way.569488271","geometry":{"type":"LineString","coordinates":[[127.066675,37.614797],[127.068436,37.615283],[127.068851,37.615467],[127.069921,37.615686],[127.069996,37.615701]]},"properties":{"osm_id":569488271,"highway":"footway"}},{"type":"Feature","id":"osm.way.569488272","geometry":{"type":"LineString","coordinates":[[127.072994,37.616575],[127.07302,37.616569],[127.073092,37.61655]]},"properties":{"osm_id":569488272,"highway":"footway"}},{"type":"Feature","id":"osm.way.569488273","geometry":{"type":"LineString","coordinates":[[127.073092,37.61655],[127.073126,37.616584],[127.073171,37.616617],[127.074977,37.617258],[127.075394,37.617406],[127.075437,37.61741],[127.075485,37.617408],[127.075529,37.617393],[127.075559,37.617368],[127.07558,37.617333],[127.075601,37.617277],[127.075614,37.617258]]},"properties":{"osm_id":569488273,"highway":"footway","name":"화랑로","width":"2"}},{"type":"Feature","id":"osm.way.575480513","geometry":{"type":"LineString","coordinates":[[127.062616,37.629143],[127.062175,37.629002],[127.062269,37.628816],[127.062711,37.628959]]},"properties":{"osm_id":575480513,"highway":"service","lanes":"1","service":"parking_aisle"}},{"type":"Feature","id":"osm.way.575480514","geometry":{"type":"LineString","coordinates":[[127.062636,37.629485],[127.063114,37.629633],[127.063036,37.629799],[127.062564,37.62965],[127.062636,37.629485],[127.062467,37.629432]]},"properties":{"osm_id":575480514,"highway":"service","lanes":"1"}},{"type":"Feature","id":"osm.way.576229282","geometry":{"type":"LineString","coordinates":[[127.066951,37.632834],[127.06705,37.632862],[127.067796,37.633074]]},"properties":{"osm_id":576229282,"highway":"service","service":"parking_aisle"}},{"type":"Feature","id":"osm.way.576229283","geometry":{"type":"LineString","coordinates":[[127.067229,37.632299],[127.067286,37.632314],[127.067968,37.632505],[127.067854,37.632771],[127.068318,37.632892]]},"properties":{"osm_id":576229283,"highway":"service","service":"parking_aisle"}},{"type":"Feature","id":"osm.way.576229284","geometry":{"type":"LineString","coordinates":[[127.066547,37.633599],[127.066702,37.633643],[127.067879,37.633983]]},"properties":{"osm_id":576229284,"highway":"service","service":"parking_aisle"}},{"type":"Feature","id":"osm.way.576229287","geometry":{"type":"LineString","coordinates":[[127.068397,37.634408],[127.067776,37.634236]]},"properties":{"osm_id":576229287,"highway":"service","service":"parking_aisle"}},{"type":"Feature","id":"osm.way.576229289","geometry":{"type":"LineString","coordinates":[[127.06835,37.634027],[127.067912,37.633908]]},"properties":{"osm_id":576229289,"highway":"service","service":"parking_aisle"}},{"type":"Feature","id":"osm.way.576229291","geometry":{"type":"LineString","coordinates":[[127.068612,37.633235],[127.0683,37.633141]]},"properties":{"osm_id":576229291,"highway":"service","service":"parking_aisle"}},{"type":"Feature","id":"osm.way.576229293","geometry":{"type":"LineString","coordinates":[[127.068767,37.632826],[127.068432,37.632736]]},"properties":{"osm_id":576229293,"highway":"service","service":"parking_aisle"}},{"type":"Feature","id":"osm.way.576229294","geometry":{"type":"LineString","coordinates":[[127.068323,37.6323],[127.068394,37.632352],[127.06845,37.632402],[127.068485,37.63244],[127.068503,37.632495],[127.068491,37.632619],[127.068432,37.632736],[127.068318,37.632892],[127.0683,37.633141],[127.068034,37.633781],[127.067912,37.633908],[127.067879,37.633983],[127.067776,37.634236],[127.067718,37.634371],[127.067496,37.634498],[127.067434,37.634636],[127.067424,37.634667]]},"properties":{"osm_id":576229294,"highway":"service","service":"parking_aisle"}},{"type":"Feature","id":"osm.way.576229295","geometry":{"type":"LineString","coordinates":[[127.067434,37.634636],[127.066826,37.634471]]},"properties":{"osm_id":576229295,"highway":"service","service":"parking_aisle"}},{"type":"Feature","id":"osm.way.576229296","geometry":{"type":"LineString","coordinates":[[127.068485,37.63244],[127.068574,37.632427],[127.068656,37.632416],[127.069293,37.632607]]},"properties":{"osm_id":576229296,"highway":"service","service":"parking_aisle"}},{"type":"Feature","id":"osm.way.576229297","geometry":{"type":"LineString","coordinates":[[127.06757,37.632072],[127.068323,37.6323]]},"properties":{"osm_id":576229297,"highway":"service","service":"parking_aisle"}},{"type":"Feature","id":"osm.way.643766112","geometry":{"type":"LineString","coordinates":[[127.049086,37.62028],[127.04893,37.620185],[127.048817,37.620116],[127.048478,37.61991]]},"properties":{"osm_id":643766112,"highway":"residential","name":"한천로99길"}},{"type":"Feature","id":"osm.way.643766113","geometry":{"type":"LineString","coordinates":[[127.050919,37.62134],[127.050722,37.621536],[127.050665,37.621593],[127.050151,37.622104],[127.049964,37.622296],[127.049654,37.622615]]},"properties":{"osm_id":643766113,"highway":"residential","name":"장월로41길"}},{"type":"Feature","id":"osm.way.643766114","geometry":{"type":"LineString","coordinates":[[127.050919,37.62134],[127.050726,37.621241],[127.05068,37.621217],[127.050608,37.62118],[127.050344,37.621027],[127.050091,37.62088],[127.049821,37.62072],[127.049695,37.620645],[127.049363,37.620448],[127.049086,37.62028]]},"properties":{"osm_id":643766114,"highway":"residential","name":"한천로99길"}},{"type":"Feature","id":"osm.way.665555263","geometry":{"type":"LineString","coordinates":[[127.04958,37.62419],[127.049793,37.624302]]},"properties":{"osm_id":665555263,"highway":"secondary","name":"월계로"}},{"type":"Feature","id":"osm.way.665756924","geometry":{"type":"LineString","coordinates":[[127.054964,37.617976],[127.055307,37.618207],[127.055588,37.617963],[127.055611,37.617946],[127.055806,37.617803],[127.055847,37.617783],[127.056008,37.617704],[127.056109,37.617621],[127.056386,37.617381],[127.056433,37.617354],[127.056478,37.617342],[127.056521,37.617339],[127.056586,37.617353]]},"properties":{"osm_id":665756924,"highway":"residential","name":"한천로95길"}},{"type":"Feature","id":"osm.way.665756927","geometry":{"type":"LineString","coordinates":[[127.054832,37.617465],[127.055231,37.617722]]},"properties":{"osm_id":665756927,"highway":"residential","name":"돌곶이로32길"}},{"type":"Feature","id":"osm.way.665756928","geometry":{"type":"LineString","coordinates":[[127.05458,37.617303],[127.054782,37.617432],[127.054832,37.617465]]},"properties":{"osm_id":665756928,"highway":"residential","name":"돌곶이로32길"}},{"type":"Feature","id":"osm.way.665756929","geometry":{"type":"LineString","coordinates":[[127.05458,37.617303],[127.054837,37.617054]]},"properties":{"osm_id":665756929,"highway":"residential","name":"돌곶이로32길"}},{"type":"Feature","id":"osm.way.665756930","geometry":{"type":"LineString","coordinates":[[127.054341,37.61715],[127.05458,37.617303]]},"properties":{"osm_id":665756930,"highway":"residential","name":"돌곶이로32길"}},{"type":"Feature","id":"osm.way.665756931","geometry":{"type":"LineString","coordinates":[[127.052208,37.617563],[127.052155,37.61759],[127.051863,37.617872],[127.051584,37.618141],[127.051533,37.618193]]},"properties":{"osm_id":665756931,"highway":"residential","name":"장월로38길"}},{"type":"Feature","id":"osm.way.665756932","geometry":{"type":"LineString","coordinates":[[127.052208,37.617563],[127.05191,37.617374],[127.051806,37.617297]]},"properties":{"osm_id":665756932,"highway":"residential","name":"장월로38가길"}},{"type":"Feature","id":"osm.way.669610099","geometry":{"type":"LineString","coordinates":[[127.060406,37.612942],[127.06052,37.613003],[127.06064,37.61307]]},"properties":{"osm_id":669610099,"highway":"footway","name":"화랑로","width":"2"}},{"type":"Feature","id":"osm.way.669610100","geometry":{"type":"LineString","coordinates":[[127.06064,37.61307],[127.06077,37.613092],[127.061582,37.61356],[127.061717,37.613638],[127.061895,37.613743],[127.061924,37.61376],[127.062069,37.613846],[127.062449,37.61406],[127.063193,37.614379],[127.063288,37.614416],[127.0635,37.614522],[127.06397,37.614689],[127.064326,37.614797],[127.064392,37.614817],[127.064659,37.614884],[127.064719,37.61493]]},"properties":{"osm_id":669610100,"highway":"footway","name":"화랑로","width":"2"}},{"type":"Feature","id":"osm.way.669610101","geometry":{"type":"LineString","coordinates":[[127.064719,37.61493],[127.064813,37.61495],[127.064889,37.614959]]},"properties":{"osm_id":669610101,"highway":"footway","name":"화랑로","width":"2"}},{"type":"Feature","id":"osm.way.669841440","geometry":{"type":"LineString","coordinates":[[127.066307,37.615161],[127.066433,37.615042],[127.066489,37.614989],[127.06656,37.614959],[127.066625,37.614926]]},"properties":{"osm_id":669841440,"highway":"footway"}},{"type":"Feature","id":"osm.way.669841441","geometry":{"type":"LineString","coordinates":[[127.066444,37.614754],[127.066562,37.614673],[127.066593,37.614642]]},"properties":{"osm_id":669841441,"highway":"tertiary","name":"화랑로48길"}},{"type":"Feature","id":"osm.way.669841442","geometry":{"type":"LineString","coordinates":[[127.066444,37.614754],[127.06656,37.614959],[127.066633,37.615027],[127.066754,37.615069],[127.066923,37.615103],[127.067186,37.615158],[127.068326,37.615404]]},"properties":{"osm_id":669841442,"highway":"tertiary","name":"화랑로","lanes":"2","oneway":"yes"}},{"type":"Feature","id":"osm.way.669841443","geometry":{"type":"LineString","coordinates":[[127.065827,37.614389],[127.065969,37.614422],[127.066069,37.61445],[127.066151,37.614487],[127.066253,37.614561],[127.066347,37.614642],[127.066444,37.614754]]},"properties":{"osm_id":669841443,"highway":"tertiary","name":"화랑로","lanes":"2","oneway":"yes"}},{"type":"Feature","id":"osm.way.669841444","geometry":{"type":"LineString","coordinates":[[127.065749,37.614481],[127.06563,37.614464],[127.065579,37.61446],[127.065535,37.614461],[127.065458,37.614475],[127.065401,37.6145],[127.065343,37.614531],[127.065296,37.614565],[127.065256,37.614616],[127.065221,37.614669],[127.065171,37.614724],[127.065137,37.614757],[127.065064,37.614819],[127.065018,37.614841],[127.064972,37.614853],[127.064837,37.614873]]},"properties":{"osm_id":669841444,"highway":"busway","name":"화랑로","lanes":"2","oneway":"yes"}},{"type":"Feature","id":"osm.way.701286554","geometry":{"type":"LineString","coordinates":[[127.044918,37.628592],[127.045181,37.628884]]},"properties":{"osm_id":701286554,"highway":"footway","bridge":"yes","layer":"1"}},{"type":"Feature","id":"osm.way.701286555","geometry":{"type":"LineString","coordinates":[[127.045181,37.628884],[127.045254,37.628956]]},"properties":{"osm_id":701286555,"highway":"footway"}},{"type":"Feature","id":"osm.way.701286556","geometry":{"type":"LineString","coordinates":[[127.060583,37.615613],[127.060559,37.615595]]},"properties":{"osm_id":701286556,"highway":"residential"}},{"type":"Feature","id":"osm.way.701286557","geometry":{"type":"LineString","coordinates":[[127.060794,37.615769],[127.060583,37.615613]]},"properties":{"osm_id":701286557,"highway":"residential","bridge":"yes","layer":"1"}},{"type":"Feature","id":"osm.way.701469090","geometry":{"type":"LineString","coordinates":[[127.065398,37.631329],[127.065496,37.631354],[127.06612,37.631465],[127.0669,37.631603],[127.067314,37.63167],[127.067376,37.631689],[127.0675,37.631722]]},"properties":{"osm_id":701469090,"highway":"tertiary","name":"공릉로55길"}},{"type":"Feature","id":"osm.way.701527038","geometry":{"type":"LineString","coordinates":[[127.063339,37.6278],[127.064336,37.628082]]},"properties":{"osm_id":701527038,"highway":"tertiary","name":"마들로3길"}},{"type":"Feature","id":"osm.way.702168314","geometry":{"type":"LineString","coordinates":[[127.062402,37.616633],[127.063044,37.617142],[127.06326,37.61731],[127.063432,37.617444],[127.063566,37.617555],[127.063652,37.617623],[127.063658,37.617631],[127.06383,37.617775],[127.063927,37.617894]]},"properties":{"osm_id":702168314,"highway":"residential","name":"석계로9길"}},{"type":"Feature","id":"osm.way.703218677","geometry":{"type":"LineString","coordinates":[[127.047573,37.615611],[127.047732,37.615623],[127.048279,37.6156],[127.048367,37.615537]]},"properties":{"osm_id":703218677,"highway":"residential","name":"장월로21길"}},{"type":"Feature","id":"osm.way.703218678","geometry":{"type":"LineString","coordinates":[[127.04725,37.609973],[127.047384,37.609936],[127.047583,37.609971],[127.047689,37.609994]]},"properties":{"osm_id":703218678,"highway":"residential","name":"장월로"}},{"type":"Feature","id":"osm.way.703254432","geometry":{"type":"LineString","coordinates":[[127.051998,37.609558],[127.052412,37.609865],[127.052773,37.610129],[127.053111,37.610375],[127.053436,37.610623],[127.053894,37.610965],[127.054294,37.611268],[127.05458,37.61148],[127.054924,37.611736]]},"properties":{"osm_id":703254432,"highway":"residential","name":"화랑로33가길"}},{"type":"Feature","id":"osm.way.712245634","geometry":{"type":"LineString","coordinates":[[127.058717,37.634338],[127.058718,37.634285],[127.058719,37.634194],[127.058709,37.633793],[127.058702,37.633528],[127.058695,37.633269],[127.058689,37.633016],[127.058682,37.632715],[127.058677,37.632527],[127.058677,37.631836],[127.058723,37.631345],[127.05877,37.630833],[127.058711,37.630688]]},"properties":{"osm_id":712245634,"highway":"tertiary","name":"월계로53길","oneway":"-1"}},{"type":"Feature","id":"osm.way.715567701","geometry":{"type":"LineString","coordinates":[[127.069913,37.624866],[127.069867,37.624849]]},"properties":{"osm_id":715567701,"highway":"cycleway","name":"중랑천 자전거길 출입로 (공릉역 방면)","width":"3","oneway":"no"}},{"type":"Feature","id":"osm.way.715567702","geometry":{"type":"LineString","coordinates":[[127.070172,37.625554],[127.070137,37.625297],[127.070151,37.625257]]},"properties":{"osm_id":715567702,"highway":"cycleway","width":"3","oneway":"no"}},{"type":"Feature","id":"osm.way.715567703","geometry":{"type":"LineString","coordinates":[[127.069867,37.624849],[127.069817,37.624923],[127.069559,37.625289],[127.069555,37.625304],[127.069559,37.625314],[127.069568,37.625321],[127.069581,37.625323],[127.069592,37.625321],[127.069616,37.625293],[127.069759,37.625112],[127.070092,37.625272],[127.070254,37.625047],[127.070268,37.625044],[127.070281,37.625047]]},"properties":{"osm_id":715567703,"highway":"footway","width":"3","oneway":"no","bridge":"yes","layer":"1"}},{"type":"Feature","id":"osm.way.715567704","geometry":{"type":"LineString","coordinates":[[127.070281,37.625047],[127.070582,37.624651]]},"properties":{"osm_id":715567704,"highway":"footway","width":"3","oneway":"no","bridge":"yes","layer":"1"}},{"type":"Feature","id":"osm.way.715567705","geometry":{"type":"LineString","coordinates":[[127.070281,37.625047],[127.070292,37.625052],[127.070296,37.625065],[127.070151,37.625257]]},"properties":{"osm_id":715567705,"highway":"footway","width":"3","oneway":"no","bridge":"yes","layer":"1"}},{"type":"Feature","id":"osm.way.715567706","geometry":{"type":"LineString","coordinates":[[127.068514,37.624362],[127.068467,37.624401]]},"properties":{"osm_id":715567706,"highway":"footway","name":"중랑천 자전거길 출입로 (광운대역 방면)","width":"3","oneway":"no"}},{"type":"Feature","id":"osm.way.715567707","geometry":{"type":"LineString","coordinates":[[127.06879,37.624553],[127.068765,37.624579],[127.06869,37.62468],[127.068662,37.624695],[127.068642,37.62469],[127.068632,37.62467],[127.068647,37.624644],[127.06899,37.624298],[127.068729,37.62415],[127.068514,37.624362]]},"properties":{"osm_id":715567707,"highway":"footway","width":"3","oneway":"no","bridge":"yes","layer":"1"}},{"type":"Feature","id":"osm.way.715567708","geometry":{"type":"LineString","coordinates":[[127.070726,37.616141],[127.070651,37.616406],[127.070651,37.616433],[127.070658,37.616453],[127.070678,37.616457],[127.070694,37.616449],[127.070705,37.616428],[127.070739,37.616344],[127.070781,37.616234],[127.070797,37.6162]]},"properties":{"osm_id":715567708,"highway":"cycleway","width":"3","oneway":"no","bridge":"yes","layer":"0"}},{"type":"Feature","id":"osm.way.715567709","geometry":{"type":"LineString","coordinates":[[127.070386,37.615803],[127.072273,37.616355]]},"properties":{"osm_id":715567709,"highway":"footway","width":"2","bridge":"yes","layer":"1"}},{"type":"Feature","id":"osm.way.715567710","geometry":{"type":"LineString","coordinates":[[127.072273,37.616355],[127.072328,37.616376],[127.072843,37.61657],[127.072854,37.616571],[127.072866,37.616569],[127.072873,37.616565]]},"properties":{"osm_id":715567710,"highway":"footway"}},{"type":"Feature","id":"osm.way.736707762","geometry":{"type":"LineString","coordinates":[[127.05696,37.617811],[127.057232,37.617587],[127.0575,37.617352],[127.057608,37.617257],[127.057785,37.617126],[127.058029,37.616944],[127.058271,37.616817],[127.058508,37.616692],[127.058742,37.61657],[127.058977,37.616446],[127.059133,37.616364],[127.05921,37.616324],[127.059453,37.616197],[127.059694,37.616071],[127.059931,37.615947],[127.060167,37.615824],[127.060319,37.615726],[127.060559,37.615595],[127.060817,37.615493],[127.061186,37.615394]]},"properties":{"osm_id":736707762,"highway":"residential","name":"한천로96길"}},{"type":"Feature","id":"osm.way.736707763","geometry":{"type":"LineString","coordinates":[[127.056088,37.617055],[127.055908,37.617152],[127.055677,37.617323],[127.055475,37.617491],[127.055231,37.617722],[127.055177,37.617773],[127.054964,37.617976],[127.054155,37.618725],[127.053789,37.619084],[127.053626,37.61927],[127.053482,37.619459]]},"properties":{"osm_id":736707763,"highway":"secondary","name":"한천로"}},{"type":"Feature","id":"osm.way.736707764","geometry":{"type":"LineString","coordinates":[[127.056537,37.617256],[127.056586,37.617353]]},"properties":{"osm_id":736707764,"highway":"tertiary","name":"광운로","layer":"1"}},{"type":"Feature","id":"osm.way.750695469","geometry":{"type":"LineString","coordinates":[[127.040934,37.610694],[127.041252,37.610392],[127.042056,37.610167]]},"properties":{"osm_id":750695469,"highway":"track"}},{"type":"Feature","id":"osm.way.751453915","geometry":{"type":"LineString","coordinates":[[127.049708,37.611337],[127.049685,37.611411],[127.04959,37.611715]]},"properties":{"osm_id":751453915,"highway":"service"}},{"type":"Feature","id":"osm.way.765892054","geometry":{"type":"LineString","coordinates":[[127.059966,37.6383],[127.060606,37.636921],[127.060643,37.636429],[127.060662,37.636308],[127.060674,37.636237],[127.060777,37.636059],[127.061141,37.635578],[127.062084,37.634639],[127.062251,37.634552],[127.062495,37.634484],[127.062888,37.634166],[127.063479,37.634582]]},"properties":{"osm_id":765892054,"highway":"residential","service":"parking_aisle"}},{"type":"Feature","id":"osm.way.765892064","geometry":{"type":"LineString","coordinates":[[127.065328,37.636438],[127.064158,37.636099],[127.064002,37.636056],[127.064199,37.635622],[127.064397,37.635593],[127.064734,37.634889],[127.064908,37.634524],[127.064723,37.63426],[127.063926,37.634012]]},"properties":{"osm_id":765892064,"highway":"service","service":"parking_aisle"}},{"type":"Feature","id":"osm.way.780139413","geometry":{"type":"LineString","coordinates":[[127.050391,37.614289],[127.050827,37.613896]]},"properties":{"osm_id":780139413,"highway":"residential","name":"장위로33길"}},{"type":"Feature","id":"osm.way.780139414","geometry":{"type":"LineString","coordinates":[[127.050047,37.614589],[127.050391,37.614289]]},"properties":{"osm_id":780139414,"highway":"residential","name":"장위로33길"}},{"type":"Feature","id":"osm.way.780139415","geometry":{"type":"LineString","coordinates":[[127.050536,37.614955],[127.050031,37.615393]]},"properties":{"osm_id":780139415,"highway":"residential","name":"장월로14길"}},{"type":"Feature","id":"osm.way.780139416","geometry":{"type":"LineString","coordinates":[[127.05089,37.614659],[127.050536,37.614955]]},"properties":{"osm_id":780139416,"highway":"residential","name":"장위로33길"}},{"type":"Feature","id":"osm.way.780139418","geometry":{"type":"LineString","coordinates":[[127.046939,37.614365],[127.046964,37.614345],[127.047597,37.614381]]},"properties":{"osm_id":780139418,"highway":"residential","name":"장위로31길"}},{"type":"Feature","id":"osm.way.780139419","geometry":{"type":"LineString","coordinates":[[127.043454,37.61744],[127.043655,37.617217]]},"properties":{"osm_id":780139419,"highway":"residential","name":"장위로11길"}},{"type":"Feature","id":"osm.way.780139420","geometry":{"type":"LineString","coordinates":[[127.045523,37.618114],[127.045688,37.617985],[127.046061,37.617984]]},"properties":{"osm_id":780139420,"highway":"residential","name":"돌곶이로41길"}},{"type":"Feature","id":"osm.way.780139441","geometry":{"type":"LineString","coordinates":[[127.043713,37.615619],[127.043758,37.615577],[127.043702,37.615379],[127.043733,37.615332]]},"properties":{"osm_id":780139441,"highway":"residential","name":"장위로15길"}},{"type":"Feature","id":"osm.way.780139442","geometry":{"type":"LineString","coordinates":[[127.043792,37.615891],[127.043713,37.615619]]},"properties":{"osm_id":780139442,"highway":"residential","name":"장위로15길"}},{"type":"Feature","id":"osm.way.780350813","geometry":{"type":"LineString","coordinates":[[127.06283,37.612139],[127.062888,37.612131],[127.062914,37.612086],[127.062913,37.61204],[127.062912,37.611999],[127.062906,37.611973]]},"properties":{"osm_id":780350813,"highway":"service","name":"한천로82길"}},{"type":"Feature","id":"osm.way.780350814","geometry":{"type":"LineString","coordinates":[[127.062856,37.61196],[127.062906,37.611973],[127.062939,37.611955],[127.063208,37.611665]]},"properties":{"osm_id":780350814,"highway":"residential","name":"한천로80길"}},{"type":"Feature","id":"osm.way.780350815","geometry":{"type":"LineString","coordinates":[[127.059543,37.611501],[127.059483,37.611464],[127.059476,37.611412]]},"properties":{"osm_id":780350815,"highway":"residential"}},{"type":"Feature","id":"osm.way.780350816","geometry":{"type":"LineString","coordinates":[[127.05266,37.616504],[127.052715,37.616448],[127.052835,37.616363]]},"properties":{"osm_id":780350816,"highway":"residential"}},{"type":"Feature","id":"osm.way.780350817","geometry":{"type":"LineString","coordinates":[[127.050911,37.616064],[127.051077,37.616031]]},"properties":{"osm_id":780350817,"highway":"residential"}},{"type":"Feature","id":"osm.way.780350819","geometry":{"type":"LineString","coordinates":[[127.052159,37.616986],[127.052292,37.617101]]},"properties":{"osm_id":780350819,"highway":"residential","name":"장월로28길"}},{"type":"Feature","id":"osm.way.780350820","geometry":{"type":"LineString","coordinates":[[127.048276,37.621529],[127.048498,37.621669],[127.048525,37.621646]]},"properties":{"osm_id":780350820,"highway":"residential","name":"한천로101가길"}},{"type":"Feature","id":"osm.way.780350821","geometry":{"type":"LineString","coordinates":[[127.054553,37.610753],[127.054715,37.610459]]},"properties":{"osm_id":780350821,"highway":"residential","name":"화랑로27길"}},{"type":"Feature","id":"osm.way.780350822","geometry":{"type":"LineString","coordinates":[[127.052412,37.609865],[127.052011,37.610279]]},"properties":{"osm_id":780350822,"highway":"residential","name":"돌곶이로27길"}},{"type":"Feature","id":"osm.way.780350830","geometry":{"type":"LineString","coordinates":[[127.052227,37.615259],[127.052449,37.615158]]},"properties":{"osm_id":780350830,"highway":"residential"}},{"type":"Feature","id":"osm.way.780350831","geometry":{"type":"LineString","coordinates":[[127.052248,37.61496],[127.052366,37.615036],[127.052449,37.615158],[127.052681,37.615498],[127.052668,37.615535]]},"properties":{"osm_id":780350831,"highway":"residential","name":"돌곶이로"}},{"type":"Feature","id":"osm.way.780350832","geometry":{"type":"LineString","coordinates":[[127.053492,37.614855],[127.05347,37.61469]]},"properties":{"osm_id":780350832,"highway":"residential","name":"장위로43길"}},{"type":"Feature","id":"osm.way.780350833","geometry":{"type":"LineString","coordinates":[[127.051637,37.613906],[127.051535,37.614087],[127.051524,37.614111]]},"properties":{"osm_id":780350833,"highway":"residential","name":"장위로39길"}},{"type":"Feature","id":"osm.way.780350839","geometry":{"type":"LineString","coordinates":[[127.047472,37.610414],[127.047534,37.61041],[127.047772,37.610336],[127.047842,37.61033]]},"properties":{"osm_id":780350839,"highway":"residential","name":"장월로"}},{"type":"Feature","id":"osm.way.780350840","geometry":{"type":"LineString","coordinates":[[127.046868,37.611127],[127.046599,37.611216],[127.046558,37.611223]]},"properties":{"osm_id":780350840,"highway":"residential"}},{"type":"Feature","id":"osm.way.780350841","geometry":{"type":"LineString","coordinates":[[127.046875,37.610529],[127.047485,37.611618]]},"properties":{"osm_id":780350841,"highway":"residential","name":"장월로9가길"}},{"type":"Feature","id":"osm.way.780381005","geometry":{"type":"LineString","coordinates":[[127.064834,37.610389],[127.065042,37.610319]]},"properties":{"osm_id":780381005,"highway":"residential","name":"한천로76가길"}},{"type":"Feature","id":"osm.way.780381006","geometry":{"type":"LineString","coordinates":[[127.065239,37.610596],[127.065421,37.610556],[127.065439,37.610559],[127.065455,37.610567],[127.065467,37.610578],[127.065474,37.610589],[127.065719,37.611169]]},"properties":{"osm_id":780381006,"highway":"residential","name":"한천로76길"}},{"type":"Feature","id":"osm.way.780381007","geometry":{"type":"LineString","coordinates":[[127.064144,37.610412],[127.064301,37.610234],[127.064418,37.610106],[127.064577,37.609956]]},"properties":{"osm_id":780381007,"highway":"residential","name":"한천로72길"}},{"type":"Feature","id":"osm.way.780381008","geometry":{"type":"LineString","coordinates":[[127.064306,37.611318],[127.064332,37.610981],[127.064309,37.610908],[127.064275,37.610881]]},"properties":{"osm_id":780381008,"highway":"residential","name":"한천로76길"}},{"type":"Feature","id":"osm.way.780381009","geometry":{"type":"LineString","coordinates":[[127.065042,37.610319],[127.065104,37.610303],[127.065176,37.610268],[127.065229,37.610232],[127.065324,37.61015],[127.065393,37.610084],[127.065456,37.609991],[127.065494,37.609952],[127.065524,37.609928],[127.06563,37.609874],[127.065704,37.609837],[127.065734,37.609829],[127.065768,37.609824],[127.065976,37.60981]]},"properties":{"osm_id":780381009,"highway":"residential","name":"한천로72길"}},{"type":"Feature","id":"osm.way.780381011","geometry":{"type":"LineString","coordinates":[[127.061003,37.610065],[127.061373,37.609588],[127.06139,37.609543]]},"properties":{"osm_id":780381011,"highway":"residential","name":"한천로73길"}},{"type":"Feature","id":"osm.way.780381014","geometry":{"type":"LineString","coordinates":[[127.062387,37.610209],[127.062278,37.610119]]},"properties":{"osm_id":780381014,"highway":"residential"}},{"type":"Feature","id":"osm.way.780381016","geometry":{"type":"LineString","coordinates":[[127.060599,37.610375],[127.060616,37.610408],[127.060601,37.61057]]},"properties":{"osm_id":780381016,"highway":"service","name":"돌곶이로22길"}},{"type":"Feature","id":"osm.way.780381018","geometry":{"type":"LineString","coordinates":[[127.05957,37.610047],[127.05965,37.609989],[127.059708,37.609971]]},"properties":{"osm_id":780381018,"highway":"residential","name":"돌곶이로22가길"}},{"type":"Feature","id":"osm.way.780381019","geometry":{"type":"LineString","coordinates":[[127.066301,37.611473],[127.066015,37.611396],[127.065797,37.611333]]},"properties":{"osm_id":780381019,"highway":"residential","name":"한천로76다길"}},{"type":"Feature","id":"osm.way.780869697","geometry":{"type":"LineString","coordinates":[[127.071992,37.622557],[127.072153,37.62171]]},"properties":{"osm_id":780869697,"highway":"residential","name":"동일로179길"}},{"type":"Feature","id":"osm.way.780869698","geometry":{"type":"LineString","coordinates":[[127.073197,37.62102],[127.073702,37.62113]]},"properties":{"osm_id":780869698,"highway":"residential","name":"동일로177길"}},{"type":"Feature","id":"osm.way.780869704","geometry":{"type":"LineString","coordinates":[[127.060482,37.623828],[127.060535,37.623026]]},"properties":{"osm_id":780869704,"highway":"residential","name":"석계로18길"}},{"type":"Feature","id":"osm.way.780869705","geometry":{"type":"LineString","coordinates":[[127.060473,37.624168],[127.060482,37.623828]]},"properties":{"osm_id":780869705,"highway":"pedestrian"}},{"type":"Feature","id":"osm.way.780869706","geometry":{"type":"LineString","coordinates":[[127.059717,37.623322],[127.059506,37.623384]]},"properties":{"osm_id":780869706,"highway":"residential","name":"광운로19길"}},{"type":"Feature","id":"osm.way.780869708","geometry":{"type":"LineString","coordinates":[[127.060145,37.62363],[127.059947,37.623646]]},"properties":{"osm_id":780869708,"highway":"residential","name":"광운로"}},{"type":"Feature","id":"osm.way.780869709","geometry":{"type":"LineString","coordinates":[[127.057919,37.622482],[127.057881,37.622513],[127.057848,37.622681]]},"properties":{"osm_id":780869709,"highway":"residential"}},{"type":"Feature","id":"osm.way.780869710","geometry":{"type":"LineString","coordinates":[[127.057161,37.622331],[127.057477,37.622398],[127.057556,37.622415],[127.057919,37.622482],[127.058044,37.622508],[127.058421,37.62258],[127.058789,37.62265]]},"properties":{"osm_id":780869710,"highway":"residential","name":"광운로17길"}},{"type":"Feature","id":"osm.way.780869711","geometry":{"type":"LineString","coordinates":[[127.057547,37.622003],[127.057654,37.621537]]},"properties":{"osm_id":780869711,"highway":"residential","name":"광운로15길"}},{"type":"Feature","id":"osm.way.780869712","geometry":{"type":"LineString","coordinates":[[127.05922,37.621375],[127.058916,37.621452],[127.058888,37.621489],[127.058866,37.621519],[127.058803,37.62176]]},"properties":{"osm_id":780869712,"highway":"residential","name":"광운로13길"}},{"type":"Feature","id":"osm.way.780869713","geometry":{"type":"LineString","coordinates":[[127.057654,37.621537],[127.057653,37.621452],[127.057627,37.621296],[127.05779,37.620719]]},"properties":{"osm_id":780869713,"highway":"residential","name":"광운로7길"}},{"type":"Feature","id":"osm.way.780869714","geometry":{"type":"LineString","coordinates":[[127.063797,37.616431],[127.063736,37.616429],[127.063136,37.616283]]},"properties":{"osm_id":780869714,"highway":"residential","name":"석계로7길"}},{"type":"Feature","id":"osm.way.780869715","geometry":{"type":"LineString","coordinates":[[127.059528,37.617095],[127.059712,37.616878],[127.05993,37.61662]]},"properties":{"osm_id":780869715,"highway":"residential"}},{"type":"Feature","id":"osm.way.780869716","geometry":{"type":"LineString","coordinates":[[127.05826,37.617237],[127.058548,37.617072],[127.058767,37.616972]]},"properties":{"osm_id":780869716,"highway":"residential"}},{"type":"Feature","id":"osm.way.780869717","geometry":{"type":"LineString","coordinates":[[127.05696,37.619354],[127.057302,37.619608]]},"properties":{"osm_id":780869717,"highway":"residential","name":"광운로3길"}},{"type":"Feature","id":"osm.way.780869718","geometry":{"type":"LineString","coordinates":[[127.05716,37.619187],[127.057336,37.619329],[127.057467,37.619475]]},"properties":{"osm_id":780869718,"highway":"residential","name":"광운로3길"}},{"type":"Feature","id":"osm.way.780869719","geometry":{"type":"LineString","coordinates":[[127.055084,37.624574],[127.054586,37.625049],[127.054278,37.624942],[127.054231,37.624889],[127.054261,37.624828],[127.054746,37.624355]]},"properties":{"osm_id":780869719,"highway":"residential","name":"월계로44가길"}},{"type":"Feature","id":"osm.way.780869720","geometry":{"type":"LineString","coordinates":[[127.054079,37.623927],[127.05451,37.623534]]},"properties":{"osm_id":780869720,"highway":"residential","name":"월계로44나길"}},{"type":"Feature","id":"osm.way.780869721","geometry":{"type":"LineString","coordinates":[[127.053773,37.623725],[127.054265,37.623259]]},"properties":{"osm_id":780869721,"highway":"residential","name":"월계로44나길"}},{"type":"Feature","id":"osm.way.780869722","geometry":{"type":"LineString","coordinates":[[127.0531,37.623308],[127.05361,37.622801]]},"properties":{"osm_id":780869722,"highway":"residential","name":"월계로44나길"}},{"type":"Feature","id":"osm.way.780869723","geometry":{"type":"LineString","coordinates":[[127.051821,37.623257],[127.052017,37.62337]]},"properties":{"osm_id":780869723,"highway":"residential","name":"월계로44길"}},{"type":"Feature","id":"osm.way.780869724","geometry":{"type":"LineString","coordinates":[[127.052788,37.623102],[127.052527,37.623379]]},"properties":{"osm_id":780869724,"highway":"residential","name":"월계로44가길"}},{"type":"Feature","id":"osm.way.801008452","geometry":{"type":"LineString","coordinates":[[127.075418,37.616601],[127.074804,37.616355],[127.074397,37.616152],[127.074175,37.616025],[127.074043,37.615925],[127.073821,37.615757],[127.073584,37.615554],[127.073475,37.615424],[127.073374,37.615303],[127.073094,37.614866],[127.073066,37.614805],[127.072947,37.614548],[127.07293,37.614511],[127.072902,37.614451],[127.072878,37.6144],[127.072816,37.613985],[127.072805,37.613914],[127.072762,37.613667],[127.072761,37.613651],[127.072758,37.613492],[127.072753,37.613212],[127.072752,37.613172]]},"properties":{"osm_id":801008452,"highway":"pedestrian","width":"3","oneway":"no"}},{"type":"Feature","id":"osm.way.801008453","geometry":{"type":"LineString","coordinates":[[127.073642,37.615934],[127.073821,37.615757]]},"properties":{"osm_id":801008453,"highway":"steps","width":"5"}},{"type":"Feature","id":"osm.way.801008455","geometry":{"type":"LineString","coordinates":[[127.067133,37.610722],[127.067137,37.610748],[127.067138,37.610785],[127.067131,37.610829],[127.067071,37.611032],[127.066951,37.61136],[127.066876,37.611543],[127.066792,37.61173],[127.06661,37.6121],[127.066239,37.612885],[127.066127,37.613131],[127.066023,37.613382],[127.065999,37.613431],[127.065955,37.613507],[127.065907,37.613573],[127.06589,37.61359],[127.065872,37.613606],[127.06584,37.613623],[127.065805,37.613635],[127.065713,37.613659],[127.065397,37.61374],[127.06537,37.613748],[127.06535,37.613756],[127.065299,37.613783],[127.065212,37.613826],[127.065117,37.61404],[127.065081,37.614125],[127.065036,37.614246]]},"properties":{"osm_id":801008455,"highway":"tertiary","name":"한천로66길","lanes":"2","oneway":"no"}},{"type":"Feature","id":"osm.way.803506242","geometry":{"type":"LineString","coordinates":[[127.056088,37.617055],[127.056442,37.616941]]},"properties":{"osm_id":803506242,"highway":"secondary"}},{"type":"Feature","id":"osm.way.803506243","geometry":{"type":"LineString","coordinates":[[127.056402,37.616855],[127.056425,37.616875],[127.056437,37.616899],[127.056442,37.616941]]},"properties":{"osm_id":803506243,"highway":"tertiary"}},{"type":"Feature","id":"osm.way.803506245","geometry":{"type":"LineString","coordinates":[[127.056842,37.616668],[127.05674,37.616909],[127.056691,37.617009],[127.056666,37.617081],[127.056645,37.617269],[127.056643,37.61744]]},"properties":{"osm_id":803506245,"highway":"tertiary_link","oneway":"yes"}},{"type":"Feature","id":"osm.way.804967264","geometry":{"type":"LineString","coordinates":[[127.056457,37.618942],[127.056424,37.619276],[127.056564,37.619687],[127.056736,37.619894],[127.056884,37.620286],[127.056922,37.620463],[127.056802,37.620966],[127.056725,37.621414]]},"properties":{"osm_id":804967264,"highway":"service"}},{"type":"Feature","id":"osm.way.804967265","geometry":{"type":"LineString","coordinates":[[127.056725,37.621414],[127.056413,37.621382]]},"properties":{"osm_id":804967265,"highway":"unclassified"}},{"type":"Feature","id":"osm.way.809936409","geometry":{"type":"LineString","coordinates":[[127.054112,37.62835],[127.053862,37.628571]]},"properties":{"osm_id":809936409,"highway":"service","service":"parking_aisle"}},{"type":"Feature","id":"osm.way.809936410","geometry":{"type":"LineString","coordinates":[[127.053862,37.628571],[127.054398,37.628915],[127.054225,37.629086],[127.053674,37.628756],[127.053862,37.628571]]},"properties":{"osm_id":809936410,"highway":"service","service":"parking_aisle"}},{"type":"Feature","id":"osm.way.809936411","geometry":{"type":"LineString","coordinates":[[127.053674,37.628756],[127.053353,37.628604],[127.052839,37.628288],[127.052688,37.628424],[127.053196,37.628734],[127.053353,37.628604]]},"properties":{"osm_id":809936411,"highway":"service","service":"parking_aisle"}},{"type":"Feature","id":"osm.way.809936412","geometry":{"type":"LineString","coordinates":[[127.052688,37.628424],[127.052589,37.628525],[127.053089,37.628839],[127.053196,37.628734]]},"properties":{"osm_id":809936412,"highway":"service","service":"parking_aisle"}},{"type":"Feature","id":"osm.way.809936413","geometry":{"type":"LineString","coordinates":[[127.053674,37.628756],[127.053431,37.62899],[127.053415,37.629005]]},"properties":{"osm_id":809936413,"highway":"service","service":"parking_aisle"}},{"type":"Feature","id":"osm.way.809936414","geometry":{"type":"LineString","coordinates":[[127.054225,37.629086],[127.054189,37.629125],[127.054392,37.629259],[127.054518,37.62913]]},"properties":{"osm_id":809936414,"highway":"service","service":"parking_aisle"}},{"type":"Feature","id":"osm.way.809936415","geometry":{"type":"LineString","coordinates":[[127.053415,37.629005],[127.05405,37.629354],[127.053957,37.629462],[127.053335,37.629083],[127.053415,37.629005]]},"properties":{"osm_id":809936415,"highway":"service","service":"parking_aisle"}},{"type":"Feature","id":"osm.way.809936416","geometry":{"type":"LineString","coordinates":[[127.053335,37.629083],[127.053041,37.629253],[127.052324,37.628856],[127.05224,37.628948],[127.052831,37.629335],[127.053041,37.629253]]},"properties":{"osm_id":809936416,"highway":"service","service":"parking_aisle"}},{"type":"Feature","id":"osm.way.809936417","geometry":{"type":"LineString","coordinates":[[127.052169,37.627136],[127.05203,37.62727],[127.051805,37.627486],[127.051097,37.628166],[127.051084,37.628286],[127.05117,37.628559],[127.051255,37.628831],[127.051312,37.629017]]},"properties":{"osm_id":809936417,"highway":"service","service":"parking_aisle"}},{"type":"Feature","id":"osm.way.809936418","geometry":{"type":"LineString","coordinates":[[127.05203,37.62727],[127.052646,37.627656]]},"properties":{"osm_id":809936418,"highway":"service","service":"parking_aisle"}},{"type":"Feature","id":"osm.way.809936419","geometry":{"type":"LineString","coordinates":[[127.051805,37.627486],[127.052152,37.627709],[127.052104,37.62776],[127.05201,37.627862],[127.052375,37.628089],[127.052471,37.628],[127.052104,37.62776]]},"properties":{"osm_id":809936419,"highway":"service","service":"parking_aisle"}},{"type":"Feature","id":"osm.way.809936420","geometry":{"type":"LineString","coordinates":[[127.050474,37.628678],[127.05117,37.628559]]},"properties":{"osm_id":809936420,"highway":"service","service":"parking_aisle"}},{"type":"Feature","id":"osm.way.809936421","geometry":{"type":"LineString","coordinates":[[127.05117,37.628559],[127.051505,37.628478],[127.051776,37.628413],[127.051942,37.628271],[127.051816,37.628176],[127.051505,37.628478]]},"properties":{"osm_id":809936421,"highway":"service","service":"parking_aisle"}},{"type":"Feature","id":"osm.way.809936422","geometry":{"type":"LineString","coordinates":[[127.051255,37.628831],[127.051846,37.628748],[127.051894,37.628931],[127.051312,37.629017],[127.050772,37.629098],[127.050705,37.62893],[127.051255,37.628831]]},"properties":{"osm_id":809936422,"highway":"service","service":"parking_aisle"}},{"type":"Feature","id":"osm.way.810438390","geometry":{"type":"LineString","coordinates":[[127.066569,37.634829],[127.066883,37.635026],[127.067965,37.635708],[127.068094,37.63579],[127.068175,37.63574],[127.068261,37.635524],[127.06832,37.635379],[127.069077,37.633689],[127.069327,37.633115],[127.069615,37.632447],[127.069789,37.632023],[127.069786,37.631957],[127.069721,37.631951],[127.069562,37.631957],[127.069209,37.631978],[127.068655,37.631975],[127.06828,37.631955],[127.068261,37.631954],[127.067866,37.631879],[127.067694,37.631847],[127.067569,37.631829],[127.067504,37.631841],[127.067468,37.631866],[127.06743,37.631949],[127.067419,37.63199],[127.067401,37.632035],[127.067286,37.632314],[127.06705,37.632862],[127.066702,37.633643],[127.066451,37.63414],[127.066293,37.634499]]},"properties":{"osm_id":810438390,"highway":"footway"}},{"type":"Feature","id":"osm.way.810438391","geometry":{"type":"LineString","coordinates":[[127.069168,37.636393],[127.068574,37.636004],[127.068514,37.635965],[127.06845,37.635886],[127.068568,37.635622],[127.068735,37.63525],[127.068847,37.635043],[127.068937,37.634828],[127.069418,37.633674],[127.069653,37.633117],[127.069698,37.633071],[127.069819,37.633096]]},"properties":{"osm_id":810438391,"highway":"footway"}},{"type":"Feature","id":"osm.way.810438396","geometry":{"type":"LineString","coordinates":[[127.069698,37.633071],[127.069726,37.632994],[127.069746,37.632939]]},"properties":{"osm_id":810438396,"highway":"footway"}},{"type":"Feature","id":"osm.way.810438397","geometry":{"type":"LineString","coordinates":[[127.069746,37.632939],[127.070141,37.632067],[127.070248,37.631823],[127.070258,37.631812],[127.070283,37.631802],[127.070382,37.631779],[127.070484,37.631756],[127.071287,37.631523],[127.071382,37.631496],[127.071521,37.631529],[127.071682,37.631567],[127.072687,37.631833],[127.072711,37.631839],[127.072743,37.631855],[127.072764,37.631878],[127.072769,37.631902],[127.072763,37.631935],[127.07253,37.632479],[127.072387,37.632794],[127.072043,37.633581]]},"properties":{"osm_id":810438397,"highway":"footway"}},{"type":"Feature","id":"osm.way.810438398","geometry":{"type":"LineString","coordinates":[[127.069786,37.631957],[127.069858,37.631928],[127.070182,37.631841],[127.070248,37.631823]]},"properties":{"osm_id":810438398,"highway":"footway"}},{"type":"Feature","id":"osm.way.810438399","geometry":{"type":"LineString","coordinates":[[127.069786,37.631957],[127.069775,37.63188]]},"properties":{"osm_id":810438399,"highway":"footway"}},{"type":"Feature","id":"osm.way.810438400","geometry":{"type":"LineString","coordinates":[[127.069775,37.63188],[127.069758,37.631784]]},"properties":{"osm_id":810438400,"highway":"footway"}},{"type":"Feature","id":"osm.way.810438401","geometry":{"type":"LineString","coordinates":[[127.070382,37.631779],[127.070369,37.631749],[127.07035,37.631704]]},"properties":{"osm_id":810438401,"highway":"footway"}},{"type":"Feature","id":"osm.way.810438402","geometry":{"type":"LineString","coordinates":[[127.069758,37.631784],[127.069272,37.631817],[127.068664,37.631812],[127.068112,37.631756],[127.06749,37.631645],[127.067184,37.631595],[127.066795,37.631522],[127.066102,37.631389],[127.065697,37.631311]]},"properties":{"osm_id":810438402,"highway":"footway"}},{"type":"Feature","id":"osm.way.810438403","geometry":{"type":"LineString","coordinates":[[127.069758,37.631784],[127.0699,37.631768],[127.070238,37.631722],[127.07035,37.631704],[127.070445,37.631685],[127.070747,37.6316],[127.07124,37.631434]]},"properties":{"osm_id":810438403,"highway":"footway"}},{"type":"Feature","id":"osm.way.810438404","geometry":{"type":"LineString","coordinates":[[127.069758,37.631784],[127.069786,37.631706],[127.069792,37.63162],[127.069643,37.631606],[127.069488,37.631619],[127.069324,37.631648],[127.069158,37.631683],[127.069013,37.631703],[127.068782,37.631709],[127.068503,37.63172],[127.068273,37.631719],[127.068105,37.631716],[127.067972,37.6317],[127.067703,37.631661],[127.067348,37.631602],[127.067154,37.631564],[127.067016,37.631516],[127.066825,37.631454],[127.066564,37.631351],[127.066406,37.631289],[127.066236,37.631229],[127.066083,37.631183],[127.065918,37.631141],[127.065803,37.631114],[127.065684,37.631097],[127.065708,37.631039]]},"properties":{"osm_id":810438404,"highway":"footway"}},{"type":"Feature","id":"osm.way.810438405","geometry":{"type":"LineString","coordinates":[[127.070238,37.631722],[127.070311,37.631519],[127.070338,37.631468],[127.070365,37.631417],[127.070403,37.631205]]},"properties":{"osm_id":810438405,"highway":"footway"}},{"type":"Feature","id":"osm.way.810438408","geometry":{"type":"LineString","coordinates":[[127.065637,37.630755],[127.065687,37.630743],[127.065783,37.630744],[127.065898,37.630766],[127.067397,37.63108],[127.067765,37.631148],[127.068555,37.63128],[127.068957,37.631313],[127.069736,37.631309],[127.070161,37.631247],[127.070253,37.631228],[127.070403,37.631205],[127.070535,37.631163],[127.070706,37.631088]]},"properties":{"osm_id":810438408,"highway":"footway"}},{"type":"Feature","id":"osm.way.810440293","geometry":{"type":"LineString","coordinates":[[127.070161,37.631247],[127.07014,37.631191],[127.070127,37.631138]]},"properties":{"osm_id":810440293,"highway":"footway"}},{"type":"Feature","id":"osm.way.810440294","geometry":{"type":"LineString","coordinates":[[127.068868,37.631214],[127.069429,37.631229],[127.069974,37.631168],[127.070127,37.631138],[127.070191,37.631077],[127.070383,37.630653],[127.07094,37.629498],[127.071052,37.629154],[127.071077,37.629069],[127.071086,37.629037],[127.071024,37.629011],[127.070904,37.628961],[127.07041,37.628868]]},"properties":{"osm_id":810440294,"highway":"footway"}},{"type":"Feature","id":"osm.way.810440295","geometry":{"type":"LineString","coordinates":[[127.070706,37.631088],[127.070671,37.631038],[127.070628,37.63098]]},"properties":{"osm_id":810440295,"highway":"footway"}},{"type":"Feature","id":"osm.way.810440296","geometry":{"type":"LineString","coordinates":[[127.070628,37.63098],[127.070651,37.630935]]},"properties":{"osm_id":810440296,"highway":"footway"}},{"type":"Feature","id":"osm.way.810440297","geometry":{"type":"LineString","coordinates":[[127.070651,37.630935],[127.070659,37.630922],[127.070682,37.630885]]},"properties":{"osm_id":810440297,"highway":"footway"}},{"type":"Feature","id":"osm.way.810440298","geometry":{"type":"LineString","coordinates":[[127.070223,37.631173],[127.070372,37.630881],[127.07042,37.630782]]},"properties":{"osm_id":810440298,"highway":"primary_link","oneway":"yes"}},{"type":"Feature","id":"osm.way.810440299","geometry":{"type":"LineString","coordinates":[[127.07056,37.631083],[127.07049,37.631019],[127.070437,37.63098],[127.070413,37.630949],[127.070394,37.630926],[127.070372,37.630881]]},"properties":{"osm_id":810440299,"highway":"primary_link","oneway":"yes"}},{"type":"Feature","id":"osm.way.810440300","geometry":{"type":"LineString","coordinates":[[127.070606,37.63088],[127.07056,37.631083]]},"properties":{"osm_id":810440300,"highway":"primary_link","oneway":"yes"}},{"type":"Feature","id":"osm.way.810440301","geometry":{"type":"LineString","coordinates":[[127.070606,37.63088],[127.070659,37.630922],[127.070697,37.630959],[127.07072,37.630977],[127.07076,37.631008]]},"properties":{"osm_id":810440301,"highway":"primary_link","oneway":"yes"}},{"type":"Feature","id":"osm.way.810440302","geometry":{"type":"LineString","coordinates":[[127.070682,37.630885],[127.071125,37.629769],[127.071437,37.629156],[127.07145,37.62913],[127.071549,37.629072],[127.071599,37.629079],[127.072339,37.629094]]},"properties":{"osm_id":810440302,"highway":"footway"}},{"type":"Feature","id":"osm.way.810440303","geometry":{"type":"LineString","coordinates":[[127.071077,37.629069],[127.071214,37.629094],[127.071348,37.629131],[127.071437,37.629156]]},"properties":{"osm_id":810440303,"highway":"footway"}},{"type":"Feature","id":"osm.way.810440304","geometry":{"type":"LineString","coordinates":[[127.070512,37.628633],[127.071116,37.628765],[127.071265,37.628797],[127.071342,37.628701],[127.071531,37.628311],[127.071867,37.627615],[127.071875,37.627577],[127.071899,37.627544],[127.071918,37.627518],[127.071955,37.627442],[127.072186,37.626968],[127.072384,37.626531],[127.072445,37.626397],[127.072494,37.6263],[127.072611,37.626071],[127.072794,37.625711],[127.072794,37.625654],[127.072742,37.62563],[127.071625,37.625175]]},"properties":{"osm_id":810440304,"highway":"footway"}},{"type":"Feature","id":"osm.way.810440305","geometry":{"type":"LineString","coordinates":[[127.071024,37.629011],[127.071076,37.628871],[127.071116,37.628765]]},"properties":{"osm_id":810440305,"highway":"footway"}},{"type":"Feature","id":"osm.way.810440306","geometry":{"type":"LineString","coordinates":[[127.071599,37.629079],[127.071636,37.628965],[127.07167,37.628863]]},"properties":{"osm_id":810440306,"highway":"footway"}},{"type":"Feature","id":"osm.way.810440307","geometry":{"type":"LineString","coordinates":[[127.072013,37.628901],[127.07167,37.628863],[127.071609,37.628845],[127.071637,37.628786],[127.071734,37.628577],[127.071906,37.628211],[127.071976,37.62808],[127.072009,37.628047],[127.072076,37.62806]]},"properties":{"osm_id":810440307,"highway":"footway"}},{"type":"Feature","id":"osm.way.810440308","geometry":{"type":"LineString","coordinates":[[127.071637,37.628786],[127.071539,37.62876],[127.071405,37.628724],[127.071342,37.628701]]},"properties":{"osm_id":810440308,"highway":"footway"}},{"type":"Feature","id":"osm.way.810440309","geometry":{"type":"LineString","coordinates":[[127.072009,37.628047],[127.072034,37.627998],[127.072047,37.62797]]},"properties":{"osm_id":810440309,"highway":"footway"}},{"type":"Feature","id":"osm.way.810440310","geometry":{"type":"LineString","coordinates":[[127.072047,37.62797],[127.072178,37.627701],[127.072202,37.62769],[127.072307,37.627707]]},"properties":{"osm_id":810440310,"highway":"footway"}},{"type":"Feature","id":"osm.way.810440311","geometry":{"type":"LineString","coordinates":[[127.071955,37.627442],[127.072029,37.627446],[127.072143,37.627485],[127.072236,37.627516]]},"properties":{"osm_id":810440311,"highway":"footway"}},{"type":"Feature","id":"osm.way.810440312","geometry":{"type":"LineString","coordinates":[[127.072492,37.626985],[127.072259,37.627467],[127.072236,37.627516],[127.072213,37.627565],[127.07224,37.627591],[127.072256,37.627607],[127.072414,37.627665]]},"properties":{"osm_id":810440312,"highway":"footway"}},{"type":"Feature","id":"osm.way.810440313","geometry":{"type":"LineString","coordinates":[[127.072202,37.62769],[127.072219,37.627645],[127.07224,37.627591]]},"properties":{"osm_id":810440313,"highway":"footway"}},{"type":"Feature","id":"osm.way.810440314","geometry":{"type":"LineString","coordinates":[[127.072492,37.626985],[127.072526,37.626927],[127.072562,37.626866]]},"properties":{"osm_id":810440314,"highway":"footway"}},{"type":"Feature","id":"osm.way.810440315","geometry":{"type":"LineString","coordinates":[[127.072451,37.626897],[127.072526,37.626927],[127.072609,37.626941]]},"properties":{"osm_id":810440315,"highway":"service"}},{"type":"Feature","id":"osm.way.810440316","geometry":{"type":"LineString","coordinates":[[127.072609,37.626941],[127.072824,37.627005],[127.07311,37.627106],[127.073373,37.627161]]},"properties":{"osm_id":810440316,"highway":"service"}},{"type":"Feature","id":"osm.way.810440317","geometry":{"type":"LineString","coordinates":[[127.072562,37.626866],[127.072745,37.626581],[127.072771,37.62654]]},"properties":{"osm_id":810440317,"highway":"footway"}},{"type":"Feature","id":"osm.way.810440318","geometry":{"type":"LineString","coordinates":[[127.072771,37.62654],[127.072826,37.626438],[127.072859,37.626378]]},"properties":{"osm_id":810440318,"highway":"footway"}},{"type":"Feature","id":"osm.way.810440319","geometry":{"type":"LineString","coordinates":[[127.072859,37.626378],[127.072966,37.626173],[127.073113,37.625894],[127.073151,37.625837],[127.073258,37.625807],[127.07334,37.625848],[127.073988,37.626106]]},"properties":{"osm_id":810440319,"highway":"footway"}},{"type":"Feature","id":"osm.way.810440320","geometry":{"type":"LineString","coordinates":[[127.071667,37.624952],[127.072802,37.62538],[127.072867,37.62539],[127.07291,37.625381],[127.073052,37.624957],[127.073246,37.624368],[127.0733,37.624233],[127.073564,37.623476],[127.073596,37.623352],[127.073631,37.623252],[127.073989,37.622221],[127.073998,37.622191],[127.073975,37.622162],[127.073952,37.622131],[127.073802,37.622106]]},"properties":{"osm_id":810440320,"highway":"footway"}},{"type":"Feature","id":"osm.way.810440321","geometry":{"type":"LineString","coordinates":[[127.072742,37.62563],[127.072801,37.625517],[127.072867,37.62539]]},"properties":{"osm_id":810440321,"highway":"footway"}},{"type":"Feature","id":"osm.way.810440322","geometry":{"type":"LineString","coordinates":[[127.072966,37.626173],[127.072822,37.626129],[127.072687,37.626087],[127.072611,37.626071]]},"properties":{"osm_id":810440322,"highway":"footway"}},{"type":"Feature","id":"osm.way.810440323","geometry":{"type":"LineString","coordinates":[[127.073258,37.625807],[127.073295,37.625721],[127.073366,37.625613]]},"properties":{"osm_id":810440323,"highway":"footway"}},{"type":"Feature","id":"osm.way.810440324","geometry":{"type":"LineString","coordinates":[[127.073348,37.625194],[127.07328,37.625437],[127.073273,37.625472],[127.073306,37.625558],[127.073366,37.625613],[127.073715,37.625794],[127.074292,37.626055]]},"properties":{"osm_id":810440324,"highway":"footway"}},{"type":"Feature","id":"osm.way.810440325","geometry":{"type":"LineString","coordinates":[[127.073273,37.625472],[127.073152,37.625438],[127.072997,37.625406],[127.07291,37.625381]]},"properties":{"osm_id":810440325,"highway":"footway"}},{"type":"Feature","id":"osm.way.810440326","geometry":{"type":"LineString","coordinates":[[127.073348,37.625194],[127.07338,37.625136],[127.073413,37.625065]]},"properties":{"osm_id":810440326,"highway":"footway"}},{"type":"Feature","id":"osm.way.810440327","geometry":{"type":"LineString","coordinates":[[127.073413,37.625065],[127.073708,37.624088],[127.07374,37.623992],[127.073884,37.623543],[127.073925,37.623415],[127.074062,37.622987],[127.074286,37.622291],[127.074304,37.622234],[127.074341,37.622216]]},"properties":{"osm_id":810440327,"highway":"footway"}},{"type":"Feature","id":"osm.way.810680640","geometry":{"type":"LineString","coordinates":[[127.073564,37.623476],[127.073634,37.623491],[127.073776,37.62352],[127.073884,37.623543]]},"properties":{"osm_id":810680640,"highway":"footway"}},{"type":"Feature","id":"osm.way.810680663","geometry":{"type":"LineString","coordinates":[[127.075762,37.616822],[127.075786,37.616761],[127.07581,37.616678],[127.075814,37.616646],[127.075802,37.616626],[127.075746,37.616606],[127.075151,37.616386],[127.074886,37.616283],[127.074469,37.616091],[127.074052,37.615833],[127.073798,37.615622],[127.073547,37.615364],[127.073327,37.615033],[127.073096,37.614658],[127.072971,37.614357],[127.072887,37.613889]]},"properties":{"osm_id":810680663,"highway":"footway"}},{"type":"Feature","id":"osm.way.810680669","geometry":{"type":"LineString","coordinates":[[127.073073,37.613867],[127.073119,37.614192],[127.073369,37.614754],[127.07354,37.615018],[127.073673,37.615196],[127.073784,37.615344],[127.073828,37.615403],[127.074361,37.615825],[127.074408,37.615863],[127.074568,37.615953],[127.07469,37.616006],[127.074837,37.61607],[127.074902,37.616104],[127.075027,37.616169],[127.0752,37.616238],[127.075291,37.616274],[127.075554,37.616356],[127.075814,37.616436],[127.075838,37.616444],[127.07588,37.616425],[127.07596,37.616211],[127.07609,37.615856],[127.07615,37.615693],[127.07615,37.615645],[127.07615,37.615601],[127.076096,37.615529],[127.075905,37.61544],[127.075712,37.615343],[127.075571,37.615264]]},"properties":{"osm_id":810680669,"highway":"footway"}},{"type":"Feature","id":"osm.way.810680675","geometry":{"type":"LineString","coordinates":[[127.073043,37.616807],[127.073043,37.616939]]},"properties":{"osm_id":810680675,"highway":"footway"}},{"type":"Feature","id":"osm.way.810680676","geometry":{"type":"LineString","coordinates":[[127.073043,37.616939],[127.073629,37.617137],[127.074118,37.617306],[127.074297,37.617366],[127.074869,37.617557],[127.075258,37.617686],[127.075379,37.617731],[127.075402,37.61775],[127.075422,37.617783],[127.075428,37.617818]]},"properties":{"osm_id":810680676,"highway":"cycleway","name":"화랑로","width":"2"}},{"type":"Feature","id":"osm.way.810680677","geometry":{"type":"LineString","coordinates":[[127.073043,37.616939],[127.072876,37.616881],[127.072799,37.616858]]},"properties":{"osm_id":810680677,"highway":"footway"}},{"type":"Feature","id":"osm.way.810680678","geometry":{"type":"LineString","coordinates":[[127.072799,37.616858],[127.072554,37.616777],[127.072506,37.616765],[127.072457,37.616757],[127.072411,37.616751],[127.072364,37.61675],[127.07234,37.616731]]},"properties":{"osm_id":810680678,"highway":"footway"}},{"type":"Feature","id":"osm.way.810680679","geometry":{"type":"LineString","coordinates":[[127.07234,37.616731],[127.072307,37.616707],[127.072276,37.616686]]},"properties":{"osm_id":810680679,"highway":"footway"}},{"type":"Feature","id":"osm.way.810680680","geometry":{"type":"LineString","coordinates":[[127.072276,37.616686],[127.072262,37.616675],[127.072256,37.61666],[127.072248,37.616651],[127.072234,37.616642],[127.072217,37.616637],[127.072132,37.616611]]},"properties":{"osm_id":810680680,"highway":"footway"}},{"type":"Feature","id":"osm.way.810680681","geometry":{"type":"LineString","coordinates":[[127.072132,37.616611],[127.070797,37.6162],[127.070276,37.616047]]},"properties":{"osm_id":810680681,"highway":"footway","bridge":"yes","layer":"1"}},{"type":"Feature","id":"osm.way.810680682","geometry":{"type":"LineString","coordinates":[[127.069918,37.615914],[127.069934,37.615866],[127.069967,37.615775],[127.069996,37.615701],[127.070102,37.615729],[127.070386,37.615803]]},"properties":{"osm_id":810680682,"highway":"footway"}},{"type":"Feature","id":"osm.way.810680686","geometry":{"type":"LineString","coordinates":[[127.069974,37.616593],[127.069933,37.616345],[127.069925,37.616284],[127.069922,37.616234],[127.069921,37.616178],[127.06992,37.616113],[127.06992,37.616087],[127.069918,37.616061],[127.069912,37.616033],[127.069905,37.616003],[127.069895,37.615981],[127.069882,37.615959],[127.069868,37.615943],[127.069853,37.615929],[127.069838,37.615915],[127.069818,37.615902],[127.069795,37.61589],[127.069768,37.61588],[127.069724,37.615866],[127.069687,37.615855],[127.069651,37.615841],[127.069579,37.615807]]},"properties":{"osm_id":810680686,"highway":"secondary_link","oneway":"yes"}},{"type":"Feature","id":"osm.way.810680687","geometry":{"type":"LineString","coordinates":[[127.069908,37.615945],[127.069882,37.615959],[127.069856,37.615974]]},"properties":{"osm_id":810680687,"highway":"footway"}},{"type":"Feature","id":"osm.way.810680688","geometry":{"type":"LineString","coordinates":[[127.069856,37.615974],[127.069836,37.615985],[127.069814,37.615962],[127.069799,37.615948],[127.069784,37.615938],[127.069756,37.615925],[127.069728,37.615915],[127.069106,37.615795],[127.068992,37.615832],[127.068958,37.615878],[127.068944,37.615898]]},"properties":{"osm_id":810680688,"highway":"footway"}},{"type":"Feature","id":"osm.way.810680689","geometry":{"type":"LineString","coordinates":[[127.068958,37.615878],[127.068878,37.61588],[127.068835,37.61588]]},"properties":{"osm_id":810680689,"highway":"footway"}},{"type":"Feature","id":"osm.way.810680690","geometry":{"type":"LineString","coordinates":[[127.068835,37.61588],[127.068787,37.615784],[127.068644,37.615721],[127.067744,37.615527],[127.066933,37.615351],[127.066869,37.615339],[127.066571,37.615283],[127.066387,37.615249],[127.066273,37.615223],[127.066086,37.615176],[127.066057,37.615172],[127.066021,37.615178],[127.065994,37.615196],[127.065977,37.615217],[127.065868,37.61548]]},"properties":{"osm_id":810680690,"highway":"footway"}},{"type":"Feature","id":"osm.way.810680691","geometry":{"type":"LineString","coordinates":[[127.066307,37.615161],[127.066273,37.615223]]},"properties":{"osm_id":810680691,"highway":"footway"}},{"type":"Feature","id":"osm.way.827799353","geometry":{"type":"LineString","coordinates":[[127.070726,37.616009],[127.070691,37.616131],[127.070663,37.616212],[127.070614,37.616362],[127.070544,37.616636],[127.070503,37.61676],[127.07047,37.616866],[127.07046,37.616913],[127.070454,37.616995],[127.070453,37.617118],[127.070487,37.617892],[127.070504,37.618355],[127.07051,37.618966],[127.070518,37.620094],[127.070506,37.620335],[127.070494,37.620457],[127.07048,37.62055],[127.070454,37.620666],[127.070398,37.62089],[127.070303,37.621252],[127.070204,37.621551],[127.069853,37.622496],[127.069676,37.623017],[127.069611,37.623203],[127.069543,37.623364],[127.069498,37.623464],[127.069467,37.623535],[127.069431,37.623613],[127.069395,37.623686],[127.069357,37.623757],[127.069202,37.624022],[127.06909,37.62423],[127.069025,37.624336],[127.068985,37.624388],[127.068942,37.624442],[127.068824,37.624573],[127.0688,37.6246],[127.068717,37.624683],[127.068654,37.624746],[127.068248,37.625097],[127.066957,37.626199],[127.065392,37.627537],[127.065156,37.62776],[127.065046,37.627874],[127.064922,37.62802],[127.064765,37.628217],[127.06465,37.628392],[127.064543,37.628578],[127.064483,37.628692],[127.064399,37.628889],[127.064316,37.62912],[127.064212,37.629443],[127.06411,37.629768],[127.064004,37.630158],[127.063973,37.630344],[127.063967,37.630427],[127.063933,37.630561],[127.063896,37.630688],[127.063697,37.631298],[127.063649,37.631443],[127.06362,37.631527],[127.063595,37.631596],[127.063574,37.631641],[127.063538,37.63171],[127.063496,37.631778],[127.063451,37.631845],[127.063393,37.631926],[127.063331,37.632007],[127.06319,37.632192],[127.063053,37.632371],[127.062947,37.632517],[127.062905,37.632577],[127.062864,37.632629],[127.062838,37.632655],[127.062791,37.632695],[127.062693,37.632769],[127.062467,37.632934],[127.062261,37.63309],[127.062209,37.633122],[127.062153,37.633151],[127.062002,37.633238],[127.061895,37.633311],[127.061814,37.633379],[127.061592,37.633549],[127.061409,37.633699],[127.061339,37.633758],[127.061209,37.633877],[127.060897,37.634166],[127.060706,37.634338],[127.060561,37.634476],[127.060416,37.634637],[127.060308,37.634744],[127.060037,37.634913],[127.059803,37.635066],[127.059735,37.63511],[127.059663,37.635187],[127.059517,37.635331],[127.059378,37.635496],[127.05928,37.63563],[127.059153,37.635837],[127.059029,37.636069],[127.05892,37.636261],[127.058831,37.636436],[127.058726,37.63664],[127.058568,37.636938],[127.058497,37.637095],[127.058405,37.637239],[127.058344,37.637338],[127.05826,37.637445],[127.058198,37.637539],[127.058087,37.637642],[127.057929,37.6378],[127.057782,37.637943],[127.057677,37.638061],[127.057538,37.638176],[127.057458,37.638257],[127.057369,37.638334],[127.057151,37.638497],[127.056994,37.638603],[127.056748,37.63877],[127.056459,37.638994],[127.055953,37.639387],[127.055827,37.639475],[127.055685,37.63958],[127.05552,37.639703],[127.055424,37.639783],[127.055292,37.639907],[127.055159,37.640055],[127.055037,37.6402],[127.054898,37.640431],[127.054796,37.640625],[127.054731,37.640745],[127.05468,37.640843],[127.054627,37.640933],[127.054586,37.641008],[127.054552,37.641083],[127.054489,37.641191],[127.054429,37.641347],[127.054381,37.641521],[127.054363,37.641616],[127.05435,37.641691],[127.054339,37.641783],[127.05434,37.641879],[127.054343,37.642034],[127.05436,37.642188],[127.054397,37.642401],[127.054479,37.642767],[127.054535,37.642994],[127.054577,37.643165],[127.054636,37.643389],[127.054708,37.643658],[127.054796,37.64402],[127.054845,37.6442],[127.054912,37.644456],[127.055029,37.644898],[127.055119,37.645232],[127.055168,37.645442],[127.055186,37.645567],[127.055192,37.645603],[127.05524,37.645889],[127.055245,37.645927],[127.055247,37.645951],[127.055248,37.645959],[127.055245,37.646014],[127.055231,37.646081],[127.055216,37.64614],[127.055159,37.646378],[127.055139,37.646577],[127.055119,37.646759],[127.055087,37.647012],[127.055074,37.647148],[127.055003,37.647527],[127.054946,37.647811],[127.05491,37.647942],[127.054859,37.648093],[127.054776,37.648286],[127.054629,37.64859],[127.054497,37.648834],[127.054385,37.649033],[127.054267,37.649216],[127.054173,37.64939],[127.054092,37.649557],[127.054021,37.64969],[127.053967,37.649798],[127.053923,37.649908],[127.05389,37.649998],[127.053856,37.650174],[127.053825,37.65042],[127.05381,37.650647],[127.053791,37.650985],[127.053773,37.651422],[127.053755,37.651908],[127.053733,37.652246],[127.053723,37.65245],[127.053722,37.652532],[127.053729,37.652654],[127.053728,37.652727],[127.053699,37.653123],[127.053696,37.653224],[127.053696,37.653597],[127.053706,37.653764],[127.053718,37.654021],[127.053733,37.654335],[127.053749,37.654538],[127.05375,37.65466],[127.053745,37.654742],[127.053737,37.654789],[127.053732,37.654837],[127.05371,37.654935],[127.053669,37.655064],[127.053579,37.655348],[127.053527,37.655551],[127.053455,37.655848],[127.053405,37.656049],[127.053392,37.656112]]},"properties":{"osm_id":827799353,"highway":"cycleway","name":"중랑천서자전거길","width":"3","oneway":"no"}},{"type":"Feature","id":"osm.way.839486567","geometry":{"type":"LineString","coordinates":[[127.073595,37.603048],[127.073582,37.603187],[127.073566,37.603363],[127.073546,37.603451],[127.073511,37.603618],[127.07339,37.604131],[127.073259,37.604756],[127.073191,37.605057],[127.073095,37.605441],[127.073076,37.605505],[127.073031,37.605617],[127.073004,37.6057],[127.072951,37.605968],[127.072854,37.606393],[127.072743,37.60686],[127.072686,37.607078],[127.072619,37.607349],[127.072568,37.607561],[127.072516,37.6078],[127.072483,37.607944],[127.072456,37.608088],[127.072429,37.608267],[127.072411,37.608485],[127.072393,37.608742],[127.072373,37.609146],[127.072353,37.609508],[127.072319,37.60998],[127.072304,37.610248],[127.072296,37.610419],[127.072279,37.610754],[127.072267,37.611258],[127.072248,37.611464],[127.072232,37.611632],[127.072219,37.611768],[127.072213,37.611877],[127.072203,37.612228],[127.072196,37.612562],[127.072172,37.612875],[127.072144,37.613144],[127.072127,37.613439],[127.072104,37.613876],[127.072063,37.614256],[127.072049,37.614411],[127.072044,37.614553],[127.072052,37.614659],[127.072083,37.614931]]},"properties":{"osm_id":839486567,"highway":"cycleway","name":"중랑천동자전거길","width":"3","oneway":"no"}},{"type":"Feature","id":"osm.way.841800090","geometry":{"type":"LineString","coordinates":[[127.072083,37.614931],[127.072092,37.615006],[127.072102,37.615154],[127.072097,37.61539]]},"properties":{"osm_id":841800090,"highway":"cycleway","name":"중랑천동자전거길","width":"3","oneway":"no"}},{"type":"Feature","id":"osm.way.842044988","geometry":{"type":"LineString","coordinates":[[127.03919,37.632578],[127.03955,37.632213],[127.039952,37.631891],[127.040865,37.631294],[127.041403,37.630989],[127.041428,37.630859],[127.041468,37.630828],[127.041529,37.630841],[127.041678,37.630748],[127.041842,37.630741],[127.042471,37.630373],[127.042731,37.630191],[127.04294,37.630031],[127.043211,37.62979],[127.043544,37.629445],[127.043865,37.629156],[127.044133,37.628913],[127.044497,37.628666],[127.044811,37.628474],[127.045335,37.628185],[127.0459,37.627881],[127.046193,37.627781],[127.046638,37.627551],[127.047117,37.627245],[127.047347,37.627032],[127.047368,37.627008],[127.047595,37.626742],[127.048113,37.626174],[127.048675,37.625539],[127.048921,37.625276],[127.049194,37.624967],[127.0495,37.624646],[127.049793,37.624302]]},"properties":{"osm_id":842044988,"highway":"footway","name":"우이천변 제방길(가을단풍길,벚꽃길)"}},{"type":"Feature","id":"osm.way.845987224","geometry":{"type":"LineString","coordinates":[[127.06052,37.614021],[127.060929,37.613844],[127.061582,37.61356],[127.061725,37.613494]]},"properties":{"osm_id":845987224,"highway":"residential"}},{"type":"Feature","id":"osm.way.845987225","geometry":{"type":"LineString","coordinates":[[127.061725,37.613494],[127.061867,37.613411]]},"properties":{"osm_id":845987225,"highway":"residential","layer":"1"}},{"type":"Feature","id":"osm.way.845987226","geometry":{"type":"LineString","coordinates":[[127.060929,37.613844],[127.060793,37.613543],[127.060507,37.613632]]},"properties":{"osm_id":845987226,"highway":"service"}},{"type":"Feature","id":"osm.way.852041292","geometry":{"type":"LineString","coordinates":[[127.055564,37.632269],[127.054846,37.6325],[127.054619,37.632201],[127.054595,37.632161],[127.054585,37.632138],[127.054587,37.632114],[127.054593,37.632096],[127.054623,37.632029],[127.054633,37.63199],[127.054635,37.631954],[127.054633,37.631918],[127.054623,37.631881],[127.054583,37.631796],[127.054251,37.631223],[127.054236,37.631182],[127.05423,37.631135],[127.054231,37.631114],[127.054225,37.631085],[127.05416,37.630952]]},"properties":{"osm_id":852041292,"highway":"service"}},{"type":"Feature","id":"osm.way.852041293","geometry":{"type":"LineString","coordinates":[[127.05416,37.630952],[127.054,37.630646]]},"properties":{"osm_id":852041293,"highway":"service"}},{"type":"Feature","id":"osm.way.852041294","geometry":{"type":"LineString","coordinates":[[127.054585,37.632138],[127.054967,37.632017],[127.055354,37.631895]]},"properties":{"osm_id":852041294,"highway":"service"}},{"type":"Feature","id":"osm.way.862927360","geometry":{"type":"LineString","coordinates":[[127.058526,37.628391],[127.058238,37.629195],[127.05907,37.629715]]},"properties":{"osm_id":862927360,"highway":"service","service":"parking_aisle"}},{"type":"Feature","id":"osm.way.862927362","geometry":{"type":"LineString","coordinates":[[127.061299,37.627264],[127.06141,37.627038]]},"properties":{"osm_id":862927362,"highway":"pedestrian","bridge":"yes","layer":"1"}},{"type":"Feature","id":"osm.way.871551488","geometry":{"type":"LineString","coordinates":[[127.058982,37.634371],[127.058982,37.634469],[127.05928,37.634761],[127.059771,37.635266],[127.060356,37.63591],[127.060578,37.636151]]},"properties":{"osm_id":871551488,"highway":"footway","bridge":"yes","layer":"2"}},{"type":"Feature","id":"osm.way.871551491","geometry":{"type":"LineString","coordinates":[[127.059497,37.634626],[127.059565,37.634608],[127.059186,37.634356]]},"properties":{"osm_id":871551491,"highway":"footway"}},{"type":"Feature","id":"osm.way.871551495","geometry":{"type":"LineString","coordinates":[[127.062232,37.632514],[127.060541,37.633993],[127.060348,37.634141],[127.05986,37.634573],[127.059765,37.634663],[127.059247,37.635153],[127.059152,37.635262],[127.059052,37.635403],[127.058983,37.635517],[127.058781,37.635906],[127.058698,37.636079],[127.058539,37.63639],[127.058237,37.636952],[127.058082,37.637208],[127.057923,37.637429],[127.057803,37.637596],[127.057601,37.637816],[127.057496,37.637946],[127.057329,37.63809],[127.057161,37.638229],[127.057003,37.63836],[127.056781,37.638542],[127.056481,37.638777]]},"properties":{"osm_id":871551495,"highway":"secondary","name":"마들로","lanes":"4","oneway":"yes"}},{"type":"Feature","id":"osm.way.881785601","geometry":{"type":"LineString","coordinates":[[127.05823,37.612327],[127.05802,37.612248],[127.057915,37.612212],[127.057847,37.612188],[127.057602,37.612141]]},"properties":{"osm_id":881785601,"highway":"tertiary","name":"돌곶이로28길"}},{"type":"Feature","id":"osm.way.881785602","geometry":{"type":"LineString","coordinates":[[127.058207,37.611499],[127.058093,37.611571],[127.058044,37.611594],[127.057909,37.611642],[127.057885,37.611668],[127.057859,37.611695],[127.057802,37.611771],[127.057759,37.611828],[127.057664,37.612002],[127.057625,37.612075],[127.057602,37.612141]]},"properties":{"osm_id":881785602,"highway":"residential","name":"장위로46길"}},{"type":"Feature","id":"osm.way.881785603","geometry":{"type":"LineString","coordinates":[[127.057602,37.612141],[127.057369,37.612128],[127.05715,37.612135],[127.057104,37.612137],[127.057042,37.612146]]},"properties":{"osm_id":881785603,"highway":"tertiary","name":"돌곶이로28길"}},{"type":"Feature","id":"osm.way.881785604","geometry":{"type":"LineString","coordinates":[[127.059439,37.613422],[127.059893,37.61367]]},"properties":{"osm_id":881785604,"highway":"residential","name":"한천로83길"}},{"type":"Feature","id":"osm.way.906568542","geometry":{"type":"LineString","coordinates":[[127.055847,37.617783],[127.055693,37.617708],[127.0556,37.617665],[127.055522,37.617723],[127.055488,37.617756],[127.055488,37.617794]]},"properties":{"osm_id":906568542,"highway":"service"}},{"type":"Feature","id":"osm.way.908609098","geometry":{"type":"LineString","coordinates":[[127.070312,37.615986],[127.070224,37.615953],[127.070165,37.615931],[127.070119,37.615915],[127.070075,37.615902]]},"properties":{"osm_id":908609098,"highway":"primary","name":"화랑로","ref":"20","lanes":"3","oneway":"yes"}},{"type":"Feature","id":"osm.way.914737873","geometry":{"type":"LineString","coordinates":[[127.051628,37.635739],[127.051499,37.635647],[127.051413,37.635526],[127.051351,37.635239],[127.051349,37.63483],[127.051365,37.634617],[127.051346,37.634328],[127.051287,37.634099]]},"properties":{"osm_id":914737873,"highway":"residential"}},{"type":"Feature","id":"osm.way.914782729","geometry":{"type":"LineString","coordinates":[[127.049323,37.624463],[127.049324,37.624403],[127.049318,37.624343],[127.049313,37.624299],[127.049309,37.624248],[127.049302,37.624192],[127.049296,37.624143],[127.049282,37.624088],[127.049262,37.624009]]},"properties":{"osm_id":914782729,"highway":"secondary_link","oneway":"yes"}},{"type":"Feature","id":"osm.way.914782945","geometry":{"type":"LineString","coordinates":[[127.04915,37.623942],[127.049232,37.623946],[127.049324,37.623946],[127.049413,37.623944],[127.049499,37.623938],[127.049592,37.623929],[127.049702,37.623911],[127.049807,37.623883],[127.049889,37.623859],[127.04994,37.623838]]},"properties":{"osm_id":914782945,"highway":"secondary_link","oneway":"yes"}},{"type":"Feature","id":"osm.way.914783766","geometry":{"type":"LineString","coordinates":[[127.057005,37.628543],[127.056936,37.628568],[127.056887,37.628592],[127.056858,37.628624],[127.056839,37.628653],[127.056834,37.628676],[127.05683,37.628713],[127.056841,37.628797]]},"properties":{"osm_id":914783766,"highway":"secondary_link","oneway":"yes"}},{"type":"Feature","id":"osm.way.915022349","geometry":{"type":"LineString","coordinates":[[127.056202,37.628411],[127.056382,37.628453],[127.056495,37.628471],[127.056588,37.628485],[127.056724,37.628502],[127.056817,37.628516],[127.056857,37.628521],[127.057005,37.628543]]},"properties":{"osm_id":915022349,"highway":"secondary_link","oneway":"yes"}},{"type":"Feature","id":"osm.way.915023877","geometry":{"type":"LineString","coordinates":[[127.057067,37.631881],[127.057074,37.631888],[127.057087,37.631904],[127.057096,37.631931],[127.057093,37.631958],[127.057078,37.631983],[127.057054,37.632003],[127.057022,37.632014],[127.057005,37.632016],[127.056987,37.632017],[127.056954,37.63201],[127.056925,37.631994],[127.056905,37.631971],[127.056896,37.631944],[127.056899,37.631917],[127.056914,37.631892],[127.056927,37.631881],[127.056938,37.631872],[127.05697,37.631861],[127.057005,37.631858],[127.057039,37.631865],[127.057067,37.631881]]},"properties":{"osm_id":915023877,"highway":"tertiary"}},{"type":"Feature","id":"osm.way.915023878","geometry":{"type":"LineString","coordinates":[[127.054976,37.629006],[127.055084,37.629079],[127.055169,37.629137],[127.055512,37.62944],[127.055921,37.629965],[127.055987,37.63004],[127.0561,37.630138],[127.056214,37.630304],[127.056297,37.630547],[127.056499,37.631042],[127.056711,37.631517],[127.056833,37.631765],[127.056885,37.631834],[127.056898,37.63185],[127.056927,37.631881]]},"properties":{"osm_id":915023878,"highway":"tertiary","name":"초안산로2길"}},{"type":"Feature","id":"osm.way.915035148","geometry":{"type":"LineString","coordinates":[[127.057319,37.618248],[127.05747,37.61852],[127.057546,37.618643],[127.057646,37.618805],[127.05776,37.61899],[127.057857,37.619154],[127.05791,37.61925],[127.05812,37.6196],[127.058366,37.619936],[127.058426,37.620064],[127.05857,37.62026],[127.05875,37.62051],[127.058795,37.620584],[127.05899,37.6209],[127.059037,37.620978]]},"properties":{"osm_id":915035148,"highway":"tertiary","name":"광운로"}},{"type":"Feature","id":"osm.way.915035149","geometry":{"type":"LineString","coordinates":[[127.061259,37.621456],[127.061003,37.621411],[127.059555,37.621119]]},"properties":{"osm_id":915035149,"highway":"residential","name":"광운로12길"}},{"type":"Feature","id":"osm.way.915037480","geometry":{"type":"LineString","coordinates":[[127.054039,37.615382],[127.054487,37.615096],[127.054641,37.614986]]},"properties":{"osm_id":915037480,"highway":"residential"}},{"type":"Feature","id":"osm.way.915295196","geometry":{"type":"LineString","coordinates":[[127.061673,37.617595],[127.061988,37.617594]]},"properties":{"osm_id":915295196,"highway":"service"}},{"type":"Feature","id":"osm.way.915295197","geometry":{"type":"LineString","coordinates":[[127.061669,37.618355],[127.061922,37.618355]]},"properties":{"osm_id":915295197,"highway":"service"}},{"type":"Feature","id":"osm.way.915295198","geometry":{"type":"LineString","coordinates":[[127.060999,37.617498],[127.061099,37.617569]]},"properties":{"osm_id":915295198,"highway":"service"}},{"type":"Feature","id":"osm.way.915295199","geometry":{"type":"LineString","coordinates":[[127.060999,37.617498],[127.061167,37.617419],[127.061248,37.617334]]},"properties":{"osm_id":915295199,"highway":"residential"}},{"type":"Feature","id":"osm.way.915295200","geometry":{"type":"LineString","coordinates":[[127.061921,37.616619],[127.062145,37.616819],[127.061715,37.617151],[127.062012,37.617432],[127.062019,37.617485],[127.062004,37.617521],[127.061988,37.617594],[127.061989,37.617703],[127.061933,37.618241],[127.061922,37.618355],[127.061907,37.618515],[127.06147,37.618826],[127.06093,37.618432],[127.060932,37.618395],[127.060932,37.618363],[127.060502,37.618024],[127.061099,37.617569],[127.061359,37.617348]]},"properties":{"osm_id":915295200,"highway":"service"}},{"type":"Feature","id":"osm.way.915295201","geometry":{"type":"LineString","coordinates":[[127.061291,37.617295],[127.061359,37.617348],[127.061673,37.617595],[127.061418,37.617771],[127.0614,37.617787],[127.06139,37.617815],[127.061379,37.617875],[127.061355,37.617928],[127.06132,37.617975],[127.061312,37.618002],[127.061312,37.618021],[127.061324,37.618063],[127.061669,37.618355],[127.061502,37.618474],[127.061091,37.618128],[127.06132,37.617975]]},"properties":{"osm_id":915295201,"highway":"service"}},{"type":"Feature","id":"osm.way.915295454","geometry":{"type":"LineString","coordinates":[[127.061118,37.621999],[127.061213,37.622019]]},"properties":{"osm_id":915295454,"highway":"service"}},{"type":"Feature","id":"osm.way.915295455","geometry":{"type":"LineString","coordinates":[[127.061213,37.622019],[127.061519,37.62208],[127.061442,37.62233],[127.061189,37.622282],[127.061166,37.622277],[127.061151,37.622263],[127.061147,37.622244],[127.061213,37.622019]]},"properties":{"osm_id":915295455,"highway":"service","service":"parking_aisle"}},{"type":"Feature","id":"osm.way.916055951","geometry":{"type":"LineString","coordinates":[[127.04681,37.61849],[127.045709,37.61918],[127.045541,37.619219],[127.04548,37.619256],[127.044989,37.619554],[127.044957,37.619665],[127.045248,37.620197],[127.045541,37.620733],[127.045723,37.621019]]},"properties":{"osm_id":916055951,"highway":"cycleway"}},{"type":"Feature","id":"osm.way.916055952","geometry":{"type":"LineString","coordinates":[[127.045248,37.620197],[127.045267,37.620184],[127.045359,37.620122],[127.045532,37.619941],[127.045585,37.619815],[127.045594,37.619756],[127.045603,37.619701],[127.045609,37.619546],[127.045575,37.619391],[127.045499,37.619284],[127.04548,37.619256]]},"properties":{"osm_id":916055952,"highway":"footway"}},{"type":"Feature","id":"osm.way.916055953","geometry":{"type":"LineString","coordinates":[[127.047138,37.619017],[127.04692,37.619108],[127.046599,37.619135],[127.046492,37.619218],[127.046398,37.619288],[127.046144,37.61943],[127.046065,37.619633],[127.046034,37.619737],[127.046028,37.619759],[127.045996,37.6199],[127.046054,37.620082],[127.046189,37.620114],[127.046259,37.620137]]},"properties":{"osm_id":916055953,"highway":"footway"}},{"type":"Feature","id":"osm.way.916055954","geometry":{"type":"LineString","coordinates":[[127.045603,37.619701],[127.046034,37.619737]]},"properties":{"osm_id":916055954,"highway":"footway"}},{"type":"Feature","id":"osm.way.916055955","geometry":{"type":"LineString","coordinates":[[127.049364,37.616766],[127.049472,37.616836],[127.049949,37.617149],[127.050294,37.617373],[127.050415,37.617451]]},"properties":{"osm_id":916055955,"highway":"tertiary","name":"장월로"}},{"type":"Feature","id":"osm.way.916055978","geometry":{"type":"LineString","coordinates":[[127.048192,37.618048],[127.048704,37.618343],[127.049438,37.618766],[127.049611,37.618866],[127.049686,37.618829],[127.050059,37.619002],[127.049933,37.619161]]},"properties":{"osm_id":916055978,"highway":"footway"}},{"type":"Feature","id":"osm.way.916055979","geometry":{"type":"LineString","coordinates":[[127.048289,37.618755],[127.048465,37.618581],[127.048704,37.618343],[127.048757,37.618287],[127.048949,37.618084]]},"properties":{"osm_id":916055979,"highway":"footway"}},{"type":"Feature","id":"osm.way.916055980","geometry":{"type":"LineString","coordinates":[[127.048757,37.618287],[127.049026,37.618453],[127.049072,37.618405],[127.049527,37.618701],[127.049667,37.618793],[127.049686,37.618829]]},"properties":{"osm_id":916055980,"highway":"footway"}},{"type":"Feature","id":"osm.way.916055981","geometry":{"type":"LineString","coordinates":[[127.049438,37.618766],[127.049527,37.618701],[127.049686,37.618683],[127.049689,37.618625],[127.049651,37.618547],[127.049563,37.61847],[127.049439,37.618456],[127.049394,37.618373],[127.04941,37.618279],[127.049386,37.618247],[127.049313,37.618256],[127.049072,37.618405]]},"properties":{"osm_id":916055981,"highway":"footway"}},{"type":"Feature","id":"osm.way.916055982","geometry":{"type":"LineString","coordinates":[[127.049611,37.618866],[127.049582,37.619016],[127.049256,37.619307],[127.049198,37.619358],[127.049536,37.61956],[127.049759,37.61935]]},"properties":{"osm_id":916055982,"highway":"footway"}},{"type":"Feature","id":"osm.way.916055983","geometry":{"type":"LineString","coordinates":[[127.049256,37.619307],[127.049198,37.619358],[127.049037,37.619437],[127.048603,37.619154],[127.048431,37.61897],[127.048093,37.618863],[127.047591,37.618572],[127.047447,37.618528],[127.047467,37.618514],[127.047845,37.618256],[127.047916,37.618207],[127.048192,37.618048],[127.049179,37.617417]]},"properties":{"osm_id":916055983,"highway":"footway"}},{"type":"Feature","id":"osm.way.916055984","geometry":{"type":"LineString","coordinates":[[127.048465,37.618581],[127.047845,37.618256]]},"properties":{"osm_id":916055984,"highway":"footway"}},{"type":"Feature","id":"osm.way.916055985","geometry":{"type":"LineString","coordinates":[[127.048478,37.61991],[127.048588,37.619797],[127.048735,37.619644]]},"properties":{"osm_id":916055985,"highway":"service","service":"parking_aisle"}},{"type":"Feature","id":"osm.way.916055987","geometry":{"type":"LineString","coordinates":[[127.048588,37.619797],[127.048446,37.619702],[127.047419,37.61905],[127.047145,37.618685],[127.047467,37.618514]]},"properties":{"osm_id":916055987,"highway":"footway"}},{"type":"Feature","id":"osm.way.923982362","geometry":{"type":"LineString","coordinates":[[127.059374,37.63782],[127.059434,37.637761],[127.059497,37.637701],[127.059537,37.637649],[127.059842,37.637219],[127.059888,37.637142],[127.059917,37.63708],[127.059935,37.637011],[127.059976,37.636813],[127.05999,37.636748],[127.060014,37.636687],[127.060074,37.63659],[127.060134,37.636525],[127.060161,37.636489],[127.060271,37.636222],[127.060326,37.636116],[127.06039,37.635991],[127.060473,37.635874],[127.060585,37.635715],[127.060727,37.635546],[127.060882,37.635368],[127.062004,37.634239],[127.062679,37.633623],[127.062783,37.633531],[127.06281,37.63351],[127.063053,37.633318],[127.06337,37.63306],[127.063449,37.632993],[127.063528,37.632927],[127.063622,37.632846],[127.063668,37.632808],[127.063714,37.632762],[127.063767,37.63272],[127.063813,37.632679],[127.063866,37.632633],[127.063912,37.632587],[127.063958,37.632537],[127.064004,37.632492],[127.064049,37.632442],[127.064095,37.632396],[127.064141,37.632347],[127.064179,37.632297],[127.064217,37.632247],[127.064255,37.632194],[127.064294,37.632141],[127.064332,37.632087],[127.06437,37.63203],[127.064408,37.631977],[127.064446,37.631919],[127.064484,37.631862],[127.064515,37.631801],[127.064545,37.631744],[127.064576,37.631683],[127.06461,37.63162],[127.06466,37.631505],[127.064707,37.631374],[127.064738,37.631244],[127.064766,37.631135],[127.064798,37.631019],[127.064818,37.63091],[127.064833,37.630849],[127.064841,37.630824],[127.064847,37.630805],[127.064903,37.63063],[127.064943,37.630503],[127.064975,37.630379],[127.065008,37.630229],[127.065019,37.630161],[127.065027,37.630022],[127.065037,37.629967],[127.065055,37.629885],[127.065083,37.62975],[127.065111,37.629632],[127.065141,37.629507],[127.065173,37.6294],[127.065204,37.629316],[127.065252,37.629203],[127.065294,37.629111],[127.065357,37.628991],[127.065479,37.628796],[127.065646,37.628577],[127.065739,37.628459],[127.065871,37.628314],[127.066002,37.628182],[127.066216,37.627986],[127.066398,37.627838],[127.06664,37.627647],[127.066912,37.62744],[127.067185,37.627228],[127.067409,37.62706],[127.067498,37.626983],[127.067544,37.626937],[127.067631,37.62686],[127.067849,37.626709],[127.068035,37.626573],[127.068176,37.626463],[127.068307,37.626366],[127.068465,37.626243],[127.068578,37.626157],[127.068764,37.626013],[127.06881,37.625976],[127.068989,37.625834],[127.06916,37.625701],[127.069244,37.625632],[127.06935,37.625539],[127.069492,37.625397],[127.069554,37.625337],[127.069683,37.625182],[127.069741,37.62511],[127.069779,37.625061],[127.069817,37.625007],[127.069858,37.62495],[127.069913,37.624866],[127.069932,37.624833],[127.070008,37.624706],[127.070084,37.624578],[127.070142,37.624475],[127.070199,37.624359],[127.070229,37.624294],[127.070285,37.624159],[127.070328,37.624038],[127.070351,37.623973],[127.070374,37.623909],[127.070397,37.623844],[127.07042,37.623779],[127.070511,37.623516],[127.07058,37.623321],[127.070649,37.623123],[127.07074,37.622859],[127.070855,37.62252],[127.071012,37.622047],[127.071104,37.621771],[127.071216,37.621448],[127.071316,37.621123],[127.071367,37.620939],[127.071422,37.620732],[127.07147,37.620537],[127.071516,37.62034],[127.071553,37.620123],[127.071587,37.619907],[127.071637,37.619653],[127.071664,37.619512],[127.071687,37.619345],[127.0717,37.619217],[127.071706,37.619073],[127.071703,37.618764],[127.071696,37.618613],[127.071683,37.618398],[127.071682,37.618228],[127.071673,37.617947],[127.071667,37.617795],[127.071656,37.617574],[127.071654,37.617442],[127.071657,37.617321],[127.071669,37.617171],[127.07169,37.617006],[127.071733,37.61684],[127.071789,37.616637],[127.071839,37.616465],[127.071938,37.616159],[127.071983,37.615954],[127.072004,37.615878],[127.072023,37.615844],[127.072045,37.615812],[127.072063,37.615774]]},"properties":{"osm_id":923982362,"highway":"cycleway","name":"중랑천동자전거길","width":"3","oneway":"no"}},{"type":"Feature","id":"osm.way.923982363","geometry":{"type":"LineString","coordinates":[[127.070904,37.61433],[127.0709,37.61447],[127.070895,37.614518],[127.07089,37.614565],[127.07089,37.614634],[127.070902,37.614787],[127.070918,37.614996],[127.070906,37.615175],[127.070878,37.61541],[127.070871,37.615469],[127.070857,37.615542],[127.070761,37.615888],[127.070726,37.616009]]},"properties":{"osm_id":923982363,"highway":"cycleway","name":"중랑천서자전거길","width":"3","oneway":"no"}},{"type":"Feature","id":"osm.way.925881935","geometry":{"type":"LineString","coordinates":[[127.073053,37.603288],[127.07292,37.603772],[127.072833,37.604154],[127.072744,37.604612],[127.072634,37.605121],[127.072537,37.60557],[127.072439,37.606006],[127.072341,37.606498],[127.07236,37.606523],[127.072378,37.606547],[127.072492,37.606726],[127.072519,37.606818],[127.072532,37.606906],[127.072545,37.607091],[127.072543,37.607197],[127.072538,37.607255],[127.072506,37.607373],[127.072372,37.60787],[127.072328,37.608071],[127.072327,37.608078],[127.072294,37.608311],[127.072244,37.609297],[127.072224,37.609793],[127.072197,37.610187],[127.072187,37.610763],[127.072157,37.611379],[127.072129,37.611675],[127.072112,37.611886],[127.07211,37.612112],[127.072099,37.612619],[127.072059,37.613049],[127.072032,37.613654],[127.071993,37.614034],[127.071969,37.61428],[127.071979,37.614499],[127.07202,37.614768],[127.072047,37.614895],[127.072083,37.614931]]},"properties":{"osm_id":925881935,"highway":"footway","width":"2"}},{"type":"Feature","id":"osm.way.933888455","geometry":{"type":"LineString","coordinates":[[127.066654,37.614774],[127.066675,37.614797]]},"properties":{"osm_id":933888455,"highway":"footway"}},{"type":"Feature","id":"osm.way.937503408","geometry":{"type":"LineString","coordinates":[[127.056402,37.616855],[127.056261,37.616776],[127.05606,37.61666],[127.05588,37.61655],[127.055825,37.616488],[127.05548,37.6161],[127.05531,37.61579],[127.055043,37.615264],[127.055026,37.615224],[127.054956,37.615181],[127.054641,37.614986],[127.05463,37.61498],[127.054255,37.61476]]},"properties":{"osm_id":937503408,"highway":"tertiary","name":"장위로","lanes":"2"}},{"type":"Feature","id":"osm.way.937503409","geometry":{"type":"LineString","coordinates":[[127.053193,37.614884],[127.053492,37.614855],[127.053781,37.614826],[127.054075,37.614797],[127.054202,37.614785],[127.054255,37.61476]]},"properties":{"osm_id":937503409,"highway":"residential","name":"장위로43길"}},{"type":"Feature","id":"osm.way.941559154","geometry":{"type":"LineString","coordinates":[[127.058579,37.616707],[127.058866,37.616569],[127.059327,37.61634],[127.06009,37.615947],[127.060538,37.61569],[127.060811,37.615564],[127.06098,37.615494],[127.061197,37.615436],[127.06153,37.615377],[127.061877,37.615319],[127.062383,37.615245]]},"properties":{"osm_id":941559154,"highway":"cycleway","name":"우이천 자전거길","width":"3","oneway":"no"}},{"type":"Feature","id":"osm.way.941559155","geometry":{"type":"LineString","coordinates":[[127.059273,37.616754],[127.05908,37.616778],[127.058687,37.616899]]},"properties":{"osm_id":941559155,"highway":"cycleway","name":"우이천 자전거길","width":"3","oneway":"no"}},{"type":"Feature","id":"osm.way.941559156","geometry":{"type":"LineString","coordinates":[[127.053718,37.620429],[127.053901,37.620559]]},"properties":{"osm_id":941559156,"highway":"cycleway","name":"우이천 자전거길","width":"2","oneway":"no","bridge":"yes","layer":"1"}},{"type":"Feature","id":"osm.way.946016872","geometry":{"type":"LineString","coordinates":[[127.075786,37.617476],[127.075749,37.61759],[127.075745,37.617599],[127.075715,37.617681],[127.075705,37.617717],[127.07566,37.617873],[127.075398,37.618647],[127.074983,37.619873],[127.074951,37.619971],[127.07462,37.620928],[127.074584,37.621054],[127.074225,37.622134],[127.074179,37.622266],[127.073942,37.622967],[127.073822,37.623398],[127.073776,37.62352],[127.073631,37.62397],[127.073266,37.625088],[127.073152,37.625438],[127.073075,37.625631]]},"properties":{"osm_id":946016872,"highway":"primary","name":"동일로","ref":"3","oneway":"yes"}},{"type":"Feature","id":"osm.way.963362537","geometry":{"type":"LineString","coordinates":[[127.06757,37.632072],[127.067401,37.632035],[127.067356,37.632021]]},"properties":{"osm_id":963362537,"highway":"residential"}},{"type":"Feature","id":"osm.way.963364033","geometry":{"type":"LineString","coordinates":[[127.064857,37.630888],[127.064841,37.630824]]},"properties":{"osm_id":963364033,"highway":"steps"}},{"type":"Feature","id":"osm.way.969453924","geometry":{"type":"LineString","coordinates":[[127.052691,37.610785],[127.052677,37.610852],[127.052625,37.610904],[127.052626,37.610944],[127.052613,37.611005],[127.052491,37.611388],[127.052419,37.611612],[127.052344,37.611848]]},"properties":{"osm_id":969453924,"highway":"residential","name":"장위로40길"}},{"type":"Feature","id":"osm.way.1029005442","geometry":{"type":"LineString","coordinates":[[127.072417,37.625354],[127.072655,37.625454]]},"properties":{"osm_id":1029005442,"highway":"secondary","lanes":"2","oneway":"no"}},{"type":"Feature","id":"osm.way.1029028630","geometry":{"type":"LineString","coordinates":[[127.072652,37.611055],[127.072675,37.611138],[127.07272,37.611417]]},"properties":{"osm_id":1029028630,"highway":"trunk_link","oneway":"yes"}},{"type":"Feature","id":"osm.way.1029028631","geometry":{"type":"LineString","coordinates":[[127.070429,37.611285],[127.070449,37.611187],[127.070463,37.611136],[127.070475,37.611097],[127.070491,37.611057],[127.070508,37.611023],[127.07052,37.610996],[127.070532,37.610973]]},"properties":{"osm_id":1029028631,"highway":"trunk_link","oneway":"yes"}},{"type":"Feature","id":"osm.way.1029040798","geometry":{"type":"LineString","coordinates":[[127.062355,37.632444],[127.062102,37.632113]]},"properties":{"osm_id":1029040798,"highway":"trunk_link","lanes":"1","oneway":"yes"}},{"type":"Feature","id":"osm.way.1029040799","geometry":{"type":"LineString","coordinates":[[127.062102,37.632113],[127.062498,37.632176],[127.062524,37.632176]]},"properties":{"osm_id":1029040799,"highway":"trunk_link","oneway":"yes"}},{"type":"Feature","id":"osm.way.1038125787","geometry":{"type":"LineString","coordinates":[[127.051145,37.611374],[127.052419,37.611612]]},"properties":{"osm_id":1038125787,"highway":"residential","name":"장위로38길"}},{"type":"Feature","id":"osm.way.1069117501","geometry":{"type":"LineString","coordinates":[[127.074114,37.611671],[127.0733,37.611572],[127.072948,37.61153]]},"properties":{"osm_id":1069117501,"highway":"residential","name":"동일로163길","oneway":"yes"}},{"type":"Feature","id":"osm.way.1069117506","geometry":{"type":"LineString","coordinates":[[127.073756,37.613531],[127.073698,37.613524],[127.073404,37.613488],[127.073131,37.613454],[127.072941,37.613431]]},"properties":{"osm_id":1069117506,"highway":"residential","name":"동일로169길"}},{"type":"Feature","id":"osm.way.1097751870","geometry":{"type":"LineString","coordinates":[[127.072789,37.608853],[127.072756,37.609394],[127.072752,37.609589],[127.072756,37.609705],[127.072758,37.609749],[127.072758,37.609789],[127.072758,37.609819],[127.072775,37.610225],[127.072787,37.610368],[127.072804,37.610533],[127.072812,37.610598],[127.072812,37.610633],[127.072812,37.610674],[127.07281,37.610781]]},"properties":{"osm_id":1097751870,"highway":"pedestrian"}},{"type":"Feature","id":"osm.way.1097751871","geometry":{"type":"LineString","coordinates":[[127.073126,37.607645],[127.072996,37.608417],[127.072938,37.608812],[127.072923,37.608924],[127.072873,37.60936],[127.072871,37.60939],[127.072871,37.609423],[127.072867,37.610483],[127.072865,37.610599],[127.072858,37.61109],[127.072856,37.611417],[127.072856,37.611457],[127.072854,37.611501],[127.072852,37.611641],[127.072842,37.612172],[127.072846,37.612622]]},"properties":{"osm_id":1097751871,"highway":"footway"}},{"type":"Feature","id":"osm.way.1097751872","geometry":{"type":"LineString","coordinates":[[127.072812,37.610598],[127.072865,37.610599],[127.072961,37.610602]]},"properties":{"osm_id":1097751872,"highway":"service"}},{"type":"Feature","id":"osm.way.1097751873","geometry":{"type":"LineString","coordinates":[[127.07281,37.610781],[127.072808,37.611374],[127.072808,37.611445],[127.072805,37.611502],[127.072791,37.611641],[127.072786,37.611693],[127.072782,37.611726],[127.072779,37.611749],[127.072774,37.612055]]},"properties":{"osm_id":1097751873,"highway":"pedestrian"}},{"type":"Feature","id":"osm.way.1097751874","geometry":{"type":"LineString","coordinates":[[127.072791,37.611641],[127.072852,37.611641]]},"properties":{"osm_id":1097751874,"highway":"steps"}},{"type":"Feature","id":"osm.way.1097751875","geometry":{"type":"LineString","coordinates":[[127.072852,37.611641],[127.072948,37.611641],[127.073041,37.611641]]},"properties":{"osm_id":1097751875,"highway":"footway"}},{"type":"Feature","id":"osm.way.1097751876","geometry":{"type":"LineString","coordinates":[[127.073048,37.612105],[127.073041,37.611641],[127.073045,37.611622],[127.073053,37.611615],[127.073065,37.611612],[127.073085,37.611613],[127.073168,37.611616]]},"properties":{"osm_id":1097751876,"highway":"footway"}},{"type":"Feature","id":"osm.way.1097751877","geometry":{"type":"LineString","coordinates":[[127.072774,37.612055],[127.072766,37.612559],[127.072755,37.612985],[127.072752,37.613172]]},"properties":{"osm_id":1097751877,"highway":"pedestrian"}},{"type":"Feature","id":"osm.way.1097751878","geometry":{"type":"LineString","coordinates":[[127.072758,37.613492],[127.072847,37.613489]]},"properties":{"osm_id":1097751878,"highway":"steps"}},{"type":"Feature","id":"osm.way.1097751879","geometry":{"type":"LineString","coordinates":[[127.072887,37.613889],[127.072849,37.61369],[127.072846,37.613666],[127.072846,37.613646],[127.072847,37.613547],[127.072847,37.613489],[127.072846,37.612622]]},"properties":{"osm_id":1097751879,"highway":"footway"}},{"type":"Feature","id":"osm.way.1097751880","geometry":{"type":"LineString","coordinates":[[127.073073,37.613867],[127.073049,37.613544],[127.073047,37.613524],[127.073049,37.613509],[127.073074,37.613504],[127.073095,37.613505],[127.073126,37.613509],[127.073322,37.61353]]},"properties":{"osm_id":1097751880,"highway":"footway"}},{"type":"Feature","id":"osm.way.1097751881","geometry":{"type":"LineString","coordinates":[[127.073049,37.613182],[127.073058,37.613416],[127.073072,37.613426],[127.073101,37.613431],[127.073133,37.613435],[127.073693,37.613504]]},"properties":{"osm_id":1097751881,"highway":"footway"}},{"type":"Feature","id":"osm.way.1097751882","geometry":{"type":"LineString","coordinates":[[127.073126,37.613509],[127.073131,37.613454],[127.073133,37.613435]]},"properties":{"osm_id":1097751882,"highway":"footway"}},{"type":"Feature","id":"osm.way.1097751883","geometry":{"type":"LineString","coordinates":[[127.072847,37.613547],[127.072947,37.613545],[127.073049,37.613544]]},"properties":{"osm_id":1097751883,"highway":"footway"}},{"type":"Feature","id":"osm.way.1097751884","geometry":{"type":"LineString","coordinates":[[127.073049,37.613182],[127.073058,37.613111]]},"properties":{"osm_id":1097751884,"highway":"footway"}},{"type":"Feature","id":"osm.way.1097751885","geometry":{"type":"LineString","coordinates":[[127.073058,37.613111],[127.073055,37.613066],[127.073053,37.613023]]},"properties":{"osm_id":1097751885,"highway":"footway"}},{"type":"Feature","id":"osm.way.1097751886","geometry":{"type":"LineString","coordinates":[[127.073053,37.613023],[127.073041,37.612769],[127.073039,37.612725],[127.073037,37.612678],[127.073048,37.612105]]},"properties":{"osm_id":1097751886,"highway":"footway"}},{"type":"Feature","id":"osm.way.1097751887","geometry":{"type":"LineString","coordinates":[[127.071092,37.608083],[127.071114,37.608166],[127.071119,37.608231],[127.071111,37.608268],[127.071042,37.608443],[127.071031,37.608478],[127.071031,37.608517],[127.071042,37.608558],[127.071081,37.608691],[127.071081,37.608722],[127.071073,37.608767],[127.071018,37.608987],[127.070998,37.60902],[127.070987,37.609061],[127.070985,37.609153],[127.070993,37.609197],[127.071009,37.60926],[127.071045,37.609351],[127.071051,37.609375],[127.071064,37.609486],[127.071064,37.609539],[127.071056,37.609586],[127.071007,37.609809],[127.07099,37.609868],[127.070979,37.609915],[127.070957,37.610094],[127.070957,37.61029],[127.070957,37.610321],[127.070968,37.610342],[127.070985,37.610371],[127.071081,37.610595],[127.071097,37.610669],[127.071108,37.610743],[127.071125,37.610939],[127.071125,37.611022],[127.071114,37.61183],[127.071114,37.612597],[127.071108,37.612674],[127.071095,37.612741],[127.071031,37.613059],[127.070996,37.613231],[127.070993,37.61326],[127.070976,37.613484],[127.070957,37.613506],[127.070932,37.613521],[127.07091,37.613527]]},"properties":{"osm_id":1097751887,"highway":"footway"}},{"type":"Feature","id":"osm.way.1097751892","geometry":{"type":"LineString","coordinates":[[127.071185,37.607072],[127.071132,37.607151],[127.071108,37.607195],[127.071087,37.607251],[127.071046,37.607385],[127.071038,37.60741],[127.071014,37.607543],[127.071011,37.60757],[127.070994,37.607966],[127.070967,37.608604],[127.070977,37.608626],[127.070989,37.608653],[127.070995,37.608677],[127.070993,37.608695],[127.070985,37.60872],[127.070972,37.60875],[127.07096,37.608771],[127.070955,37.608786],[127.07095,37.608805],[127.070873,37.610956],[127.070892,37.612566],[127.070888,37.61304],[127.070887,37.613136],[127.070875,37.613246],[127.070888,37.613374],[127.07091,37.613527]]},"properties":{"osm_id":1097751892,"highway":"footway"}},{"type":"Feature","id":"osm.way.1097751893","geometry":{"type":"LineString","coordinates":[[127.070932,37.613907],[127.070941,37.614057],[127.070942,37.614093],[127.070942,37.614311]]},"properties":{"osm_id":1097751893,"highway":"footway"}},{"type":"Feature","id":"osm.way.1097751894","geometry":{"type":"LineString","coordinates":[[127.07091,37.613527],[127.070928,37.613823]]},"properties":{"osm_id":1097751894,"highway":"footway"}},{"type":"Feature","id":"osm.way.1097751895","geometry":{"type":"LineString","coordinates":[[127.070928,37.613823],[127.070932,37.613907]]},"properties":{"osm_id":1097751895,"highway":"footway","bridge":"yes","layer":"1"}},{"type":"Feature","id":"osm.way.1097751896","geometry":{"type":"LineString","coordinates":[[127.070942,37.614311],[127.070937,37.614509],[127.070934,37.614546],[127.070931,37.614564],[127.07093,37.614716],[127.070932,37.614744],[127.07095,37.614956],[127.07095,37.614976],[127.07095,37.615003],[127.070947,37.615222],[127.070946,37.615238],[127.070937,37.615419],[127.070935,37.615435],[127.070905,37.615584],[127.070884,37.6159],[127.070882,37.615929],[127.070827,37.616255],[127.07082,37.616278],[127.070709,37.616507],[127.070693,37.61653],[127.070666,37.616545],[127.070647,37.616558],[127.070633,37.616579],[127.070619,37.616608],[127.070542,37.616896],[127.070537,37.61693],[127.070537,37.616966],[127.070549,37.617366],[127.070549,37.617402],[127.070549,37.617833],[127.070547,37.617903],[127.070553,37.618042],[127.070572,37.618416],[127.07057,37.618613],[127.070571,37.619115],[127.070573,37.61916],[127.070575,37.620063],[127.07058,37.620105],[127.070587,37.620152],[127.070592,37.620188],[127.070595,37.620218],[127.070597,37.620241],[127.070583,37.620342],[127.070571,37.620387],[127.070453,37.62088],[127.070314,37.621358],[127.070279,37.621464],[127.070216,37.621644],[127.070094,37.621959],[127.070025,37.622136],[127.070013,37.622162],[127.070006,37.622189],[127.070003,37.622246],[127.069998,37.622282],[127.069986,37.622323],[127.069974,37.622361],[127.069699,37.623114],[127.069596,37.623368],[127.069496,37.623594],[127.069455,37.623692],[127.069409,37.623787],[127.069323,37.623964],[127.06923,37.624134],[127.06917,37.624239],[127.06905,37.624405],[127.069014,37.624443],[127.068861,37.624594],[127.0687,37.624752]]},"properties":{"osm_id":1097751896,"highway":"footway"}},{"type":"Feature","id":"osm.way.1097751897","geometry":{"type":"LineString","coordinates":[[127.0687,37.624752],[127.068801,37.624821],[127.068808,37.624842],[127.068806,37.624859],[127.068789,37.624878],[127.06775,37.625744],[127.067724,37.625763]]},"properties":{"osm_id":1097751897,"highway":"footway"}},{"type":"Feature","id":"osm.way.1097751898","geometry":{"type":"LineString","coordinates":[[127.067724,37.625763],[127.067709,37.625769],[127.067692,37.625771],[127.067547,37.625769],[127.067532,37.625773],[127.06752,37.625781],[127.067502,37.625793],[127.066998,37.626218],[127.06699,37.62623],[127.066985,37.626246],[127.066968,37.62632],[127.066959,37.626337],[127.066947,37.626351],[127.066934,37.626363],[127.066919,37.626374],[127.066902,37.626381],[127.066883,37.626386],[127.066801,37.626405],[127.066785,37.626411],[127.066765,37.626422],[127.066753,37.626431],[127.0662,37.626923],[127.06542,37.627582],[127.065308,37.627675],[127.065234,37.627747],[127.064994,37.62801],[127.064967,37.628041],[127.064824,37.628214],[127.064792,37.62826],[127.064703,37.628412],[127.064692,37.628428],[127.064679,37.62844],[127.064653,37.628465],[127.064625,37.628499],[127.064617,37.628512],[127.064549,37.628626],[127.064539,37.628643],[127.064445,37.628869],[127.06413,37.629815],[127.064126,37.629825],[127.064126,37.629836],[127.064118,37.629873],[127.064115,37.629883],[127.064021,37.630216],[127.064005,37.630283],[127.064011,37.630336],[127.064003,37.630373],[127.063992,37.630432],[127.063964,37.630528],[127.063825,37.631001],[127.063666,37.63159],[127.063549,37.631775],[127.063349,37.63204],[127.063039,37.632456],[127.062959,37.632558],[127.062889,37.632654],[127.062828,37.632706],[127.062714,37.632786],[127.06234,37.633066],[127.062187,37.633166],[127.062126,37.633198],[127.062041,37.63325],[127.061947,37.633313],[127.06178,37.633453],[127.061342,37.633801],[127.060902,37.634217],[127.06054,37.63456],[127.060329,37.634763],[127.059971,37.635],[127.059822,37.635112],[127.05976,37.635171],[127.059567,37.635358],[127.059432,37.635527],[127.059379,37.63559],[127.059274,37.635738],[127.059041,37.636133],[127.058816,37.63656],[127.058601,37.637004],[127.058542,37.637119],[127.058344,37.637418],[127.058191,37.637605],[127.057944,37.637841],[127.057641,37.638177],[127.057349,37.638419],[127.057032,37.638636],[127.056614,37.638922],[127.056147,37.639322],[127.055753,37.6396],[127.055492,37.639778],[127.055365,37.639888],[127.055188,37.640077],[127.055097,37.640193],[127.054963,37.640444],[127.054863,37.640631],[127.054772,37.640809],[127.054668,37.640992],[127.054552,37.641187],[127.054485,37.641396],[127.054445,37.641517],[127.05441,37.641672],[127.054394,37.64181],[127.054418,37.641933],[127.054499,37.64219],[127.054587,37.642517],[127.054678,37.642804],[127.054748,37.643082],[127.054874,37.643485],[127.054936,37.643698],[127.055011,37.643961],[127.055108,37.644273],[127.055207,37.644628],[127.055319,37.644985],[127.055386,37.645221],[127.055297,37.645311]]},"properties":{"osm_id":1097751898,"highway":"footway"}},{"type":"Feature","id":"osm.way.1097751899","geometry":{"type":"LineString","coordinates":[[127.063932,37.630421],[127.063967,37.630427],[127.063992,37.630432]]},"properties":{"osm_id":1097751899,"highway":"footway"}},{"type":"Feature","id":"osm.way.1097751900","geometry":{"type":"LineString","coordinates":[[127.063932,37.630421],[127.063905,37.630562]]},"properties":{"osm_id":1097751900,"highway":"footway"}},{"type":"Feature","id":"osm.way.1097751908","geometry":{"type":"LineString","coordinates":[[127.07271,37.615304],[127.07265,37.615297],[127.072633,37.61529],[127.072516,37.615232],[127.072497,37.615449],[127.07249,37.615526],[127.07248,37.61564],[127.072481,37.615648],[127.072489,37.615659],[127.072644,37.615777],[127.072681,37.615798],[127.072712,37.615811],[127.072809,37.615837]]},"properties":{"osm_id":1097751908,"highway":"footway"}},{"type":"Feature","id":"osm.way.1097751909","geometry":{"type":"LineString","coordinates":[[127.072626,37.61566],[127.072606,37.615657],[127.072588,37.615649],[127.072574,37.615637],[127.07257,37.615628],[127.072567,37.615623],[127.072566,37.615608],[127.072571,37.615593],[127.072576,37.615586],[127.072581,37.61558],[127.072596,37.61557],[127.072614,37.615565],[127.072633,37.615564],[127.072652,37.615568],[127.072662,37.615573],[127.072668,37.615577],[127.07268,37.61559],[127.072687,37.615605],[127.072686,37.615622],[127.072679,37.615637],[127.072665,37.615649],[127.072658,37.615653],[127.072647,37.615657],[127.072634,37.615659],[127.072626,37.61566]]},"properties":{"osm_id":1097751909,"highway":"footway"}},{"type":"Feature","id":"osm.way.1097751910","geometry":{"type":"LineString","coordinates":[[127.072681,37.615798],[127.072634,37.615659]]},"properties":{"osm_id":1097751910,"highway":"footway"}},{"type":"Feature","id":"osm.way.1097751911","geometry":{"type":"LineString","coordinates":[[127.072658,37.615653],[127.072789,37.615707]]},"properties":{"osm_id":1097751911,"highway":"footway"}},{"type":"Feature","id":"osm.way.1097751912","geometry":{"type":"LineString","coordinates":[[127.072662,37.615573],[127.072745,37.615465]]},"properties":{"osm_id":1097751912,"highway":"footway"}},{"type":"Feature","id":"osm.way.1097751913","geometry":{"type":"LineString","coordinates":[[127.072497,37.615449],[127.072581,37.615449],[127.072604,37.615447],[127.072635,37.615442],[127.07266,37.615437],[127.072735,37.615418]]},"properties":{"osm_id":1097751913,"highway":"footway"}},{"type":"Feature","id":"osm.way.1097751914","geometry":{"type":"LineString","coordinates":[[127.072576,37.615586],[127.07249,37.615526]]},"properties":{"osm_id":1097751914,"highway":"footway"}},{"type":"Feature","id":"osm.way.1097751915","geometry":{"type":"LineString","coordinates":[[127.07248,37.61564],[127.07257,37.615628]]},"properties":{"osm_id":1097751915,"highway":"footway"}},{"type":"Feature","id":"osm.way.1097751916","geometry":{"type":"LineString","coordinates":[[127.072809,37.615837],[127.072999,37.615891]]},"properties":{"osm_id":1097751916,"highway":"footway"}},{"type":"Feature","id":"osm.way.1097751917","geometry":{"type":"LineString","coordinates":[[127.072999,37.615891],[127.074361,37.616466],[127.074474,37.616503],[127.074563,37.616528],[127.074656,37.616544]]},"properties":{"osm_id":1097751917,"highway":"footway"}},{"type":"Feature","id":"osm.way.1097751931","geometry":{"type":"LineString","coordinates":[[127.072912,37.615177],[127.07289,37.615141],[127.072883,37.615102],[127.072885,37.615088],[127.072887,37.615078],[127.072911,37.615082],[127.072915,37.615081],[127.072917,37.615079],[127.072918,37.615064],[127.072927,37.615034],[127.07293,37.615023],[127.072935,37.615017],[127.072942,37.615012],[127.072965,37.615],[127.072988,37.614993],[127.073014,37.614988],[127.07304,37.614987],[127.073067,37.61499],[127.073092,37.614996],[127.073134,37.615017],[127.073166,37.615049],[127.073182,37.615086],[127.073183,37.615126],[127.073166,37.615164],[127.073135,37.615195],[127.073093,37.615216],[127.073055,37.615223],[127.073044,37.615226],[127.072994,37.615222],[127.072948,37.615205],[127.072912,37.615177]]},"properties":{"osm_id":1097751931,"highway":"pedestrian","area":"yes"}},{"type":"Feature","id":"osm.way.1097751932","geometry":{"type":"LineString","coordinates":[[127.073041,37.615124],[127.072885,37.615088],[127.072847,37.615079],[127.072839,37.615074],[127.072835,37.615067],[127.072803,37.614989],[127.07278,37.614921],[127.072776,37.614909],[127.072766,37.614877],[127.072669,37.614574],[127.07266,37.614541],[127.072659,37.614534],[127.072656,37.614516],[127.072649,37.614478]]},"properties":{"osm_id":1097751932,"highway":"footway"}},{"type":"Feature","id":"osm.way.1097751933","geometry":{"type":"LineString","coordinates":[[127.072669,37.614574],[127.072698,37.614575],[127.072723,37.614579],[127.072739,37.614586],[127.072753,37.614595],[127.072766,37.614607],[127.072778,37.614626],[127.072782,37.614642],[127.072814,37.614764],[127.072821,37.614779],[127.072829,37.61479],[127.072838,37.614798],[127.072853,37.614805],[127.072881,37.614816],[127.072906,37.61482],[127.072924,37.61482],[127.072959,37.614818],[127.07302,37.614811],[127.073066,37.614805]]},"properties":{"osm_id":1097751933,"highway":"footway"}},{"type":"Feature","id":"osm.way.1097751934","geometry":{"type":"LineString","coordinates":[[127.072782,37.614642],[127.072947,37.614548]]},"properties":{"osm_id":1097751934,"highway":"footway"}},{"type":"Feature","id":"osm.way.1097751935","geometry":{"type":"LineString","coordinates":[[127.072766,37.614877],[127.072782,37.614856],[127.072795,37.614844],[127.072816,37.614835],[127.072852,37.614828],[127.072906,37.61482]]},"properties":{"osm_id":1097751935,"highway":"footway"}},{"type":"Feature","id":"osm.way.1097751936","geometry":{"type":"LineString","coordinates":[[127.072906,37.61482],[127.072904,37.614867],[127.072903,37.61489],[127.0729,37.614896],[127.07289,37.614905],[127.072867,37.614916],[127.072856,37.614919],[127.072836,37.61492],[127.07282,37.61492],[127.072803,37.614916],[127.072776,37.614909]]},"properties":{"osm_id":1097751936,"highway":"footway"}},{"type":"Feature","id":"osm.way.1097751937","geometry":{"type":"LineString","coordinates":[[127.072867,37.614916],[127.072914,37.614973],[127.072922,37.614976],[127.072934,37.614976],[127.072948,37.614974],[127.072957,37.614968],[127.072959,37.61496],[127.072957,37.614953],[127.072931,37.614911],[127.072904,37.614867]]},"properties":{"osm_id":1097751937,"highway":"footway"}},{"type":"Feature","id":"osm.way.1097751938","geometry":{"type":"LineString","coordinates":[[127.072948,37.614974],[127.072957,37.614988],[127.072965,37.615],[127.073041,37.615124]]},"properties":{"osm_id":1097751938,"highway":"footway"}},{"type":"Feature","id":"osm.way.1097751939","geometry":{"type":"LineString","coordinates":[[127.072957,37.614988],[127.072995,37.614968],[127.073005,37.614958],[127.073027,37.614926],[127.073043,37.614901],[127.073045,37.614895],[127.073047,37.614886],[127.073045,37.614879],[127.07302,37.614811]]},"properties":{"osm_id":1097751939,"highway":"footway"}},{"type":"Feature","id":"osm.way.1097751941","geometry":{"type":"LineString","coordinates":[[127.072931,37.614911],[127.073027,37.614926]]},"properties":{"osm_id":1097751941,"highway":"footway"}},{"type":"Feature","id":"osm.way.1097751942","geometry":{"type":"LineString","coordinates":[[127.073041,37.615124],[127.073055,37.615223],[127.073058,37.615242],[127.073067,37.615255],[127.073102,37.615279],[127.073293,37.615414],[127.073307,37.615421],[127.073341,37.615426],[127.073475,37.615424]]},"properties":{"osm_id":1097751942,"highway":"footway"}},{"type":"Feature","id":"osm.way.1097751943","geometry":{"type":"LineString","coordinates":[[127.072659,37.614534],[127.072697,37.614544],[127.07271,37.614546],[127.072723,37.614546],[127.072728,37.614546],[127.072762,37.614541],[127.072778,37.614536],[127.072789,37.61453],[127.072791,37.614525],[127.072794,37.614519],[127.072794,37.61451],[127.072791,37.614501],[127.072784,37.614493],[127.072773,37.614486],[127.072759,37.614483],[127.072749,37.614484],[127.072696,37.614491],[127.07269,37.614496],[127.072681,37.614503],[127.072674,37.614508],[127.072667,37.614512],[127.072656,37.614516]]},"properties":{"osm_id":1097751943,"highway":"footway"}},{"type":"Feature","id":"osm.way.1097751945","geometry":{"type":"LineString","coordinates":[[127.072759,37.614483],[127.072796,37.614465],[127.07286,37.614457],[127.072902,37.614451]]},"properties":{"osm_id":1097751945,"highway":"footway"}},{"type":"Feature","id":"osm.way.1097751946","geometry":{"type":"LineString","coordinates":[[127.072649,37.614478],[127.072646,37.614449],[127.072649,37.614443],[127.072656,37.614439],[127.072789,37.614401],[127.072804,37.614401],[127.072822,37.614405],[127.072843,37.614414],[127.072851,37.614421],[127.072857,37.61443],[127.072859,37.614444],[127.07286,37.614457]]},"properties":{"osm_id":1097751946,"highway":"footway"}},{"type":"Feature","id":"osm.way.1097751947","geometry":{"type":"LineString","coordinates":[[127.072696,37.614491],[127.072698,37.614475],[127.072699,37.614468],[127.072707,37.614459],[127.072721,37.61445],[127.072739,37.614445],[127.072753,37.614444],[127.072767,37.614445],[127.072778,37.614449],[127.072787,37.614453],[127.072792,37.614458],[127.072796,37.614465]]},"properties":{"osm_id":1097751947,"highway":"footway"}},{"type":"Feature","id":"osm.way.1097751948","geometry":{"type":"LineString","coordinates":[[127.072739,37.614586],[127.072728,37.614546]]},"properties":{"osm_id":1097751948,"highway":"footway"}},{"type":"Feature","id":"osm.way.1097751949","geometry":{"type":"LineString","coordinates":[[127.072753,37.614595],[127.072806,37.614553],[127.07281,37.614549],[127.072811,37.614545],[127.072811,37.614541],[127.07281,37.614537],[127.072807,37.614533],[127.072804,37.61453],[127.072791,37.614525]]},"properties":{"osm_id":1097751949,"highway":"footway"}},{"type":"Feature","id":"osm.way.1097751950","geometry":{"type":"LineString","coordinates":[[127.072804,37.61453],[127.07293,37.614511]]},"properties":{"osm_id":1097751950,"highway":"footway"}},{"type":"Feature","id":"osm.way.1127921499","geometry":{"type":"LineString","coordinates":[[127.067188,37.610462],[127.067157,37.6105],[127.067147,37.610505],[127.067111,37.610527],[127.067057,37.61054],[127.067018,37.610539],[127.067,37.610539],[127.066947,37.610523],[127.066905,37.610495],[127.066876,37.610458],[127.066866,37.610424],[127.066864,37.610415],[127.066869,37.610372],[127.066892,37.610332],[127.06693,37.6103],[127.066978,37.61028],[127.067033,37.610272],[127.067087,37.610279],[127.067136,37.6103],[127.067141,37.610304],[127.067175,37.610333],[127.067198,37.610374],[127.067202,37.610419],[127.067188,37.610462]]},"properties":{"osm_id":1127921499,"highway":"secondary","oneway":"yes"}},{"type":"Feature","id":"osm.way.1127921500","geometry":{"type":"LineString","coordinates":[[127.067133,37.610722],[127.06711,37.610639],[127.067094,37.610601],[127.067084,37.610587],[127.067071,37.610572],[127.067049,37.610555],[127.067018,37.610539]]},"properties":{"osm_id":1127921500,"highway":"secondary_link","oneway":"yes"}},{"type":"Feature","id":"osm.way.1127921501","geometry":{"type":"LineString","coordinates":[[127.067147,37.610505],[127.067133,37.610722]]},"properties":{"osm_id":1127921501,"highway":"secondary_link","oneway":"yes"}},{"type":"Feature","id":"osm.way.1127921502","geometry":{"type":"LineString","coordinates":[[127.06663,37.61068],[127.066677,37.610642],[127.066714,37.610609],[127.066754,37.61057],[127.066798,37.610526],[127.066832,37.610491],[127.066851,37.610464],[127.06686,37.610446],[127.066866,37.610424]]},"properties":{"osm_id":1127921502,"highway":"tertiary_link","oneway":"yes"}},{"type":"Feature","id":"osm.way.1127921503","geometry":{"type":"LineString","coordinates":[[127.067,37.610539],[127.066932,37.610555],[127.066867,37.610576],[127.066781,37.610611],[127.06675,37.610625],[127.06663,37.61068]]},"properties":{"osm_id":1127921503,"highway":"tertiary_link","oneway":"yes"}},{"type":"Feature","id":"osm.way.1127921504","geometry":{"type":"LineString","coordinates":[[127.067187,37.609801],[127.067202,37.609902],[127.067204,37.609926],[127.067202,37.60995],[127.0672,37.609979],[127.067196,37.610014],[127.067191,37.610036],[127.067183,37.610055],[127.067143,37.610145],[127.067132,37.610166],[127.067125,37.610187],[127.067121,37.610205],[127.067119,37.61022],[127.06712,37.610236],[127.067123,37.610255],[127.067141,37.610304]]},"properties":{"osm_id":1127921504,"highway":"secondary_link","oneway":"yes"}},{"type":"Feature","id":"osm.way.1127921505","geometry":{"type":"LineString","coordinates":[[127.066978,37.61028],[127.066999,37.61025],[127.067012,37.610223],[127.067019,37.610199],[127.067121,37.609883],[127.067132,37.609858],[127.067143,37.609841],[127.067187,37.609801]]},"properties":{"osm_id":1127921505,"highway":"secondary_link","oneway":"yes"}},{"type":"Feature","id":"osm.way.1127921509","geometry":{"type":"LineString","coordinates":[[127.06663,37.61068],[127.066699,37.61077],[127.06671,37.610783],[127.066721,37.610805],[127.066722,37.610826],[127.066718,37.610848],[127.066713,37.610864],[127.065949,37.612563]]},"properties":{"osm_id":1127921509,"highway":"service"}},{"type":"Feature","id":"osm.way.1150331127","geometry":{"type":"LineString","coordinates":[[127.06052,37.614021],[127.059893,37.61367]]},"properties":{"osm_id":1150331127,"highway":"residential","name":"한천로84길"}},{"type":"Feature","id":"osm.way.1155449682","geometry":{"type":"LineString","coordinates":[[127.065504,37.631001],[127.065708,37.631039],[127.067489,37.631373],[127.067979,37.631434],[127.068767,37.631518],[127.069517,37.631524],[127.069772,37.631494],[127.06983,37.631489],[127.069898,37.63148],[127.070049,37.631456],[127.070319,37.631398],[127.070365,37.631417],[127.070692,37.631358],[127.070862,37.631295],[127.071046,37.631227],[127.07196,37.630794],[127.072187,37.630653],[127.072772,37.630257],[127.073324,37.629871],[127.07385,37.62952]]},"properties":{"osm_id":1155449682,"highway":"footway","name":"경춘선 숲길"}},{"type":"Feature","id":"osm.way.1176291688","geometry":{"type":"LineString","coordinates":[[127.06603,37.622701],[127.065907,37.622902],[127.0656,37.623073],[127.065447,37.623159],[127.065182,37.623306],[127.064698,37.623576],[127.064532,37.623669],[127.064254,37.623823],[127.063865,37.623707]]},"properties":{"osm_id":1176291688,"highway":"service"}},{"type":"Feature","id":"osm.way.1176291689","geometry":{"type":"LineString","coordinates":[[127.064532,37.623669],[127.064278,37.623446],[127.064435,37.623337],[127.064698,37.623576]]},"properties":{"osm_id":1176291689,"highway":"service"}},{"type":"Feature","id":"osm.way.1176291690","geometry":{"type":"LineString","coordinates":[[127.06482,37.623052],[127.065027,37.62322],[127.065101,37.623228],[127.065182,37.623306]]},"properties":{"osm_id":1176291690,"highway":"service"}},{"type":"Feature","id":"osm.way.1176291691","geometry":{"type":"LineString","coordinates":[[127.065447,37.623159],[127.065147,37.622904],[127.065282,37.622804],[127.0656,37.623073]]},"properties":{"osm_id":1176291691,"highway":"service"}},{"type":"Feature","id":"osm.way.1183825899","geometry":{"type":"LineString","coordinates":[[127.044498,37.633526],[127.044708,37.63358],[127.044801,37.633558],[127.044876,37.633483],[127.044967,37.633425],[127.045038,37.633396],[127.045148,37.633388],[127.045352,37.63336],[127.045366,37.6333],[127.045409,37.633283],[127.045454,37.633303],[127.045514,37.633291],[127.045525,37.633274],[127.045533,37.633183],[127.045528,37.633102],[127.045548,37.633069],[127.04559,37.633052],[127.045673,37.633025],[127.045681,37.633003],[127.045676,37.632975],[127.045617,37.632927],[127.045594,37.632891],[127.04561,37.632833],[127.045563,37.632681],[127.045443,37.632472],[127.045426,37.632418],[127.045443,37.632377],[127.045479,37.632348],[127.045511,37.632338],[127.045577,37.632329],[127.045619,37.632309],[127.045634,37.632263],[127.045627,37.632206],[127.045611,37.632162],[127.045625,37.632094],[127.045636,37.632058]]},"properties":{"osm_id":1183825899,"highway":"footway"}},{"type":"Feature","id":"osm.way.1183825900","geometry":{"type":"LineString","coordinates":[[127.045636,37.632058],[127.045674,37.632102],[127.045694,37.632074],[127.045713,37.632037],[127.04587,37.63198],[127.045881,37.63196],[127.045912,37.631945],[127.045956,37.631952],[127.045962,37.631982],[127.045956,37.632],[127.045938,37.631999],[127.045955,37.632056],[127.046002,37.632137],[127.046203,37.632133],[127.046286,37.63219],[127.046351,37.632212],[127.046418,37.632198],[127.046471,37.632166],[127.046523,37.632155],[127.046625,37.632099],[127.046679,37.632062],[127.046716,37.631989],[127.046756,37.631952],[127.046924,37.63186],[127.046966,37.631721],[127.04698,37.631584],[127.046954,37.631455],[127.046975,37.631329],[127.047042,37.63127],[127.047062,37.631051],[127.047109,37.630923],[127.047129,37.630811],[127.047179,37.630689],[127.047245,37.63061],[127.04731,37.630511],[127.047344,37.630416],[127.047395,37.630341],[127.047451,37.630271],[127.047482,37.630238],[127.047515,37.630171],[127.047537,37.63022],[127.047651,37.630335],[127.047725,37.630382],[127.047779,37.630407],[127.047813,37.630487],[127.04786,37.63051],[127.04801,37.630516],[127.048115,37.630543],[127.048178,37.630585],[127.048275,37.630887],[127.048215,37.630987],[127.048152,37.631155],[127.048068,37.631305],[127.048031,37.631361],[127.04798,37.631437],[127.047942,37.631564],[127.047847,37.631666],[127.04777,37.631777],[127.047743,37.631887],[127.047792,37.631976],[127.047829,37.632048],[127.047896,37.632074],[127.048019,37.632088],[127.048094,37.63213],[127.048152,37.632168],[127.04821,37.632209],[127.048251,37.632226],[127.048288,37.632235],[127.048316,37.632236],[127.048338,37.632219],[127.048357,37.632198],[127.048386,37.632179],[127.048437,37.632157],[127.04849,37.632154],[127.048547,37.632166],[127.04859,37.632165],[127.048658,37.632208],[127.048631,37.632258],[127.048608,37.632305],[127.048556,37.632332],[127.048501,37.632425],[127.048458,37.632498],[127.048462,37.63254],[127.048422,37.6326],[127.048426,37.632647],[127.048384,37.632712],[127.048373,37.632819],[127.048332,37.632891],[127.048292,37.632973],[127.04826,37.633044],[127.048279,37.633078],[127.048273,37.633114],[127.048245,37.633173],[127.048213,37.633209],[127.048203,37.633246],[127.048166,37.633362],[127.048096,37.633413],[127.048044,37.633431],[127.048046,37.633497],[127.048006,37.633593],[127.047969,37.63362],[127.047932,37.633616],[127.047959,37.633644],[127.047935,37.633675],[127.047894,37.63369],[127.047845,37.633671],[127.04775,37.633716],[127.047764,37.633749],[127.047744,37.633774],[127.047755,37.633841],[127.04774,37.633907],[127.047809,37.633991],[127.047881,37.634075],[127.047861,37.634158],[127.047831,37.634216],[127.04778,37.634278],[127.047784,37.634338]]},"properties":{"osm_id":1183825900,"highway":"footway"}},{"type":"Feature","id":"osm.way.1186165465","geometry":{"type":"LineString","coordinates":[[127.043086,37.611585],[127.043004,37.611187]]},"properties":{"osm_id":1186165465,"highway":"footway"}},{"type":"Feature","id":"osm.way.1189239639","geometry":{"type":"LineString","coordinates":[[127.065436,37.61313],[127.065377,37.613296]]},"properties":{"osm_id":1189239639,"highway":"service","service":"parking_aisle"}},{"type":"Feature","id":"osm.way.1189239646","geometry":{"type":"LineString","coordinates":[[127.065131,37.613873],[127.064174,37.613712],[127.064128,37.613705],[127.063707,37.613639],[127.063637,37.613627],[127.063605,37.613621],[127.063483,37.613597],[127.063295,37.613572],[127.063175,37.613561],[127.063153,37.613558],[127.063139,37.613559],[127.06313,37.613564],[127.063125,37.613573],[127.063097,37.613677]]},"properties":{"osm_id":1189239646,"highway":"residential","name":"화랑로42길"}},{"type":"Feature","id":"osm.way.1189239647","geometry":{"type":"LineString","coordinates":[[127.063175,37.613561],[127.063204,37.613447],[127.063228,37.613349]]},"properties":{"osm_id":1189239647,"highway":"service","name":"화랑로40길"}},{"type":"Feature","id":"osm.way.1189239648","geometry":{"type":"LineString","coordinates":[[127.063204,37.613447],[127.06278,37.61339],[127.062728,37.613383],[127.062677,37.613375],[127.062603,37.613361]]},"properties":{"osm_id":1189239648,"highway":"service","name":"화랑로40길"}},{"type":"Feature","id":"osm.way.1189239649","geometry":{"type":"LineString","coordinates":[[127.062677,37.613375],[127.062711,37.613254]]},"properties":{"osm_id":1189239649,"highway":"service","name":"화랑로40길"}},{"type":"Feature","id":"osm.way.1189239650","geometry":{"type":"LineString","coordinates":[[127.063637,37.613627],[127.063696,37.613436]]},"properties":{"osm_id":1189239650,"highway":"residential","name":"화랑로40길"}},{"type":"Feature","id":"osm.way.1189239651","geometry":{"type":"LineString","coordinates":[[127.064174,37.613712],[127.064116,37.613924]]},"properties":{"osm_id":1189239651,"highway":"residential","name":"화랑로42길"}},{"type":"Feature","id":"osm.way.1189239652","geometry":{"type":"LineString","coordinates":[[127.064128,37.613705],[127.064176,37.613524]]},"properties":{"osm_id":1189239652,"highway":"service","name":"화랑로40길"}},{"type":"Feature","id":"osm.way.1193375625","geometry":{"type":"LineString","coordinates":[[127.072027,37.615776],[127.071962,37.615865],[127.071887,37.616152],[127.07175,37.61655],[127.071603,37.61711],[127.071576,37.617395],[127.071598,37.617837],[127.071608,37.618219],[127.071651,37.618942],[127.07164,37.61929],[127.071603,37.61949],[127.071528,37.619885],[127.071458,37.620314],[127.071367,37.620714],[127.071276,37.621088],[127.07082,37.622464],[127.070243,37.624145],[127.070163,37.624332],[127.070043,37.62453],[127.069966,37.62466],[127.069938,37.6247],[127.069903,37.624731],[127.069869,37.624765],[127.06981,37.624841],[127.069516,37.62523],[127.069403,37.625386],[127.069337,37.625479],[127.069307,37.62552],[127.06927,37.625564],[127.069224,37.625607],[127.069101,37.625712],[127.068919,37.625852],[127.068794,37.62595],[127.068562,37.626131],[127.068193,37.626411],[127.06787,37.626649],[127.067665,37.626793],[127.067632,37.626818],[127.067592,37.626828],[127.067553,37.626838],[127.067519,37.626853],[127.067369,37.626978],[127.067187,37.627131],[127.067139,37.627171],[127.067111,37.6272],[127.067108,37.627217],[127.067108,37.627233],[127.067102,37.627246],[127.067074,37.62727],[127.066714,37.627549],[127.066352,37.627832],[127.066248,37.627921],[127.06609,37.628059],[127.065994,37.628142],[127.065903,37.628237],[127.065831,37.628306],[127.065691,37.628464],[127.065582,37.628603],[127.065455,37.628767],[127.065399,37.628851],[127.065321,37.628985],[127.065272,37.629076],[127.065189,37.629251],[127.06516,37.629329],[127.06512,37.629444],[127.065083,37.629562],[127.065041,37.629756],[127.065018,37.629855],[127.064993,37.629967],[127.064982,37.630116],[127.06498,37.630166],[127.06497,37.630212],[127.064897,37.630522],[127.06487,37.630629],[127.064812,37.6308],[127.064774,37.630904],[127.064758,37.631005],[127.064722,37.631133],[127.064692,37.631247],[127.064681,37.631312],[127.064653,37.631418],[127.064605,37.63154],[127.064536,37.631691],[127.064434,37.631867],[127.064247,37.632131],[127.064116,37.632308],[127.064054,37.632384],[127.063824,37.632612],[127.063674,37.632731],[127.063523,37.632858],[127.06335,37.63301],[127.063177,37.633135],[127.062772,37.633466],[127.062716,37.633514],[127.062487,37.633746],[127.062414,37.633815],[127.062366,37.633874],[127.062069,37.634126],[127.061628,37.634554],[127.061467,37.634717],[127.061349,37.634838],[127.060952,37.635248],[127.060762,37.635457],[127.060572,37.635677],[127.060476,37.635807],[127.060371,37.635962],[127.060327,37.636033],[127.060307,37.63607],[127.060285,37.636112],[127.060245,37.636195],[127.060152,37.636418],[127.060122,37.636488],[127.059999,37.636652],[127.059952,37.636717],[127.059935,37.636785],[127.059876,37.637033],[127.059859,37.6371],[127.059838,37.63715],[127.059633,37.637442],[127.059493,37.637642],[127.059404,37.63774],[127.059349,37.637785]]},"properties":{"osm_id":1193375625,"highway":"footway"}},{"type":"Feature","id":"osm.way.1211909485","geometry":{"type":"LineString","coordinates":[[127.062186,37.62787],[127.062051,37.627974],[127.061838,37.628417]]},"properties":{"osm_id":1211909485,"highway":"service","oneway":"yes","service":"driveway"}},{"type":"Feature","id":"osm.way.1211909486","geometry":{"type":"LineString","coordinates":[[127.06093,37.62753],[127.060863,37.627312]]},"properties":{"osm_id":1211909486,"highway":"service","oneway":"yes","service":"driveway"}},{"type":"Feature","id":"osm.way.1211909487","geometry":{"type":"LineString","coordinates":[[127.06097,37.62707],[127.061084,37.62693]]},"properties":{"osm_id":1211909487,"highway":"service","oneway":"yes","service":"driveway"}},{"type":"Feature","id":"osm.way.1211909488","geometry":{"type":"LineString","coordinates":[[127.062691,37.626547],[127.062356,37.627278]]},"properties":{"osm_id":1211909488,"highway":"service","oneway":"yes"}},{"type":"Feature","id":"osm.way.1211909489","geometry":{"type":"LineString","coordinates":[[127.060995,37.628771],[127.060975,37.628839],[127.061054,37.62895],[127.061417,37.629054],[127.06148,37.628932]]},"properties":{"osm_id":1211909489,"highway":"service","oneway":"yes"}},{"type":"Feature","id":"osm.way.1211909491","geometry":{"type":"LineString","coordinates":[[127.070075,37.615902],[127.070077,37.615892],[127.070079,37.615881],[127.070078,37.615871],[127.070077,37.615861],[127.070075,37.615833],[127.070076,37.615815],[127.070079,37.615796],[127.070083,37.615777],[127.070088,37.61576],[127.070096,37.615742],[127.070102,37.615729],[127.070139,37.615663],[127.070148,37.615649],[127.070154,37.615642],[127.070158,37.615637],[127.070165,37.61563],[127.07017,37.615626],[127.070179,37.615619],[127.070188,37.615612],[127.070196,37.615607],[127.070204,37.615602],[127.070223,37.615591]]},"properties":{"osm_id":1211909491,"highway":"trunk_link","oneway":"yes"}},{"type":"Feature","id":"osm.way.1211909492","geometry":{"type":"LineString","coordinates":[[127.070164,37.616037],[127.070056,37.616004],[127.069979,37.615982]]},"properties":{"osm_id":1211909492,"highway":"footway"}},{"type":"Feature","id":"osm.way.1211909493","geometry":{"type":"LineString","coordinates":[[127.069979,37.615982],[127.069908,37.615945],[127.069918,37.615914]]},"properties":{"osm_id":1211909493,"highway":"footway"}},{"type":"Feature","id":"osm.way.1211909494","geometry":{"type":"LineString","coordinates":[[127.070296,37.615542],[127.070302,37.615416],[127.070309,37.615227],[127.070293,37.615009],[127.070276,37.614935],[127.070242,37.61487],[127.070194,37.614822],[127.070107,37.61476],[127.070019,37.614731],[127.069919,37.614719],[127.069809,37.614717],[127.069703,37.614745],[127.069207,37.614951]]},"properties":{"osm_id":1211909494,"highway":"service","oneway":"yes"}},{"type":"Feature","id":"osm.way.1211909495","geometry":{"type":"LineString","coordinates":[[127.065749,37.614481],[127.065146,37.614347],[127.065008,37.61432]]},"properties":{"osm_id":1211909495,"highway":"tertiary","name":"화랑로","oneway":"yes"}},{"type":"Feature","id":"osm.way.1211909496","geometry":{"type":"LineString","coordinates":[[127.066625,37.614926],[127.066612,37.614856],[127.066675,37.614797]]},"properties":{"osm_id":1211909496,"highway":"footway"}},{"type":"Feature","id":"osm.way.1211909497","geometry":{"type":"LineString","coordinates":[[127.065749,37.614481],[127.065584,37.614498],[127.065554,37.614504],[127.065523,37.614517],[127.065477,37.614551],[127.065413,37.614613],[127.065344,37.614687],[127.065259,37.614796],[127.065217,37.614833],[127.065186,37.614852],[127.065122,37.614884],[127.065077,37.6149],[127.065035,37.614908],[127.065003,37.614911],[127.064837,37.614873]]},"properties":{"osm_id":1211909497,"highway":"busway","name":"화랑로","lanes":"2","oneway":"yes"}},{"type":"Feature","id":"osm.way.1211909498","geometry":{"type":"LineString","coordinates":[[127.064997,37.614932],[127.064982,37.614977]]},"properties":{"osm_id":1211909498,"highway":"footway"}},{"type":"Feature","id":"osm.way.1212187526","geometry":{"type":"LineString","coordinates":[[127.063202,37.614304],[127.062469,37.613915]]},"properties":{"osm_id":1212187526,"highway":"tertiary","name":"화랑로","lanes":"3","oneway":"yes"}},{"type":"Feature","id":"osm.way.1234154025","geometry":{"type":"LineString","coordinates":[[127.064531,37.627823],[127.064415,37.627787],[127.063648,37.627611]]},"properties":{"osm_id":1234154025,"highway":"service","service":"parking_aisle"}},{"type":"Feature","id":"osm.way.1234154972","geometry":{"type":"LineString","coordinates":[[127.050311,37.627243],[127.05014,37.627139],[127.049995,37.627296],[127.049756,37.62716]]},"properties":{"osm_id":1234154972,"highway":"service","service":"parking_aisle"}},{"type":"Feature","id":"osm.way.1234155479","geometry":{"type":"LineString","coordinates":[[127.053363,37.62583],[127.052958,37.625915],[127.05265,37.626165]]},"properties":{"osm_id":1234155479,"highway":"service","service":"parking_aisle"}},{"type":"Feature","id":"osm.way.1286495051","geometry":{"type":"LineString","coordinates":[[127.05699,37.617847],[127.05696,37.617811]]},"properties":{"osm_id":1286495051,"highway":"tertiary","name":"광운로","lanes":"4"}},{"type":"Feature","id":"osm.way.1286495052","geometry":{"type":"LineString","coordinates":[[127.057208,37.618107],[127.05699,37.617847]]},"properties":{"osm_id":1286495052,"highway":"tertiary","name":"광운로","lanes":"4","bridge":"yes","layer":"1"}},{"type":"Feature","id":"osm.way.1305368561","geometry":{"type":"LineString","coordinates":[[127.053742,37.63328],[127.054065,37.633513],[127.05429,37.633536],[127.054434,37.633608],[127.054521,37.633687],[127.054564,37.633783],[127.054715,37.633848],[127.054782,37.63392],[127.054829,37.634001],[127.054857,37.634052],[127.054777,37.634105],[127.054793,37.6343],[127.054792,37.634457],[127.05473,37.634543],[127.054651,37.634608],[127.054853,37.634851],[127.054894,37.634964],[127.054992,37.635072],[127.055057,37.635222],[127.055109,37.635264],[127.055141,37.635469],[127.055194,37.635618],[127.055204,37.635682],[127.055211,37.63573],[127.05517,37.635721]]},"properties":{"osm_id":1305368561,"highway":"footway"}},{"type":"Feature","id":"osm.way.1305368562","geometry":{"type":"LineString","coordinates":[[127.052761,37.632442],[127.052591,37.632421],[127.052437,37.632406],[127.052343,37.632398]]},"properties":{"osm_id":1305368562,"highway":"service","service":"parking_aisle"}},{"type":"Feature","id":"osm.way.1315917487","geometry":{"type":"LineString","coordinates":[[127.071843,37.620099],[127.07183,37.620115],[127.071809,37.620139],[127.071797,37.620151],[127.071784,37.620165],[127.071767,37.620181],[127.071747,37.620199],[127.071734,37.62021],[127.071706,37.620232],[127.071695,37.620241],[127.071675,37.620255],[127.071657,37.620267],[127.071642,37.620277],[127.071626,37.620287],[127.071607,37.620298],[127.071594,37.620305],[127.071569,37.620318],[127.071554,37.620326],[127.071534,37.620335],[127.071501,37.62035],[127.071487,37.620355],[127.071468,37.620363],[127.071451,37.620369],[127.07143,37.620376],[127.071404,37.620384],[127.071383,37.62039],[127.071366,37.620395],[127.071345,37.6204],[127.071323,37.620405],[127.071302,37.62041],[127.071281,37.620414],[127.071259,37.620417],[127.071233,37.620421],[127.071201,37.620425],[127.071172,37.620428],[127.071147,37.620429],[127.071126,37.62043],[127.071098,37.620431],[127.071067,37.620431],[127.071038,37.62043],[127.071023,37.620429],[127.070997,37.620428],[127.07097,37.620425],[127.070944,37.620422],[127.070914,37.620418],[127.070888,37.620414],[127.07086,37.620409],[127.070831,37.620402],[127.070801,37.620395],[127.07077,37.620386],[127.070744,37.620378],[127.070719,37.62037],[127.070691,37.620359],[127.070662,37.620347],[127.070634,37.620335],[127.07061,37.620324],[127.070587,37.620312],[127.070563,37.620299],[127.070539,37.620285],[127.070515,37.62027],[127.070493,37.620256],[127.07048,37.620246],[127.070465,37.620235],[127.070445,37.62022],[127.070423,37.620201],[127.070401,37.620181],[127.070379,37.62016],[127.070364,37.620145],[127.070337,37.620115],[127.070321,37.620094],[127.070304,37.620071],[127.070289,37.62005],[127.070271,37.620022],[127.070257,37.619996],[127.070241,37.619964],[127.070233,37.619944]]},"properties":{"osm_id":1315917487,"highway":"trunk_link","oneway":"yes","bridge":"yes","layer":"1"}},{"type":"Feature","id":"osm.way.1315917488","geometry":{"type":"LineString","coordinates":[[127.070532,37.610973],[127.070553,37.610927],[127.070572,37.610896],[127.070589,37.610874],[127.070606,37.610851],[127.070622,37.610831],[127.070634,37.610815],[127.070647,37.6108],[127.070662,37.610783],[127.070669,37.610775],[127.07068,37.610763],[127.070704,37.610739],[127.070716,37.610727],[127.070734,37.61071],[127.070754,37.610692],[127.070772,37.610678],[127.07079,37.610663],[127.070813,37.610646],[127.070836,37.610629],[127.070859,37.610613],[127.070879,37.610601],[127.0709,37.610588],[127.070921,37.610576],[127.070935,37.610567],[127.070954,37.610557],[127.070975,37.610547],[127.070998,37.610536],[127.071025,37.610523],[127.071055,37.61051],[127.071088,37.610497],[127.071126,37.610483],[127.071159,37.610472],[127.071181,37.610466],[127.071212,37.610457],[127.071239,37.61045],[127.071265,37.610444],[127.071285,37.610439],[127.071305,37.610435],[127.071332,37.61043],[127.071366,37.610425],[127.071389,37.610422],[127.071423,37.610418],[127.071453,37.610415],[127.071484,37.610413],[127.071516,37.610411],[127.071545,37.61041],[127.071561,37.61041],[127.07159,37.61041],[127.071617,37.610411],[127.07164,37.610412],[127.071669,37.610414],[127.071698,37.610416],[127.071729,37.610419],[127.071754,37.610422],[127.071782,37.610426],[127.071824,37.610434],[127.071858,37.61044],[127.071892,37.610448],[127.071925,37.610456],[127.07197,37.610469],[127.072003,37.61048],[127.072036,37.610492],[127.07207,37.610505],[127.072105,37.610519],[127.072135,37.610533],[127.072157,37.610543],[127.072184,37.610557],[127.072211,37.610571],[127.072225,37.61058],[127.072249,37.610591],[127.072275,37.610604],[127.072315,37.610628],[127.072363,37.610658],[127.072383,37.610674],[127.072419,37.610706],[127.072442,37.610725],[127.072461,37.610744],[127.072475,37.610759],[127.072495,37.610781],[127.072516,37.610806],[127.072532,37.610831],[127.072551,37.610856],[127.072567,37.61088],[127.072583,37.610905],[127.072598,37.610932],[127.072609,37.610952],[127.072619,37.610974],[127.07263,37.610997],[127.072636,37.611012],[127.072644,37.611033],[127.072652,37.611055]]},"properties":{"osm_id":1315917488,"highway":"trunk_link","oneway":"yes","bridge":"yes","layer":"1"}},{"type":"Feature","id":"osm.way.1315917489","geometry":{"type":"LineString","coordinates":[[127.061779,37.633215],[127.061887,37.633085],[127.061958,37.633026],[127.062048,37.632955],[127.062133,37.632888],[127.062225,37.632811],[127.062343,37.632718],[127.062423,37.632657],[127.062521,37.632576],[127.062628,37.632484],[127.062736,37.632386],[127.062822,37.632298],[127.062903,37.632217],[127.063001,37.632106],[127.063082,37.632006],[127.063234,37.631803],[127.063262,37.631757],[127.063288,37.631714],[127.063315,37.631665],[127.063339,37.631617],[127.063369,37.631558],[127.063392,37.63151],[127.063405,37.63148],[127.063417,37.631451],[127.063431,37.631415],[127.063443,37.631384],[127.063457,37.631339],[127.063471,37.631288],[127.063494,37.631207],[127.063509,37.631144],[127.063523,37.631074],[127.063536,37.631007],[127.063549,37.630933],[127.063566,37.630838],[127.063574,37.6308],[127.063582,37.630764],[127.063594,37.630716],[127.063614,37.630658]]},"properties":{"osm_id":1315917489,"highway":"trunk_link","oneway":"yes"}},{"type":"Feature","id":"osm.way.1315917490","geometry":{"type":"LineString","coordinates":[[127.070164,37.616037],[127.07019,37.616044],[127.070197,37.61604],[127.070209,37.616035],[127.070225,37.616034],[127.070246,37.616038],[127.070276,37.616047]]},"properties":{"osm_id":1315917490,"highway":"footway"}},{"type":"Feature","id":"osm.way.1326258501","geometry":{"type":"LineString","coordinates":[[127.044967,37.633425],[127.045348,37.633446],[127.045716,37.6335],[127.046091,37.633575],[127.046284,37.633802],[127.046642,37.633968],[127.046757,37.633973],[127.046828,37.633933],[127.046956,37.633982],[127.047035,37.633964],[127.047092,37.633937],[127.047233,37.634088],[127.047579,37.634295],[127.047717,37.634324],[127.047784,37.634338],[127.047904,37.63444],[127.047925,37.634601],[127.047895,37.634811],[127.048038,37.635032],[127.048133,37.63528]]},"properties":{"osm_id":1326258501,"highway":"footway"}},{"type":"Feature","id":"osm.way.1346519481","geometry":{"type":"LineString","coordinates":[[127.059484,37.624894],[127.059703,37.624939],[127.059696,37.624975]]},"properties":{"osm_id":1346519481,"highway":"residential"}},{"type":"Feature","id":"osm.way.1351532317","geometry":{"type":"LineString","coordinates":[[127.053494,37.612449],[127.054059,37.612551]]},"properties":{"osm_id":1351532317,"highway":"service","service":"alley"}},{"type":"Feature","id":"osm.way.1362306991","geometry":{"type":"LineString","coordinates":[[127.059703,37.624939],[127.059759,37.624969],[127.059737,37.625062],[127.05958,37.625137],[127.059616,37.625245],[127.059707,37.625379],[127.059739,37.625445],[127.059752,37.62554],[127.059706,37.625652],[127.059669,37.625655],[127.059658,37.625451],[127.059634,37.625411],[127.059594,37.625375],[127.059565,37.625381],[127.059616,37.625612],[127.059589,37.625664],[127.059551,37.625704],[127.059414,37.625793],[127.059282,37.625916],[127.059208,37.626043],[127.059146,37.626083],[127.059079,37.626102],[127.059028,37.626132],[127.058988,37.626176],[127.058964,37.626233],[127.05894,37.62626],[127.058918,37.626253],[127.058969,37.626102],[127.059018,37.626069],[127.05909,37.626046],[127.059121,37.626026],[127.059151,37.625988],[127.059187,37.625899],[127.059167,37.625874],[127.059111,37.625962],[127.058896,37.626054],[127.058834,37.626098],[127.058808,37.626127],[127.058798,37.626246],[127.058768,37.62625],[127.058748,37.626129],[127.058755,37.626088],[127.058961,37.625927],[127.058999,37.625885],[127.058999,37.625859],[127.058953,37.625904],[127.058918,37.625915],[127.058874,37.625884],[127.058806,37.625817],[127.058758,37.625784],[127.058787,37.625861],[127.058776,37.625925],[127.058722,37.625976],[127.058535,37.626042],[127.058551,37.626133],[127.058462,37.626142],[127.058382,37.62614],[127.058229,37.626186],[127.058183,37.626223],[127.058129,37.626344],[127.058097,37.626337],[127.058151,37.626197],[127.058392,37.626061],[127.058374,37.626042],[127.058272,37.626104],[127.058183,37.626148],[127.05813,37.626165],[127.058116,37.626144],[127.05828,37.626042],[127.058269,37.626017],[127.05817,37.626082],[127.058014,37.626144],[127.057966,37.62618],[127.057945,37.626286],[127.05791,37.626288],[127.05791,37.626223],[127.057928,37.626155],[127.057955,37.62611],[127.058063,37.626017],[127.058095,37.625959],[127.058084,37.625945],[127.058063,37.625915],[127.057864,37.625932],[127.057778,37.625908],[127.057658,37.625823],[127.057599,37.625762],[127.057572,37.625696],[127.057556,37.625624],[127.057556,37.625539],[127.057534,37.625473],[127.057494,37.625415],[127.057514,37.625353],[127.05755,37.625291],[127.0576,37.625172],[127.057562,37.62517],[127.057514,37.625255],[127.057464,37.625369],[127.057442,37.625362],[127.057474,37.625247],[127.057505,37.625194],[127.057485,37.625183],[127.05743,37.625276],[127.057385,37.625485],[127.057346,37.625479],[127.057322,37.625473],[127.057279,37.625405],[127.05722,37.625352],[127.057041,37.625286],[127.056893,37.625301],[127.056595,37.625364],[127.05648,37.625411],[127.056424,37.625471],[127.056523,37.625466],[127.056523,37.62549],[127.056249,37.625492],[127.056183,37.625523],[127.056131,37.625547],[127.056056,37.6256],[127.055949,37.625609],[127.055936,37.625628],[127.056047,37.625647],[127.056034,37.625668],[127.055939,37.625654],[127.05587,37.62563],[127.055838,37.625592],[127.055881,37.625497],[127.055781,37.625368],[127.055759,37.625385],[127.055802,37.625503],[127.055758,37.625577],[127.055767,37.625633],[127.055806,37.62567],[127.055915,37.625695],[127.055904,37.625713],[127.05585,37.625697],[127.055712,37.625697],[127.055672,37.625654],[127.055613,37.625544],[127.055614,37.625492],[127.055638,37.625451],[127.055613,37.625399],[127.055557,37.62532],[127.055499,37.625304],[127.055437,37.625317],[127.055384,37.625352],[127.055279,37.625458],[127.055229,37.625489],[127.055177,37.6255],[127.054985,37.625471],[127.054984,37.625486],[127.055166,37.625518],[127.055156,37.625538],[127.054952,37.625494],[127.054858,37.625442],[127.054836,37.625457],[127.054898,37.62551],[127.054964,37.625546],[127.055015,37.625565],[127.05511,37.625584],[127.055106,37.625603],[127.054925,37.625575],[127.054836,37.625528],[127.054705,37.625415],[127.054665,37.625348],[127.054643,37.625321],[127.054582,37.625318],[127.054533,37.625329],[127.05449,37.625358],[127.054442,37.625375],[127.054395,37.625371],[127.05435,37.625349],[127.05429,37.625281],[127.054274,37.625256],[127.054217,37.625146],[127.054185,37.625106],[127.054159,37.625087],[127.054001,37.625082],[127.053934,37.625101],[127.05384,37.625196],[127.05373,37.625264],[127.053635,37.625343],[127.053506,37.625417],[127.05345,37.625415],[127.0534,37.625401],[127.053375,37.625372],[127.053369,37.625309],[127.053349,37.625253],[127.05333,37.62523],[127.053298,37.625217],[127.053147,37.625219],[127.0531,37.62523],[127.053017,37.625265],[127.05298,37.625271],[127.052884,37.625183],[127.052845,37.625159],[127.052746,37.625136],[127.052632,37.625176],[127.052591,37.625197],[127.052599,37.625208],[127.052656,37.625181],[127.052675,37.625179],[127.052567,37.625309],[127.052538,37.625334],[127.052493,37.625331],[127.052314,37.625302],[127.052165,37.625256],[127.051855,37.625142],[127.051793,37.625104],[127.051713,37.625015],[127.051693,37.625023],[127.051748,37.625103],[127.05181,37.625164],[127.051907,37.625231],[127.051889,37.625252],[127.051834,37.625261],[127.05175,37.625297],[127.051724,37.625319],[127.051713,37.625366],[127.05164,37.625458]]},"properties":{"osm_id":1362306991,"highway":"footway","name":"영축산 둘레길"}},{"type":"Feature","id":"osm.way.1362306992","geometry":{"type":"LineString","coordinates":[[127.054665,37.625348],[127.054629,37.625368],[127.054622,37.625417],[127.054691,37.625515],[127.054888,37.625636],[127.054954,37.62569],[127.054981,37.625727],[127.054976,37.625765],[127.054953,37.625801],[127.054812,37.62588],[127.054745,37.625925],[127.054675,37.625956],[127.054632,37.625984],[127.054596,37.626081],[127.054593,37.626136],[127.054618,37.626188],[127.054643,37.626199],[127.054671,37.626194],[127.054709,37.626168],[127.054838,37.626125],[127.055013,37.626103],[127.055047,37.626139],[127.055063,37.626178],[127.055061,37.62623],[127.055041,37.626269],[127.055071,37.626332],[127.055098,37.626368]]},"properties":{"osm_id":1362306992,"highway":"footway","name":"영축산 둘레길"}},{"type":"Feature","id":"osm.way.1362306993","geometry":{"type":"LineString","coordinates":[[127.059146,37.625629],[127.059191,37.62563],[127.059216,37.625629],[127.059299,37.625604],[127.059337,37.625604],[127.059381,37.625561],[127.059392,37.625533],[127.059386,37.625421],[127.059418,37.625391],[127.059401,37.625371],[127.05935,37.625348],[127.059344,37.625334],[127.059512,37.625181],[127.05958,37.625137]]},"properties":{"osm_id":1362306993,"highway":"footway","name":"영축산 둘레길"}},{"type":"Feature","id":"osm.way.1362306995","geometry":{"type":"LineString","coordinates":[[127.055098,37.626368],[127.05516,37.626396],[127.055212,37.626419],[127.055246,37.626468],[127.055251,37.626545],[127.055223,37.626732],[127.055195,37.626779],[127.055162,37.626805],[127.054896,37.627014],[127.054783,37.627087],[127.05479,37.627116],[127.054838,37.6271],[127.054887,37.62706],[127.05495,37.627042],[127.055045,37.627034],[127.055305,37.627023],[127.055329,37.627048],[127.054993,37.627116],[127.054952,37.627141],[127.054924,37.627175],[127.054909,37.627221],[127.054913,37.627257],[127.054944,37.627269],[127.054963,37.627231],[127.055028,37.627168],[127.055132,37.627157],[127.055151,37.627178],[127.055084,37.627207],[127.055037,37.627238],[127.055049,37.627265],[127.055106,37.627294],[127.055158,37.627353],[127.055287,37.62753],[127.055274,37.627586],[127.055231,37.627643],[127.055166,37.627705]]},"properties":{"osm_id":1362306995,"highway":"footway","name":"영축산 둘레길"}},{"type":"Feature","id":"osm.way.1362306996","geometry":{"type":"LineString","coordinates":[[127.057346,37.625479],[127.057343,37.625371],[127.057366,37.625291],[127.057388,37.625258]]},"properties":{"osm_id":1362306996,"highway":"footway","name":"영축산 둘레길"}},{"type":"Feature","id":"osm.way.1362306997","geometry":{"type":"LineString","coordinates":[[127.0576,37.625172],[127.057587,37.625138],[127.057538,37.625077],[127.057361,37.624953],[127.057313,37.624898],[127.057254,37.624758],[127.057206,37.624713],[127.057168,37.624658],[127.057177,37.624547],[127.05716,37.624492],[127.056962,37.624338],[127.056921,37.624282],[127.056888,37.624143],[127.056866,37.624088],[127.056844,37.624057],[127.05681,37.624044],[127.056775,37.624047],[127.056748,37.624074],[127.056716,37.624133],[127.056703,37.624118],[127.056704,37.624014],[127.056691,37.623962],[127.056675,37.623915],[127.056624,37.623835],[127.056606,37.623788],[127.056579,37.623699],[127.056579,37.623646],[127.056515,37.623605],[127.056244,37.623492],[127.056207,37.623502],[127.056363,37.623574],[127.05643,37.623634],[127.056448,37.623669],[127.056451,37.623854],[127.05644,37.62392],[127.056331,37.623981],[127.056286,37.623991],[127.056274,37.623979],[127.056307,37.623949],[127.056353,37.623876],[127.056373,37.623811],[127.056365,37.623778],[127.056325,37.62371],[127.056302,37.623686],[127.056259,37.623676],[127.056145,37.623681],[127.056039,37.623622],[127.05594,37.623542],[127.055897,37.623492],[127.055765,37.623281],[127.055734,37.623306],[127.055749,37.623348],[127.055748,37.623395],[127.055775,37.623465],[127.055893,37.623623],[127.056005,37.623723],[127.056027,37.623752],[127.056032,37.623776],[127.056023,37.623794],[127.055987,37.623798],[127.055819,37.623778],[127.055592,37.623723],[127.055426,37.6236],[127.055258,37.623522],[127.055185,37.623476],[127.055131,37.623446],[127.055093,37.623417],[127.054966,37.623299],[127.054876,37.623195],[127.05482,37.623145],[127.054554,37.622965],[127.054481,37.622924],[127.054435,37.622886]]},"properties":{"osm_id":1362306997,"highway":"footway","name":"영축산 둘레길"}},{"type":"Feature","id":"osm.way.1363078743","geometry":{"type":"LineString","coordinates":[[127.065265,37.63067],[127.065194,37.630947]]},"properties":{"osm_id":1363078743,"highway":"steps"}},{"type":"Feature","id":"osm.way.1363078744","geometry":{"type":"LineString","coordinates":[[127.070152,37.625254],[127.069869,37.625521],[127.069637,37.625725],[127.06933,37.625982],[127.06873,37.626422],[127.068195,37.626863],[127.067773,37.627195],[127.067405,37.627425],[127.067024,37.627696],[127.066625,37.628002],[127.066338,37.628269],[127.066119,37.628475],[127.065864,37.628766],[127.065682,37.629044],[127.065705,37.629115],[127.065561,37.629419],[127.065251,37.630353],[127.065371,37.630427],[127.065305,37.630577],[127.06529,37.630612],[127.065265,37.63067]]},"properties":{"osm_id":1363078744,"highway":"footway"}},{"type":"Feature","id":"osm.way.1363836827","geometry":{"type":"LineString","coordinates":[[127.058874,37.625884],[127.058923,37.625837],[127.058963,37.625803],[127.059134,37.625704],[127.059145,37.625686],[127.059146,37.625629]]},"properties":{"osm_id":1363836827,"highway":"steps","name":"영축산 둘레길"}},{"type":"Feature","id":"osm.way.1363836828","geometry":{"type":"LineString","coordinates":[[127.058918,37.625915],[127.058845,37.625945],[127.058665,37.62613],[127.058668,37.626179],[127.058653,37.626204],[127.058625,37.626248],[127.058545,37.626274],[127.058495,37.626305],[127.058492,37.626364],[127.058529,37.626418],[127.058602,37.62644],[127.058723,37.626551],[127.058774,37.626568],[127.058852,37.626578],[127.058891,37.626616],[127.058985,37.62663],[127.059059,37.626623],[127.059092,37.626592],[127.059174,37.626563],[127.059218,37.626592],[127.059224,37.626634],[127.059059,37.626623]]},"properties":{"osm_id":1363836828,"highway":"footway","name":"영축산 둘레길"}},{"type":"Feature","id":"osm.way.1363836829","geometry":{"type":"LineString","coordinates":[[127.059224,37.626634],[127.059229,37.626704],[127.059289,37.626733],[127.059298,37.626951],[127.059434,37.627094],[127.059446,37.627186],[127.059416,37.627306],[127.059338,37.627436],[127.059316,37.627516],[127.059309,37.62754],[127.059369,37.627605],[127.059386,37.627669],[127.059618,37.627833]]},"properties":{"osm_id":1363836829,"highway":"footway","name":"영축산 둘레길"}},{"type":"Feature","id":"osm.way.1363836830","geometry":{"type":"LineString","coordinates":[[127.058891,37.626616],[127.058734,37.626643],[127.058616,37.626659],[127.058531,37.626645],[127.058427,37.626585],[127.058277,37.626571],[127.05825,37.62658],[127.058128,37.626609],[127.058089,37.626605],[127.058007,37.62656],[127.057925,37.626486],[127.057819,37.626456],[127.057716,37.62645],[127.057652,37.626512],[127.057591,37.626544],[127.05752,37.62654],[127.057464,37.626514],[127.0574,37.626527],[127.05722,37.626607],[127.057159,37.626683],[127.057147,37.626782],[127.057086,37.626753],[127.056893,37.626739],[127.056854,37.626689],[127.056814,37.626591],[127.05675,37.6266],[127.05661,37.626663],[127.056522,37.626683],[127.056501,37.626779],[127.056428,37.62685],[127.056349,37.626902],[127.056287,37.626927],[127.05623,37.626919],[127.056183,37.626937],[127.056089,37.626935],[127.055958,37.626926],[127.055878,37.626893],[127.055793,37.626888],[127.055673,37.626932],[127.055624,37.626962],[127.055546,37.626981],[127.055474,37.626993],[127.055412,37.626978],[127.055385,37.626952],[127.055297,37.626917],[127.055255,37.626857],[127.055162,37.626805]]},"properties":{"osm_id":1363836830,"highway":"footway","name":"영축산 둘레길"}},{"type":"Feature","id":"osm.way.1363836831","geometry":{"type":"LineString","coordinates":[[127.057147,37.626782],[127.0571,37.626852],[127.05712,37.626959],[127.057102,37.62711],[127.05707,37.6272],[127.057093,37.627308],[127.057086,37.627416],[127.057082,37.627545],[127.057066,37.627646],[127.05698,37.627828],[127.056986,37.62794],[127.057073,37.628039],[127.057132,37.62809],[127.05717,37.628166],[127.057171,37.628286],[127.05711,37.628323],[127.057071,37.628377],[127.057029,37.628404],[127.056869,37.628453]]},"properties":{"osm_id":1363836831,"highway":"footway","name":"영축산 둘레길"}},{"type":"Feature","id":"osm.way.1363836832","geometry":{"type":"LineString","coordinates":[[127.053651,37.630601],[127.053689,37.630638],[127.05323,37.631161],[127.053171,37.631249],[127.053084,37.631477],[127.053036,37.631604],[127.052981,37.631763],[127.053041,37.631853],[127.053147,37.631907],[127.053268,37.631963],[127.053401,37.632038],[127.053486,37.632106],[127.053539,37.63215],[127.053552,37.632244],[127.053525,37.632334],[127.053506,37.632547]]},"properties":{"osm_id":1363836832,"highway":"footway"}},{"type":"Feature","id":"osm.way.1363836835","geometry":{"type":"LineString","coordinates":[[127.05863,37.634294],[127.058645,37.634542]]},"properties":{"osm_id":1363836835,"highway":"footway"}},{"type":"Feature","id":"osm.way.1363836840","geometry":{"type":"LineString","coordinates":[[127.066802,37.624324],[127.067632,37.624328]]},"properties":{"osm_id":1363836840,"highway":"service"}},{"type":"Feature","id":"osm.way.1363836841","geometry":{"type":"LineString","coordinates":[[127.066732,37.623976],[127.067766,37.62399]]},"properties":{"osm_id":1363836841,"highway":"service"}},{"type":"Feature","id":"osm.way.1363836842","geometry":{"type":"LineString","coordinates":[[127.06603,37.622701],[127.06618,37.622372],[127.066883,37.620812]]},"properties":{"osm_id":1363836842,"highway":"service","name":"마들로1가길"}},{"type":"Feature","id":"osm.way.1363836843","geometry":{"type":"LineString","coordinates":[[127.067244,37.617303],[127.066625,37.618695],[127.066453,37.61912],[127.066511,37.619323],[127.066633,37.619428],[127.066727,37.619909],[127.066963,37.62081],[127.066975,37.620918],[127.067075,37.621058],[127.066993,37.621235],[127.066857,37.621258],[127.066839,37.621459],[127.066686,37.621441],[127.066509,37.621828],[127.066615,37.621875],[127.066462,37.62223],[127.06618,37.622372]]},"properties":{"osm_id":1363836843,"highway":"footway"}},{"type":"Feature","id":"osm.way.1363836847","geometry":{"type":"LineString","coordinates":[[127.047482,37.630238],[127.047245,37.630274],[127.047084,37.630268],[127.046922,37.630217],[127.046735,37.630184],[127.046548,37.630059]]},"properties":{"osm_id":1363836847,"highway":"footway"}},{"type":"Feature","id":"osm.way.1363836848","geometry":{"type":"LineString","coordinates":[[127.047092,37.633937],[127.046975,37.633748],[127.046881,37.633565],[127.046859,37.633405],[127.04682,37.633191],[127.046731,37.633002],[127.046752,37.63287],[127.046716,37.632728],[127.046766,37.63264],[127.046758,37.632471],[127.046709,37.632339],[127.046831,37.63209],[127.046862,37.631971],[127.046924,37.63186]]},"properties":{"osm_id":1363836848,"highway":"footway"}},{"type":"Feature","id":"osm.way.1363836868","geometry":{"type":"LineString","coordinates":[[127.063503,37.630505],[127.063539,37.630336],[127.063648,37.630052],[127.063806,37.629624],[127.063918,37.629329],[127.064004,37.62905],[127.064056,37.628891],[127.064198,37.628628],[127.064293,37.628455],[127.064335,37.6284]]},"properties":{"osm_id":1363836868,"highway":"path"}},{"type":"Feature","id":"osm.way.1363836869","geometry":{"type":"LineString","coordinates":[[127.063464,37.63063],[127.063503,37.630505]]},"properties":{"osm_id":1363836869,"highway":"steps"}},{"type":"Feature","id":"osm.way.1367926048","geometry":{"type":"LineString","coordinates":[[127.057785,37.626293],[127.057855,37.626053],[127.057715,37.625943],[127.057649,37.625876],[127.057612,37.625836],[127.057599,37.625762]]},"properties":{"osm_id":1367926048,"highway":"footway"}},{"type":"Feature","id":"osm.way.1367926049","geometry":{"type":"LineString","coordinates":[[127.057785,37.626293],[127.057731,37.626328],[127.057672,37.626376],[127.057639,37.626432],[127.057629,37.62649],[127.057591,37.626544]]},"properties":{"osm_id":1367926049,"highway":"path"}},{"type":"Feature","id":"osm.way.1370238820","geometry":{"type":"LineString","coordinates":[[127.058653,37.626204],[127.058638,37.626193],[127.058611,37.626202],[127.058605,37.626217],[127.05858,37.626225],[127.058525,37.626219],[127.058449,37.626228],[127.058385,37.62624],[127.058336,37.62627],[127.058294,37.626305],[127.058269,37.626342],[127.058258,37.626365],[127.058263,37.626386],[127.058255,37.626464],[127.058271,37.626517],[127.058277,37.626571]]},"properties":{"osm_id":1370238820,"highway":"footway"}},{"type":"Feature","id":"osm.way.1370238821","geometry":{"type":"LineString","coordinates":[[127.05825,37.62658],[127.058215,37.626558],[127.058184,37.626537],[127.058115,37.626482],[127.058084,37.626493],[127.058099,37.626556],[127.058089,37.626605],[127.058111,37.626714],[127.058108,37.626761],[127.058114,37.626793],[127.058135,37.626801],[127.058131,37.626838],[127.058103,37.626859],[127.058057,37.626896],[127.058053,37.626923],[127.058019,37.626932],[127.058005,37.626978],[127.058009,37.627062],[127.057982,37.627139]]},"properties":{"osm_id":1370238821,"highway":"footway"}},{"type":"Feature","id":"osm.way.1370238823","geometry":{"type":"LineString","coordinates":[[127.056814,37.626591],[127.05674,37.626497],[127.056672,37.626412],[127.056605,37.626377],[127.056583,37.626373],[127.056525,37.626413],[127.056492,37.626443],[127.0565,37.626466],[127.056495,37.626499],[127.056509,37.626533],[127.056508,37.626591],[127.056522,37.626683]]},"properties":{"osm_id":1370238823,"highway":"footway"}},{"type":"Feature","id":"osm.way.1370240744","geometry":{"type":"LineString","coordinates":[[127.06681,37.624911],[127.063737,37.624908],[127.063719,37.624908],[127.063718,37.625069],[127.063712,37.625451],[127.066821,37.625447]]},"properties":{"osm_id":1370240744,"highway":"service"}},{"type":"Feature","id":"osm.way.1370240745","geometry":{"type":"LineString","coordinates":[[127.063718,37.625069],[127.062662,37.62506]]},"properties":{"osm_id":1370240745,"highway":"service"}},{"type":"Feature","id":"osm.way.1370240746","geometry":{"type":"LineString","coordinates":[[127.066821,37.625447],[127.066133,37.626006],[127.063702,37.625988],[127.063708,37.626306],[127.063713,37.626564],[127.065129,37.626572],[127.065505,37.626574],[127.065661,37.626678],[127.065749,37.626736]]},"properties":{"osm_id":1370240746,"highway":"service"}},{"type":"Feature","id":"osm.way.1370240747","geometry":{"type":"LineString","coordinates":[[127.063708,37.626306],[127.063337,37.626313],[127.063336,37.626379],[127.063326,37.627025],[127.063537,37.627225],[127.064779,37.627253],[127.064889,37.627236],[127.065047,37.627109],[127.065123,37.626986],[127.065129,37.626572]]},"properties":{"osm_id":1370240747,"highway":"service"}},{"type":"Feature","id":"osm.way.1370240748","geometry":{"type":"LineString","coordinates":[[127.063337,37.626313],[127.063337,37.625876]]},"properties":{"osm_id":1370240748,"highway":"service"}},{"type":"Feature","id":"osm.way.1370240749","geometry":{"type":"LineString","coordinates":[[127.066746,37.623424],[127.065923,37.623421],[127.065655,37.62342],[127.065647,37.62315],[127.065915,37.623143],[127.065912,37.623047],[127.066347,37.623041]]},"properties":{"osm_id":1370240749,"highway":"service"}},{"type":"Feature","id":"osm.way.1370240750","geometry":{"type":"LineString","coordinates":[[127.065915,37.623143],[127.065923,37.623421]]},"properties":{"osm_id":1370240750,"highway":"service"}},{"type":"Feature","id":"osm.way.1370240757","geometry":{"type":"LineString","coordinates":[[127.068151,37.624465],[127.068185,37.624472],[127.068289,37.624457],[127.068373,37.624415],[127.068467,37.624401],[127.068442,37.624353],[127.068429,37.62431],[127.068453,37.624278],[127.068507,37.624238],[127.06855,37.624181],[127.068558,37.624115],[127.068695,37.624064],[127.068829,37.624007],[127.068916,37.623972]]},"properties":{"osm_id":1370240757,"highway":"footway"}},{"type":"Feature","id":"osm.way.1370240758","geometry":{"type":"LineString","coordinates":[[127.072047,37.614895],[127.072062,37.615207],[127.072056,37.615377]]},"properties":{"osm_id":1370240758,"highway":"footway"}},{"type":"Feature","id":"osm.way.1370240759","geometry":{"type":"LineString","coordinates":[[127.072056,37.615377],[127.072027,37.615776]]},"properties":{"osm_id":1370240759,"highway":"footway","bridge":"yes","layer":"1"}},{"type":"Feature","id":"osm.way.1371756548","geometry":{"type":"LineString","coordinates":[[127.060121,37.626072],[127.059955,37.626028],[127.059944,37.625723],[127.060126,37.62569]]},"properties":{"osm_id":1371756548,"highway":"service","oneway":"yes","service":"driveway"}},{"type":"Feature","id":"osm.way.1386035330","geometry":{"type":"LineString","coordinates":[[127.047515,37.630171],[127.047505,37.630132],[127.047519,37.630059],[127.047602,37.629985],[127.047665,37.629887],[127.047702,37.629821],[127.047728,37.629717],[127.047752,37.629608],[127.047801,37.629448],[127.047813,37.629335],[127.047812,37.629197],[127.047842,37.629107],[127.047925,37.629024],[127.047971,37.628957],[127.047979,37.628893],[127.047946,37.628861],[127.047826,37.628886],[127.04774,37.628923],[127.047659,37.628952],[127.047592,37.628986],[127.04754,37.628973],[127.047443,37.628919],[127.047303,37.628917],[127.04719,37.628953],[127.047098,37.629006],[127.047044,37.629079],[127.046975,37.629181],[127.046949,37.629226],[127.0469,37.629253],[127.04683,37.629221]]},"properties":{"osm_id":1386035330,"highway":"footway"}},{"type":"Feature","id":"osm.way.1386035331","geometry":{"type":"LineString","coordinates":[[127.047751,37.627311],[127.047676,37.627277]]},"properties":{"osm_id":1386035331,"highway":"path"}},{"type":"Feature","id":"osm.way.1386035332","geometry":{"type":"LineString","coordinates":[[127.0475,37.627167],[127.047456,37.627143]]},"properties":{"osm_id":1386035332,"highway":"path"}},{"type":"Feature","id":"osm.way.1386035333","geometry":{"type":"LineString","coordinates":[[127.047676,37.627277],[127.047581,37.627217],[127.0475,37.627167]]},"properties":{"osm_id":1386035333,"highway":"path"}},{"type":"Feature","id":"osm.way.1386035334","geometry":{"type":"LineString","coordinates":[[127.047515,37.627083],[127.047368,37.627008]]},"properties":{"osm_id":1386035334,"highway":"steps"}},{"type":"Feature","id":"osm.way.1386035335","geometry":{"type":"LineString","coordinates":[[127.044148,37.625755],[127.044172,37.62573],[127.044164,37.625723],[127.044146,37.625728],[127.044124,37.62572],[127.044115,37.625703],[127.044109,37.625679],[127.044116,37.625658],[127.044107,37.625634]]},"properties":{"osm_id":1386035335,"highway":"steps"}},{"type":"Feature","id":"osm.way.1386035336","geometry":{"type":"LineString","coordinates":[[127.044107,37.625634],[127.044048,37.625603],[127.044027,37.625579],[127.044006,37.625516],[127.043988,37.625458],[127.043999,37.625381],[127.04404,37.625324],[127.044082,37.625296],[127.044122,37.625241],[127.044087,37.625215],[127.043929,37.625149]]},"properties":{"osm_id":1386035336,"highway":"path"}},{"type":"Feature","id":"osm.way.1386035337","geometry":{"type":"LineString","coordinates":[[127.043929,37.625149],[127.043796,37.625157],[127.043748,37.625161],[127.043662,37.625116],[127.043592,37.62504],[127.04355,37.625002],[127.043495,37.624979],[127.043454,37.624945],[127.043343,37.624925],[127.043268,37.624876],[127.043155,37.624804],[127.043083,37.624776],[127.043078,37.624747],[127.043,37.624719],[127.042911,37.624704],[127.042839,37.624706],[127.042756,37.624679],[127.042681,37.624619],[127.042656,37.62449],[127.042605,37.624388],[127.042485,37.624358],[127.042377,37.624337],[127.042343,37.624264],[127.042294,37.624124],[127.042281,37.623973],[127.042276,37.623941]]},"properties":{"osm_id":1386035337,"highway":"path"}},{"type":"Feature","id":"osm.way.1386035338","geometry":{"type":"LineString","coordinates":[[127.042781,37.623815],[127.042858,37.62377],[127.042869,37.623681],[127.042866,37.623609],[127.04285,37.623579],[127.04281,37.623551],[127.042869,37.623477],[127.042928,37.623426],[127.04299,37.623379],[127.043014,37.623303],[127.043019,37.623211],[127.042973,37.623107],[127.042944,37.62305],[127.042896,37.62301],[127.042815,37.622986],[127.042721,37.622988],[127.042625,37.62299],[127.042475,37.62302],[127.042354,37.623065],[127.042303,37.623103],[127.042244,37.623167],[127.042206,37.623143],[127.042185,37.623061],[127.042239,37.622976],[127.042351,37.622852],[127.042373,37.62278],[127.042346,37.622702],[127.042378,37.622653],[127.042434,37.622625],[127.042485,37.622527],[127.042595,37.622483],[127.042703,37.622421],[127.04277,37.622372],[127.042807,37.622321],[127.042788,37.622289],[127.042855,37.622196],[127.042914,37.622098],[127.042987,37.622068],[127.043043,37.622015],[127.043063,37.621984],[127.043063,37.621964]]},"properties":{"osm_id":1386035338,"highway":"path"}},{"type":"Feature","id":"osm.way.1386035339","geometry":{"type":"LineString","coordinates":[[127.058095,37.625959],[127.058255,37.625939],[127.058323,37.625961],[127.058416,37.625958],[127.05847,37.625931],[127.058548,37.625944],[127.058658,37.625899],[127.058685,37.625861],[127.058693,37.62581],[127.058758,37.625784]]},"properties":{"osm_id":1386035339,"highway":"steps"}},{"type":"Feature","id":"osm.way.1386036085","geometry":{"type":"LineString","coordinates":[[127.046893,37.6387],[127.046806,37.638777],[127.046716,37.638821],[127.046612,37.63888],[127.046485,37.638891],[127.046392,37.638885],[127.046329,37.638846],[127.046279,37.638758],[127.046252,37.638737],[127.046203,37.638709],[127.046149,37.638642],[127.046041,37.638532],[127.046031,37.638491],[127.045943,37.638117],[127.045919,37.638061],[127.045723,37.637906],[127.045538,37.637752],[127.045411,37.637677],[127.045339,37.637614],[127.045311,37.63757],[127.045253,37.637465],[127.045226,37.637415],[127.045206,37.637351],[127.045204,37.637225],[127.045116,37.637083],[127.045045,37.636867],[127.045022,37.636677],[127.044935,37.63635],[127.044945,37.636286],[127.044992,37.636205],[127.044984,37.635975],[127.044875,37.635728],[127.044799,37.635633],[127.044728,37.63557],[127.044668,37.63548],[127.044605,37.635371],[127.044571,37.635284],[127.04456,37.635239],[127.044518,37.635177],[127.044486,37.635053],[127.044494,37.634998],[127.044476,37.634973],[127.044476,37.634916],[127.044439,37.634738],[127.044482,37.634635],[127.044474,37.634556],[127.044451,37.634489],[127.044456,37.634405],[127.044383,37.634262],[127.04434,37.634223],[127.044208,37.634141],[127.044172,37.633985]]},"properties":{"osm_id":1386036085,"highway":"footway"}},{"type":"Feature","id":"osm.way.1386038162","geometry":{"type":"LineString","coordinates":[[127.056183,37.625523],[127.056206,37.625546],[127.056179,37.625562],[127.056183,37.625586],[127.056189,37.625679],[127.056189,37.625741],[127.056168,37.625803],[127.056227,37.625865],[127.056273,37.625879],[127.056312,37.625911],[127.0563,37.625948],[127.05626,37.626011],[127.056251,37.626068],[127.056293,37.626137],[127.056326,37.626156],[127.056324,37.626199],[127.056306,37.626232],[127.056287,37.626294],[127.056276,37.626396],[127.056246,37.626464],[127.056212,37.62651],[127.056168,37.626563],[127.056169,37.626618],[127.056163,37.62664],[127.05614,37.626658],[127.05606,37.626673],[127.056029,37.626688],[127.055952,37.626698],[127.055865,37.626697],[127.055792,37.626686],[127.055745,37.626704],[127.055711,37.626746],[127.055676,37.626785],[127.055637,37.626861],[127.055595,37.626888],[127.055564,37.626892],[127.055486,37.626867],[127.055452,37.626862],[127.055414,37.626873],[127.055393,37.626886],[127.055375,37.626908],[127.055378,37.626934],[127.055385,37.626952]]},"properties":{"osm_id":1386038162,"highway":"footway"}},{"type":"Feature","id":"osm.way.1386038163","geometry":{"type":"LineString","coordinates":[[127.056287,37.626927],[127.056288,37.626968],[127.056273,37.627003],[127.056274,37.62703],[127.056268,37.627083],[127.056264,37.627126],[127.056278,37.627141],[127.056308,37.627145],[127.056333,37.627165],[127.056366,37.627175],[127.056403,37.627169],[127.056427,37.627157],[127.056448,37.62713],[127.056455,37.627102],[127.056453,37.627056],[127.056441,37.627009],[127.056425,37.626978],[127.056431,37.626955],[127.056443,37.626949],[127.056443,37.626938],[127.056454,37.626929],[127.056457,37.62695],[127.056466,37.626977],[127.056488,37.627003],[127.056514,37.627006],[127.056541,37.627007],[127.056559,37.627],[127.056565,37.62704],[127.056589,37.627087],[127.0566,37.627118],[127.05659,37.627152],[127.056576,37.627181],[127.056554,37.627193],[127.056522,37.627235],[127.056511,37.627265],[127.056513,37.627309],[127.056521,37.627346],[127.0565,37.627389],[127.05648,37.627488],[127.056488,37.627538],[127.056544,37.62758],[127.056556,37.627619],[127.05659,37.62765],[127.056601,37.627688],[127.056609,37.627696],[127.056608,37.627727],[127.056578,37.627761],[127.05655,37.627802],[127.056539,37.627835],[127.05655,37.62787],[127.056556,37.627909],[127.056582,37.627971],[127.056595,37.627996],[127.056627,37.628037],[127.056647,37.628083],[127.056677,37.628115],[127.05672,37.628133],[127.05678,37.628143],[127.056833,37.628161],[127.056869,37.628177],[127.056892,37.628209],[127.056892,37.628256],[127.056896,37.628301],[127.056905,37.62834],[127.056895,37.628369],[127.056885,37.628417],[127.056869,37.628453]]},"properties":{"osm_id":1386038163,"highway":"footway"}},{"type":"Feature","id":"osm.way.1386038164","geometry":{"type":"LineString","coordinates":[[127.056454,37.626929],[127.056495,37.626874],[127.056513,37.626819],[127.056501,37.626779]]},"properties":{"osm_id":1386038164,"highway":"path"}},{"type":"Feature","id":"osm.way.1386914375","geometry":{"type":"LineString","coordinates":[[127.063019,37.630534],[127.062959,37.630723],[127.063164,37.630764]]},"properties":{"osm_id":1386914375,"highway":"steps"}},{"type":"Feature","id":"osm.way.1386914376","geometry":{"type":"LineString","coordinates":[[127.062959,37.630723],[127.062206,37.630553]]},"properties":{"osm_id":1386914376,"highway":"footway"}},{"type":"Feature","id":"osm.way.1389983443","geometry":{"type":"LineString","coordinates":[[127.050559,37.617548],[127.050471,37.617633],[127.050375,37.617728],[127.050124,37.617973],[127.0499,37.618196]]},"properties":{"osm_id":1389983443,"highway":"residential"}},{"type":"Feature","id":"osm.way.1389983516","geometry":{"type":"LineString","coordinates":[[127.0499,37.618196],[127.050265,37.618422],[127.050608,37.61864],[127.050937,37.618845]]},"properties":{"osm_id":1389983516,"highway":"residential"}},{"type":"Feature","id":"osm.way.1390293067","geometry":{"type":"LineString","coordinates":[[127.039153,37.62418],[127.039136,37.624257],[127.039047,37.624353],[127.038923,37.624438],[127.038737,37.624461],[127.038645,37.62449],[127.038562,37.62455],[127.038464,37.624582],[127.03841,37.624648],[127.038391,37.624762],[127.038336,37.624861],[127.038296,37.624929],[127.038272,37.625022],[127.038169,37.625076],[127.038058,37.625148],[127.038003,37.625224],[127.038012,37.62533],[127.038156,37.6253],[127.038251,37.625234],[127.038358,37.62516],[127.038438,37.625068],[127.038518,37.624984],[127.038606,37.624951],[127.038718,37.624964],[127.038823,37.625022],[127.038915,37.625101],[127.039041,37.625146],[127.039153,37.625102],[127.039237,37.625049],[127.039353,37.624925],[127.039486,37.624808],[127.039568,37.624829],[127.039719,37.624924],[127.039806,37.625038],[127.039839,37.625123],[127.039864,37.625354],[127.039915,37.625395],[127.040061,37.625439],[127.040651,37.625766],[127.040761,37.625755],[127.040814,37.62567],[127.040808,37.625486],[127.040814,37.625347],[127.040892,37.62533],[127.041035,37.625399],[127.041197,37.625403],[127.041412,37.625378],[127.041559,37.625373],[127.041624,37.625464],[127.041697,37.625595],[127.041822,37.625678],[127.042,37.625734],[127.042213,37.625679],[127.042288,37.625553],[127.042336,37.625366],[127.042278,37.625245],[127.042279,37.625111],[127.042402,37.625115],[127.042628,37.625116],[127.042841,37.625121],[127.043047,37.62507],[127.043283,37.625006],[127.043454,37.624945],[127.043558,37.624801],[127.043807,37.624643],[127.044676,37.624285],[127.045055,37.62385],[127.045386,37.623299],[127.045595,37.623136],[127.045673,37.622847],[127.045559,37.622721],[127.045637,37.622644],[127.04534,37.622407],[127.045121,37.622286],[127.044867,37.622271],[127.044782,37.622442],[127.044717,37.622571],[127.044146,37.622636]]},"properties":{"osm_id":1390293067,"highway":"path"}},{"type":"Feature","id":"osm.way.1390293068","geometry":{"type":"LineString","coordinates":[[127.044717,37.622571],[127.044688,37.622369],[127.04456,37.622238],[127.044573,37.622032],[127.044616,37.62174]]},"properties":{"osm_id":1390293068,"highway":"path"}},{"type":"Feature","id":"osm.way.1390293069","geometry":{"type":"LineString","coordinates":[[127.043,37.624719],[127.043069,37.624597],[127.043035,37.624421],[127.043133,37.624256]]},"properties":{"osm_id":1390293069,"highway":"path"}},{"type":"Feature","id":"osm.way.1390489539","geometry":{"type":"LineString","coordinates":[[127.054435,37.622886],[127.054196,37.623182]]},"properties":{"osm_id":1390489539,"highway":"footway"}},{"type":"Feature","id":"osm.way.1415681151","geometry":{"type":"LineString","coordinates":[[127.069207,37.614951],[127.069182,37.615043],[127.069135,37.615218],[127.068914,37.61518],[127.068947,37.615042],[127.068958,37.615029],[127.06897,37.615019],[127.068987,37.615014],[127.069007,37.615012],[127.069182,37.615043]]},"properties":{"osm_id":1415681151,"highway":"service","oneway":"yes"}},{"type":"Feature","id":"osm.way.1415681152","geometry":{"type":"LineString","coordinates":[[127.069135,37.615218],[127.06995,37.61538]]},"properties":{"osm_id":1415681152,"highway":"service"}},{"type":"Feature","id":"osm.way.1415681154","geometry":{"type":"LineString","coordinates":[[127.067738,37.615457],[127.067744,37.615527],[127.067745,37.615584],[127.067754,37.615753],[127.067769,37.616044],[127.067755,37.616093],[127.067723,37.616111],[127.067677,37.61611],[127.067277,37.61604],[127.067249,37.616024],[127.06723,37.615999],[127.067229,37.615977],[127.067309,37.615666],[127.067378,37.615679],[127.067566,37.615716],[127.067754,37.615753]]},"properties":{"osm_id":1415681154,"highway":"service"}},{"type":"Feature","id":"osm.way.1415681155","geometry":{"type":"LineString","coordinates":[[127.067309,37.615666],[127.067165,37.615637]]},"properties":{"osm_id":1415681155,"highway":"service"}},{"type":"Feature","id":"osm.way.1415681173","geometry":{"type":"LineString","coordinates":[[127.066724,37.616085],[127.066998,37.616066]]},"properties":{"osm_id":1415681173,"highway":"residential","name":"화랑로47길"}},{"type":"Feature","id":"osm.way.1415681207","geometry":{"type":"LineString","coordinates":[[127.065776,37.616307],[127.06579,37.616418],[127.065805,37.61654],[127.065816,37.616634],[127.065822,37.616678],[127.065828,37.61669],[127.065837,37.616703],[127.065847,37.616713],[127.065861,37.616723],[127.065899,37.616734],[127.066298,37.616856],[127.06632,37.616864],[127.066338,37.616878],[127.066358,37.616894],[127.066374,37.616899],[127.066394,37.616906],[127.06666,37.616993],[127.066696,37.616999],[127.066735,37.616999],[127.066979,37.616976],[127.067021,37.616977],[127.067059,37.616986],[127.067174,37.617051],[127.067207,37.61707],[127.067237,37.617082],[127.067268,37.617085],[127.067295,37.617085],[127.067326,37.61708],[127.067356,37.617067],[127.067375,37.617051],[127.067381,37.617042],[127.067426,37.616953]]},"properties":{"osm_id":1415681207,"highway":"service"}},{"type":"Feature","id":"osm.way.1415681208","geometry":{"type":"LineString","coordinates":[[127.066237,37.616383],[127.06579,37.616418]]},"properties":{"osm_id":1415681208,"highway":"service"}},{"type":"Feature","id":"osm.way.1415681210","geometry":{"type":"LineString","coordinates":[[127.066168,37.616513],[127.065805,37.61654]]},"properties":{"osm_id":1415681210,"highway":"service"}},{"type":"Feature","id":"osm.way.1415681212","geometry":{"type":"LineString","coordinates":[[127.065899,37.616734],[127.066305,37.616701],[127.06632,37.616864]]},"properties":{"osm_id":1415681212,"highway":"footway"}},{"type":"Feature","id":"osm.way.1415681213","geometry":{"type":"LineString","coordinates":[[127.066305,37.616701],[127.066492,37.616535],[127.066511,37.616526],[127.066532,37.61652],[127.066556,37.616517],[127.067072,37.616479]]},"properties":{"osm_id":1415681213,"highway":"footway"}},{"type":"Feature","id":"osm.way.1415681214","geometry":{"type":"LineString","coordinates":[[127.067816,37.616632],[127.067402,37.616667],[127.067384,37.616672],[127.067368,37.616682],[127.067335,37.616744],[127.067174,37.617051]]},"properties":{"osm_id":1415681214,"highway":"footway"}},{"type":"Feature","id":"osm.way.1415681215","geometry":{"type":"LineString","coordinates":[[127.067072,37.616479],[127.067174,37.616582],[127.067335,37.616744]]},"properties":{"osm_id":1415681215,"highway":"footway"}},{"type":"Feature","id":"osm.way.1415681216","geometry":{"type":"LineString","coordinates":[[127.067072,37.616479],[127.067062,37.61635],[127.067055,37.616256]]},"properties":{"osm_id":1415681216,"highway":"footway"}},{"type":"Feature","id":"osm.way.1415681217","geometry":{"type":"LineString","coordinates":[[127.066511,37.616526],[127.0665,37.616418],[127.066507,37.616398],[127.066521,37.616387],[127.066573,37.616351],[127.066637,37.616326],[127.066679,37.616314],[127.0667,37.61631],[127.066729,37.616305],[127.066776,37.616306],[127.066817,37.61631],[127.066852,37.616318],[127.066895,37.616337],[127.066935,37.616357],[127.066957,37.61637],[127.06698,37.616387],[127.067002,37.616408],[127.067072,37.616479]]},"properties":{"osm_id":1415681217,"highway":"footway"}},{"type":"Feature","id":"osm.way.1415681218","geometry":{"type":"LineString","coordinates":[[127.066935,37.616357],[127.067062,37.61635]]},"properties":{"osm_id":1415681218,"highway":"footway"}},{"type":"Feature","id":"osm.way.1415681219","geometry":{"type":"LineString","coordinates":[[127.06669,37.616233],[127.0667,37.61631]]},"properties":{"osm_id":1415681219,"highway":"footway"}},{"type":"Feature","id":"osm.way.1415681220","geometry":{"type":"LineString","coordinates":[[127.066394,37.616906],[127.066529,37.616896],[127.067032,37.616861],[127.067045,37.616857],[127.067054,37.616848],[127.067053,37.616834],[127.06704,37.616703],[127.067038,37.616692],[127.067032,37.616683],[127.067019,37.616679],[127.066532,37.616715],[127.066519,37.616719],[127.066509,37.616725],[127.066507,37.616734],[127.066529,37.616896]]},"properties":{"osm_id":1415681220,"highway":"footway"}},{"type":"Feature","id":"osm.way.1415681221","geometry":{"type":"LineString","coordinates":[[127.067032,37.616683],[127.067165,37.616585],[127.067174,37.616582]]},"properties":{"osm_id":1415681221,"highway":"footway"}},{"type":"Feature","id":"osm.way.1415681222","geometry":{"type":"LineString","coordinates":[[127.067165,37.616585],[127.067174,37.616582],[127.067235,37.616558],[127.067272,37.616545],[127.067331,37.61653],[127.067361,37.616521],[127.06738,37.61651],[127.06739,37.616493],[127.06739,37.616475],[127.067385,37.616432],[127.067371,37.616311],[127.06738,37.616297],[127.067393,37.616284],[127.067421,37.616268],[127.067547,37.616219]]},"properties":{"osm_id":1415681222,"highway":"footway"}},{"type":"Feature","id":"osm.way.1415681224","geometry":{"type":"LineString","coordinates":[[127.067505,37.616425],[127.067385,37.616432],[127.067311,37.616436]]},"properties":{"osm_id":1415681224,"highway":"footway"}},{"type":"Feature","id":"osm.way.1415815246","geometry":{"type":"LineString","coordinates":[[127.069308,37.613301],[127.069042,37.613071],[127.068949,37.612991],[127.068937,37.612968],[127.068936,37.612945],[127.068946,37.612927],[127.069168,37.612761],[127.069309,37.612876],[127.069354,37.612913],[127.069366,37.61293],[127.069373,37.612951],[127.069371,37.612966],[127.069362,37.612978],[127.069342,37.613021]]},"properties":{"osm_id":1415815246,"highway":"service"}},{"type":"Feature","id":"osm.way.1415815247","geometry":{"type":"LineString","coordinates":[[127.069042,37.613071],[127.069309,37.612876]]},"properties":{"osm_id":1415815247,"highway":"service"}},{"type":"Feature","id":"osm.way.1415815248","geometry":{"type":"LineString","coordinates":[[127.069168,37.612761],[127.069101,37.612706],[127.069087,37.612687],[127.069093,37.612665],[127.069104,37.61265],[127.069296,37.612508],[127.06935,37.612468]]},"properties":{"osm_id":1415815248,"highway":"service"}},{"type":"Feature","id":"osm.way.1415815255","geometry":{"type":"LineString","coordinates":[[127.066614,37.613853],[127.066573,37.61381],[127.066553,37.613793],[127.066534,37.613783],[127.066515,37.613776]]},"properties":{"osm_id":1415815255,"highway":"residential","name":"한천로58길"}},{"type":"Feature","id":"osm.way.1415815256","geometry":{"type":"LineString","coordinates":[[127.066515,37.613776],[127.066152,37.613677]]},"properties":{"osm_id":1415815256,"highway":"residential","name":"석계역지하차도","tunnel":"yes","layer":"-1"}},{"type":"Feature","id":"osm.way.1415815257","geometry":{"type":"LineString","coordinates":[[127.06876,37.611991],[127.068508,37.6122],[127.068413,37.612279],[127.0684,37.612296],[127.068398,37.612312],[127.068407,37.612328],[127.068564,37.612447],[127.068586,37.612452],[127.068605,37.612448],[127.06869,37.612375],[127.068697,37.612361],[127.068694,37.612344],[127.068508,37.6122]]},"properties":{"osm_id":1415815257,"highway":"service"}},{"type":"Feature","id":"osm.way.1415815260","geometry":{"type":"LineString","coordinates":[[127.069296,37.612508],[127.069143,37.61238]]},"properties":{"osm_id":1415815260,"highway":"service"}},{"type":"Feature","id":"osm.way.1415815266","geometry":{"type":"LineString","coordinates":[[127.068732,37.613753],[127.068524,37.613595],[127.068518,37.613582],[127.068517,37.613567],[127.068525,37.613558],[127.068676,37.613441],[127.068687,37.613427],[127.068703,37.613404],[127.06872,37.613388],[127.068738,37.61338],[127.068759,37.613377],[127.068786,37.613378],[127.068808,37.613382],[127.068835,37.613388],[127.068855,37.613397],[127.06889,37.613416]]},"properties":{"osm_id":1415815266,"highway":"service"}},{"type":"Feature","id":"osm.way.1415815267","geometry":{"type":"LineString","coordinates":[[127.068676,37.613441],[127.068826,37.613557]]},"properties":{"osm_id":1415815267,"highway":"service"}},{"type":"Feature","id":"osm.way.1415815273","geometry":{"type":"LineString","coordinates":[[127.069536,37.612623],[127.069801,37.612422],[127.069808,37.61241],[127.06981,37.612395],[127.069807,37.612382],[127.069799,37.61237],[127.069737,37.612316],[127.069659,37.612249],[127.069648,37.612242],[127.069636,37.61224],[127.069624,37.612243],[127.069614,37.61225],[127.069487,37.612335]]},"properties":{"osm_id":1415815273,"highway":"service"}},{"type":"Feature","id":"osm.way.1415815274","geometry":{"type":"LineString","coordinates":[[127.069737,37.612316],[127.069528,37.612466]]},"properties":{"osm_id":1415815274,"highway":"service"}},{"type":"Feature","id":"osm.way.1415815277","geometry":{"type":"LineString","coordinates":[[127.06924,37.612379],[127.069748,37.611979],[127.06977,37.611971],[127.069791,37.611969],[127.069811,37.611975],[127.06983,37.611988],[127.069989,37.612122]]},"properties":{"osm_id":1415815277,"highway":"service"}},{"type":"Feature","id":"osm.way.1415815288","geometry":{"type":"LineString","coordinates":[[127.069711,37.610715],[127.069822,37.610645],[127.069854,37.610635],[127.069886,37.610634],[127.069961,37.61064],[127.069998,37.61065],[127.070028,37.61067],[127.070076,37.610718],[127.070122,37.610763],[127.070131,37.610785],[127.070122,37.610809],[127.070108,37.610827],[127.069598,37.61123]]},"properties":{"osm_id":1415815288,"highway":"service"}},{"type":"Feature","id":"osm.way.1415815289","geometry":{"type":"LineString","coordinates":[[127.070076,37.610718],[127.070121,37.610687],[127.070143,37.610679],[127.070176,37.610676],[127.070263,37.610681]]},"properties":{"osm_id":1415815289,"highway":"service"}},{"type":"Feature","id":"osm.way.1415815291","geometry":{"type":"LineString","coordinates":[[127.069338,37.611036],[127.069598,37.61123],[127.069654,37.611275],[127.06976,37.611363],[127.069823,37.611415],[127.069841,37.611433],[127.069847,37.611452],[127.069836,37.611479],[127.069598,37.611671],[127.069574,37.611683],[127.069553,37.611684],[127.069534,37.611674],[127.069374,37.611541],[127.069368,37.611522],[127.069374,37.611502],[127.069389,37.611484],[127.069654,37.611275]]},"properties":{"osm_id":1415815291,"highway":"service"}},{"type":"Feature","id":"osm.way.1415815292","geometry":{"type":"LineString","coordinates":[[127.069531,37.611543],[127.06976,37.611363]]},"properties":{"osm_id":1415815292,"highway":"service"}},{"type":"Feature","id":"osm.way.1415815295","geometry":{"type":"LineString","coordinates":[[127.06876,37.611991],[127.069039,37.611768],[127.069062,37.611759],[127.069093,37.61176],[127.069113,37.611769],[127.06918,37.611822],[127.069255,37.61188],[127.069265,37.611896],[127.069267,37.611917],[127.069258,37.611933],[127.068968,37.612159]]},"properties":{"osm_id":1415815295,"highway":"service"}},{"type":"Feature","id":"osm.way.1415815296","geometry":{"type":"LineString","coordinates":[[127.068934,37.612013],[127.06918,37.611822]]},"properties":{"osm_id":1415815296,"highway":"service"}},{"type":"Feature","id":"osm.way.1415815300","geometry":{"type":"LineString","coordinates":[[127.067626,37.613488],[127.068012,37.613194],[127.068051,37.613165],[127.068175,37.613267],[127.06775,37.61359],[127.067626,37.613488]]},"properties":{"osm_id":1415815300,"highway":"pedestrian","area":"yes"}},{"type":"Feature","id":"osm.way.1415815301","geometry":{"type":"LineString","coordinates":[[127.068012,37.613194],[127.067919,37.613115]]},"properties":{"osm_id":1415815301,"highway":"footway"}},{"type":"Feature","id":"osm.way.1415815302","geometry":{"type":"LineString","coordinates":[[127.065947,37.617043],[127.066139,37.617016],[127.066174,37.617013],[127.0662,37.617017],[127.066236,37.617027],[127.066928,37.617244],[127.066952,37.617244],[127.06697,37.617231],[127.066984,37.61721],[127.067003,37.617169]]},"properties":{"osm_id":1415815302,"highway":"service"}},{"type":"Feature","id":"osm.way.1415815303","geometry":{"type":"LineString","coordinates":[[127.065947,37.617043],[127.065943,37.617085],[127.065939,37.617116],[127.065929,37.617149],[127.065915,37.617178],[127.065916,37.617199],[127.065931,37.617211],[127.066038,37.617241]]},"properties":{"osm_id":1415815303,"highway":"service"}},{"type":"Feature","id":"osm.way.1415815307","geometry":{"type":"LineString","coordinates":[[127.065816,37.616634],[127.06569,37.616637],[127.065662,37.616633],[127.065526,37.616584],[127.065494,37.616575],[127.06546,37.616571],[127.065316,37.616557]]},"properties":{"osm_id":1415815307,"highway":"residential","oneway":"yes"}},{"type":"Feature","id":"osm.way.1415815312","geometry":{"type":"LineString","coordinates":[[127.064208,37.616805],[127.064303,37.616793],[127.064369,37.616788],[127.064441,37.616791],[127.064659,37.616843],[127.06478,37.616876]]},"properties":{"osm_id":1415815312,"highway":"tertiary","name":"화랑로45길"}},{"type":"Feature","id":"osm.way.1415815313","geometry":{"type":"LineString","coordinates":[[127.06478,37.616876],[127.065091,37.616957]]},"properties":{"osm_id":1415815313,"highway":"tertiary","name":"화랑로45길","tunnel":"yes","layer":"-1"}},{"type":"Feature","id":"osm.way.1415816127","geometry":{"type":"LineString","coordinates":[[127.06521,37.615546],[127.065291,37.615361],[127.065389,37.615089],[127.065391,37.615081],[127.06539,37.615068],[127.065382,37.615059],[127.065366,37.615051],[127.065131,37.615006],[127.065105,37.615002],[127.064982,37.614977],[127.064936,37.614967],[127.064889,37.614959]]},"properties":{"osm_id":1415816127,"highway":"residential","name":"화랑로"}},{"type":"Feature","id":"osm.way.1415816128","geometry":{"type":"LineString","coordinates":[[127.064813,37.616169],[127.064684,37.616563]]},"properties":{"osm_id":1415816128,"highway":"residential","name":"석계로8길"}},{"type":"Feature","id":"osm.way.1415816129","geometry":{"type":"LineString","coordinates":[[127.064608,37.616242],[127.06446,37.616213],[127.064417,37.616205]]},"properties":{"osm_id":1415816129,"highway":"service","name":"석계로8가길"}},{"type":"Feature","id":"osm.way.1415816141","geometry":{"type":"LineString","coordinates":[[127.064851,37.615428],[127.064919,37.61521],[127.064923,37.615205],[127.064928,37.615201]]},"properties":{"osm_id":1415816141,"highway":"residential","name":"석계로8가길"}},{"type":"Feature","id":"osm.way.1415816148","geometry":{"type":"LineString","coordinates":[[127.063338,37.615381],[127.063321,37.615288],[127.063304,37.615193],[127.063377,37.615184],[127.063408,37.615372]]},"properties":{"osm_id":1415816148,"highway":"service","oneway":"yes","service":"parking_aisle"}},{"type":"Feature","id":"osm.way.1415816149","geometry":{"type":"LineString","coordinates":[[127.063304,37.615193],[127.062599,37.615278],[127.062584,37.615286],[127.062579,37.615298],[127.062585,37.615362],[127.062593,37.615376],[127.062609,37.615382],[127.063321,37.615288]]},"properties":{"osm_id":1415816149,"highway":"service","service":"parking_aisle"}},{"type":"Feature","id":"osm.way.1415860371","geometry":{"type":"LineString","coordinates":[[127.065066,37.615225],[127.065131,37.615006]]},"properties":{"osm_id":1415860371,"highway":"service","name":"화랑로"}},{"type":"Feature","id":"osm.way.1415860372","geometry":{"type":"LineString","coordinates":[[127.064928,37.615201],[127.064936,37.6152],[127.064944,37.615201],[127.065066,37.615225],[127.065102,37.615232],[127.065108,37.615235],[127.065113,37.615239],[127.065115,37.615244],[127.065114,37.61525],[127.065078,37.615371]]},"properties":{"osm_id":1415860372,"highway":"service","name":"화랑로"}},{"type":"Feature","id":"osm.way.1415860384","geometry":{"type":"LineString","coordinates":[[127.064216,37.615702],[127.064257,37.615743],[127.064267,37.615752],[127.064283,37.615758],[127.064301,37.615762],[127.064329,37.615764],[127.064564,37.615768]]},"properties":{"osm_id":1415860384,"highway":"service","service":"parking_aisle"}},{"type":"Feature","id":"osm.way.1415860387","geometry":{"type":"LineString","coordinates":[[127.064295,37.615982],[127.064479,37.616018]]},"properties":{"osm_id":1415860387,"highway":"service","name":"석계로"}},{"type":"Feature","id":"osm.way.1415860398","geometry":{"type":"LineString","coordinates":[[127.064611,37.615464],[127.064607,37.615449],[127.064604,37.615436],[127.064586,37.615424],[127.064564,37.615418],[127.064543,37.615417],[127.064527,37.615419],[127.064412,37.615452],[127.064367,37.615462],[127.064335,37.615464],[127.064294,37.615466],[127.064248,37.615465],[127.064201,37.615463]]},"properties":{"osm_id":1415860398,"highway":"footway"}},{"type":"Feature","id":"osm.way.1415860399","geometry":{"type":"LineString","coordinates":[[127.064607,37.615449],[127.064651,37.615457],[127.064696,37.615466],[127.064703,37.615468]]},"properties":{"osm_id":1415860399,"highway":"footway"}},{"type":"Feature","id":"osm.way.1415860400","geometry":{"type":"LineString","coordinates":[[127.064703,37.615468],[127.064719,37.61542]]},"properties":{"osm_id":1415860400,"highway":"footway"}},{"type":"Feature","id":"osm.way.1415860401","geometry":{"type":"LineString","coordinates":[[127.064696,37.615466],[127.064471,37.616182]]},"properties":{"osm_id":1415860401,"highway":"footway"}},{"type":"Feature","id":"osm.way.1415860402","geometry":{"type":"LineString","coordinates":[[127.064471,37.616182],[127.06446,37.616213],[127.06445,37.616245]]},"properties":{"osm_id":1415860402,"highway":"footway"}},{"type":"Feature","id":"osm.way.1415860403","geometry":{"type":"LineString","coordinates":[[127.06445,37.616245],[127.064381,37.61647]]},"properties":{"osm_id":1415860403,"highway":"footway"}},{"type":"Feature","id":"osm.way.1415860404","geometry":{"type":"LineString","coordinates":[[127.064359,37.616549],[127.064325,37.616659],[127.064305,37.616723]]},"properties":{"osm_id":1415860404,"highway":"footway"}},{"type":"Feature","id":"osm.way.1415860405","geometry":{"type":"LineString","coordinates":[[127.064305,37.616723],[127.064303,37.616793],[127.064306,37.616902]]},"properties":{"osm_id":1415860405,"highway":"footway"}},{"type":"Feature","id":"osm.way.1415860406","geometry":{"type":"LineString","coordinates":[[127.064425,37.616853],[127.06439,37.61685],[127.064373,37.616855],[127.064355,37.616868],[127.064306,37.616902],[127.064255,37.616937],[127.064243,37.616949],[127.064236,37.616962],[127.064191,37.617126],[127.063893,37.618221]]},"properties":{"osm_id":1415860406,"highway":"footway"}},{"type":"Feature","id":"osm.way.1416455075","geometry":{"type":"LineString","coordinates":[[127.06599,37.609274],[127.066238,37.609286],[127.066371,37.60944],[127.066377,37.609449],[127.066388,37.609472],[127.066398,37.609503],[127.066404,37.609534],[127.066406,37.609981]]},"properties":{"osm_id":1416455075,"highway":"service","layer":"-1"}},{"type":"Feature","id":"osm.way.1416455077","geometry":{"type":"LineString","coordinates":[[127.06625,37.610416],[127.066253,37.609995],[127.066255,37.60999],[127.066259,37.609984],[127.066264,37.609981],[127.066273,37.609979],[127.066406,37.609981],[127.066645,37.609985],[127.066652,37.609986],[127.066657,37.609988],[127.066661,37.609993],[127.066663,37.609998],[127.066665,37.610206]]},"properties":{"osm_id":1416455077,"highway":"service","layer":"-1"}},{"type":"Feature","id":"osm.way.1416855720","geometry":{"type":"LineString","coordinates":[[127.065767,37.610293],[127.065779,37.610013],[127.065781,37.609966],[127.065777,37.609953],[127.065766,37.609945],[127.06575,37.609938],[127.065628,37.609932],[127.065605,37.609934],[127.065585,37.60994],[127.065511,37.609989],[127.065498,37.610003],[127.065493,37.610023],[127.065488,37.610084],[127.065485,37.610099],[127.065473,37.610106],[127.06538,37.610147],[127.065361,37.610158],[127.065347,37.610174],[127.065343,37.610189],[127.065345,37.610208],[127.065472,37.610478]]},"properties":{"osm_id":1416855720,"highway":"service"}},{"type":"Feature","id":"osm.way.1416855721","geometry":{"type":"LineString","coordinates":[[127.065779,37.610013],[127.065966,37.610016]]},"properties":{"osm_id":1416855721,"highway":"service"}},{"type":"Feature","id":"osm.way.1416855755","geometry":{"type":"LineString","coordinates":[[127.064893,37.610094],[127.065324,37.61015]]},"properties":{"osm_id":1416855755,"highway":"service","name":"한천로76가길"}},{"type":"Feature","id":"osm.way.1416855758","geometry":{"type":"LineString","coordinates":[[127.065239,37.610596],[127.065255,37.610731]]},"properties":{"osm_id":1416855758,"highway":"residential","name":"한천로72길"}},{"type":"Feature","id":"osm.way.1416855783","geometry":{"type":"LineString","coordinates":[[127.065423,37.611251],[127.065403,37.611195],[127.065385,37.611147],[127.065366,37.611098],[127.065351,37.611076],[127.065335,37.611061],[127.065313,37.611055],[127.065286,37.611054],[127.06483,37.611149]]},"properties":{"osm_id":1416855783,"highway":"service","service":"parking_aisle"}},{"type":"Feature","id":"osm.way.1416883387","geometry":{"type":"LineString","coordinates":[[127.064536,37.610647],[127.064794,37.610609]]},"properties":{"osm_id":1416883387,"highway":"service","service":"parking_aisle"}},{"type":"Feature","id":"osm.way.1417439441","geometry":{"type":"LineString","coordinates":[[127.064864,37.612809],[127.065213,37.612895]]},"properties":{"osm_id":1417439441,"highway":"service","name":"한천로66길"}},{"type":"Feature","id":"osm.way.1417439447","geometry":{"type":"LineString","coordinates":[[127.06521,37.614196],[127.065219,37.6141],[127.0653,37.613904],[127.065436,37.613854],[127.065694,37.613758],[127.06575,37.613745],[127.065856,37.613723],[127.065891,37.613719],[127.06591,37.613721],[127.06593,37.613723],[127.066066,37.613761],[127.066114,37.613762]]},"properties":{"osm_id":1417439447,"highway":"footway"}},{"type":"Feature","id":"osm.way.1417439448","geometry":{"type":"LineString","coordinates":[[127.06575,37.613745],[127.065713,37.613659],[127.065685,37.613597],[127.065672,37.613569]]},"properties":{"osm_id":1417439448,"highway":"cycleway"}},{"type":"Feature","id":"osm.way.1417439449","geometry":{"type":"LineString","coordinates":[[127.065392,37.613635],[127.065672,37.613569],[127.06576,37.613547],[127.065789,37.613533],[127.065816,37.613512],[127.065837,37.61347],[127.06587,37.613403]]},"properties":{"osm_id":1417439449,"highway":"footway"}},{"type":"Feature","id":"osm.way.1417439450","geometry":{"type":"LineString","coordinates":[[127.065837,37.61347],[127.065955,37.613507],[127.066036,37.613529]]},"properties":{"osm_id":1417439450,"highway":"cycleway"}},{"type":"Feature","id":"osm.way.1417439451","geometry":{"type":"LineString","coordinates":[[127.066607,37.61053],[127.066714,37.610609],[127.06675,37.610625],[127.066822,37.61068],[127.066912,37.610668],[127.067073,37.610795],[127.067131,37.610829],[127.067212,37.610819],[127.067078,37.611309],[127.066406,37.612764],[127.066036,37.613529],[127.066027,37.613546],[127.066028,37.613567],[127.066037,37.613587],[127.066047,37.613594],[127.066058,37.613603],[127.066109,37.613627],[127.066136,37.613635],[127.066167,37.613642]]},"properties":{"osm_id":1417439451,"highway":"footway"}},{"type":"Feature","id":"osm.way.1417439452","geometry":{"type":"LineString","coordinates":[[127.06591,37.613721],[127.065999,37.613638],[127.066047,37.613594]]},"properties":{"osm_id":1417439452,"highway":"cycleway"}},{"type":"Feature","id":"osm.way.1417439453","geometry":{"type":"LineString","coordinates":[[127.066167,37.613642],[127.066534,37.613731]]},"properties":{"osm_id":1417439453,"highway":"footway","tunnel":"yes","layer":"-1"}},{"type":"Feature","id":"osm.way.1417439454","geometry":{"type":"LineString","coordinates":[[127.066114,37.613762],[127.066157,37.613762],[127.066201,37.613766],[127.066234,37.613771],[127.066488,37.613836]]},"properties":{"osm_id":1417439454,"highway":"footway","tunnel":"yes","layer":"-1"}},{"type":"Feature","id":"osm.way.1417439455","geometry":{"type":"LineString","coordinates":[[127.066488,37.613836],[127.066522,37.613855],[127.06656,37.613883],[127.066702,37.614029],[127.066725,37.614046],[127.066835,37.61411],[127.066869,37.614124],[127.066894,37.614153],[127.066906,37.614185],[127.067134,37.614233],[127.067227,37.614201],[127.067355,37.614214],[127.067563,37.614245],[127.06781,37.614264],[127.068064,37.614263],[127.068302,37.614237],[127.068422,37.614227],[127.068828,37.61413],[127.06929,37.613953],[127.069508,37.613824],[127.069909,37.613488],[127.070094,37.61325],[127.070256,37.612912],[127.070316,37.612693],[127.070322,37.612104],[127.070298,37.611543],[127.0703,37.611191],[127.070309,37.610754],[127.070313,37.610682],[127.070263,37.610681]]},"properties":{"osm_id":1417439455,"highway":"footway"}},{"type":"Feature","id":"osm.way.1422799838","geometry":{"type":"LineString","coordinates":[[127.055187,37.631599],[127.054802,37.631725],[127.054583,37.631796]]},"properties":{"osm_id":1422799838,"highway":"service"}},{"type":"Feature","id":"osm.way.1425300868","geometry":{"type":"LineString","coordinates":[[127.065147,37.616972],[127.065135,37.617025]]},"properties":{"osm_id":1425300868,"highway":"residential","name":"화랑로45길"}},{"type":"Feature","id":"osm.way.1425300869","geometry":{"type":"LineString","coordinates":[[127.065135,37.617025],[127.065133,37.617149],[127.065154,37.617283],[127.064784,37.618133],[127.064278,37.619397],[127.064058,37.619888],[127.063934,37.621485],[127.063928,37.621644],[127.063999,37.621834],[127.064183,37.621951],[127.064627,37.622092],[127.065018,37.622243],[127.065349,37.622414],[127.065827,37.622642]]},"properties":{"osm_id":1425300869,"highway":"construction","service":"yard"}},{"type":"Feature","id":"osm.way.1433190682","geometry":{"type":"LineString","coordinates":[[127.064874,37.614165],[127.064893,37.614255],[127.064862,37.614384],[127.064973,37.614409],[127.065069,37.614427]]},"properties":{"osm_id":1433190682,"highway":"footway"}},{"type":"Feature","id":"osm.way.1433190683","geometry":{"type":"LineString","coordinates":[[127.062597,37.611166],[127.062431,37.611095],[127.062279,37.611026],[127.062327,37.610951],[127.062482,37.610817],[127.062596,37.610838],[127.062697,37.610856],[127.062909,37.610908],[127.062842,37.611033],[127.062794,37.611097],[127.062762,37.611132],[127.062716,37.611164],[127.062597,37.611166]]},"properties":{"osm_id":1433190683,"highway":"footway"}},{"type":"Feature","id":"osm.way.1433190684","geometry":{"type":"LineString","coordinates":[[127.066822,37.61068],[127.066699,37.61077],[127.066182,37.611048],[127.065936,37.611152],[127.065886,37.611098],[127.065834,37.611039],[127.06592,37.611005],[127.066315,37.61081],[127.066432,37.610697],[127.066607,37.61053]]},"properties":{"osm_id":1433190684,"highway":"footway"}},{"type":"Feature","id":"osm.way.1433190685","geometry":{"type":"LineString","coordinates":[[127.062909,37.610908],[127.063061,37.610714],[127.063588,37.610131],[127.064013,37.609678],[127.064054,37.609632],[127.064121,37.609558],[127.064517,37.609139],[127.064618,37.609034],[127.06463,37.609021],[127.065363,37.608241],[127.065517,37.608061],[127.065546,37.608029],[127.065582,37.607988],[127.0659,37.607579]]},"properties":{"osm_id":1433190685,"highway":"footway"}},{"type":"Feature","id":"osm.way.1433190688","geometry":{"type":"LineString","coordinates":[[127.065759,37.607372],[127.065498,37.607764],[127.065361,37.607898],[127.065097,37.608165],[127.065062,37.608202],[127.065034,37.608247],[127.064445,37.608857],[127.064399,37.608901],[127.064207,37.609097],[127.064175,37.609147],[127.064128,37.609192],[127.063852,37.609491],[127.063827,37.609528],[127.063782,37.609573],[127.06345,37.609942],[127.063383,37.610013],[127.063374,37.610022],[127.062928,37.610486],[127.062596,37.610838]]},"properties":{"osm_id":1433190688,"highway":"footway"}},{"type":"Feature","id":"osm.way.1433190690","geometry":{"type":"LineString","coordinates":[[127.063383,37.610013],[127.063468,37.610072],[127.063588,37.610131]]},"properties":{"osm_id":1433190690,"highway":"footway"}},{"type":"Feature","id":"osm.way.1434510980","geometry":{"type":"LineString","coordinates":[[127.067133,37.610722],[127.067029,37.610675],[127.066915,37.610631],[127.066833,37.610608],[127.066781,37.610611]]},"properties":{"osm_id":1434510980,"highway":"secondary_link","oneway":"yes"}},{"type":"Feature","id":"osm.way.1444129551","geometry":{"type":"LineString","coordinates":[[127.044495,37.629264],[127.044328,37.629146],[127.044195,37.629034]]},"properties":{"osm_id":1444129551,"highway":"path"}},{"type":"Feature","id":"osm.way.1444129553","geometry":{"type":"LineString","coordinates":[[127.042908,37.630629],[127.042853,37.630578]]},"properties":{"osm_id":1444129553,"highway":"path"}},{"type":"Feature","id":"osm.way.1444129554","geometry":{"type":"LineString","coordinates":[[127.042853,37.630578],[127.042775,37.630495],[127.042719,37.630436]]},"properties":{"osm_id":1444129554,"highway":"path"}},{"type":"Feature","id":"osm.way.1444129555","geometry":{"type":"LineString","coordinates":[[127.042719,37.630436],[127.042685,37.630399]]},"properties":{"osm_id":1444129555,"highway":"path"}},{"type":"Feature","id":"osm.way.1444133775","geometry":{"type":"LineString","coordinates":[[127.057266,37.617964],[127.057332,37.618041]]},"properties":{"osm_id":1444133775,"highway":"steps"}},{"type":"Feature","id":"osm.way.1444133776","geometry":{"type":"LineString","coordinates":[[127.057026,37.618189],[127.057115,37.618255]]},"properties":{"osm_id":1444133776,"highway":"steps"}},{"type":"Feature","id":"osm.way.1444133777","geometry":{"type":"LineString","coordinates":[[127.057115,37.618255],[127.057174,37.618293],[127.057225,37.618383]]},"properties":{"osm_id":1444133777,"highway":"footway"}},{"type":"Feature","id":"osm.way.1444392879","geometry":{"type":"LineString","coordinates":[[127.069792,37.63162],[127.069803,37.631553],[127.070095,37.631513],[127.070302,37.631477],[127.070338,37.631468]]},"properties":{"osm_id":1444392879,"highway":"footway"}},{"type":"Feature","id":"osm.way.1444392880","geometry":{"type":"LineString","coordinates":[[127.065697,37.631311],[127.065636,37.631298],[127.065548,37.631275],[127.065486,37.631259],[127.065447,37.631229],[127.065433,37.631196],[127.065441,37.631168],[127.065473,37.631125],[127.065509,37.631103],[127.065545,37.63109],[127.06559,37.631089],[127.06564,37.631098],[127.065684,37.631097]]},"properties":{"osm_id":1444392880,"highway":"footway"}},{"type":"Feature","id":"osm.way.1444392881","geometry":{"type":"LineString","coordinates":[[127.065474,37.630697],[127.06548,37.630663],[127.065438,37.630624],[127.065366,37.630598],[127.065305,37.630577]]},"properties":{"osm_id":1444392881,"highway":"footway"}},{"type":"Feature","id":"osm.way.1444392882","geometry":{"type":"LineString","coordinates":[[127.065637,37.630755],[127.065548,37.630718],[127.065474,37.630697]]},"properties":{"osm_id":1444392882,"highway":"footway"}},{"type":"Feature","id":"osm.way.1444392883","geometry":{"type":"LineString","coordinates":[[127.065474,37.630697],[127.06541,37.630783],[127.065333,37.630926],[127.065277,37.631039],[127.065254,37.631116],[127.065228,37.631208],[127.06523,37.631261],[127.065252,37.631303],[127.065285,37.631329],[127.065313,37.631349]]},"properties":{"osm_id":1444392883,"highway":"footway"}},{"type":"Feature","id":"osm.way.1444392884","geometry":{"type":"LineString","coordinates":[[127.065313,37.631349],[127.065384,37.631366],[127.065465,37.631382]]},"properties":{"osm_id":1444392884,"highway":"footway"}},{"type":"Feature","id":"osm.way.1444392885","geometry":{"type":"LineString","coordinates":[[127.065465,37.631382],[127.067303,37.631698],[127.067333,37.631714],[127.066129,37.634386]]},"properties":{"osm_id":1444392885,"highway":"footway"}},{"type":"Feature","id":"osm.way.1444392886","geometry":{"type":"LineString","coordinates":[[127.066129,37.634386],[127.066197,37.634433],[127.066293,37.634499]]},"properties":{"osm_id":1444392886,"highway":"footway"}},{"type":"Feature","id":"osm.way.1444392887","geometry":{"type":"LineString","coordinates":[[127.07124,37.631434],[127.071324,37.631363],[127.071487,37.63128],[127.071651,37.631202],[127.071787,37.631115],[127.07194,37.631014],[127.072082,37.630908],[127.072274,37.630731],[127.072453,37.630584],[127.072679,37.630407],[127.073488,37.629838],[127.073665,37.629732],[127.073829,37.629657],[127.074015,37.629594],[127.074122,37.629555]]},"properties":{"osm_id":1444392887,"highway":"footway"}},{"type":"Feature","id":"osm.way.1444392888","geometry":{"type":"LineString","coordinates":[[127.07124,37.631434],[127.071243,37.631375],[127.071194,37.631334],[127.071106,37.631323],[127.071013,37.631325],[127.070927,37.631336],[127.070884,37.631324],[127.070862,37.631295]]},"properties":{"osm_id":1444392888,"highway":"footway"}},{"type":"Feature","id":"osm.way.1444392900","geometry":{"type":"LineString","coordinates":[[127.047144,37.628631],[127.046944,37.628639],[127.046664,37.628641],[127.046326,37.62861],[127.046102,37.628706],[127.045845,37.62881],[127.0457,37.62885]]},"properties":{"osm_id":1444392900,"highway":"residential"}},{"type":"Feature","id":"osm.way.1446739054","geometry":{"type":"LineString","coordinates":[[127.063712,37.625451],[127.063711,37.625489],[127.063702,37.625988]]},"properties":{"osm_id":1446739054,"highway":"footway"}},{"type":"Feature","id":"osm.way.1446739055","geometry":{"type":"LineString","coordinates":[[127.063752,37.624308],[127.063748,37.62445],[127.063737,37.624908]]},"properties":{"osm_id":1446739055,"highway":"footway"}},{"type":"Feature","id":"osm.way.1446739058","geometry":{"type":"LineString","coordinates":[[127.063419,37.623925],[127.063416,37.624306]]},"properties":{"osm_id":1446739058,"highway":"footway"}},{"type":"Feature","id":"osm.way.1447851255","geometry":{"type":"LineString","coordinates":[[127.05883,37.61472],[127.058186,37.614307]]},"properties":{"osm_id":1447851255,"highway":"residential"}},{"type":"Feature","id":"osm.way.1447851256","geometry":{"type":"LineString","coordinates":[[127.058054,37.61424],[127.058069,37.614224],[127.05809,37.614213],[127.058114,37.614207],[127.058139,37.614208],[127.058162,37.614215],[127.058183,37.614228],[127.058197,37.614246],[127.058202,37.614267],[127.058198,37.614288],[127.058186,37.614307],[127.058166,37.614321],[127.058142,37.614329],[127.058115,37.614331],[127.058089,37.614325],[127.058069,37.614313],[127.058054,37.614297],[127.058046,37.614279],[127.058046,37.614259],[127.058054,37.61424]]},"properties":{"osm_id":1447851256,"highway":"residential","oneway":"yes"}},{"type":"Feature","id":"osm.way.1447851257","geometry":{"type":"LineString","coordinates":[[127.058069,37.614224],[127.056954,37.613576]]},"properties":{"osm_id":1447851257,"highway":"residential"}},{"type":"Feature","id":"osm.way.1447851258","geometry":{"type":"LineString","coordinates":[[127.056822,37.61351],[127.056837,37.613494],[127.056858,37.613483],[127.056882,37.613477],[127.056906,37.613478],[127.05693,37.613484],[127.056951,37.613498],[127.056965,37.613516],[127.05697,37.613537],[127.056966,37.613558],[127.056954,37.613576],[127.056934,37.613591],[127.05691,37.613599],[127.056883,37.6136],[127.056857,37.613594],[127.056837,37.613583],[127.056822,37.613567],[127.056814,37.613548],[127.056814,37.613528],[127.056822,37.61351]]},"properties":{"osm_id":1447851258,"highway":"residential","oneway":"yes"}},{"type":"Feature","id":"osm.way.1447851259","geometry":{"type":"LineString","coordinates":[[127.056837,37.613583],[127.055866,37.614408],[127.055816,37.61445],[127.055652,37.614589],[127.055455,37.614757],[127.054956,37.615181]]},"properties":{"osm_id":1447851259,"highway":"residential"}},{"type":"Feature","id":"osm.way.1447851260","geometry":{"type":"LineString","coordinates":[[127.055816,37.61445],[127.056272,37.614782],[127.056301,37.614811],[127.056308,37.614847],[127.056305,37.614888],[127.0563,37.614904],[127.056272,37.614941],[127.056026,37.615138]]},"properties":{"osm_id":1447851260,"highway":"residential"}},{"type":"Feature","id":"osm.way.1447851261","geometry":{"type":"LineString","coordinates":[[127.056094,37.6131],[127.056101,37.613093],[127.056109,37.613084],[127.056129,37.613073],[127.056153,37.613067],[127.056178,37.613068],[127.056201,37.613074],[127.056222,37.613088],[127.056236,37.613106],[127.056241,37.613127],[127.056238,37.613148],[127.056225,37.613166],[127.056206,37.613181],[127.056181,37.613189],[127.056154,37.61319],[127.056129,37.613184],[127.056108,37.613173],[127.056093,37.613157],[127.056086,37.613138],[127.056086,37.613118],[127.056094,37.6131]]},"properties":{"osm_id":1447851261,"highway":"residential","oneway":"yes"}},{"type":"Feature","id":"osm.way.1447851262","geometry":{"type":"LineString","coordinates":[[127.056837,37.613494],[127.056225,37.613166]]},"properties":{"osm_id":1447851262,"highway":"residential"}},{"type":"Feature","id":"osm.way.1447851263","geometry":{"type":"LineString","coordinates":[[127.056101,37.613093],[127.055382,37.612661],[127.055271,37.612512]]},"properties":{"osm_id":1447851263,"highway":"residential"}},{"type":"Feature","id":"osm.way.1447851264","geometry":{"type":"LineString","coordinates":[[127.056129,37.613184],[127.056002,37.613317]]},"properties":{"osm_id":1447851264,"highway":"residential"}},{"type":"Feature","id":"osm.way.1447851266","geometry":{"type":"LineString","coordinates":[[127.058756,37.611794],[127.058686,37.611877],[127.058656,37.611918],[127.05823,37.612327],[127.057981,37.612559]]},"properties":{"osm_id":1447851266,"highway":"tertiary","name":"화랑로37길"}},{"type":"Feature","id":"osm.way.1447851285","geometry":{"type":"LineString","coordinates":[[127.055455,37.614757],[127.055626,37.614873]]},"properties":{"osm_id":1447851285,"highway":"service"}},{"type":"Feature","id":"osm.way.1447851286","geometry":{"type":"LineString","coordinates":[[127.056308,37.614847],[127.056641,37.614796],[127.056868,37.614948],[127.056803,37.615004],[127.057068,37.615188],[127.057587,37.615551]]},"properties":{"osm_id":1447851286,"highway":"footway"}},{"type":"Feature","id":"osm.way.1447851287","geometry":{"type":"LineString","coordinates":[[127.057587,37.615551],[127.058039,37.615154],[127.058029,37.615083],[127.057736,37.614889],[127.057522,37.61474],[127.057046,37.614432]]},"properties":{"osm_id":1447851287,"highway":"footway"}},{"type":"Feature","id":"osm.way.1447851288","geometry":{"type":"LineString","coordinates":[[127.057736,37.614889],[127.057912,37.614729]]},"properties":{"osm_id":1447851288,"highway":"footway"}},{"type":"Feature","id":"osm.way.1447851289","geometry":{"type":"LineString","coordinates":[[127.057068,37.615188],[127.057522,37.61474]]},"properties":{"osm_id":1447851289,"highway":"footway"}},{"type":"Feature","id":"osm.way.1447851290","geometry":{"type":"LineString","coordinates":[[127.057068,37.615188],[127.056828,37.615387],[127.056649,37.61554],[127.056095,37.615804]]},"properties":{"osm_id":1447851290,"highway":"footway"}},{"type":"Feature","id":"osm.way.1447851291","geometry":{"type":"LineString","coordinates":[[127.056095,37.615804],[127.05584,37.615484],[127.05583,37.615454],[127.055838,37.615419],[127.055863,37.615381],[127.05618,37.615134],[127.056828,37.615387]]},"properties":{"osm_id":1447851291,"highway":"footway"}},{"type":"Feature","id":"osm.way.1447851292","geometry":{"type":"LineString","coordinates":[[127.056095,37.615804],[127.056419,37.616247],[127.05646,37.616279],[127.056485,37.616289],[127.056522,37.61629],[127.056558,37.616274],[127.057053,37.615954],[127.057348,37.615764],[127.057587,37.615551]]},"properties":{"osm_id":1447851292,"highway":"footway"}},{"type":"Feature","id":"osm.way.1447851293","geometry":{"type":"LineString","coordinates":[[127.056649,37.61554],[127.057053,37.615954]]},"properties":{"osm_id":1447851293,"highway":"footway"}},{"type":"Feature","id":"osm.way.1447851294","geometry":{"type":"LineString","coordinates":[[127.056002,37.613317],[127.056016,37.613326],[127.05609,37.613369],[127.055804,37.613669],[127.055731,37.613625],[127.055186,37.613296],[127.054939,37.613147]]},"properties":{"osm_id":1447851294,"highway":"footway"}},{"type":"Feature","id":"osm.way.1447851295","geometry":{"type":"LineString","coordinates":[[127.055186,37.613296],[127.054967,37.613499],[127.054728,37.61372],[127.054467,37.613962],[127.054213,37.614198],[127.054068,37.614332]]},"properties":{"osm_id":1447851295,"highway":"footway"}},{"type":"Feature","id":"osm.way.1447851296","geometry":{"type":"LineString","coordinates":[[127.054213,37.614198],[127.05474,37.614504],[127.055164,37.61475],[127.055202,37.61476],[127.055237,37.614751],[127.05527,37.614734],[127.055525,37.614502]]},"properties":{"osm_id":1447851296,"highway":"footway"}},{"type":"Feature","id":"osm.way.1447851297","geometry":{"type":"LineString","coordinates":[[127.05474,37.614504],[127.055002,37.6143],[127.055266,37.614095],[127.055339,37.614038],[127.055503,37.613865],[127.055731,37.613625]]},"properties":{"osm_id":1447851297,"highway":"footway"}},{"type":"Feature","id":"osm.way.1447851298","geometry":{"type":"LineString","coordinates":[[127.055503,37.613865],[127.054967,37.613499]]},"properties":{"osm_id":1447851298,"highway":"footway"}},{"type":"Feature","id":"osm.way.1447851299","geometry":{"type":"LineString","coordinates":[[127.055266,37.614095],[127.054728,37.61372]]},"properties":{"osm_id":1447851299,"highway":"footway"}},{"type":"Feature","id":"osm.way.1447851300","geometry":{"type":"LineString","coordinates":[[127.055339,37.614038],[127.055738,37.614318],[127.055866,37.614408]]},"properties":{"osm_id":1447851300,"highway":"footway"}},{"type":"Feature","id":"osm.way.1447851301","geometry":{"type":"LineString","coordinates":[[127.055525,37.614502],[127.055652,37.614589]]},"properties":{"osm_id":1447851301,"highway":"footway"}},{"type":"Feature","id":"osm.way.1447851302","geometry":{"type":"LineString","coordinates":[[127.055002,37.6143],[127.054467,37.613962]]},"properties":{"osm_id":1447851302,"highway":"footway"}},{"type":"Feature","id":"osm.way.1447851303","geometry":{"type":"LineString","coordinates":[[127.055804,37.613669],[127.05609,37.613855],[127.056114,37.613884],[127.056124,37.613929],[127.056099,37.613995],[127.055738,37.614318]]},"properties":{"osm_id":1447851303,"highway":"footway"}},{"type":"Feature","id":"osm.way.1447851306","geometry":{"type":"LineString","coordinates":[[127.058183,37.614228],[127.058281,37.614141],[127.058326,37.6141]]},"properties":{"osm_id":1447851306,"highway":"residential"}},{"type":"Feature","id":"osm.way.1447851307","geometry":{"type":"LineString","coordinates":[[127.058281,37.614141],[127.0587,37.614362],[127.058743,37.614378],[127.058787,37.614381],[127.058818,37.614373],[127.058956,37.61422],[127.058968,37.614175],[127.058973,37.614159],[127.059003,37.614106],[127.05905,37.614057],[127.059165,37.613967],[127.059361,37.613871],[127.059432,37.613784],[127.059428,37.613753],[127.059397,37.613704],[127.059321,37.613637],[127.058682,37.613175],[127.058514,37.613051],[127.058025,37.61275],[127.057984,37.612754],[127.057948,37.612769],[127.05783,37.612885],[127.057823,37.612916],[127.057837,37.612955],[127.058395,37.613311],[127.058257,37.613603]]},"properties":{"osm_id":1447851307,"highway":"footway"}},{"type":"Feature","id":"osm.way.1447851308","geometry":{"type":"LineString","coordinates":[[127.058395,37.613311],[127.058682,37.613175]]},"properties":{"osm_id":1447851308,"highway":"footway"}},{"type":"Feature","id":"osm.way.1447851309","geometry":{"type":"LineString","coordinates":[[127.058968,37.614175],[127.058673,37.613996]]},"properties":{"osm_id":1447851309,"highway":"footway"}},{"type":"Feature","id":"osm.way.1447851310","geometry":{"type":"LineString","coordinates":[[127.058257,37.613603],[127.058083,37.613664]]},"properties":{"osm_id":1447851310,"highway":"footway"}},{"type":"Feature","id":"osm.way.1447851311","geometry":{"type":"LineString","coordinates":[[127.058257,37.613603],[127.058509,37.613786]]},"properties":{"osm_id":1447851311,"highway":"footway"}},{"type":"Feature","id":"osm.way.1447851312","geometry":{"type":"LineString","coordinates":[[127.058054,37.614297],[127.057856,37.61447]]},"properties":{"osm_id":1447851312,"highway":"residential"}},{"type":"Feature","id":"osm.way.1447851313","geometry":{"type":"LineString","coordinates":[[127.057522,37.61474],[127.057856,37.61447]]},"properties":{"osm_id":1447851313,"highway":"footway"}},{"type":"Feature","id":"osm.way.1455063482","geometry":{"type":"LineString","coordinates":[[127.069345,37.615755],[127.068302,37.615508],[127.067763,37.615395]]},"properties":{"osm_id":1455063482,"highway":"primary","name":"화랑로","ref":"20","lanes":"2","oneway":"yes"}},{"type":"Feature","id":"osm.way.1455063483","geometry":{"type":"LineString","coordinates":[[127.067775,37.615339],[127.068328,37.615449],[127.068831,37.615542]]},"properties":{"osm_id":1455063483,"highway":"primary","name":"화랑로","ref":"20","lanes":"2","oneway":"yes"}},{"type":"Feature","id":"osm.way.1455063487","geometry":{"type":"LineString","coordinates":[[127.072229,37.615883],[127.071945,37.616623],[127.071885,37.61684],[127.071848,37.617044],[127.071833,37.617224],[127.071823,37.617443],[127.071857,37.619008],[127.071844,37.619274],[127.071816,37.619603],[127.071638,37.620518],[127.071468,37.621192],[127.071205,37.622047],[127.070944,37.622799],[127.070513,37.624043],[127.0704,37.624352],[127.070261,37.624646]]},"properties":{"osm_id":1455063487,"highway":"trunk","name":"동부간선로","ref":"61","lanes":"3","width":"12","oneway":"yes"}},{"type":"Feature","id":"osm.way.1455063488","geometry":{"type":"LineString","coordinates":[[127.070261,37.624646],[127.070156,37.624827]]},"properties":{"osm_id":1455063488,"highway":"trunk","name":"동부간선로","ref":"61","lanes":"3","width":"12","oneway":"yes","bridge":"yes","layer":"1"}},{"type":"Feature","id":"osm.way.1462324383","geometry":{"type":"LineString","coordinates":[[127.046548,37.630059],[127.046688,37.630044],[127.046824,37.629996],[127.046944,37.629917],[127.047017,37.629828],[127.047018,37.62978],[127.04694,37.629714],[127.046906,37.62964],[127.046915,37.62953],[127.046999,37.629422],[127.046956,37.629383],[127.046915,37.629289],[127.0469,37.629253]]},"properties":{"osm_id":1462324383,"highway":"footway"}},{"type":"Feature","id":"osm.way.1462324391","geometry":{"type":"LineString","coordinates":[[127.047665,37.629887],[127.047621,37.629792],[127.047539,37.629698],[127.047417,37.629639],[127.047257,37.629592],[127.047149,37.629563]]},"properties":{"osm_id":1462324391,"highway":"footway"}},{"type":"Feature","id":"osm.way.1467989727","geometry":{"type":"LineString","coordinates":[[127.057556,37.625624],[127.057496,37.625636],[127.057422,37.625578],[127.057328,37.625565],[127.057235,37.625564],[127.057171,37.625582],[127.057109,37.625626],[127.057045,37.625665],[127.056987,37.625636],[127.056985,37.625592],[127.057018,37.625555],[127.056976,37.62551],[127.056889,37.625507],[127.056843,37.625482],[127.056801,37.625486],[127.05671,37.625452],[127.056637,37.625491],[127.056603,37.625539],[127.056555,37.625553],[127.056534,37.625579],[127.056536,37.625623],[127.056512,37.625651],[127.056448,37.625619],[127.05635,37.625663],[127.056271,37.625683],[127.056189,37.625741]]},"properties":{"osm_id":1467989727,"highway":"footway"}},{"type":"Feature","id":"osm.way.1467989728","geometry":{"type":"LineString","coordinates":[[127.05648,37.627488],[127.056561,37.627464],[127.056645,37.627436],[127.056713,37.62743],[127.056739,37.627406],[127.056805,37.627413],[127.056887,37.627418],[127.056936,37.627406],[127.056973,37.627406],[127.057019,37.627435],[127.057086,37.627416]]},"properties":{"osm_id":1467989728,"highway":"footway"}},{"type":"Feature","id":"osm.way.1467989729","geometry":{"type":"LineString","coordinates":[[127.057093,37.627308],[127.057198,37.627233],[127.057244,37.627181],[127.057287,37.627163],[127.057353,37.627162],[127.057379,37.62713],[127.0574,37.627065],[127.057441,37.627053],[127.057531,37.627069],[127.057598,37.627058],[127.05764,37.627014],[127.057709,37.626996],[127.057758,37.627026],[127.057813,37.627073],[127.057852,37.627073],[127.057889,37.627102],[127.057934,37.627114],[127.057982,37.627139],[127.057992,37.627196],[127.058024,37.627265],[127.058053,37.627293],[127.058094,37.627303],[127.058105,37.627265],[127.058129,37.627206],[127.058161,37.627186],[127.058206,37.627176],[127.058284,37.62719],[127.058375,37.62721],[127.058422,37.627217],[127.058396,37.627136],[127.058375,37.627062],[127.058364,37.626992],[127.058347,37.626919],[127.058321,37.626859],[127.05833,37.626785],[127.05839,37.626724],[127.058395,37.626687],[127.058458,37.626638],[127.058531,37.626645]]},"properties":{"osm_id":1467989729,"highway":"footway"}},{"type":"Feature","id":"osm.way.1478722564","geometry":{"type":"LineString","coordinates":[[127.063166,37.626381],[127.063142,37.626377],[127.063097,37.626594],[127.063077,37.62659]]},"properties":{"osm_id":1478722564,"highway":"path"}},{"type":"Feature","id":"osm.way.1478722565","geometry":{"type":"LineString","coordinates":[[127.063336,37.626379],[127.063242,37.626382],[127.063166,37.626381]]},"properties":{"osm_id":1478722565,"highway":"path"}},{"type":"Feature","id":"osm.way.1478722566","geometry":{"type":"LineString","coordinates":[[127.063077,37.62659],[127.063027,37.626583],[127.062973,37.626573],[127.062926,37.626579],[127.06287,37.6266],[127.062841,37.626615],[127.062808,37.626611],[127.062779,37.626605]]},"properties":{"osm_id":1478722566,"highway":"path"}},{"type":"Feature","id":"osm.way.1478722567","geometry":{"type":"LineString","coordinates":[[127.062779,37.626605],[127.062649,37.626879],[127.062594,37.627014],[127.062546,37.627085],[127.062468,37.627203],[127.062417,37.627298],[127.0624,37.627357]]},"properties":{"osm_id":1478722567,"highway":"footway"}},{"type":"Feature","id":"osm.way.1478722568","geometry":{"type":"LineString","coordinates":[[127.061916,37.629945],[127.061693,37.629783],[127.061511,37.629587],[127.061384,37.629492],[127.061324,37.629361],[127.061381,37.629211],[127.061672,37.629045]]},"properties":{"osm_id":1478722568,"highway":"footway"}},{"type":"Feature","id":"osm.way.1478779798","geometry":{"type":"LineString","coordinates":[[127.063927,37.630545],[127.063893,37.630652],[127.063874,37.630711]]},"properties":{"osm_id":1478779798,"highway":"footway","bridge":"yes","layer":"1"}},{"type":"Feature","id":"osm.way.1478779801","geometry":{"type":"LineString","coordinates":[[127.070589,37.630781],[127.070038,37.63203]]},"properties":{"osm_id":1478779801,"highway":"primary","name":"동일로","oneway":"yes","tunnel":"yes","layer":"-1"}},{"type":"Feature","id":"osm.way.1478779802","geometry":{"type":"LineString","coordinates":[[127.068316,37.635541],[127.068418,37.635306],[127.068877,37.634304],[127.069433,37.63308],[127.069486,37.632965],[127.069932,37.631997]]},"properties":{"osm_id":1478779802,"highway":"primary","name":"동일로","oneway":"yes"}},{"type":"Feature","id":"osm.way.1478779803","geometry":{"type":"LineString","coordinates":[[127.070038,37.63203],[127.069624,37.632969],[127.069559,37.633107],[127.069113,37.634125],[127.068825,37.63478],[127.068476,37.635592],[127.068277,37.635999]]},"properties":{"osm_id":1478779803,"highway":"primary","name":"동일로","oneway":"yes"}},{"type":"Feature","id":"osm.way.1478788800","geometry":{"type":"LineString","coordinates":[[127.068983,37.623871],[127.069009,37.623806],[127.068926,37.623778],[127.068589,37.623657],[127.068563,37.623664]]},"properties":{"osm_id":1478788800,"highway":"footway"}},{"type":"Feature","id":"osm.way.1478788801","geometry":{"type":"LineString","coordinates":[[127.068916,37.623972],[127.068983,37.623871]]},"properties":{"osm_id":1478788801,"highway":"footway","tunnel":"yes","layer":"-1"}},{"type":"Feature","id":"osm.way.1478788802","geometry":{"type":"LineString","coordinates":[[127.063156,37.624341],[127.063176,37.624352],[127.0632,37.624359],[127.063224,37.624359],[127.063248,37.624353],[127.063268,37.624341],[127.063282,37.624324],[127.063289,37.624306],[127.063287,37.624285],[127.063277,37.624266],[127.06326,37.62425],[127.063237,37.62424],[127.063211,37.624237],[127.063185,37.624241],[127.063162,37.624251],[127.063145,37.624267],[127.063136,37.624286],[127.063135,37.624305],[127.063142,37.624324],[127.063156,37.624341]]},"properties":{"osm_id":1478788802,"highway":"service"}},{"type":"Feature","id":"osm.way.1478788803","geometry":{"type":"LineString","coordinates":[[127.068048,37.623603],[127.068084,37.623543],[127.06812,37.623477]]},"properties":{"osm_id":1478788803,"highway":"footway"}},{"type":"Feature","id":"osm.way.1478788804","geometry":{"type":"LineString","coordinates":[[127.068146,37.623786],[127.068254,37.623811],[127.068382,37.623843]]},"properties":{"osm_id":1478788804,"highway":"footway"}},{"type":"Feature","id":"osm.way.1478788805","geometry":{"type":"LineString","coordinates":[[127.068048,37.623603],[127.068108,37.623634],[127.068146,37.62368],[127.068159,37.623735],[127.068146,37.623786],[127.0681,37.62389],[127.067875,37.624487],[127.067742,37.624738],[127.067509,37.625049],[127.067141,37.625388],[127.066934,37.625374]]},"properties":{"osm_id":1478788805,"highway":"footway"}},{"type":"Feature","id":"osm.way.1478788806","geometry":{"type":"LineString","coordinates":[[127.06231,37.627384],[127.062349,37.627374],[127.0624,37.627357]]},"properties":{"osm_id":1478788806,"highway":"footway"}},{"type":"Feature","id":"osm.way.1478788807","geometry":{"type":"LineString","coordinates":[[127.062233,37.627515],[127.06226,37.627469],[127.062279,37.627415]]},"properties":{"osm_id":1478788807,"highway":"footway"}},{"type":"Feature","id":"osm.way.1478788808","geometry":{"type":"LineString","coordinates":[[127.062279,37.627415],[127.06231,37.627384]]},"properties":{"osm_id":1478788808,"highway":"footway"}},{"type":"Feature","id":"osm.way.1478788809","geometry":{"type":"LineString","coordinates":[[127.062306,37.62761],[127.062233,37.627515]]},"properties":{"osm_id":1478788809,"highway":"footway"}},{"type":"Feature","id":"osm.way.1478788810","geometry":{"type":"LineString","coordinates":[[127.062355,37.627666],[127.062328,37.627637],[127.062306,37.62761]]},"properties":{"osm_id":1478788810,"highway":"footway"}},{"type":"Feature","id":"osm.way.1478788811","geometry":{"type":"LineString","coordinates":[[127.064387,37.627821],[127.064301,37.627925],[127.064263,37.627946],[127.064212,37.627938],[127.063299,37.627685],[127.062483,37.627445],[127.062425,37.627412],[127.0624,37.627357]]},"properties":{"osm_id":1478788811,"highway":"footway"}},{"type":"Feature","id":"osm.way.1478788812","geometry":{"type":"LineString","coordinates":[[127.064539,37.627656],[127.064415,37.627787],[127.064387,37.627821]]},"properties":{"osm_id":1478788812,"highway":"footway"}},{"type":"Feature","id":"osm.way.1478788813","geometry":{"type":"LineString","coordinates":[[127.065581,37.626746],[127.065536,37.626784],[127.064948,37.627303],[127.064539,37.627656]]},"properties":{"osm_id":1478788813,"highway":"footway"}},{"type":"Feature","id":"osm.way.1478788814","geometry":{"type":"LineString","coordinates":[[127.06571,37.626635],[127.065661,37.626678],[127.065581,37.626746]]},"properties":{"osm_id":1478788814,"highway":"footway"}},{"type":"Feature","id":"osm.way.1478788815","geometry":{"type":"LineString","coordinates":[[127.066905,37.62551],[127.066926,37.625571],[127.06571,37.626635]]},"properties":{"osm_id":1478788815,"highway":"footway"}},{"type":"Feature","id":"osm.way.1478788816","geometry":{"type":"LineString","coordinates":[[127.066934,37.625374],[127.06692,37.625445],[127.066905,37.62551]]},"properties":{"osm_id":1478788816,"highway":"footway"}},{"type":"Feature","id":"osm.way.1478788817","geometry":{"type":"LineString","coordinates":[[127.066926,37.625571],[127.067012,37.625633],[127.067108,37.625704]]},"properties":{"osm_id":1478788817,"highway":"footway"}},{"type":"Feature","id":"osm.way.1478788818","geometry":{"type":"LineString","coordinates":[[127.068515,37.623814],[127.068457,37.623823],[127.068382,37.623843],[127.068353,37.623883],[127.068295,37.624081],[127.068211,37.624318],[127.068151,37.624465],[127.068091,37.624597],[127.068026,37.624729],[127.067926,37.62489],[127.067793,37.625089],[127.067703,37.625198],[127.067604,37.625293],[127.067313,37.625552],[127.067108,37.625704],[127.066568,37.626204],[127.066017,37.626682],[127.06573,37.626929],[127.065347,37.627276],[127.065114,37.627443],[127.064974,37.627547],[127.064872,37.627616],[127.064787,37.627706],[127.064715,37.627805],[127.06463,37.62793],[127.064558,37.628026],[127.064442,37.62821],[127.064335,37.6284]]},"properties":{"osm_id":1478788818,"highway":"footway"}},{"type":"Feature","id":"osm.way.1478788819","geometry":{"type":"LineString","coordinates":[[127.064301,37.627925],[127.064411,37.627965],[127.064558,37.628026]]},"properties":{"osm_id":1478788819,"highway":"footway"}},{"type":"Feature","id":"osm.way.1478788820","geometry":{"type":"LineString","coordinates":[[127.065536,37.626784],[127.065625,37.626845],[127.06573,37.626929]]},"properties":{"osm_id":1478788820,"highway":"footway"}},{"type":"Feature","id":"osm.way.1478788821","geometry":{"type":"LineString","coordinates":[[127.070957,37.624839],[127.070791,37.624788]]},"properties":{"osm_id":1478788821,"highway":"steps"}},{"type":"Feature","id":"osm.way.1478788822","geometry":{"type":"LineString","coordinates":[[127.070775,37.624805],[127.070791,37.624788],[127.07082,37.624748],[127.070582,37.624651],[127.068944,37.623962],[127.068781,37.623932],[127.068515,37.623814]]},"properties":{"osm_id":1478788822,"highway":"footway","bridge":"yes","layer":"1"}},{"type":"Feature","id":"osm.way.1478788823","geometry":{"type":"LineString","coordinates":[[127.071082,37.624725],[127.070883,37.624646]]},"properties":{"osm_id":1478788823,"highway":"steps"}},{"type":"Feature","id":"osm.way.1478788824","geometry":{"type":"LineString","coordinates":[[127.070883,37.624646],[127.070871,37.624668],[127.068592,37.623719]]},"properties":{"osm_id":1478788824,"highway":"footway","bridge":"yes","layer":"1"}},{"type":"Feature","id":"osm.way.1478788825","geometry":{"type":"LineString","coordinates":[[127.068592,37.623719],[127.068563,37.623664],[127.068499,37.623543]]},"properties":{"osm_id":1478788825,"highway":"footway"}},{"type":"Feature","id":"osm.way.1478788826","geometry":{"type":"LineString","coordinates":[[127.068499,37.623543],[127.069643,37.621163],[127.069835,37.620541],[127.069922,37.620095],[127.069995,37.619716]]},"properties":{"osm_id":1478788826,"highway":"footway"}},{"type":"Feature","id":"osm.way.1478788827","geometry":{"type":"LineString","coordinates":[[127.069642,37.620054],[127.069774,37.620074],[127.069922,37.620095]]},"properties":{"osm_id":1478788827,"highway":"footway"}},{"type":"Feature","id":"osm.way.1478788828","geometry":{"type":"LineString","coordinates":[[127.069836,37.615985],[127.069868,37.616026],[127.069882,37.616089],[127.06986,37.616624],[127.069846,37.617467],[127.069764,37.617508]]},"properties":{"osm_id":1478788828,"highway":"footway"}},{"type":"Feature","id":"osm.way.1478788829","geometry":{"type":"LineString","coordinates":[[127.069764,37.617508],[127.069764,37.617546],[127.069764,37.617592],[127.069765,37.61765]]},"properties":{"osm_id":1478788829,"highway":"footway"}},{"type":"Feature","id":"osm.way.1478788830","geometry":{"type":"LineString","coordinates":[[127.069765,37.61765],[127.069832,37.61768],[127.069878,37.617732],[127.069878,37.619212],[127.069705,37.619783]]},"properties":{"osm_id":1478788830,"highway":"footway"}},{"type":"Feature","id":"osm.way.1478788831","geometry":{"type":"LineString","coordinates":[[127.069705,37.619783],[127.069689,37.619834],[127.069669,37.619907]]},"properties":{"osm_id":1478788831,"highway":"footway"}},{"type":"Feature","id":"osm.way.1478788832","geometry":{"type":"LineString","coordinates":[[127.069669,37.619907],[127.069642,37.620054],[127.069531,37.62055],[127.06944,37.620836],[127.06935,37.621087]]},"properties":{"osm_id":1478788832,"highway":"footway"}},{"type":"Feature","id":"osm.way.1478788833","geometry":{"type":"LineString","coordinates":[[127.06935,37.621087],[127.069316,37.621161],[127.069254,37.621303]]},"properties":{"osm_id":1478788833,"highway":"footway"}},{"type":"Feature","id":"osm.way.1478788834","geometry":{"type":"LineString","coordinates":[[127.069254,37.621303],[127.069228,37.621369],[127.068847,37.622185],[127.06836,37.623272],[127.068295,37.623415],[127.068268,37.62346],[127.068222,37.623482],[127.068174,37.623492],[127.06812,37.623477],[127.068018,37.623446],[127.067516,37.623247],[127.067345,37.623176],[127.067336,37.623132]]},"properties":{"osm_id":1478788834,"highway":"footway"}},{"type":"Feature","id":"osm.way.1478788835","geometry":{"type":"LineString","coordinates":[[127.067175,37.623069],[127.067134,37.623083],[127.066943,37.622997],[127.066134,37.622674]]},"properties":{"osm_id":1478788835,"highway":"footway"}},{"type":"Feature","id":"osm.way.1478788836","geometry":{"type":"LineString","coordinates":[[127.067336,37.623132],[127.067175,37.623069]]},"properties":{"osm_id":1478788836,"highway":"footway"}},{"type":"Feature","id":"osm.way.1478788837","geometry":{"type":"LineString","coordinates":[[127.066943,37.622997],[127.066901,37.623058],[127.066869,37.623114]]},"properties":{"osm_id":1478788837,"highway":"footway"}},{"type":"Feature","id":"osm.way.1478788838","geometry":{"type":"LineString","coordinates":[[127.066134,37.622674],[127.0661,37.62273],[127.066068,37.622787]]},"properties":{"osm_id":1478788838,"highway":"footway"}},{"type":"Feature","id":"osm.way.1478788839","geometry":{"type":"LineString","coordinates":[[127.06603,37.622701],[127.0661,37.62273],[127.066901,37.623058],[127.067184,37.623174],[127.067313,37.623227],[127.068084,37.623543],[127.068321,37.62364]]},"properties":{"osm_id":1478788839,"highway":"residential","name":"마들로1길"}},{"type":"Feature","id":"osm.way.1478788840","geometry":{"type":"LineString","coordinates":[[127.066068,37.622787],[127.066869,37.623114],[127.066911,37.623142]]},"properties":{"osm_id":1478788840,"highway":"footway"}},{"type":"Feature","id":"osm.way.1478788841","geometry":{"type":"LineString","coordinates":[[127.066911,37.623142],[127.067103,37.62322],[127.067208,37.623262]]},"properties":{"osm_id":1478788841,"highway":"footway"}},{"type":"Feature","id":"osm.way.1478788842","geometry":{"type":"LineString","coordinates":[[127.067208,37.623262],[127.067281,37.623282],[127.068048,37.623603]]},"properties":{"osm_id":1478788842,"highway":"footway"}},{"type":"Feature","id":"osm.way.1478788843","geometry":{"type":"LineString","coordinates":[[127.067281,37.623282],[127.067313,37.623227],[127.067345,37.623176]]},"properties":{"osm_id":1478788843,"highway":"footway"}},{"type":"Feature","id":"osm.way.1478788844","geometry":{"type":"LineString","coordinates":[[127.063972,37.628867],[127.064162,37.628397],[127.06427,37.62818],[127.064336,37.628082],[127.06439,37.62799],[127.064411,37.627965],[127.06448,37.62788],[127.064531,37.627823],[127.06464,37.6277],[127.06516,37.62725],[127.065625,37.626845],[127.065749,37.626736],[127.06618,37.62636],[127.067012,37.625633],[127.067136,37.625523],[127.067231,37.625442],[127.06758,37.6251],[127.06768,37.62502],[127.06791,37.62463],[127.067963,37.624516],[127.06818,37.624],[127.068254,37.623811],[127.068321,37.62364]]},"properties":{"osm_id":1478788844,"highway":"secondary","name":"마들로"}},{"type":"Feature","id":"osm.way.1478788845","geometry":{"type":"LineString","coordinates":[[127.071453,37.625148],[127.071474,37.625071],[127.071403,37.625038],[127.071378,37.625026],[127.070978,37.624849],[127.070957,37.624839]]},"properties":{"osm_id":1478788845,"highway":"footway"}},{"type":"Feature","id":"osm.way.1478788846","geometry":{"type":"LineString","coordinates":[[127.071625,37.625175],[127.071514,37.625157],[127.071453,37.625148]]},"properties":{"osm_id":1478788846,"highway":"footway"}},{"type":"Feature","id":"osm.way.1478788847","geometry":{"type":"LineString","coordinates":[[127.072929,37.625571],[127.072997,37.625406],[127.073123,37.625045],[127.073389,37.624248],[127.073494,37.623927],[127.073634,37.623491],[127.07371,37.623267],[127.07381,37.622961],[127.074054,37.622238],[127.074099,37.62211],[127.074465,37.620958],[127.074486,37.6209],[127.074586,37.620573],[127.07472,37.620204],[127.074804,37.61994],[127.074832,37.619839],[127.0749,37.619682],[127.075251,37.618614],[127.075387,37.618223],[127.075497,37.617878],[127.07551,37.617837],[127.075561,37.617668],[127.075574,37.617624],[127.075598,37.617546],[127.075634,37.617427]]},"properties":{"osm_id":1478788847,"highway":"primary","name":"동일로","ref":"3","oneway":"yes"}},{"type":"Feature","id":"osm.way.1478788848","geometry":{"type":"LineString","coordinates":[[127.073075,37.625631],[127.073295,37.625721],[127.07408,37.626044],[127.074291,37.626131],[127.07527,37.626535],[127.075485,37.626634],[127.075703,37.626733],[127.075983,37.626835]]},"properties":{"osm_id":1478788848,"highway":"secondary","name":"동일로192길"}},{"type":"Feature","id":"osm.way.1478788849","geometry":{"type":"LineString","coordinates":[[127.073075,37.625631],[127.072908,37.625957],[127.072822,37.626129],[127.072695,37.626382]]},"properties":{"osm_id":1478788849,"highway":"primary","name":"동일로","ref":"3","oneway":"yes"}},{"type":"Feature","id":"osm.way.1478788850","geometry":{"type":"LineString","coordinates":[[127.071667,37.624952],[127.071703,37.624873]]},"properties":{"osm_id":1478788850,"highway":"footway"}},{"type":"Feature","id":"osm.way.1478788851","geometry":{"type":"LineString","coordinates":[[127.071554,37.624841],[127.071616,37.62485],[127.071703,37.624873]]},"properties":{"osm_id":1478788851,"highway":"footway"}},{"type":"Feature","id":"osm.way.1478788852","geometry":{"type":"LineString","coordinates":[[127.071554,37.624841],[127.071531,37.62487],[127.071479,37.624938],[127.071441,37.624987],[127.071403,37.625038]]},"properties":{"osm_id":1478788852,"highway":"footway"}},{"type":"Feature","id":"osm.way.1478788853","geometry":{"type":"LineString","coordinates":[[127.071531,37.62487],[127.071082,37.624725]]},"properties":{"osm_id":1478788853,"highway":"footway"}},{"type":"Feature","id":"osm.way.1478788854","geometry":{"type":"LineString","coordinates":[[127.070509,37.624806],[127.070419,37.624906],[127.070332,37.625035],[127.070294,37.625119],[127.070185,37.625266],[127.070151,37.625257]]},"properties":{"osm_id":1478788854,"highway":"footway"}},{"type":"Feature","id":"osm.way.1478788855","geometry":{"type":"LineString","coordinates":[[127.070978,37.624849],[127.070955,37.624859],[127.070828,37.624817],[127.07079,37.624852],[127.070736,37.624857]]},"properties":{"osm_id":1478788855,"highway":"footway"}},{"type":"Feature","id":"osm.way.1478788856","geometry":{"type":"LineString","coordinates":[[127.070736,37.624857],[127.070617,37.624832],[127.070509,37.624806]]},"properties":{"osm_id":1478788856,"highway":"footway"}},{"type":"Feature","id":"osm.way.1478788857","geometry":{"type":"LineString","coordinates":[[127.070736,37.624857],[127.070775,37.624805]]},"properties":{"osm_id":1478788857,"highway":"footway"}},{"type":"Feature","id":"osm.way.1478788858","geometry":{"type":"LineString","coordinates":[[127.072695,37.626382],[127.072572,37.626329]]},"properties":{"osm_id":1478788858,"highway":"residential","name":"동일로192가길"}},{"type":"Feature","id":"osm.way.1478788859","geometry":{"type":"LineString","coordinates":[[127.072695,37.626382],[127.072451,37.626897],[127.072143,37.627485],[127.072093,37.627606],[127.071952,37.627974],[127.071539,37.62876],[127.071451,37.628942],[127.071348,37.629131],[127.071239,37.629349],[127.07097,37.629891],[127.070589,37.630781]]},"properties":{"osm_id":1478788859,"highway":"primary","name":"동일로","ref":"3","oneway":"yes"}},{"type":"Feature","id":"osm.way.1478788860","geometry":{"type":"LineString","coordinates":[[127.072572,37.626329],[127.072687,37.626087],[127.072929,37.625571]]},"properties":{"osm_id":1478788860,"highway":"primary","name":"동일로","ref":"3","oneway":"yes"}},{"type":"Feature","id":"osm.way.1478791020","geometry":{"type":"LineString","coordinates":[[127.061854,37.622888],[127.061897,37.622759],[127.061847,37.622739],[127.061781,37.62284]]},"properties":{"osm_id":1478791020,"highway":"steps"}},{"type":"Feature","id":"osm.way.1478791021","geometry":{"type":"LineString","coordinates":[[127.061854,37.622888],[127.061816,37.622884]]},"properties":{"osm_id":1478791021,"highway":"footway","bridge":"yes","layer":"1"}},{"type":"Feature","id":"osm.way.1478791022","geometry":{"type":"LineString","coordinates":[[127.061991,37.622928],[127.061981,37.622948]]},"properties":{"osm_id":1478791022,"highway":"footway","bridge":"yes","layer":"1"}},{"type":"Feature","id":"osm.way.1478791023","geometry":{"type":"LineString","coordinates":[[127.063748,37.62445],[127.065133,37.624454],[127.065194,37.624495],[127.065557,37.6245],[127.065614,37.624462],[127.066483,37.62447]]},"properties":{"osm_id":1478791023,"highway":"footway"}},{"type":"Feature","id":"osm.way.1478791024","geometry":{"type":"LineString","coordinates":[[127.063337,37.625876],[127.063076,37.62585],[127.063084,37.625697],[127.063307,37.625489],[127.063711,37.625489]]},"properties":{"osm_id":1478791024,"highway":"footway"}},{"type":"Feature","id":"osm.way.1479167822","geometry":{"type":"LineString","coordinates":[[127.062841,37.626615],[127.062855,37.626655],[127.062795,37.626754],[127.062783,37.626817],[127.062786,37.626936],[127.062777,37.627013],[127.062763,37.627083],[127.062747,37.627124],[127.062712,37.62714],[127.062666,37.627129],[127.062612,37.627115],[127.062546,37.627085]]},"properties":{"osm_id":1479167822,"highway":"footway"}},{"type":"Feature","id":"osm.way.1479167823","geometry":{"type":"LineString","coordinates":[[127.061314,37.631391],[127.06141,37.631453],[127.06143,37.631466],[127.061764,37.63166],[127.061841,37.631807],[127.062124,37.631993],[127.062273,37.632012]]},"properties":{"osm_id":1479167823,"highway":"footway"}},{"type":"Feature","id":"osm.way.1479167824","geometry":{"type":"LineString","coordinates":[[127.062674,37.632385],[127.063796,37.633108]]},"properties":{"osm_id":1479167824,"highway":"footway","bridge":"yes","layer":"1"}},{"type":"Feature","id":"osm.way.1479167825","geometry":{"type":"LineString","coordinates":[[127.062273,37.632012],[127.062279,37.632054],[127.062316,37.632102]]},"properties":{"osm_id":1479167825,"highway":"footway"}},{"type":"Feature","id":"osm.way.1479167826","geometry":{"type":"LineString","coordinates":[[127.063796,37.633108],[127.063954,37.633144]]},"properties":{"osm_id":1479167826,"highway":"footway"}},{"type":"Feature","id":"osm.way.1479167827","geometry":{"type":"LineString","coordinates":[[127.062316,37.632102],[127.062509,37.632146]]},"properties":{"osm_id":1479167827,"highway":"footway"}},{"type":"Feature","id":"osm.way.1479167828","geometry":{"type":"LineString","coordinates":[[127.062496,37.632224],[127.062554,37.632311],[127.062674,37.632385]]},"properties":{"osm_id":1479167828,"highway":"footway"}},{"type":"Feature","id":"osm.way.1479167829","geometry":{"type":"LineString","coordinates":[[127.062509,37.632146],[127.062498,37.632176],[127.062496,37.632224]]},"properties":{"osm_id":1479167829,"highway":"footway"}},{"type":"Feature","id":"osm.way.1479167830","geometry":{"type":"LineString","coordinates":[[127.062102,37.632113],[127.062599,37.632434]]},"properties":{"osm_id":1479167830,"highway":"secondary","name":"월계로"}},{"type":"Feature","id":"osm.way.1479167831","geometry":{"type":"LineString","coordinates":[[127.06141,37.631453],[127.061262,37.631599],[127.061156,37.631704]]},"properties":{"osm_id":1479167831,"highway":"footway"}},{"type":"Feature","id":"osm.way.1479167832","geometry":{"type":"LineString","coordinates":[[127.053631,37.632955],[127.053663,37.632933],[127.053714,37.632949],[127.053767,37.632941],[127.053869,37.632893],[127.05399,37.632847],[127.054104,37.632859],[127.054183,37.632876],[127.054256,37.632908],[127.054323,37.632959],[127.054392,37.633098],[127.054442,37.633138],[127.054542,37.633148],[127.054613,37.633159],[127.054658,37.633198],[127.054693,37.633291],[127.054742,37.633361],[127.054792,37.633398],[127.054867,37.633414],[127.054958,37.633422],[127.055039,37.633433],[127.055105,37.633485],[127.055163,37.633557],[127.055202,37.63363],[127.055223,37.633707],[127.055242,37.633801],[127.055268,37.633895],[127.055302,37.633981],[127.055338,37.634071],[127.055407,37.634125],[127.055477,37.634198],[127.055544,37.634268],[127.055611,37.634346],[127.055669,37.634461],[127.055723,37.634568],[127.055754,37.634632],[127.05579,37.634679],[127.055872,37.63468],[127.055934,37.634632],[127.056017,37.634533],[127.056104,37.634442],[127.056153,37.634365],[127.05622,37.634344],[127.056318,37.634348],[127.05638,37.634341],[127.056387,37.634287],[127.056368,37.634227],[127.056334,37.634176],[127.056348,37.634138],[127.056402,37.634116],[127.056459,37.634114],[127.056507,37.634147],[127.056541,37.634205],[127.056566,37.634285],[127.05659,37.634366],[127.056623,37.634419],[127.056687,37.634443],[127.056754,37.634436],[127.056793,37.634409],[127.056824,37.63436],[127.056838,37.63433],[127.05685,37.634281]]},"properties":{"osm_id":1479167832,"highway":"footway"}},{"type":"Feature","id":"osm.way.1479167834","geometry":{"type":"LineString","coordinates":[[127.05717,37.628166],[127.057155,37.628068],[127.057166,37.627966],[127.057187,37.627893],[127.057238,37.627855],[127.057301,37.62784],[127.05736,37.627846],[127.057432,37.62787],[127.057478,37.627875],[127.057514,37.627867],[127.057533,37.627876],[127.057551,37.627872],[127.057578,37.627881],[127.057606,37.627901],[127.057635,37.627909],[127.057656,37.627904],[127.057629,37.627812],[127.057654,37.627778],[127.057717,37.627705],[127.057736,37.627693],[127.057754,37.627664],[127.057801,37.627658],[127.057823,37.627648],[127.057848,37.627616],[127.057897,37.627602],[127.057927,37.627602],[127.057953,37.627611],[127.057984,37.627634],[127.058007,37.627642],[127.058028,37.627644],[127.058051,37.627661],[127.058074,37.627683],[127.058088,37.627705],[127.05812,37.627708],[127.058157,37.627705],[127.058186,37.627685],[127.05822,37.627664],[127.058242,37.627643],[127.058259,37.627616],[127.058298,37.627582],[127.058324,37.627554],[127.058349,37.627525],[127.058365,37.627511],[127.058392,37.627499],[127.058418,37.627503],[127.058434,37.627508],[127.058445,37.627519],[127.058457,37.627545],[127.058467,37.627577],[127.058476,37.627602],[127.058476,37.627622],[127.058494,37.627639],[127.058523,37.627644],[127.058546,37.627653],[127.058574,37.627638],[127.05858,37.627619],[127.058579,37.627593],[127.058576,37.627556],[127.058566,37.627529],[127.058573,37.627506],[127.058603,37.627486],[127.058639,37.627462],[127.058672,37.627437],[127.058687,37.627408],[127.058699,37.627378],[127.058724,37.627354],[127.058751,37.62732],[127.058784,37.627302],[127.058822,37.627294],[127.058862,37.627296],[127.05888,37.627306],[127.058905,37.627343],[127.058922,37.62737],[127.058947,37.627391],[127.058977,37.627408],[127.059008,37.627419],[127.059061,37.627418],[127.059108,37.627422],[127.059138,37.627433],[127.059172,37.627457],[127.059196,37.627485],[127.059208,37.627509],[127.059214,37.627522],[127.05923,37.627532],[127.059258,37.627532],[127.059285,37.627529],[127.059316,37.627516]]},"properties":{"osm_id":1479167834,"highway":"footway"}},{"type":"Feature","id":"osm.way.1479671312","geometry":{"type":"LineString","coordinates":[[127.053631,37.632955],[127.053675,37.633023],[127.053704,37.633041],[127.053633,37.633129],[127.05367,37.633165],[127.053704,37.633151],[127.053735,37.633167],[127.053743,37.633208],[127.053734,37.633256],[127.053742,37.63328]]},"properties":{"osm_id":1479671312,"highway":"footway"}},{"type":"Feature","id":"osm.way.1479671313","geometry":{"type":"LineString","coordinates":[[127.052419,37.632629],[127.052398,37.632835],[127.052429,37.632839],[127.052457,37.632693],[127.052533,37.632611],[127.052581,37.63265],[127.052691,37.63272],[127.052794,37.632746],[127.052963,37.63263],[127.053055,37.632744],[127.052976,37.632782],[127.052877,37.632803],[127.052772,37.632801],[127.052648,37.632775],[127.052635,37.632801],[127.052908,37.632913],[127.052928,37.632939],[127.0532,37.632922],[127.053267,37.632842],[127.05311,37.632728],[127.053083,37.632704],[127.053011,37.632569],[127.053024,37.632547],[127.053076,37.63256],[127.053152,37.632661],[127.053255,37.632752],[127.053344,37.632823],[127.053382,37.632938],[127.053403,37.632936],[127.053399,37.632869],[127.053384,37.632793],[127.053341,37.632755],[127.05329,37.63272],[127.053238,37.632611],[127.053423,37.632563],[127.053506,37.632547],[127.053519,37.632585],[127.053452,37.632612],[127.053402,37.632677],[127.053396,37.632721],[127.053434,37.63276],[127.05346,37.63281],[127.053523,37.632866],[127.053587,37.63291],[127.053631,37.632955]]},"properties":{"osm_id":1479671313,"highway":"footway"}},{"type":"Feature","id":"osm.way.1479671314","geometry":{"type":"LineString","coordinates":[[127.052424,37.632463],[127.052389,37.632675],[127.052344,37.633038],[127.05227,37.633843],[127.052259,37.634124],[127.052268,37.634438],[127.052307,37.634739],[127.052351,37.634814],[127.052466,37.635393],[127.052531,37.635759],[127.052588,37.636052],[127.052611,37.636209],[127.052617,37.636541]]},"properties":{"osm_id":1479671314,"highway":"footway"}},{"type":"Feature","id":"osm.way.1479671327","geometry":{"type":"LineString","coordinates":[[127.046769,37.629257],[127.046835,37.629301],[127.046839,37.629369],[127.046794,37.629423]]},"properties":{"osm_id":1479671327,"highway":"residential"}},{"type":"Feature","id":"osm.way.1479671329","geometry":{"type":"LineString","coordinates":[[127.047149,37.629563],[127.047096,37.629506],[127.046999,37.629422]]},"properties":{"osm_id":1479671329,"highway":"steps"}},{"type":"Feature","id":"osm.way.1479671330","geometry":{"type":"LineString","coordinates":[[127.047018,37.62978],[127.047072,37.629745],[127.047122,37.629644],[127.047149,37.629563],[127.047181,37.629475],[127.047209,37.629436],[127.047277,37.629417],[127.047376,37.629405],[127.047453,37.629361],[127.047505,37.629282],[127.047539,37.629182],[127.047561,37.629086],[127.04754,37.628973]]},"properties":{"osm_id":1479671330,"highway":"footway"}},{"type":"Feature","id":"osm.way.1479671331","geometry":{"type":"LineString","coordinates":[[127.047453,37.629361],[127.047395,37.629284],[127.047337,37.629226],[127.047247,37.629191],[127.04719,37.629179],[127.047049,37.629171],[127.046975,37.629181]]},"properties":{"osm_id":1479671331,"highway":"footway"}},{"type":"Feature","id":"osm.way.1479671332","geometry":{"type":"LineString","coordinates":[[127.047561,37.629086],[127.047465,37.629068],[127.047376,37.629058],[127.047304,37.629071],[127.047242,37.629099],[127.047216,37.62914],[127.04719,37.629179]]},"properties":{"osm_id":1479671332,"highway":"footway"}},{"type":"Feature","id":"osm.way.1479671333","geometry":{"type":"LineString","coordinates":[[127.047801,37.629448],[127.047676,37.629442],[127.047561,37.629465],[127.04747,37.629511],[127.047366,37.629547],[127.04726,37.629559],[127.047149,37.629563]]},"properties":{"osm_id":1479671333,"highway":"footway"}},{"type":"Feature","id":"osm.way.1479671334","geometry":{"type":"LineString","coordinates":[[127.054376,37.629665],[127.054428,37.629835],[127.054903,37.630684]]},"properties":{"osm_id":1479671334,"highway":"service"}},{"type":"Feature","id":"osm.way.1479671335","geometry":{"type":"LineString","coordinates":[[127.057956,37.626027],[127.058084,37.625945]]},"properties":{"osm_id":1479671335,"highway":"steps"}},{"type":"Feature","id":"osm.way.1479671336","geometry":{"type":"LineString","coordinates":[[127.057956,37.626027],[127.057855,37.626053]]},"properties":{"osm_id":1479671336,"highway":"footway"}},{"type":"Feature","id":"osm.way.1479671337","geometry":{"type":"LineString","coordinates":[[127.05711,37.628323],[127.057044,37.628309],[127.056958,37.628329],[127.056895,37.628369]]},"properties":{"osm_id":1479671337,"highway":"path"}},{"type":"Feature","id":"osm.way.1479671338","geometry":{"type":"LineString","coordinates":[[127.056202,37.628411],[127.056621,37.628658]]},"properties":{"osm_id":1479671338,"highway":"secondary","name":"월계로"}},{"type":"Feature","id":"osm.way.1479671339","geometry":{"type":"LineString","coordinates":[[127.057005,37.628543],[127.056851,37.628556],[127.056744,37.628589],[127.056621,37.628658]]},"properties":{"osm_id":1479671339,"highway":"tertiary","name":"광운로","lanes":"2"}},{"type":"Feature","id":"osm.way.1479671340","geometry":{"type":"LineString","coordinates":[[127.056841,37.628797],[127.056933,37.628859]]},"properties":{"osm_id":1479671340,"highway":"secondary","name":"월계로"}},{"type":"Feature","id":"osm.way.1479671341","geometry":{"type":"LineString","coordinates":[[127.058844,37.629958],[127.058875,37.63002],[127.058872,37.630048],[127.058835,37.630097],[127.058783,37.630125],[127.058706,37.63013]]},"properties":{"osm_id":1479671341,"highway":"tertiary_link","oneway":"yes"}},{"type":"Feature","id":"osm.way.1479671342","geometry":{"type":"LineString","coordinates":[[127.058943,37.630022],[127.059054,37.62976],[127.05907,37.629715]]},"properties":{"osm_id":1479671342,"highway":"tertiary","name":"광운로22길"}},{"type":"Feature","id":"osm.way.1479671343","geometry":{"type":"LineString","coordinates":[[127.05907,37.629715],[127.059379,37.628868],[127.059405,37.628789],[127.059533,37.628394],[127.05964,37.628]]},"properties":{"osm_id":1479671343,"highway":"tertiary","name":"광운로22길"}},{"type":"Feature","id":"osm.way.1479671344","geometry":{"type":"LineString","coordinates":[[127.058706,37.63013],[127.058583,37.630028],[127.058237,37.629806],[127.058086,37.629712],[127.057906,37.629601],[127.057589,37.629433],[127.057399,37.629207]]},"properties":{"osm_id":1479671344,"highway":"tertiary_link","oneway":"yes"}},{"type":"Feature","id":"osm.way.1479671345","geometry":{"type":"LineString","coordinates":[[127.058844,37.629958],[127.058943,37.630022]]},"properties":{"osm_id":1479671345,"highway":"tertiary_link","oneway":"yes"}},{"type":"Feature","id":"osm.way.1479671346","geometry":{"type":"LineString","coordinates":[[127.058711,37.630688],[127.058744,37.63053],[127.05876,37.630474],[127.058777,37.630393]]},"properties":{"osm_id":1479671346,"highway":"tertiary","name":"월계로53길"}},{"type":"Feature","id":"osm.way.1479671347","geometry":{"type":"LineString","coordinates":[[127.056888,37.628984],[127.055943,37.628385],[127.055841,37.628387],[127.055755,37.628384],[127.055667,37.628459],[127.055146,37.629011],[127.055084,37.629079],[127.05503,37.629144],[127.054674,37.629531],[127.054632,37.629646],[127.054496,37.629792]]},"properties":{"osm_id":1479671347,"highway":"footway"}},{"type":"Feature","id":"osm.way.1479671348","geometry":{"type":"LineString","coordinates":[[127.054496,37.629792],[127.054428,37.629835],[127.054334,37.629877]]},"properties":{"osm_id":1479671348,"highway":"footway"}},{"type":"Feature","id":"osm.way.1479671349","geometry":{"type":"LineString","coordinates":[[127.054334,37.629877],[127.054185,37.630021],[127.053926,37.630297],[127.053865,37.630341],[127.053609,37.630601],[127.052964,37.631277],[127.05292,37.631332],[127.052883,37.631377],[127.052824,37.63146],[127.052755,37.631602],[127.052598,37.631953],[127.052487,37.632215],[127.052447,37.632358]]},"properties":{"osm_id":1479671349,"highway":"footway"}},{"type":"Feature","id":"osm.way.1479671350","geometry":{"type":"LineString","coordinates":[[127.052447,37.632358],[127.052437,37.632406],[127.052424,37.632463]]},"properties":{"osm_id":1479671350,"highway":"footway"}},{"type":"Feature","id":"osm.way.1479671351","geometry":{"type":"LineString","coordinates":[[127.053926,37.630297],[127.053876,37.630364],[127.053651,37.630601],[127.052935,37.631351],[127.052852,37.631466],[127.052534,37.632167],[127.052487,37.632215]]},"properties":{"osm_id":1479671351,"highway":"footway"}},{"type":"Feature","id":"osm.way.1479671352","geometry":{"type":"LineString","coordinates":[[127.058641,37.630212],[127.058567,37.630134],[127.058348,37.629987],[127.057113,37.629157],[127.057008,37.629128]]},"properties":{"osm_id":1479671352,"highway":"footway"}},{"type":"Feature","id":"osm.way.1479671353","geometry":{"type":"LineString","coordinates":[[127.057008,37.629128],[127.056987,37.629081],[127.056965,37.629033],[127.056926,37.629008],[127.056888,37.628984]]},"properties":{"osm_id":1479671353,"highway":"footway"}},{"type":"Feature","id":"osm.way.1479671354","geometry":{"type":"LineString","coordinates":[[127.056775,37.629184],[127.056881,37.629067],[127.056926,37.629008],[127.056945,37.628951],[127.056933,37.628859]]},"properties":{"osm_id":1479671354,"highway":"secondary_link","oneway":"yes"}},{"type":"Feature","id":"osm.way.1479671355","geometry":{"type":"LineString","coordinates":[[127.057325,37.629169],[127.057183,37.629103],[127.057069,37.629086],[127.056987,37.629081],[127.056921,37.629096],[127.056873,37.629123],[127.056775,37.629184]]},"properties":{"osm_id":1479671355,"highway":"secondary_link","oneway":"yes"}},{"type":"Feature","id":"osm.way.1479671356","geometry":{"type":"LineString","coordinates":[[127.05877,37.630043],[127.057673,37.629376],[127.057399,37.629207],[127.057325,37.629169],[127.057118,37.629028],[127.057042,37.628937]]},"properties":{"osm_id":1479671356,"highway":"secondary","name":"월계로","oneway":"yes"}},{"type":"Feature","id":"osm.way.1479671373","geometry":{"type":"LineString","coordinates":[[127.06879,37.624553],[127.068824,37.624573],[127.068861,37.624594]]},"properties":{"osm_id":1479671373,"highway":"footway"}},{"type":"Feature","id":"osm.way.1479671374","geometry":{"type":"LineString","coordinates":[[127.068558,37.624115],[127.06856,37.624043],[127.06852,37.623922],[127.068454,37.623877],[127.068382,37.623843]]},"properties":{"osm_id":1479671374,"highway":"footway"}},{"type":"Feature","id":"osm.way.1479671377","geometry":{"type":"LineString","coordinates":[[127.061358,37.620289],[127.061094,37.620239]]},"properties":{"osm_id":1479671377,"highway":"footway"}},{"type":"Feature","id":"osm.way.1479671378","geometry":{"type":"LineString","coordinates":[[127.056442,37.616941],[127.056536,37.616907],[127.056622,37.616852],[127.056842,37.616668]]},"properties":{"osm_id":1479671378,"highway":"secondary"}},{"type":"Feature","id":"osm.way.1479671379","geometry":{"type":"LineString","coordinates":[[127.056586,37.617353],[127.056643,37.61744],[127.056665,37.617473],[127.056741,37.617571],[127.056863,37.617704],[127.05696,37.617811]]},"properties":{"osm_id":1479671379,"highway":"tertiary","name":"광운로","layer":"1"}},{"type":"Feature","id":"osm.way.1479671380","geometry":{"type":"LineString","coordinates":[[127.056842,37.616668],[127.05693,37.616577]]},"properties":{"osm_id":1479671380,"highway":"secondary"}},{"type":"Feature","id":"osm.way.1479671383","geometry":{"type":"LineString","coordinates":[[127.041812,37.618861],[127.04186,37.618998],[127.041969,37.619119],[127.042163,37.61922],[127.042343,37.619207],[127.042583,37.61932],[127.042739,37.619364],[127.04292,37.619385],[127.04312,37.619445],[127.04302,37.619534],[127.042893,37.619611],[127.042906,37.619743],[127.043026,37.619775],[127.043173,37.619749],[127.043213,37.619869]]},"properties":{"osm_id":1479671383,"highway":"footway"}},{"type":"Feature","id":"osm.way.1479671384","geometry":{"type":"LineString","coordinates":[[127.04312,37.619445],[127.043202,37.619304],[127.043445,37.619271],[127.043574,37.619183]]},"properties":{"osm_id":1479671384,"highway":"footway"}},{"type":"Feature","id":"osm.way.1479671399","geometry":{"type":"LineString","coordinates":[[127.041814,37.622205],[127.041834,37.622212],[127.041981,37.622248],[127.042025,37.622286],[127.042087,37.622339]]},"properties":{"osm_id":1479671399,"highway":"footway"}},{"type":"Feature","id":"osm.way.1479671401","geometry":{"type":"LineString","coordinates":[[127.042561,37.621568],[127.042552,37.621594],[127.042527,37.621633],[127.042512,37.621659],[127.042511,37.621727],[127.042527,37.621741],[127.042488,37.621786],[127.042421,37.621829]]},"properties":{"osm_id":1479671401,"highway":"footway"}},{"type":"Feature","id":"osm.way.1479671402","geometry":{"type":"LineString","coordinates":[[127.042561,37.621568],[127.042575,37.621574],[127.042628,37.621592]]},"properties":{"osm_id":1479671402,"highway":"footway"}},{"type":"Feature","id":"osm.way.1479671403","geometry":{"type":"LineString","coordinates":[[127.042184,37.62087],[127.042218,37.620902],[127.04225,37.620919],[127.04227,37.620959],[127.042308,37.621017],[127.042338,37.621068],[127.042382,37.621122],[127.042402,37.621147],[127.042409,37.621157],[127.042387,37.621171],[127.042352,37.621195]]},"properties":{"osm_id":1479671403,"highway":"footway"}},{"type":"Feature","id":"osm.way.1479671404","geometry":{"type":"LineString","coordinates":[[127.042726,37.621257],[127.04273,37.621261],[127.042848,37.621171]]},"properties":{"osm_id":1479671404,"highway":"footway"}},{"type":"Feature","id":"osm.way.1479671405","geometry":{"type":"LineString","coordinates":[[127.042682,37.621214],[127.042726,37.621257]]},"properties":{"osm_id":1479671405,"highway":"footway","bridge":"yes","layer":"1"}},{"type":"Feature","id":"osm.way.1479802238","geometry":{"type":"LineString","coordinates":[[127.055098,37.626368],[127.05504,37.626409],[127.055035,37.626437],[127.055092,37.626575],[127.055097,37.626616],[127.055089,37.626663],[127.055052,37.626758],[127.054984,37.626837],[127.054947,37.626864],[127.054905,37.626883],[127.054787,37.626912],[127.054734,37.626897],[127.054661,37.626896],[127.054605,37.626901],[127.054568,37.626912],[127.054657,37.626981],[127.054644,37.627009],[127.054616,37.62703],[127.054503,37.627066],[127.054333,37.627174]]},"properties":{"osm_id":1479802238,"highway":"footway","name":"영축산 둘레길"}},{"type":"Feature","id":"osm.way.1479803775","geometry":{"type":"LineString","coordinates":[[127.056869,37.628453],[127.056871,37.628474],[127.056857,37.628521]]},"properties":{"osm_id":1479803775,"highway":"steps","name":"영축산 둘레길"}},{"type":"Feature","id":"osm.way.1479803776","geometry":{"type":"LineString","coordinates":[[127.054435,37.622886],[127.054537,37.622897],[127.054834,37.623003],[127.054894,37.622958],[127.054967,37.622858],[127.054986,37.62275],[127.054984,37.622564],[127.054973,37.622469],[127.054902,37.622426],[127.054836,37.622404],[127.05445,37.622311],[127.054159,37.62314]]},"properties":{"osm_id":1479803776,"highway":"footway","name":"영축산 둘레길"}},{"type":"Feature","id":"osm.way.1481462632","geometry":{"type":"LineString","coordinates":[[127.052642,37.621865],[127.052511,37.622008]]},"properties":{"osm_id":1481462632,"highway":"steps"}},{"type":"Feature","id":"osm.way.1481462633","geometry":{"type":"LineString","coordinates":[[127.052642,37.621865],[127.052618,37.621848],[127.052591,37.621831]]},"properties":{"osm_id":1481462633,"highway":"footway"}},{"type":"Feature","id":"osm.way.1481462634","geometry":{"type":"LineString","coordinates":[[127.052658,37.622124],[127.052566,37.622061],[127.052498,37.622021]]},"properties":{"osm_id":1481462634,"highway":"footway"}},{"type":"Feature","id":"osm.way.1481462635","geometry":{"type":"LineString","coordinates":[[127.052498,37.622021],[127.052511,37.622008],[127.052561,37.622006],[127.052826,37.621731],[127.053143,37.621394],[127.053879,37.620642],[127.053971,37.620557],[127.054419,37.620207]]},"properties":{"osm_id":1481462635,"highway":"footway"}},{"type":"Feature","id":"osm.way.1481462652","geometry":{"type":"LineString","coordinates":[[127.060455,37.630941],[127.060599,37.631109]]},"properties":{"osm_id":1481462652,"highway":"secondary_link","oneway":"yes"}},{"type":"Feature","id":"osm.way.1481462653","geometry":{"type":"LineString","coordinates":[[127.060545,37.631213],[127.060232,37.631099]]},"properties":{"osm_id":1481462653,"highway":"secondary_link","oneway":"yes"}},{"type":"Feature","id":"osm.way.1481689862","geometry":{"type":"LineString","coordinates":[[127.065122,37.613847],[127.065125,37.613818],[127.065121,37.613776],[127.065114,37.613755],[127.065104,37.613736],[127.065073,37.61371]]},"properties":{"osm_id":1481689862,"highway":"footway"}},{"type":"Feature","id":"osm.way.1481689863","geometry":{"type":"LineString","coordinates":[[127.065392,37.613635],[127.065363,37.613638],[127.065333,37.613632],[127.065307,37.613622],[127.065296,37.613616],[127.065212,37.613574],[127.0652,37.613564],[127.065194,37.613552]]},"properties":{"osm_id":1481689863,"highway":"footway"}},{"type":"Feature","id":"osm.way.1481689864","geometry":{"type":"LineString","coordinates":[[127.065296,37.613616],[127.065182,37.613687],[127.065118,37.613727],[127.065104,37.613736]]},"properties":{"osm_id":1481689864,"highway":"cycleway"}},{"type":"Feature","id":"osm.way.1490621331","geometry":{"type":"LineString","coordinates":[[127.046716,37.632728],[127.046689,37.632682],[127.046647,37.632644],[127.046617,37.632629],[127.046532,37.632628],[127.046481,37.632611],[127.046452,37.63259],[127.046359,37.632592],[127.046255,37.632583],[127.046221,37.632566],[127.046187,37.632527],[127.046172,37.63249],[127.046126,37.632463],[127.04609,37.632461],[127.046062,37.632445],[127.046054,37.632415],[127.046049,37.632382],[127.04595,37.63231],[127.045905,37.632254],[127.04585,37.63222],[127.045802,37.632185],[127.045768,37.632142],[127.045708,37.632152],[127.045657,37.632166],[127.045611,37.632162],[127.045585,37.632103],[127.045562,37.632056],[127.045524,37.632026],[127.04549,37.63201],[127.045484,37.63196],[127.045465,37.631927],[127.045403,37.6319],[127.045298,37.631857],[127.045232,37.631845],[127.0452,37.631807],[127.045211,37.631771],[127.045185,37.631752],[127.045134,37.631729],[127.045109,37.631707],[127.045103,37.631668],[127.045077,37.631644],[127.045043,37.631605],[127.045016,37.631566],[127.04499,37.631531],[127.044935,37.631483],[127.044923,37.631461],[127.044933,37.631437],[127.04492,37.631419],[127.044916,37.631383],[127.044916,37.631357],[127.044899,37.631336]]},"properties":{"osm_id":1490621331,"highway":"footway"}},{"type":"Feature","id":"osm.way.1490621332","geometry":{"type":"LineString","coordinates":[[127.044899,37.631336],[127.04484,37.631348],[127.044795,37.631341],[127.044766,37.631325]]},"properties":{"osm_id":1490621332,"highway":"steps"}},{"type":"Feature","id":"osm.way.1490621335","geometry":{"type":"LineString","coordinates":[[127.043915,37.629845],[127.044036,37.629939]]},"properties":{"osm_id":1490621335,"highway":"steps"}},{"type":"Feature","id":"osm.way.1490621336","geometry":{"type":"LineString","coordinates":[[127.059633,37.624471],[127.059971,37.624486]]},"properties":{"osm_id":1490621336,"highway":"residential"}},{"type":"Feature","id":"osm.way.1490621337","geometry":{"type":"LineString","coordinates":[[127.059971,37.624486],[127.060093,37.624488]]},"properties":{"osm_id":1490621337,"highway":"steps"}},{"type":"Feature","id":"osm.way.1490621338","geometry":{"type":"LineString","coordinates":[[127.06084,37.624263],[127.060859,37.6243]]},"properties":{"osm_id":1490621338,"highway":"residential"}},{"type":"Feature","id":"osm.way.1490621340","geometry":{"type":"LineString","coordinates":[[127.060262,37.624168],[127.060107,37.624162]]},"properties":{"osm_id":1490621340,"highway":"steps"}},{"type":"Feature","id":"osm.way.1490621341","geometry":{"type":"LineString","coordinates":[[127.05965,37.624256],[127.059983,37.624274]]},"properties":{"osm_id":1490621341,"highway":"residential"}},{"type":"Feature","id":"osm.way.1490621342","geometry":{"type":"LineString","coordinates":[[127.059983,37.624274],[127.060101,37.624276]]},"properties":{"osm_id":1490621342,"highway":"steps"}},{"type":"Feature","id":"osm.way.1490621345","geometry":{"type":"LineString","coordinates":[[127.059739,37.625445],[127.059782,37.625469],[127.059784,37.62549],[127.059789,37.625566],[127.059782,37.625586],[127.059752,37.625611]]},"properties":{"osm_id":1490621345,"highway":"footway"}},{"type":"Feature","id":"osm.way.1492272143","geometry":{"type":"LineString","coordinates":[[127.047896,37.632074],[127.047921,37.632135]]},"properties":{"osm_id":1492272143,"highway":"footway"}},{"type":"Feature","id":"osm.way.1492272144","geometry":{"type":"LineString","coordinates":[[127.047743,37.631887],[127.047657,37.631887],[127.047505,37.631928],[127.04736,37.631988],[127.047238,37.632009],[127.047079,37.632029],[127.046949,37.632062],[127.046831,37.63209]]},"properties":{"osm_id":1492272144,"highway":"footway"}},{"type":"Feature","id":"osm.way.1500230629","geometry":{"type":"LineString","coordinates":[[127.057042,37.628937],[127.057178,37.628957],[127.057473,37.629146],[127.058817,37.629998]]},"properties":{"osm_id":1500230629,"highway":"secondary","name":"월계로","oneway":"yes"}},{"type":"Feature","id":"osm.way.1500230630","geometry":{"type":"LineString","coordinates":[[127.056933,37.628859],[127.057042,37.628937]]},"properties":{"osm_id":1500230630,"highway":"secondary","name":"월계로"}},{"type":"Feature","id":"osm.way.1500230631","geometry":{"type":"LineString","coordinates":[[127.058817,37.629998],[127.059295,37.630314]]},"properties":{"osm_id":1500230631,"highway":"secondary","name":"월계지하보차도","oneway":"yes","tunnel":"yes","layer":"-1"}},{"type":"Feature","id":"osm.way.1500230632","geometry":{"type":"LineString","coordinates":[[127.059295,37.630314],[127.060599,37.631109],[127.060699,37.631192],[127.060721,37.631259]]},"properties":{"osm_id":1500230632,"highway":"secondary","name":"월계로","oneway":"yes"}},{"type":"Feature","id":"osm.way.1509796826","geometry":{"type":"LineString","coordinates":[[127.043889,37.628029],[127.043835,37.627987],[127.043781,37.627946],[127.04374,37.627915],[127.043624,37.627826],[127.043609,37.627814],[127.043573,37.627794],[127.043544,37.627783],[127.043512,37.627776]]},"properties":{"osm_id":1509796826,"highway":"service"}},{"type":"Feature","id":"osm.way.1509796827","geometry":{"type":"LineString","coordinates":[[127.043781,37.627946],[127.043853,37.627875],[127.043883,37.627842],[127.043911,37.627799],[127.04393,37.627759],[127.043983,37.627572],[127.043984,37.627512],[127.043982,37.627469],[127.043913,37.627016]]},"properties":{"osm_id":1509796827,"highway":"service"}},{"type":"Feature","id":"osm.way.1509796828","geometry":{"type":"LineString","coordinates":[[127.044118,37.627002],[127.044022,37.627009],[127.043913,37.627016],[127.043608,37.627041],[127.043584,37.627047],[127.043568,37.627063],[127.043563,37.62708],[127.043597,37.627301],[127.043599,37.627325],[127.043588,37.627346],[127.043564,37.627356],[127.043538,37.627359],[127.043449,37.627364],[127.043417,37.627374],[127.043379,37.627391],[127.043347,37.627401],[127.043318,37.627406],[127.043247,37.62741],[127.043226,37.627416],[127.043218,37.627431],[127.043212,37.627447],[127.043221,37.627574],[127.043225,37.627589],[127.043239,37.627602],[127.043256,37.627608],[127.043565,37.627593],[127.043587,37.627597],[127.043602,37.627608],[127.04361,37.627624],[127.043624,37.627826]]},"properties":{"osm_id":1509796828,"highway":"service"}},{"type":"Feature","id":"osm.way.1509796839","geometry":{"type":"LineString","coordinates":[[127.042845,37.627605],[127.043176,37.627716]]},"properties":{"osm_id":1509796839,"highway":"service","name":"월계로37길"}},{"type":"Feature","id":"osm.way.1509796844","geometry":{"type":"LineString","coordinates":[[127.042335,37.628243],[127.042431,37.628126],[127.042443,37.628103],[127.042446,37.628085],[127.042446,37.628061],[127.042414,37.627979],[127.042403,37.627959],[127.042315,37.627843],[127.042203,37.627668],[127.042197,37.627654],[127.042197,37.627638],[127.0422,37.627622],[127.042226,37.627546]]},"properties":{"osm_id":1509796844,"highway":"residential","name":"한천로109길"}},{"type":"Feature","id":"osm.way.1509796845","geometry":{"type":"LineString","coordinates":[[127.042213,37.628854],[127.042323,37.628954],[127.042586,37.629193],[127.042593,37.629198],[127.042601,37.6292],[127.042609,37.629201],[127.042618,37.629198],[127.042755,37.629106],[127.042759,37.629102],[127.042762,37.629098],[127.042762,37.629093],[127.042761,37.62909],[127.0425,37.628842],[127.042494,37.628839],[127.042488,37.628838],[127.042483,37.628839],[127.042478,37.628842],[127.042416,37.628887],[127.042323,37.628954]]},"properties":{"osm_id":1509796845,"highway":"service"}},{"type":"Feature","id":"osm.way.1509796847","geometry":{"type":"LineString","coordinates":[[127.042632,37.629091],[127.042416,37.628887]]},"properties":{"osm_id":1509796847,"highway":"service"}},{"type":"Feature","id":"osm.way.1509796849","geometry":{"type":"LineString","coordinates":[[127.042213,37.628854],[127.041602,37.628299]]},"properties":{"osm_id":1509796849,"highway":"service"}},{"type":"Feature","id":"osm.way.1509796853","geometry":{"type":"LineString","coordinates":[[127.040827,37.628271],[127.04177,37.629078],[127.041861,37.629127],[127.041922,37.629151],[127.041931,37.629155],[127.041964,37.62917],[127.041997,37.629192],[127.042453,37.629622],[127.042461,37.629631],[127.042465,37.629641],[127.04246,37.629653],[127.042312,37.629752],[127.042298,37.629755],[127.042283,37.629751],[127.042272,37.629742],[127.041758,37.629279],[127.041602,37.629138]]},"properties":{"osm_id":1509796853,"highway":"service"}},{"type":"Feature","id":"osm.way.1509796878","geometry":{"type":"LineString","coordinates":[[127.040589,37.627302],[127.040651,37.627183],[127.040662,37.627163],[127.040677,37.627137],[127.040698,37.627119],[127.040716,37.627108],[127.040772,37.627089],[127.040806,37.627076],[127.040838,37.627057],[127.041238,37.626747],[127.041271,37.626732],[127.041319,37.626716],[127.041356,37.626711],[127.041379,37.62671],[127.041565,37.626696],[127.041754,37.626675],[127.041952,37.62664],[127.042032,37.626624],[127.042054,37.626615],[127.04207,37.626606],[127.042091,37.626589],[127.042123,37.626552],[127.042131,37.626539],[127.042134,37.626524],[127.042133,37.626506],[127.042129,37.626485],[127.0421,37.626392],[127.042087,37.626367],[127.042068,37.62635],[127.042045,37.626341],[127.04202,37.62634],[127.041999,37.626341],[127.041391,37.62646]]},"properties":{"osm_id":1509796878,"highway":"service"}},{"type":"Feature","id":"osm.way.1509796888","geometry":{"type":"LineString","coordinates":[[127.044973,37.627607],[127.044781,37.627504],[127.044758,37.627482],[127.044746,37.627462],[127.044693,37.627312],[127.044682,37.627288],[127.044665,37.627266],[127.044659,37.627257],[127.044328,37.62697],[127.044311,37.626942],[127.044301,37.626915],[127.044296,37.626886],[127.044297,37.626735],[127.044308,37.626707],[127.044332,37.626686],[127.044419,37.626638],[127.044451,37.626633],[127.044497,37.626637],[127.044533,37.62665],[127.045141,37.626985],[127.045291,37.627068],[127.04545,37.627156],[127.045583,37.627229],[127.045592,37.627243],[127.045588,37.627258],[127.045579,37.627276],[127.045461,37.627402]]},"properties":{"osm_id":1509796888,"highway":"service"}},{"type":"Feature","id":"osm.way.1509796889","geometry":{"type":"LineString","coordinates":[[127.045303,37.627317],[127.04545,37.627156]]},"properties":{"osm_id":1509796889,"highway":"service"}},{"type":"Feature","id":"osm.way.1509796890","geometry":{"type":"LineString","coordinates":[[127.045147,37.627234],[127.045291,37.627068]]},"properties":{"osm_id":1509796890,"highway":"service"}},{"type":"Feature","id":"osm.way.1509796891","geometry":{"type":"LineString","coordinates":[[127.044665,37.627266],[127.045104,37.62701],[127.045126,37.626997],[127.045141,37.626985],[127.04519,37.626946],[127.045242,37.626908],[127.045489,37.626765],[127.045511,37.62675],[127.045529,37.626732],[127.045555,37.626702],[127.045944,37.626267],[127.046253,37.625921]]},"properties":{"osm_id":1509796891,"highway":"residential"}},{"type":"Feature","id":"osm.way.1509796892","geometry":{"type":"LineString","coordinates":[[127.046147,37.627024],[127.045555,37.626702],[127.044409,37.626046]]},"properties":{"osm_id":1509796892,"highway":"service"}},{"type":"Feature","id":"osm.way.1509796893","geometry":{"type":"LineString","coordinates":[[127.046705,37.626701],[127.045944,37.626267]]},"properties":{"osm_id":1509796893,"highway":"service"}},{"type":"Feature","id":"osm.way.1509796894","geometry":{"type":"LineString","coordinates":[[127.045944,37.626267],[127.044654,37.625549]]},"properties":{"osm_id":1509796894,"highway":"service"}},{"type":"Feature","id":"osm.way.1510178512","geometry":{"type":"LineString","coordinates":[[127.057556,37.625624],[127.057603,37.625605],[127.057676,37.625562],[127.057719,37.625526],[127.057748,37.625485],[127.057766,37.625441],[127.057814,37.625442],[127.057852,37.625442],[127.057883,37.625419],[127.057927,37.625415],[127.057965,37.625412],[127.057998,37.625396],[127.058049,37.625387],[127.058073,37.625397],[127.058049,37.625443],[127.058022,37.625499],[127.057999,37.625551],[127.057998,37.625582],[127.058014,37.625606],[127.058056,37.625591],[127.058102,37.625564],[127.05815,37.625541],[127.058209,37.625518],[127.058261,37.625505],[127.058309,37.625487],[127.058335,37.625446],[127.058351,37.625409],[127.058366,37.625366],[127.058381,37.625331],[127.058372,37.625285],[127.058339,37.625244],[127.058302,37.625212],[127.058258,37.625195],[127.058221,37.625192],[127.058202,37.625175],[127.058221,37.625143],[127.058254,37.625111],[127.058282,37.62508],[127.058305,37.625035],[127.058316,37.624984],[127.058318,37.624941],[127.05829,37.624902],[127.05824,37.624871],[127.058201,37.62485],[127.058153,37.624833],[127.058129,37.624796],[127.05813,37.624748],[127.058148,37.624703],[127.058181,37.624657],[127.058221,37.624629],[127.058273,37.62461],[127.058314,37.624592],[127.058348,37.624585],[127.058375,37.624566],[127.058385,37.624543],[127.058388,37.62451],[127.058414,37.624493],[127.058442,37.624475],[127.058461,37.624449],[127.05849,37.624437],[127.058523,37.624427],[127.058564,37.624428],[127.058603,37.624437],[127.058635,37.624453],[127.058665,37.624461],[127.058717,37.624455],[127.058782,37.624448],[127.058823,37.62445],[127.058876,37.624444],[127.058923,37.624444],[127.058969,37.624432],[127.058994,37.624416],[127.059012,37.624384],[127.059019,37.62434],[127.059008,37.624316],[127.058981,37.624294],[127.058969,37.624264],[127.058975,37.624229],[127.058989,37.624195],[127.059,37.624161],[127.058991,37.624135],[127.058972,37.624095],[127.058964,37.624055],[127.058955,37.624013],[127.058956,37.623972],[127.058984,37.623946],[127.05901,37.62394],[127.059079,37.623945],[127.059167,37.623995],[127.0592,37.624019],[127.059232,37.624032]]},"properties":{"osm_id":1510178512,"highway":"footway"}},{"type":"Feature","id":"osm.way.1510178513","geometry":{"type":"LineString","coordinates":[[127.058372,37.625285],[127.058511,37.625416],[127.058631,37.625519],[127.058749,37.625612],[127.058783,37.625693],[127.058788,37.62576],[127.058758,37.625784]]},"properties":{"osm_id":1510178513,"highway":"footway"}},{"type":"Feature","id":"osm.way.1511768515","geometry":{"type":"LineString","coordinates":[[127.05569,37.630378],[127.055763,37.630429],[127.055778,37.630443],[127.05579,37.630461],[127.055801,37.630479],[127.055919,37.630695]]},"properties":{"osm_id":1511768515,"highway":"service"}},{"type":"Feature","id":"osm.way.1511768519","geometry":{"type":"LineString","coordinates":[[127.055806,37.630251],[127.055649,37.630189]]},"properties":{"osm_id":1511768519,"highway":"service"}},{"type":"Feature","id":"osm.way.1511768520","geometry":{"type":"LineString","coordinates":[[127.055564,37.632269],[127.055582,37.632284],[127.055611,37.632299],[127.055644,37.632308],[127.055685,37.632307],[127.055779,37.632276],[127.055938,37.632576]]},"properties":{"osm_id":1511768520,"highway":"service"}},{"type":"Feature","id":"osm.way.1511768521","geometry":{"type":"LineString","coordinates":[[127.055779,37.632276],[127.055505,37.631792]]},"properties":{"osm_id":1511768521,"highway":"service"}},{"type":"Feature","id":"osm.way.1511768522","geometry":{"type":"LineString","coordinates":[[127.054633,37.63199],[127.054902,37.631903],[127.055289,37.631779]]},"properties":{"osm_id":1511768522,"highway":"service"}},{"type":"Feature","id":"osm.way.1511768523","geometry":{"type":"LineString","coordinates":[[127.054846,37.6325],[127.054961,37.632658],[127.054981,37.63267],[127.055008,37.63268],[127.055092,37.632691],[127.055127,37.632695],[127.05517,37.632709],[127.055194,37.632724],[127.055223,37.632738],[127.05525,37.632742],[127.055273,37.632738],[127.055311,37.632728],[127.055331,37.632724],[127.055346,37.632728],[127.055354,37.632736],[127.055363,37.632745],[127.055503,37.633],[127.055508,37.633014],[127.0555,37.633027],[127.05549,37.633034],[127.055478,37.633038],[127.055455,37.633037],[127.055444,37.633032],[127.05538,37.632985],[127.055367,37.632979],[127.055354,37.632976],[127.055342,37.632978],[127.05522,37.633007],[127.055193,37.63301],[127.055168,37.633007],[127.05515,37.633001],[127.055133,37.63299],[127.055083,37.63292]]},"properties":{"osm_id":1511768523,"highway":"service"}},{"type":"Feature","id":"osm.way.1511768524","geometry":{"type":"LineString","coordinates":[[127.055342,37.632978],[127.055279,37.63289]]},"properties":{"osm_id":1511768524,"highway":"service"}},{"type":"Feature","id":"osm.way.1511768530","geometry":{"type":"LineString","coordinates":[[127.054967,37.632017],[127.054902,37.631903],[127.054802,37.631725]]},"properties":{"osm_id":1511768530,"highway":"service"}},{"type":"Feature","id":"osm.way.1513901820","geometry":{"type":"LineString","coordinates":[[127.073886,37.630962],[127.073633,37.631071],[127.073403,37.63117]]},"properties":{"osm_id":1513901820,"highway":"footway"}},{"type":"Feature","id":"osm.way.1513901821","geometry":{"type":"LineString","coordinates":[[127.073403,37.63117],[127.073349,37.631191],[127.073301,37.631231],[127.073223,37.631296],[127.07314,37.631434],[127.073093,37.631518],[127.072696,37.632514]]},"properties":{"osm_id":1513901821,"highway":"footway"}},{"type":"Feature","id":"osm.way.1513901822","geometry":{"type":"LineString","coordinates":[[127.07124,37.631434],[127.071263,37.631483],[127.071287,37.631523]]},"properties":{"osm_id":1513901822,"highway":"footway"}},{"type":"Feature","id":"osm.way.1513901823","geometry":{"type":"LineString","coordinates":[[127.07124,37.631434],[127.071318,37.631403],[127.07141,37.631392],[127.071562,37.631427],[127.07206,37.631561],[127.072728,37.631726],[127.072776,37.631728],[127.072819,37.631721],[127.072848,37.6317],[127.073013,37.631359],[127.073083,37.631269],[127.073172,37.631183],[127.073199,37.63116],[127.073286,37.631085],[127.073416,37.631],[127.073695,37.630873],[127.073928,37.63083],[127.07406,37.630806]]},"properties":{"osm_id":1513901823,"highway":"footway"}},{"type":"Feature","id":"osm.way.1513901824","geometry":{"type":"LineString","coordinates":[[127.071521,37.631529],[127.071542,37.631477],[127.071562,37.631427]]},"properties":{"osm_id":1513901824,"highway":"footway"}},{"type":"Feature","id":"osm.way.1513901825","geometry":{"type":"LineString","coordinates":[[127.072687,37.631833],[127.072704,37.631787],[127.072728,37.631726]]},"properties":{"osm_id":1513901825,"highway":"footway"}},{"type":"Feature","id":"osm.way.1513901826","geometry":{"type":"LineString","coordinates":[[127.074239,37.630782],[127.075532,37.6306],[127.075715,37.630551],[127.075859,37.630496],[127.075993,37.630396],[127.076084,37.630287],[127.076149,37.630173],[127.076205,37.630074],[127.076182,37.630046],[127.076172,37.630035],[127.076029,37.629963],[127.075822,37.629877],[127.075574,37.629814],[127.075375,37.629774],[127.075348,37.629768],[127.07439,37.629539],[127.074189,37.629514],[127.0737,37.629397],[127.073557,37.629395],[127.073509,37.629401]]},"properties":{"osm_id":1513901826,"highway":"footway"}},{"type":"Feature","id":"osm.way.1513901828","geometry":{"type":"LineString","coordinates":[[127.073199,37.63116],[127.073249,37.631195],[127.073301,37.631231]]},"properties":{"osm_id":1513901828,"highway":"footway"}},{"type":"Feature","id":"osm.way.1513901844","geometry":{"type":"LineString","coordinates":[[127.072696,37.632514],[127.072655,37.632615],[127.07265,37.632796],[127.072644,37.63305],[127.07265,37.633715]]},"properties":{"osm_id":1513901844,"highway":"footway"}},{"type":"Feature","id":"osm.way.1513901845","geometry":{"type":"LineString","coordinates":[[127.072138,37.633678],[127.072513,37.632826],[127.072528,37.63282],[127.072543,37.632819],[127.072556,37.632825]]},"properties":{"osm_id":1513901845,"highway":"footway"}},{"type":"Feature","id":"osm.way.1513901846","geometry":{"type":"LineString","coordinates":[[127.072387,37.632794],[127.072443,37.632808],[127.072513,37.632826]]},"properties":{"osm_id":1513901846,"highway":"footway"}},{"type":"Feature","id":"osm.way.1513901847","geometry":{"type":"LineString","coordinates":[[127.072556,37.632825],[127.072608,37.632809],[127.07265,37.632796]]},"properties":{"osm_id":1513901847,"highway":"footway"}},{"type":"Feature","id":"osm.way.1513901853","geometry":{"type":"LineString","coordinates":[[127.07253,37.632479],[127.072596,37.632493],[127.072628,37.6325],[127.072696,37.632514]]},"properties":{"osm_id":1513901853,"highway":"footway"}},{"type":"Feature","id":"osm.way.1514690427","geometry":{"type":"LineString","coordinates":[[127.063365,37.63049],[127.06368,37.629532],[127.063808,37.629132],[127.063972,37.628867]]},"properties":{"osm_id":1514690427,"highway":"secondary","name":"마들로","oneway":"yes"}},{"type":"Feature","id":"osm.way.1514690428","geometry":{"type":"LineString","coordinates":[[127.063396,37.630716],[127.063142,37.631475],[127.063089,37.631608],[127.063031,37.631716],[127.062949,37.631836],[127.062843,37.631959],[127.062683,37.632105]]},"properties":{"osm_id":1514690428,"highway":"secondary","name":"마들로","lanes":"4","oneway":"yes"}},{"type":"Feature","id":"osm.way.1514690429","geometry":{"type":"LineString","coordinates":[[127.062683,37.632105],[127.062232,37.632514]]},"properties":{"osm_id":1514690429,"highway":"secondary","name":"마들로","lanes":"4","oneway":"yes","tunnel":"yes","layer":"-1"}},{"type":"Feature","id":"osm.way.1514690430","geometry":{"type":"LineString","coordinates":[[127.063276,37.630461],[127.063622,37.629445],[127.063808,37.629132]]},"properties":{"osm_id":1514690430,"highway":"secondary_link","oneway":"yes"}},{"type":"Feature","id":"osm.way.1514690431","geometry":{"type":"LineString","coordinates":[[127.063196,37.630674],[127.063276,37.630461]]},"properties":{"osm_id":1514690431,"highway":"secondary_link","oneway":"yes","tunnel":"yes","layer":"-1"}},{"type":"Feature","id":"osm.way.1514690432","geometry":{"type":"LineString","coordinates":[[127.062597,37.632048],[127.062783,37.631874],[127.062904,37.631718],[127.063014,37.63153],[127.063296,37.630694]]},"properties":{"osm_id":1514690432,"highway":"secondary","name":"마들로","oneway":"yes"}},{"type":"Feature","id":"osm.way.1514690433","geometry":{"type":"LineString","coordinates":[[127.063296,37.630694],[127.063365,37.63049]]},"properties":{"osm_id":1514690433,"highway":"secondary","name":"마들로","oneway":"yes","tunnel":"yes","layer":"-1"}},{"type":"Feature","id":"osm.way.1514690434","geometry":{"type":"LineString","coordinates":[[127.063972,37.628867],[127.063916,37.629152],[127.06379,37.62954],[127.063463,37.630516]]},"properties":{"osm_id":1514690434,"highway":"secondary","name":"마들로","lanes":"4","oneway":"yes"}},{"type":"Feature","id":"osm.way.1514690435","geometry":{"type":"LineString","coordinates":[[127.063463,37.630516],[127.063396,37.630716]]},"properties":{"osm_id":1514690435,"highway":"secondary","name":"마들로","lanes":"4","oneway":"yes","tunnel":"yes","layer":"-1"}},{"type":"Feature","id":"osm.way.1514690437","geometry":{"type":"LineString","coordinates":[[127.070525,37.61296],[127.070528,37.612755],[127.070533,37.61268],[127.070537,37.61265],[127.070542,37.612615],[127.070546,37.612583],[127.070549,37.612548],[127.070537,37.612466],[127.070491,37.612299]]},"properties":{"osm_id":1514690437,"highway":"trunk_link","lanes":"1","oneway":"yes","layer":"1"}},{"type":"Feature","id":"osm.way.1514690438","geometry":{"type":"LineString","coordinates":[[127.070456,37.613124],[127.070457,37.612865],[127.070458,37.612796],[127.070463,37.612652],[127.070475,37.612522],[127.070491,37.612299]]},"properties":{"osm_id":1514690438,"highway":"trunk_link","lanes":"1","oneway":"yes","layer":"1"}},{"type":"Feature","id":"osm.way.1514690447","geometry":{"type":"LineString","coordinates":[[127.070463,37.625192],[127.070546,37.625253],[127.069807,37.626213],[127.069722,37.626339],[127.069629,37.6265],[127.069566,37.626646],[127.069371,37.626887]]},"properties":{"osm_id":1514690447,"highway":"residential","oneway":"yes"}},{"type":"Feature","id":"osm.way.1515438264","geometry":{"type":"LineString","coordinates":[[127.071991,37.619711],[127.071973,37.619819],[127.071967,37.619845],[127.071957,37.619883],[127.071952,37.619902],[127.071942,37.619928],[127.071932,37.619953],[127.071916,37.619987],[127.071905,37.620008],[127.07189,37.620032],[127.071877,37.620053],[127.071857,37.620081],[127.071843,37.620099]]},"properties":{"osm_id":1515438264,"highway":"trunk_link","oneway":"yes","layer":"1"}},{"type":"Feature","id":"osm.way.1515438265","geometry":{"type":"LineString","coordinates":[[127.070233,37.619944],[127.070222,37.619918],[127.070213,37.619893],[127.070207,37.61987],[127.070198,37.619834],[127.07018,37.619685]]},"properties":{"osm_id":1515438265,"highway":"trunk_link","oneway":"yes","layer":"1"}},{"type":"Feature","id":"osm.way.1517880567","geometry":{"type":"LineString","coordinates":[[127.04478,37.619636],[127.044957,37.619665]]},"properties":{"osm_id":1517880567,"highway":"cycleway"}},{"type":"Feature","id":"osm.way.1517880568","geometry":{"type":"LineString","coordinates":[[127.045723,37.621019],[127.045735,37.621008],[127.046029,37.620738],[127.046259,37.620137],[127.046817,37.619473],[127.047181,37.619086]]},"properties":{"osm_id":1517880568,"highway":"footway"}},{"type":"Feature","id":"osm.way.1517880569","geometry":{"type":"LineString","coordinates":[[127.049503,37.616681],[127.049472,37.616836],[127.04681,37.61849]]},"properties":{"osm_id":1517880569,"highway":"cycleway","oneway":"no"}},{"type":"Feature","id":"osm.way.1517880570","geometry":{"type":"LineString","coordinates":[[127.045723,37.621019],[127.045625,37.621192]]},"properties":{"osm_id":1517880570,"highway":"cycleway"}},{"type":"Feature","id":"osm.way.1517880571","geometry":{"type":"LineString","coordinates":[[127.045013,37.619551],[127.044972,37.619664],[127.045267,37.620184],[127.045735,37.621008]]},"properties":{"osm_id":1517880571,"highway":"footway"}},{"type":"Feature","id":"osm.way.1517880572","geometry":{"type":"LineString","coordinates":[[127.045013,37.619551],[127.045499,37.619284],[127.045714,37.619195],[127.045913,37.61908],[127.046816,37.618501],[127.048548,37.617457],[127.049335,37.61695],[127.049429,37.616969],[127.050364,37.617632],[127.050375,37.617728]]},"properties":{"osm_id":1517880572,"highway":"footway"}},{"type":"Feature","id":"osm.way.1531191375","geometry":{"type":"LineString","coordinates":[[127.063846,37.613996],[127.063805,37.613836]]},"properties":{"osm_id":1531191375,"highway":"service","name":"화랑로42길"}},{"type":"Feature","id":"osm.way.1531191378","geometry":{"type":"LineString","coordinates":[[127.063621,37.613982],[127.063711,37.613809]]},"properties":{"osm_id":1531191378,"highway":"service","name":"화랑로42길"}},{"type":"Feature","id":"osm.way.1531191383","geometry":{"type":"LineString","coordinates":[[127.063322,37.613963],[127.063454,37.613746]]},"properties":{"osm_id":1531191383,"highway":"service","name":"화랑로42길"}},{"type":"Feature","id":"osm.way.1531191399","geometry":{"type":"LineString","coordinates":[[127.068851,37.619548],[127.068163,37.619303],[127.06814,37.619281],[127.068124,37.619254],[127.068124,37.61905]]},"properties":{"osm_id":1531191399,"highway":"service"}},{"type":"Feature","id":"osm.way.1531191400","geometry":{"type":"LineString","coordinates":[[127.068881,37.615675],[127.068878,37.61588],[127.068854,37.616578],[127.068848,37.6169],[127.068932,37.617301]]},"properties":{"osm_id":1531191400,"highway":"service","lanes":"1"}},{"type":"Feature","id":"osm.way.1531191401","geometry":{"type":"LineString","coordinates":[[127.068932,37.617301],[127.068934,37.617673],[127.068936,37.617996]]},"properties":{"osm_id":1531191401,"highway":"service","lanes":"1","tunnel":"yes","layer":"-1"}},{"type":"Feature","id":"osm.way.1531191402","geometry":{"type":"LineString","coordinates":[[127.068934,37.617673],[127.069076,37.617671],[127.069142,37.617667],[127.069215,37.617657]]},"properties":{"osm_id":1531191402,"highway":"service","tunnel":"yes","layer":"-1"}},{"type":"Feature","id":"osm.way.1531191403","geometry":{"type":"LineString","coordinates":[[127.069215,37.617657],[127.069578,37.617597]]},"properties":{"osm_id":1531191403,"highway":"service"}},{"type":"Feature","id":"osm.way.1531191404","geometry":{"type":"LineString","coordinates":[[127.069963,37.617616],[127.069869,37.617599],[127.069818,37.617592],[127.069788,37.617591],[127.069764,37.617592],[127.069695,37.617596],[127.069632,37.617606],[127.069612,37.617605],[127.069598,37.617602],[127.069578,37.617597]]},"properties":{"osm_id":1531191404,"highway":"service","oneway":"yes"}},{"type":"Feature","id":"osm.way.1531191405","geometry":{"type":"LineString","coordinates":[[127.069578,37.617597],[127.069594,37.617573],[127.069605,37.617566],[127.069616,37.617562],[127.069633,37.617559],[127.069721,37.617549],[127.069764,37.617546],[127.069777,37.617545],[127.069797,37.617542],[127.069809,37.617539],[127.06984,37.617528],[127.069967,37.617461]]},"properties":{"osm_id":1531191405,"highway":"service","oneway":"yes"}},{"type":"Feature","id":"osm.way.1531191406","geometry":{"type":"LineString","coordinates":[[127.068879,37.61831],[127.068517,37.618312],[127.06826,37.618313],[127.067817,37.618316],[127.067782,37.61831],[127.06775,37.618294],[127.067717,37.618281],[127.067667,37.618268],[127.067629,37.618266],[127.067371,37.618266],[127.06716,37.618266],[127.067137,37.618266],[127.067105,37.618271],[127.067079,37.61829]]},"properties":{"osm_id":1531191406,"highway":"service"}},{"type":"Feature","id":"osm.way.1531191407","geometry":{"type":"LineString","coordinates":[[127.067079,37.61829],[127.067053,37.618326],[127.067039,37.618357],[127.067035,37.618388],[127.067032,37.618511]]},"properties":{"osm_id":1531191407,"highway":"service","tunnel":"yes","layer":"-1"}},{"type":"Feature","id":"osm.way.1531191408","geometry":{"type":"LineString","coordinates":[[127.06775,37.618294],[127.067752,37.61813],[127.067754,37.618094],[127.067766,37.618061],[127.067801,37.618026],[127.067835,37.617998],[127.067852,37.617968],[127.067857,37.617934],[127.06786,37.617729],[127.06786,37.617682],[127.067852,37.617641],[127.067818,37.617508],[127.067814,37.617469],[127.067811,37.617419],[127.06781,37.61731],[127.067814,37.617286],[127.067832,37.617263],[127.067856,37.61725],[127.067981,37.617211],[127.068007,37.617196],[127.068024,37.617176],[127.068036,37.617153],[127.068038,37.617027],[127.068042,37.61683],[127.068057,37.616809],[127.068086,37.616801],[127.068424,37.616807],[127.06842,37.617031],[127.068417,37.617139],[127.068413,37.617166],[127.068397,37.617184]]},"properties":{"osm_id":1531191408,"highway":"service"}},{"type":"Feature","id":"osm.way.1531191409","geometry":{"type":"LineString","coordinates":[[127.068397,37.617184],[127.068366,37.617206],[127.068338,37.617213],[127.068308,37.617216],[127.068111,37.617214]]},"properties":{"osm_id":1531191409,"highway":"service","oneway":"no","tunnel":"yes","layer":"-1"}},{"type":"Feature","id":"osm.way.1531191410","geometry":{"type":"LineString","coordinates":[[127.068424,37.616807],[127.068481,37.616799],[127.06851,37.616772],[127.068564,37.616713],[127.068583,37.616682],[127.068589,37.616647],[127.068591,37.616576]]},"properties":{"osm_id":1531191410,"highway":"service"}},{"type":"Feature","id":"osm.way.1531191411","geometry":{"type":"LineString","coordinates":[[127.06825,37.616573],[127.068591,37.616576],[127.068854,37.616578],[127.069081,37.61658],[127.069118,37.61657],[127.069156,37.616547],[127.069174,37.616516],[127.069179,37.616407]]},"properties":{"osm_id":1531191411,"highway":"service"}},{"type":"Feature","id":"osm.way.1531191412","geometry":{"type":"LineString","coordinates":[[127.069091,37.61614],[127.069333,37.616142],[127.069356,37.616145],[127.069371,37.616155],[127.069376,37.616173],[127.069365,37.616388],[127.069363,37.616396],[127.069358,37.616402],[127.06935,37.616407],[127.06934,37.616409],[127.069179,37.616407],[127.069119,37.616407],[127.069109,37.616405],[127.069101,37.616402],[127.069094,37.616398],[127.069088,37.61639],[127.069091,37.61614]]},"properties":{"osm_id":1531191412,"highway":"service","oneway":"yes","service":"parking_aisle"}},{"type":"Feature","id":"osm.way.1531191413","geometry":{"type":"LineString","coordinates":[[127.069091,37.61614],[127.069047,37.616141],[127.069026,37.616145],[127.069011,37.616157]]},"properties":{"osm_id":1531191413,"highway":"service"}},{"type":"Feature","id":"osm.way.1531191414","geometry":{"type":"LineString","coordinates":[[127.069011,37.616157],[127.068991,37.616181],[127.068979,37.616198],[127.068976,37.616216],[127.06897,37.616432]]},"properties":{"osm_id":1531191414,"highway":"service","tunnel":"yes","layer":"-1"}},{"type":"Feature","id":"osm.way.1531191415","geometry":{"type":"LineString","coordinates":[[127.068038,37.617027],[127.06842,37.617031]]},"properties":{"osm_id":1531191415,"highway":"service","service":"parking_aisle"}},{"type":"Feature","id":"osm.way.1531191417","geometry":{"type":"LineString","coordinates":[[127.068865,37.618927],[127.069246,37.61893],[127.069283,37.61893],[127.069305,37.618926],[127.069321,37.618914],[127.069326,37.618896],[127.069337,37.618476]]},"properties":{"osm_id":1531191417,"highway":"service"}},{"type":"Feature","id":"osm.way.1531191418","geometry":{"type":"LineString","coordinates":[[127.069146,37.618796],[127.06915,37.618646],[127.069157,37.618622],[127.069179,37.618597],[127.069337,37.618476],[127.069556,37.61831],[127.069578,37.618302],[127.069606,37.618297],[127.069639,37.618294],[127.069657,37.618282],[127.069668,37.618267],[127.069668,37.618181]]},"properties":{"osm_id":1531191418,"highway":"service"}},{"type":"Feature","id":"osm.way.1531191419","geometry":{"type":"LineString","coordinates":[[127.069246,37.618882],[127.069246,37.618829],[127.069247,37.618703]]},"properties":{"osm_id":1531191419,"highway":"service","tunnel":"yes","layer":"-1"}},{"type":"Feature","id":"osm.way.1531191420","geometry":{"type":"LineString","coordinates":[[127.069246,37.61893],[127.069246,37.618882]]},"properties":{"osm_id":1531191420,"highway":"service"}},{"type":"Feature","id":"osm.way.1531191421","geometry":{"type":"LineString","coordinates":[[127.068867,37.618831],[127.069031,37.618833],[127.069057,37.618828],[127.069073,37.618812],[127.069079,37.618791],[127.06908,37.618643]]},"properties":{"osm_id":1531191421,"highway":"service"}},{"type":"Feature","id":"osm.way.1531191422","geometry":{"type":"LineString","coordinates":[[127.06716,37.618266],[127.067158,37.618534],[127.067166,37.618549],[127.067183,37.618557],[127.067336,37.61856],[127.067356,37.618554],[127.067368,37.618539],[127.067371,37.618266]]},"properties":{"osm_id":1531191422,"highway":"service","service":"parking_aisle"}},{"type":"Feature","id":"osm.way.1533939011","geometry":{"type":"LineString","coordinates":[[127.063419,37.623925],[127.063446,37.623924],[127.063447,37.623741],[127.06337,37.62374],[127.063297,37.623785],[127.06323,37.623855],[127.063216,37.62393],[127.063129,37.624069],[127.063008,37.624201],[127.062921,37.624267],[127.062839,37.624298],[127.062661,37.624513],[127.062544,37.624727],[127.062419,37.624739],[127.062357,37.624771],[127.062239,37.624874],[127.062119,37.625033],[127.062011,37.625147],[127.061925,37.625268],[127.06188,37.625385],[127.061839,37.625562],[127.061824,37.625628],[127.061728,37.625744],[127.061583,37.625888],[127.061352,37.625997],[127.061244,37.626084],[127.061063,37.626305],[127.060978,37.626453],[127.060896,37.62667],[127.060789,37.626855],[127.060653,37.627083],[127.060592,37.627202],[127.060551,37.627377],[127.060515,37.6276],[127.060515,37.62783],[127.060533,37.628055],[127.060572,37.628236],[127.060628,37.628464],[127.06072,37.628724],[127.060799,37.62889],[127.060915,37.629056],[127.061043,37.629234],[127.061208,37.629436],[127.061356,37.629578],[127.061608,37.629789],[127.061744,37.629903],[127.06194,37.630033],[127.062152,37.630185],[127.062177,37.630242],[127.06238,37.63036]]},"properties":{"osm_id":1533939011,"highway":"footway"}},{"type":"Feature","id":"osm.way.1555874669","geometry":{"type":"LineString","coordinates":[[127.06826,37.618313],[127.068258,37.618511],[127.068257,37.618821],[127.06849,37.618822],[127.068491,37.618512],[127.068258,37.618511]]},"properties":{"osm_id":1555874669,"highway":"service"}},{"type":"Feature","id":"osm.way.1555874670","geometry":{"type":"LineString","coordinates":[[127.056424,37.619276],[127.056117,37.619539],[127.055467,37.619829],[127.055618,37.620241]]},"properties":{"osm_id":1555874670,"highway":"service"}},{"type":"Feature","id":"osm.way.1555874671","geometry":{"type":"LineString","coordinates":[[127.056714,37.621576],[127.05681,37.621584],[127.056938,37.621558],[127.057088,37.621191],[127.057241,37.621039]]},"properties":{"osm_id":1555874671,"highway":"service"}},{"type":"Feature","id":"osm.way.1555874672","geometry":{"type":"LineString","coordinates":[[127.06137,37.616995],[127.060746,37.616488],[127.060827,37.616419],[127.060652,37.616233],[127.060444,37.616288],[127.060127,37.616463],[127.060119,37.61664],[127.061167,37.617419]]},"properties":{"osm_id":1555874672,"highway":"service"}},{"type":"Feature","id":"osm.way.1555874673","geometry":{"type":"LineString","coordinates":[[127.060652,37.616233],[127.0609,37.61619],[127.061425,37.616196],[127.06163,37.616276],[127.061599,37.616446],[127.061861,37.616659]]},"properties":{"osm_id":1555874673,"highway":"service"}},{"type":"Feature","id":"osm.way.1555874674","geometry":{"type":"LineString","coordinates":[[127.061599,37.616446],[127.060827,37.616419]]},"properties":{"osm_id":1555874674,"highway":"service"}},{"type":"Feature","id":"osm.way.1558066489","geometry":{"type":"LineString","coordinates":[[127.067852,37.617968],[127.068398,37.617985],[127.068508,37.618151],[127.068517,37.618312]]},"properties":{"osm_id":1558066489,"highway":"service"}},{"type":"Feature","id":"osm.way.1558066490","geometry":{"type":"LineString","coordinates":[[127.068398,37.617985],[127.068397,37.617638],[127.068535,37.617572],[127.068893,37.617572],[127.068887,37.617367],[127.068539,37.617372],[127.068535,37.617572]]},"properties":{"osm_id":1558066490,"highway":"footway"}},{"type":"Feature","id":"osm.way.1558066491","geometry":{"type":"LineString","coordinates":[[127.068903,37.618195],[127.068957,37.618196],[127.069344,37.618199],[127.069345,37.618018],[127.06896,37.618015],[127.068957,37.618196]]},"properties":{"osm_id":1558066491,"highway":"footway"}}]}