상가업소번호,상호명,업종,주소,위도,경도,원본파일
MA0101202306A0110798,1번출구새싹약국,약국,서울특별시 노원구 화랑로 337,37.6152364672172,127.065172051292,소상공인시장진흥공단_상가(상권)정보_서울_202606.csv
MA010120220805095410,1호선공인중개사사무소,부동산 중개/대리업,서울특별시 노원구 광운로 55,37.6224834094802,127.059491977852,소상공인시장진흥공단_상가(상권)정보_서울_202606.csv
MA0101202212A0029671,25시노래연습장,노래방,서울특별시 노원구 석계로 8-1,37.6156692031624,127.064696717862,소상공인시장진흥공단_상가(상권)정보_서울_202606.csv
MA0101202406A0071722,36524PRINT석계역센터,복사업,서울특별시 노원구 석계로3길 11,37.6157416896595,127.06394923391,소상공인시장진흥공단_상가(상권)정보_서울_202606.csv
MA0101202511A0002890,3hour컨설팅,경영 컨설팅업,서울특별시 노원구 광운로19가길 19,37.6244205252837,127.059504849402,소상공인시장진흥공단_상가(상권)정보_서울_202606.csv
MA0101202411A0105592,4층당구장,당구장,서울특별시 노원구 광운로 44,37.6213571757479,127.059491080378,소상공인시장진흥공단_상가(상권)정보_서울_202606.csv
MA010120220808140723,CU,편의점,서울특별시 노원구 광운로 20,37.6193125115343,127.058334096341,소상공인시장진흥공단_상가(상권)정보_서울_202606.csv
MA010120220808568738,CU노원월계점,편의점,서울특별시 노원구 월계로44가길 19,37.6235225414364,127.053217289601,소상공인시장진흥공단_상가(상권)정보_서울_202606.csv
MA010120220804863560,GS25광운,편의점,서울특별시 노원구 광운로 17-11,37.6195022349324,127.057280830151,소상공인시장진흥공단_상가(상권)정보_서울_202606.csv
MA010120220804367983,GS25광운문화관점,편의점,서울특별시 노원구 광운로 20,37.6193125115343,127.058334096341,소상공인시장진흥공단_상가(상권)정보_서울_202606.csv
MA0106202201A0646387,GS25월계석계역,편의점,서울특별시 노원구 석계로 22,37.6169127397206,127.064380649284,소상공인시장진흥공단_상가(상권)정보_서울_202606.csv
MA010120220807008082,JJ안경원,안경렌즈 소매업,서울특별시 노원구 화랑로 337,37.6152364672172,127.065172051292,소상공인시장진흥공단_상가(상권)정보_서울_202606.csv
MA010120220801469414,J요가,요가/필라테스 학원,서울특별시 노원구 석계로 105,37.6228702921929,127.060557075646,소상공인시장진흥공단_상가(상권)정보_서울_202606.csv
MA010120220808236766,LSE개발원,경영 컨설팅업,서울특별시 노원구 광운로 48,37.6217175591419,127.059514022301,소상공인시장진흥공단_상가(상권)정보_서울_202606.csv
MA010120220803957507,Missshong미용실,미용실,서울특별시 노원구 석계로 98-2,37.6230318415724,127.061769256913,소상공인시장진흥공단_상가(상권)정보_서울_202606.csv
MA010120220804361855,WORLD-TV,핸드폰/통신장비 수리업,서울특별시 노원구 월계로 334,37.6290164941326,127.057616657162,소상공인시장진흥공단_상가(상권)정보_서울_202606.csv
MA010120220810231737,W바디&스킨케어,피부 관리실,서울특별시 노원구 석계로18길 23,37.6240145453466,127.060558003869,소상공인시장진흥공단_상가(상권)정보_서울_202606.csv
MA0101202409A0096390,가락홈마트,슈퍼마켓,서울특별시 노원구 광운로 46,37.6216628357399,127.060816625592,소상공인시장진흥공단_상가(상권)정보_서울_202606.csv
MA010120220804348220,가마솥뼈다귀감자탕,백반/한정식,서울특별시 노원구 석계로18길 14,37.6237532766484,127.060523808877,소상공인시장진흥공단_상가(상권)정보_서울_202606.csv
MA010120220804371069,가안적산,건축 설계 및 관련 서비스업,서울특별시 노원구 광운로7길 18-15,37.621403229903,127.057463525869,소상공인시장진흥공단_상가(상권)정보_서울_202606.csv
MA0101202406A0279097,각자의연유체형교정센터,체형/비만 관리,서울특별시 노원구 화랑로 337-4,37.6151101281862,127.065534384873,소상공인시장진흥공단_상가(상권)정보_서울_202606.csv
MA010120220804349093,간판&디자인연구소,광고물 설계/제작업,서울특별시 노원구 광운로 86,37.6249607262529,127.060275574833,소상공인시장진흥공단_상가(상권)정보_서울_202606.csv
MA010120220804356869,강사라머리방,미용실,서울특별시 노원구 광운로 49,37.6218528951298,127.059140326207,소상공인시장진흥공단_상가(상권)정보_서울_202606.csv
MA010120220807385883,경광공인중개사사무소,부동산 중개/대리업,서울특별시 노원구 화랑로43길 2-4,37.6145977526593,127.063359287061,소상공인시장진흥공단_상가(상권)정보_서울_202606.csv
MA010120220804359574,경노이발관,미용실,서울특별시 노원구 석계로 27,37.6173004168536,127.063916588747,소상공인시장진흥공단_상가(상권)정보_서울_202606.csv
MA010120220811889529,경대컵밥,김밥/만두/분식,서울특별시 노원구 광운로 17-13,37.6195923995727,127.057144974719,소상공인시장진흥공단_상가(상권)정보_서울_202606.csv
MA0101202410A0316259,경희김영환한의원,한의원,서울특별시 노원구 석계로9길 21,37.6170666110766,127.06307821525,소상공인시장진흥공단_상가(상권)정보_서울_202606.csv
MA010120220813444817,고기박사,돼지고기 구이/찜,서울특별시 노원구 광운로 52,37.621897670725,127.059684076884,소상공인시장진흥공단_상가(상권)정보_서울_202606.csv
MA0101202410A0316088,고려가정의학과의원,내과/소아과 의원,서울특별시 노원구 광운로 57,37.6226455528344,127.059560072146,소상공인시장진흥공단_상가(상권)정보_서울_202606.csv
MA010120220809920770,고씨네,백반/한정식,서울특별시 노원구 광운로 17-5,37.6193489568904,127.057507252828,소상공인시장진흥공단_상가(상권)정보_서울_202606.csv
MA0101202409A0238950,고씨네,일식 회/초밥,서울특별시 노원구 광운로 37-1,37.6208980242925,127.058788425097,소상공인시장진흥공단_상가(상권)정보_서울_202606.csv
MA010120220804360019,골드리,시계/귀금속 소매업,서울특별시 노원구 석계로3길 3,37.6155612827699,127.064334178324,소상공인시장진흥공단_상가(상권)정보_서울_202606.csv
MA0101202501A0017064,공차,카페,서울특별시 노원구 광운로 20,37.6193215661688,127.058243487341,소상공인시장진흥공단_상가(상권)정보_서울_202606.csv
MA010120220805965505,광야공인중개사사무소,부동산 중개/대리업,서울특별시 노원구 석계로9길 41,37.6164092932424,127.062318779961,소상공인시장진흥공단_상가(상권)정보_서울_202606.csv
MA010120220807002358,광운꽃방,꽃집,서울특별시 노원구 광운로 41,37.6212042581616,127.058992557547,소상공인시장진흥공단_상가(상권)정보_서울_202606.csv
MA0101202410A0282664,광운대구내서적,서점,서울특별시 노원구 광운로 20,37.6193125115343,127.058334096341,소상공인시장진흥공단_상가(상권)정보_서울_202606.csv
MA0101202502A0090400,광운대동문참빛교육회,소고기 구이/찜,서울특별시 노원구 광운로 20,37.6193215661688,127.058243487341,소상공인시장진흥공단_상가(상권)정보_서울_202606.csv
MA010120220811660366,광운대역구내식당매점,구내식당,서울특별시 노원구 석계로 98-2,37.6230318415724,127.061769256913,소상공인시장진흥공단_상가(상권)정보_서울_202606.csv
MA0101202509A0025835,광운대역주유소,주유소,서울특별시 노원구 광운로 95,37.626015041974,127.059959241488,소상공인시장진흥공단_상가(상권)정보_서울_202606.csv
MA010120220812132801,광운대친절한공인중개사사무소,부동산 중개/대리업,서울특별시 노원구 광운로10길 3,37.6208977635542,127.059309478321,소상공인시장진흥공단_상가(상권)정보_서울_202606.csv
MA010120220804388412,광운대학교행복기숙사,기숙사/고시원,서울특별시 노원구 광운로 21,37.6198174813638,127.057484959534,소상공인시장진흥공단_상가(상권)정보_서울_202606.csv
MA010120220804357123,광운문화사,복사업,서울특별시 노원구 광운로3길 5,37.618880498563,127.057393622586,소상공인시장진흥공단_상가(상권)정보_서울_202606.csv
MA010120220804357118,광운사진실,사진촬영업,서울특별시 노원구 광운로 37-1,37.6208980242925,127.058788425097,소상공인시장진흥공단_상가(상권)정보_서울_202606.csv
MA010120220804341355,광운세탁소,세탁소,서울특별시 노원구 광운로3길 5,37.618880498563,127.057393622586,소상공인시장진흥공단_상가(상권)정보_서울_202606.csv
MA010120220804344055,광운슈퍼,담배/전자담배 소매업,서울특별시 노원구 광운로1길 26,37.6192053941255,127.056272500144,소상공인시장진흥공단_상가(상권)정보_서울_202606.csv
MA0101202406A0118260,광운스테이,기숙사/고시원,서울특별시 노원구 석계로15길 25,37.6219866908876,127.061779719566,소상공인시장진흥공단_상가(상권)정보_서울_202606.csv
MA010120220804357116,광운안경,안경렌즈 소매업,서울특별시 노원구 광운로 11,37.6187633646792,127.057404859471,소상공인시장진흥공단_상가(상권)정보_서울_202606.csv
MA0101202504A0072181,광운케어약국,약국,서울특별시 노원구 석계로 98-1,37.6235007260936,127.061056003356,소상공인시장진흥공단_상가(상권)정보_서울_202606.csv
MA010120220804347610,교내문구,문구/회화용품 소매업,서울특별시 노원구 광운로 20,37.6193125115343,127.058334096341,소상공인시장진흥공단_상가(상권)정보_서울_202606.csv
MA010120220809976965,교촌치킨석계역점,치킨,서울특별시 노원구 석계로 31,37.617543714167,127.063860163317,소상공인시장진흥공단_상가(상권)정보_서울_202606.csv
MA010120220803838835,구립월계청춘카페,카페,서울특별시 노원구 광운로 44,37.6213571757479,127.059491080378,소상공인시장진흥공단_상가(상권)정보_서울_202606.csv
MA0101202410A0511276,국가대표유도체육관,태권도/무술학원,서울특별시 노원구 광운로 56,37.6223751479381,127.059775078393,소상공인시장진흥공단_상가(상권)정보_서울_202606.csv
MA0101202509A0003890,국립밥물관,백반/한정식,서울특별시 노원구 석계로8가길 29,37.6154348156748,127.064934369596,소상공인시장진흥공단_상가(상권)정보_서울_202606.csv
MA0101202509A0028908,국수천왕광운대,국수/칼국수,서울특별시 노원구 광운로 46,37.6216628357399,127.060816625592,소상공인시장진흥공단_상가(상권)정보_서울_202606.csv
MA010120220806839658,군자대한곱창석계역점,곱창 전골/구이,서울특별시 노원구 석계로 14-1,37.6161558234132,127.064538568076,소상공인시장진흥공단_상가(상권)정보_서울_202606.csv
MA0101202507A0042013,굴다리,백반/한정식,서울특별시 노원구 석계로7길 2,37.6167958207952,127.063995443195,소상공인시장진흥공단_상가(상권)정보_서울_202606.csv
MA010120220803819095,굿모닝고시원&굿모닝공인중개사사무소,기숙사/고시원,서울특별시 노원구 광운로 56,37.6223751479381,127.059775078393,소상공인시장진흥공단_상가(상권)정보_서울_202606.csv
MA0101202309A0005719,그래스테이,기숙사/고시원,서울특별시 노원구 광운로 52,37.621897670725,127.059684076884,소상공인시장진흥공단_상가(상권)정보_서울_202606.csv
MA0101202303A0050221,그랜드정육,정육점,서울특별시 노원구 광운로 47,37.6216637048827,127.059106194242,소상공인시장진흥공단_상가(상권)정보_서울_202606.csv
MA0101202501A0007591,그옛날1947왕만두,김밥/만두/분식,서울특별시 노원구 광운로 55,37.6224834094802,127.059491977852,소상공인시장진흥공단_상가(상권)정보_서울_202606.csv
MA010120220804370627,글라스타안경콘택트석계역점,안경렌즈 소매업,서울특별시 노원구 석계로3길 3,37.6155612827699,127.064334178324,소상공인시장진흥공단_상가(상권)정보_서울_202606.csv
MA0101202210A0022447,글밭국어독서논술교습소,입시·교과학원,서울특별시 노원구 광운로2가길 23,37.6181407479358,127.059295961433,소상공인시장진흥공단_상가(상권)정보_서울_202606.csv
MA010120220804346138,금나라,시계/귀금속 소매업,서울특별시 노원구 석계로 104,37.6231855502503,127.060727245312,소상공인시장진흥공단_상가(상권)정보_서울_202606.csv
MA010120220804353889,금성전파사,가전제품 수리업,서울특별시 노원구 석계로3길 36,37.616426952151,127.0629983889,소상공인시장진흥공단_상가(상권)정보_서울_202606.csv
MA0101202508A0011829,금수저함바식당,백반/한정식,서울특별시 노원구 석계로8길 6,37.6166693740351,127.064561665159,소상공인시장진흥공단_상가(상권)정보_서울_202606.csv
MA010120220803952104,기와집,백반/한정식,서울특별시 노원구 석계로 35,37.6179221962999,127.063735892257,소상공인시장진흥공단_상가(상권)정보_서울_202606.csv
MA010120220811825517,김가네,김밥/만두/분식,서울특별시 노원구 광운로 20,37.6193125115343,127.058334096341,소상공인시장진흥공단_상가(상권)정보_서울_202606.csv
MA0101202410A0315242,김경미논술국어교습소,입시·교과학원,서울특별시 노원구 석계로9길 29,37.6168325113258,127.06278352507,소상공인시장진흥공단_상가(상권)정보_서울_202606.csv
MA010120220803914896,김민재미용실,미용실,서울특별시 노원구 월계로44나길 17,37.6229367050497,127.053647319184,소상공인시장진흥공단_상가(상권)정보_서울_202606.csv
MA0101202406A0258042,김밥천국,김밥/만두/분식,서울특별시 노원구 광운로 33,37.6205737759318,127.058572952988,소상공인시장진흥공단_상가(상권)정보_서울_202606.csv
MA0101202305A0070349,김선생수학교습소,입시·교과학원,서울특별시 노원구 석계로 49,37.6172200623395,127.062545990437,소상공인시장진흥공단_상가(상권)정보_서울_202606.csv
MA0101202406A0190314,김영희아구찜&코다리냉면석계점,백반/한정식,서울특별시 노원구 석계로3길 11,37.6157416896595,127.06394923391,소상공인시장진흥공단_상가(상권)정보_서울_202606.csv
MA010120220804353834,김원숙헤어라인,미용실,서울특별시 노원구 석계로9길 29,37.6168325113258,127.06278352507,소상공인시장진흥공단_상가(상권)정보_서울_202606.csv
MA0101202311A0005253,김태희한의원,한의원,서울특별시 노원구 석계로1길 22,37.615615850809,127.063394130243,소상공인시장진흥공단_상가(상권)정보_서울_202606.csv
MA0101202410A0314365,김희섭의원,내과/소아과 의원,서울특별시 노원구 석계로 95,37.6229150260324,127.061168799873,소상공인시장진흥공단_상가(상권)정보_서울_202606.csv
MA010120220804366921,까까머리,미용실,서울특별시 노원구 석계로3길 10,37.6158497221637,127.064107897183,소상공인시장진흥공단_상가(상권)정보_서울_202606.csv
MA010120220813995713,깔끄미,건축물 일반 청소업,서울특별시 노원구 석계로 49,37.6195177241896,127.062276066254,소상공인시장진흥공단_상가(상권)정보_서울_202606.csv
MA010120220802931834,깨끗한세상,건축물 일반 청소업,서울특별시 노원구 광운로7길 6,37.6207630113413,127.058516465311,소상공인시장진흥공단_상가(상권)정보_서울_202606.csv
MA010120220804317449,깨끗한세상,건축물 일반 청소업,서울특별시 노원구 광운로19가길 3-8,37.6238350548429,127.059164551888,소상공인시장진흥공단_상가(상권)정보_서울_202606.csv
MA010120220812729229,깨끗한세상,건축물 일반 청소업,서울특별시 노원구 월계로44가길 65-5,37.6249091926377,127.055110030333,소상공인시장진흥공단_상가(상권)정보_서울_202606.csv
MA010120220812735944,깨끗한세상,건축물 일반 청소업,서울특별시 노원구 월계로44가길 43-6,37.6243869776277,127.05433935589,소상공인시장진흥공단_상가(상권)정보_서울_202606.csv
MA0101202603A0035686,꽁꽁삼겹살차돌박이,돼지고기 구이/찜,서울특별시 노원구 석계로 18,37.6164351791409,127.064448196956,소상공인시장진흥공단_상가(상권)정보_서울_202606.csv
MA010120220804354563,꽁당보리밥,백반/한정식,서울특별시 노원구 석계로9길 43,37.6163372381367,127.062273413599,소상공인시장진흥공단_상가(상권)정보_서울_202606.csv
MA0101202311A0063344,꽃님맥주,생맥주 전문,서울특별시 노원구 석계로 98-1,37.6235007260936,127.061056003356,소상공인시장진흥공단_상가(상권)정보_서울_202606.csv
MA0101202410A0315268,꽃사랑,꽃집,서울특별시 노원구 광운로 17-1,37.6192227412647,127.057665733535,소상공인시장진흥공단_상가(상권)정보_서울_202606.csv
MA010120220804353801,꽃제비칼국수,국수/칼국수,서울특별시 노원구 광운로12길 13,37.621302910233,127.059898820292,소상공인시장진흥공단_상가(상권)정보_서울_202606.csv
MA0101202503A0071138,꿈의숲SK공인중개사사무소,부동산 중개/대리업,서울특별시 노원구 월계로42길 97,37.6220989309213,127.053329549084,소상공인시장진흥공단_상가(상권)정보_서울_202606.csv
MA010120220811660202,나나에스텔,화장품 소매업,서울특별시 노원구 석계로7길 29-3,37.6157058337927,127.063609409386,소상공인시장진흥공단_상가(상권)정보_서울_202606.csv
MA010120220804347360,나라전기,기타 엔지니어링 서비스업,서울특별시 노원구 광운로 58,37.6225372623945,127.059899810666,소상공인시장진흥공단_상가(상권)정보_서울_202606.csv
MA010120220809949338,나빌레라,패션/섬유/기타 전문 디자인업,서울특별시 노원구 석계로 91,37.6226626909477,127.061281868278,소상공인시장진흥공단_상가(상권)정보_서울_202606.csv
MA0101202410A0259846,나철한의원,한의원,서울특별시 노원구 석계로 105,37.6228702921929,127.060557075646,소상공인시장진흥공단_상가(상권)정보_서울_202606.csv
MA0101202311A0034382,남송닭집,정육점,서울특별시 노원구 석계로3길 30,37.6162646167691,127.06329274212,소상공인시장진흥공단_상가(상권)정보_서울_202606.csv
MA0101202406A0468837,남자머리,미용실,서울특별시 노원구 광운로 46,37.6216628357399,127.060816625592,소상공인시장진흥공단_상가(상권)정보_서울_202606.csv
MA010120220813660147,너네가찾던미용실,미용실,서울특별시 노원구 광운로 17-1,37.6192227412647,127.057665733535,소상공인시장진흥공단_상가(상권)정보_서울_202606.csv
MA0101202604A0044270,네이브네일,네일숍,서울특별시 노원구 화랑로 337-4,37.6151101281862,127.065534384873,소상공인시장진흥공단_상가(상권)정보_서울_202606.csv
MA010120220809948550,네이처과학교습소,입시·교과학원,서울특별시 노원구 광운로 17-11,37.6195022349324,127.057280830151,소상공인시장진흥공단_상가(상권)정보_서울_202606.csv
MA010120220806552481,네이처컬렉션,화장품 소매업,서울특별시 노원구 석계로 104,37.6231855502503,127.060727245312,소상공인시장진흥공단_상가(상권)정보_서울_202606.csv
MA010120220813913473,네이처컬렉션석계점,화장품 소매업,서울특별시 노원구 석계로3길 3,37.6155612827699,127.064334178324,소상공인시장진흥공단_상가(상권)정보_서울_202606.csv
MA0101202406A0246885,네일도드림,네일숍,서울특별시 노원구 석계로3길 16,37.6159399192581,127.063926750683,소상공인시장진흥공단_상가(상권)정보_서울_202606.csv
MA010120220806847538,노다지노래연습장,노래방,서울특별시 노원구 석계로3길 21,37.6159671751725,127.063507693508,소상공인시장진흥공단_상가(상권)정보_서울_202606.csv
MA010120220811828655,노랑통닭석계역점,치킨,서울특별시 노원구 석계로 12-1,37.6159575751118,127.064595029223,소상공인시장진흥공단_상가(상권)정보_서울_202606.csv
MA010120220808985726,노원,신발 소매업,서울특별시 노원구 화랑로43가길 16,37.6148864197056,127.062702604479,소상공인시장진흥공단_상가(상권)정보_서울_202606.csv
MA0101202504A0072250,노원뉴하트내과의원,내과/소아과 의원,서울특별시 노원구 석계로 98-1,37.6235007260936,127.061056003356,소상공인시장진흥공단_상가(상권)정보_서울_202606.csv
MA0101202509A0006739,노원배터리자동차밧데리,자동차 부품 소매업,서울특별시 노원구 광운로2길 6,37.6180966173545,127.057438327327,소상공인시장진흥공단_상가(상권)정보_서울_202606.csv
MA0101202406A0213314,노원연세제일치과의원,치과의원,서울특별시 노원구 월계로 336,37.6291785662976,127.057832023875,소상공인시장진흥공단_상가(상권)정보_서울_202606.csv
MA010120220802271183,노원우태하,화장품 소매업,서울특별시 노원구 화랑로 337,37.6152364672172,127.065172051292,소상공인시장진흥공단_상가(상권)정보_서울_202606.csv
MA010120220804368961,노원우태하피부과의원,피부/비뇨기과 의원,서울특별시 노원구 화랑로 337,37.6152364672172,127.065172051292,소상공인시장진흥공단_상가(상권)정보_서울_202606.csv
MA0101202410A0283097,노원이서진내과,내과/소아과 의원,서울특별시 노원구 월계로 334,37.6290164941326,127.057616657162,소상공인시장진흥공단_상가(상권)정보_서울_202606.csv
MA010120220804388630,노원현대자동차공업주,자동차 정비소,서울특별시 노원구 월계로44길 20,37.6239108382343,127.051246545572,소상공인시장진흥공단_상가(상권)정보_서울_202606.csv
MA0101202307A0061980,노웨어,경영 컨설팅업,서울특별시 노원구 광운로 17-5,37.6193489568904,127.057507252828,소상공인시장진흥공단_상가(상권)정보_서울_202606.csv
MA0101202502A0058320,노트북수리,컴퓨터/노트북/프린터 수리업,서울특별시 노원구 석계로18길 8,37.6234378906017,127.060602846613,소상공인시장진흥공단_상가(상권)정보_서울_202606.csv
MA010120220804357589,놀부부대찌개성북역점,국/탕/찌개류,서울특별시 노원구 석계로 101,37.6229331746889,127.060919608486,소상공인시장진흥공단_상가(상권)정보_서울_202606.csv
MA010120220813643423,농민마트,슈퍼마켓,서울특별시 노원구 광운로 61,37.6230058272637,127.059798238517,소상공인시장진흥공단_상가(상권)정보_서울_202606.csv
MA010120220804356163,누커피기업,카페,서울특별시 노원구 월계로 328,37.6287733493607,127.057367243703,소상공인시장진흥공단_상가(상권)정보_서울_202606.csv
MA010120220807211978,뉴석계프라자약국,약국,서울특별시 노원구 석계로 2,37.615200608644,127.064843554864,소상공인시장진흥공단_상가(상권)정보_서울_202606.csv
MA0101202508A0012689,뉴석계프라자약국,약국,서울특별시 노원구 석계로 2,37.615200608644,127.064843554864,소상공인시장진흥공단_상가(상권)정보_서울_202606.csv
MA010120220813309571,니하오마라탕월계점,마라탕/훠궈,서울특별시 노원구 광운로 132,37.6292502256759,127.058681718101,소상공인시장진흥공단_상가(상권)정보_서울_202606.csv
MA010120220804368307,다나약국,약국,서울특별시 노원구 석계로 95,37.6229150260324,127.061168799873,소상공인시장진흥공단_상가(상권)정보_서울_202606.csv
MA010120220803947459,다모아기사식당,백반/한정식,서울특별시 노원구 광운로 122,37.6282677881955,127.059405961166,소상공인시장진흥공단_상가(상권)정보_서울_202606.csv
MA0101202410A0282818,다사랑산부인과의원,산부인과 의원,서울특별시 노원구 화랑로 321,37.6146787685305,127.063495271458,소상공인시장진흥공단_상가(상권)정보_서울_202606.csv
MA010120220804367260,다오헤어,미용실,서울특별시 노원구 석계로 2,37.615200608644,127.064843554864,소상공인시장진흥공단_상가(상권)정보_서울_202606.csv
MA010120220813371750,다온,미용실,서울특별시 노원구 석계로7길 18,37.6162014563771,127.063462586621,소상공인시장진흥공단_상가(상권)정보_서울_202606.csv
MA0101202603A0015830,다온,수산물 소매업,서울특별시 노원구 석계로1길 22,37.615615850809,127.063394130243,소상공인시장진흥공단_상가(상권)정보_서울_202606.csv
MA0101202302A0062347,다온루리,입시·교과학원,서울특별시 노원구 광운로3길 5,37.618880498563,127.057393622586,소상공인시장진흥공단_상가(상권)정보_서울_202606.csv
MA010120220808680983,다와머리염색,미용실,서울특별시 노원구 광운로2가길 23,37.6181407479358,127.059295961433,소상공인시장진흥공단_상가(상권)정보_서울_202606.csv
MA010120220803948687,다와자동차공업사,자동차 정비소,서울특별시 노원구 석계로 39,37.6182826340972,127.063656911972,소상공인시장진흥공단_상가(상권)정보_서울_202606.csv
MA0101202406A0399931,다윗복싱다이어트,태권도/무술학원,서울특별시 노원구 석계로 17,37.6163091458583,127.064255536792,소상공인시장진흥공단_상가(상권)정보_서울_202606.csv
MA010120220805805658,다이소석계역점,그 외 기타 종합 소매업,서울특별시 노원구 석계로 9,37.6156873654536,127.06443622507,소상공인시장진흥공단_상가(상권)정보_서울_202606.csv
MA010120220804353503,다이소성북역점,반찬/식료품 소매업,서울특별시 노원구 석계로 98-2,37.6230318415724,127.061769256913,소상공인시장진흥공단_상가(상권)정보_서울_202606.csv
MA010120220807384345,다이천마떡,김밥/만두/분식,서울특별시 노원구 석계로 106,37.6231586834502,127.060410050897,소상공인시장진흥공단_상가(상권)정보_서울_202606.csv
MA010120220807404441,닥터PC,PC방,서울특별시 노원구 광운로 48,37.6217175591419,127.059514022301,소상공인시장진흥공단_상가(상권)정보_서울_202606.csv
MA010120220810554560,닥터스종합동물병원,동물병원,서울특별시 노원구 월계로 336,37.6291785662976,127.057832023875,소상공인시장진흥공단_상가(상권)정보_서울_202606.csv
MA010120220813495480,단지내SK공인중개사사무소,부동산 중개/대리업,서울특별시 노원구 월계로42길 97,37.6220089037793,127.053170900931,소상공인시장진흥공단_상가(상권)정보_서울_202606.csv
MA0101202412A0071687,달리자맥주석계역점,생맥주 전문,서울특별시 노원구 화랑로 337,37.6152364672172,127.065172051292,소상공인시장진흥공단_상가(상권)정보_서울_202606.csv
MA0101202511A0015329,달링커피,카페,서울특별시 노원구 광운로1길 22,37.6191241753054,127.056544286439,소상공인시장진흥공단_상가(상권)정보_서울_202606.csv
MA010120220805855840,달콤몬스터,아이스크림 할인점,서울특별시 노원구 광운로2가길 23,37.6181407479358,127.059295961433,소상공인시장진흥공단_상가(상권)정보_서울_202606.csv
MA0101202512A0025575,달콤몬스터,슈퍼마켓,서울특별시 노원구 광운로2가길 23,37.6181407479358,127.059295961433,소상공인시장진흥공단_상가(상권)정보_서울_202606.csv
MA010120220812589462,대동세탁,세탁소,서울특별시 노원구 광운로 46,37.6216628357399,127.060816625592,소상공인시장진흥공단_상가(상권)정보_서울_202606.csv
MA010120220801637113,대명왕십리곱창,곱창 전골/구이,서울특별시 노원구 석계로 18,37.6164351791409,127.064448196956,소상공인시장진흥공단_상가(상권)정보_서울_202606.csv
MA010120220804358932,대박공인중개사사무소,부동산 중개/대리업,서울특별시 노원구 광운로2길 33,37.6172760661027,127.058762919904,소상공인시장진흥공단_상가(상권)정보_서울_202606.csv
MA0101202311A0081372,대창간,곱창 전골/구이,서울특별시 노원구 화랑로 337-17,37.6156780200198,127.065047845646,소상공인시장진흥공단_상가(상권)정보_서울_202606.csv
MA0101202409A0032908,더모스트,미용실,서울특별시 노원구 광운로 69,37.6234832237015,127.060047829021,소상공인시장진흥공단_상가(상권)정보_서울_202606.csv
MA0101202310A0033417,더봄헤어,미용실,서울특별시 노원구 월계로42길 97,37.6220989309213,127.053329549084,소상공인시장진흥공단_상가(상권)정보_서울_202606.csv
MA010120220813072228,더스시쟁이,일식 회/초밥,서울특별시 노원구 석계로 18,37.6164351791409,127.064448196956,소상공인시장진흥공단_상가(상권)정보_서울_202606.csv
MA010120220807221694,더에이치엠한솥도시락,백반/한정식,서울특별시 노원구 광운로 20,37.6193125115343,127.058334096341,소상공인시장진흥공단_상가(상권)정보_서울_202606.csv
MA010120220813777173,더원,중국집,서울특별시 노원구 광운로 61,37.6230058272637,127.059798238517,소상공인시장진흥공단_상가(상권)정보_서울_202606.csv
MA010120220807166697,더조은라이프플러스,백반/한정식,서울특별시 노원구 화랑로 323,37.614903930107,127.063654031656,소상공인시장진흥공단_상가(상권)정보_서울_202606.csv
MA0101202410A0951644,더조은요양병원,요양병원,서울특별시 노원구 화랑로 323,37.614903930107,127.063654031656,소상공인시장진흥공단_상가(상권)정보_서울_202606.csv
MA010120220813857274,더조은요양병원장례식장,장례식장,서울특별시 노원구 화랑로 323,37.614903930107,127.063654031656,소상공인시장진흥공단_상가(상권)정보_서울_202606.csv
MA0101202406A0280430,더진국,백반/한정식,서울특별시 노원구 광운로 37-1,37.6208980242925,127.058788425097,소상공인시장진흥공단_상가(상권)정보_서울_202606.csv
MA0101202406A0527390,더캠프PC방석계역점,PC방,서울특별시 노원구 화랑로 325,37.614957781036,127.064039173361,소상공인시장진흥공단_상가(상권)정보_서울_202606.csv
MA0101202410A0319265,덕성정육점,정육점,서울특별시 노원구 광운로 53,37.6223843864621,127.05932198683,소상공인시장진흥공단_상가(상권)정보_서울_202606.csv
MA010120220804370602,던킨도너츠광운대역점,빵/도넛,서울특별시 노원구 석계로 98-2,37.6230318415724,127.061769256913,소상공인시장진흥공단_상가(상권)정보_서울_202606.csv
MA0101202309A0087991,데이롱카페석계역점,카페,서울특별시 노원구 석계로3길 30,37.6162646167691,127.06329274212,소상공인시장진흥공단_상가(상권)정보_서울_202606.csv
MA010120220811913594,도로시명품찹쌀꽈배기,빵/도넛,서울특별시 노원구 월계로 328,37.6287733493607,127.057367243703,소상공인시장진흥공단_상가(상권)정보_서울_202606.csv
MA010120220803932602,도미노피자월계점,피자,서울특별시 노원구 광운로 52,37.621897670725,127.059684076884,소상공인시장진흥공단_상가(상권)정보_서울_202606.csv
MA010120220804345481,돈장군,돼지고기 구이/찜,서울특별시 노원구 광운로 69,37.6234832237015,127.060047829021,소상공인시장진흥공단_상가(상권)정보_서울_202606.csv
MA0101202211A0060746,동그라미한의원,한의원,서울특별시 노원구 석계로 102,37.6232935518514,127.060953885406,소상공인시장진흥공단_상가(상권)정보_서울_202606.csv
MA010120220812517002,동신공인중개사사무소,부동산 중개/대리업,서울특별시 노원구 석계로3길 36,37.616426952151,127.0629983889,소상공인시장진흥공단_상가(상권)정보_서울_202606.csv
MA010120220804353804,동신사,자동차 세차장,서울특별시 노원구 석계로 65,37.6205175920651,127.062707333513,소상공인시장진흥공단_상가(상권)정보_서울_202606.csv
MA010120220804353806,동신인테리어,인테리어 디자인업,서울특별시 노원구 석계로9길 33,37.6167064512931,127.062636173115,소상공인시장진흥공단_상가(상권)정보_서울_202606.csv
MA010120220804360109,동신자동차공업사,자동차 정비소,서울특별시 노원구 석계로 65,37.6205175920651,127.062707333513,소상공인시장진흥공단_상가(상권)정보_서울_202606.csv
MA010120220804357080,동해수산물직판장,횟집,서울특별시 노원구 월계로 340,37.6294576880957,127.058206082223,소상공인시장진흥공단_상가(상권)정보_서울_202606.csv
MA0101202511A0010632,두랩스노원월계점,미용실,서울특별시 노원구 석계로 49,37.6172200623395,127.062545990437,소상공인시장진흥공단_상가(상권)정보_서울_202606.csv
MA0101202601A0044641,두찜노원월계점,백반/한정식,서울특별시 노원구 광운로3길 7,37.619006724816,127.05721248823,소상공인시장진흥공단_상가(상권)정보_서울_202606.csv
MA010120220800012733,둘둘치킨,치킨,서울특별시 노원구 석계로1길 10,37.6156334789253,127.064119037983,소상공인시장진흥공단_상가(상권)정보_서울_202606.csv
MA010120220804357153,둘리,백반/한정식,서울특별시 노원구 월계로 334,37.6290164941326,127.057616657162,소상공인시장진흥공단_상가(상권)정보_서울_202606.csv
MA010120220800074705,드라이브트래블,여행사,서울특별시 노원구 광운로22길 9,37.6284840875077,127.059281520926,소상공인시장진흥공단_상가(상권)정보_서울_202606.csv
MA010120220809600874,드림공인중개사사무소,부동산 중개/대리업,서울특별시 노원구 석계로18길 8,37.6234378906017,127.060602846613,소상공인시장진흥공단_상가(상권)정보_서울_202606.csv
MA0101202306A0079345,드림풋볼아카데미,요가/필라테스 학원,서울특별시 노원구 석계로 103,37.6228431810961,127.060715639264,소상공인시장진흥공단_상가(상권)정보_서울_202606.csv
MA010120220804349201,디델리,김밥/만두/분식,서울특별시 노원구 광운로 31,37.6204386671799,127.058493556738,소상공인시장진흥공단_상가(상권)정보_서울_202606.csv
MA0101202506A0015549,디어미마케팅,광고 대행업,서울특별시 노원구 광운로15길 52,37.6220252290795,127.056807014292,소상공인시장진흥공단_상가(상권)정보_서울_202606.csv
MA010120220809814834,디자인연구소TDC;TDCInstituteofDesign,시각 디자인업,서울특별시 노원구 석계로1길 70-5,37.6160405454805,127.06106122944,소상공인시장진흥공단_상가(상권)정보_서울_202606.csv
MA0101202502A0009438,디프,화장품 소매업,서울특별시 노원구 월계로44길 49,37.6231445070439,127.052367450885,소상공인시장진흥공단_상가(상권)정보_서울_202606.csv
MA0101202406A0014591,디픽트,피부 관리실,서울특별시 노원구 석계로 49,37.6172200623395,127.062545990437,소상공인시장진흥공단_상가(상권)정보_서울_202606.csv
MA0101202406A0520390,땡땡섬,중고 상품 소매업,서울특별시 노원구 화랑로 337-4,37.6151101281862,127.065534384873,소상공인시장진흥공단_상가(상권)정보_서울_202606.csv
MA010120220811880255,땡초불닭발엽기떡볶이월계점,김밥/만두/분식,서울특별시 노원구 광운로 39,37.6210691497077,127.058913159867,소상공인시장진흥공단_상가(상권)정보_서울_202606.csv
MA010120220804348911,또와집,백반/한정식,서울특별시 노원구 광운로19길 13,37.6232580863401,127.059832423402,소상공인시장진흥공단_상가(상권)정보_서울_202606.csv
MA010120220813067565,뚜린,세탁소,서울특별시 노원구 월계로44나길 7-2,37.6226845724774,127.053329967441,소상공인시장진흥공단_상가(상권)정보_서울_202606.csv
MA010120220804359238,뚝배기,국/탕/찌개류,서울특별시 노원구 광운로3길 6,37.6190966969649,127.057473077605,소상공인시장진흥공단_상가(상권)정보_서울_202606.csv
MA0101202311A0031195,라무야끼,돼지고기 구이/찜,서울특별시 노원구 석계로3길 15-1,37.6157147764475,127.063734008085,소상공인시장진흥공단_상가(상권)정보_서울_202606.csv
MA010120220804363974,라이브노래연습장,노래방,서울특별시 노원구 석계로 12,37.6158584478471,127.064628922924,소상공인시장진흥공단_상가(상권)정보_서울_202606.csv
MA0101202412A0064445,라이온당구장,당구장,서울특별시 노원구 월계로 336,37.6291785662976,127.057832023875,소상공인시장진흥공단_상가(상권)정보_서울_202606.csv
MA0101202410A0315431,라임치과,치과의원,서울특별시 노원구 석계로 102,37.6232935518514,127.060953885406,소상공인시장진흥공단_상가(상권)정보_서울_202606.csv
MA010120220801673167,라플라야헤어,미용실,서울특별시 노원구 광운로 55,37.6224834094802,127.059491977852,소상공인시장진흥공단_상가(상권)정보_서울_202606.csv
MA010120220804361206,락노래연습장,노래방,서울특별시 노원구 석계로3길 3,37.6155612827699,127.064334178324,소상공인시장진흥공단_상가(상권)정보_서울_202606.csv
MA010120220804366278,레드730스튜디오,사진촬영업,서울특별시 노원구 석계로 35,37.6179221962999,127.063735892257,소상공인시장진흥공단_상가(상권)정보_서울_202606.csv
MA010120220801778788,레드컵스,그 외 기타 간이 음식점,서울특별시 노원구 광운로 35-1,37.6208621030739,127.058550524707,소상공인시장진흥공단_상가(상권)정보_서울_202606.csv
MA0101202502A0094805,레드포스PC아레나,PC방,서울특별시 노원구 광운로 44,37.6213571757479,127.059491080378,소상공인시장진흥공단_상가(상권)정보_서울_202606.csv
MA0101202406A0382949,레벨업PC방석계점,PC방,서울특별시 노원구 화랑로 337,37.6152364672172,127.065172051292,소상공인시장진흥공단_상가(상권)정보_서울_202606.csv
MA0101202311A0076398,로레인플라워,꽃집,서울특별시 노원구 광운로 53,37.6223843864621,127.05932198683,소상공인시장진흥공단_상가(상권)정보_서울_202606.csv
MA0101202406A0380350,로마,백반/한정식,서울특별시 노원구 화랑로 335-1,37.615281622794,127.064979541967,소상공인시장진흥공단_상가(상권)정보_서울_202606.csv
MA010120220803957956,로스２０００,돼지고기 구이/찜,서울특별시 노원구 광운로 41,37.6212042581616,127.058992557547,소상공인시장진흥공단_상가(상권)정보_서울_202606.csv
MA010120220803949700,롯데리아석계점,버거,서울특별시 노원구 화랑로 325,37.614957781036,127.064039173361,소상공인시장진흥공단_상가(상권)정보_서울_202606.csv
MA010120220809850782,루키스아트,사진촬영업,서울특별시 노원구 광운로2나길 30,37.6161578492351,127.060721529485,소상공인시장진흥공단_상가(상권)정보_서울_202606.csv
MA010120220803948245,르노자동차서비스코너월계점,자동차 정비소,서울특별시 노원구 석계로 34,37.6177057137129,127.064188778023,소상공인시장진흥공단_상가(상권)정보_서울_202606.csv
MA010120220812197960,리빙캐슬,기숙사/고시원,서울특별시 노원구 석계로 95,37.6229150260324,127.061168799873,소상공인시장진흥공단_상가(상권)정보_서울_202606.csv
MA010120220812581859,리안,미용실,서울특별시 노원구 광운로 65,37.6231679013838,127.060002265014,소상공인시장진흥공단_상가(상권)정보_서울_202606.csv
MA010120220814378875,리인테리어,인테리어 디자인업,서울특별시 노원구 화랑로 321,37.6146787685305,127.063495271458,소상공인시장진흥공단_상가(상권)정보_서울_202606.csv
MA010120220806929252,리잰헤어,미용실,서울특별시 노원구 광운로 56,37.6223751479381,127.059775078393,소상공인시장진흥공단_상가(상권)정보_서울_202606.csv
MA010120220812014654,리코스타코인노래연습장,노래방,서울특별시 노원구 광운로 39,37.6210691497077,127.058913159867,소상공인시장진흥공단_상가(상권)정보_서울_202606.csv
MA010120220809301147,리틀M파티,전시/컨벤션/행사 대행 서비스업,서울특별시 노원구 석계로 23-20,37.6167060582163,127.063372402587,소상공인시장진흥공단_상가(상권)정보_서울_202606.csv
MA0101202406A0453559,마따리아,생수/음료 소매업,서울특별시 노원구 석계로 95,37.6229150260324,127.061168799873,소상공인시장진흥공단_상가(상권)정보_서울_202606.csv
MA010120220806372355,마라입구,마라탕/훠궈,서울특별시 노원구 석계로3길 21,37.6159671751725,127.063507693508,소상공인시장진흥공단_상가(상권)정보_서울_202606.csv
MA010120220803697981,마마운동화이불빨래방,셀프 빨래방,서울특별시 노원구 석계로8길 6,37.6166333345269,127.064561633998,소상공인시장진흥공단_상가(상권)정보_서울_202606.csv
MA010120220803948485,마산아구찜,해산물 구이/찜,서울특별시 노원구 광운로 72,37.6236002538231,127.060240493352,소상공인시장진흥공단_상가(상권)정보_서울_202606.csv
MA010120220804371741,마오중식,중국집,서울특별시 노원구 광운로 20,37.6193125115343,127.058334096341,소상공인시장진흥공단_상가(상권)정보_서울_202606.csv
MA010120220800141687,마이컵오버플로우,기타 기술/직업 훈련학원,서울특별시 노원구 광운로2가길 23,37.6181407479358,127.059295961433,소상공인시장진흥공단_상가(상권)정보_서울_202606.csv
MA0101202406A0196557,마켓모아모아월계점,슈퍼마켓,서울특별시 노원구 광운로 54,37.6221769938673,127.059650317865,소상공인시장진흥공단_상가(상권)정보_서울_202606.csv
MA0101202409A0027599,마켓블루,김밥/만두/분식,서울특별시 노원구 광운로 20,37.6193125115343,127.058334096341,소상공인시장진흥공단_상가(상권)정보_서울_202606.csv
MA0101202307A0094127,마포,돼지고기 구이/찜,서울특별시 노원구 석계로18길 4,37.6232396967786,127.060557375303,소상공인시장진흥공단_상가(상권)정보_서울_202606.csv
MA010120220801022349,마포연탄불고기,돼지고기 구이/찜,서울특별시 노원구 석계로18길 4,37.6232396967786,127.060557375303,소상공인시장진흥공단_상가(상권)정보_서울_202606.csv
MA0101202601A0043172,만능홈수리,그 외 기타 개인/가정용품 수리업,서울특별시 노원구 광운로2길 15,37.6178349926144,127.058129059884,소상공인시장진흥공단_상가(상권)정보_서울_202606.csv
MA0101202409A0227723,만점노래연습장,노래방,서울특별시 노원구 석계로 17,37.6163091458583,127.064255536792,소상공인시장진흥공단_상가(상권)정보_서울_202606.csv
MA0101202509A0009389,맘스터치,버거,서울특별시 노원구 광운로 33,37.6205737759318,127.058572952988,소상공인시장진흥공단_상가(상권)정보_서울_202606.csv
MA0101202602A0035474,맘스터치석계역점,버거,서울특별시 노원구 석계로1길 18,37.615534578872,127.063733854284,소상공인시장진흥공단_상가(상권)정보_서울_202606.csv
MA010120220801932966,맛닭꼬,치킨,서울특별시 노원구 광운로 61,37.6230058272637,127.059798238517,소상공인시장진흥공단_상가(상권)정보_서울_202606.csv
MA010120220803901177,맛불,백반/한정식,서울특별시 노원구 광운로 39,37.6210691497077,127.058913159867,소상공인시장진흥공단_상가(상권)정보_서울_202606.csv
MA0106202408A0426240,매머드익스프레스광운대,카페,서울특별시 노원구 광운로 27,37.6202225143408,127.058323480199,소상공인시장진흥공단_상가(상권)정보_서울_202606.csv
MA0106202408A0426243,매머드익스프레스광운대,카페,서울특별시 노원구 석계로13길 23,37.6202118588292,127.061563035159,소상공인시장진흥공단_상가(상권)정보_서울_202606.csv
MA0101202305A0170091,매일농산,슈퍼마켓,서울특별시 노원구 석계로 49,37.6172380820926,127.062546005531,소상공인시장진흥공단_상가(상권)정보_서울_202606.csv
MA0101202507A0020218,매튜스도넛,빵/도넛,서울특별시 노원구 월계로 340,37.6294576880957,127.058206082223,소상공인시장진흥공단_상가(상권)정보_서울_202606.csv
MA010120220805031431,맥스체대입시노원교육원,입시·교과학원,서울특별시 노원구 광운로 86,37.6249607262529,127.060275574833,소상공인시장진흥공단_상가(상권)정보_서울_202606.csv
MA0101202409A0208680,맨오브맨,미용실,서울특별시 노원구 광운로 59,37.6227716394935,127.059662120536,소상공인시장진흥공단_상가(상권)정보_서울_202606.csv
MA0101202510A0017488,맨투맨당구클럽,당구장,서울특별시 노원구 석계로 102,37.6232935518514,127.060953885406,소상공인시장진흥공단_상가(상권)정보_서울_202606.csv
MA010120220813326235,머슬톡휘트니스,헬스장,서울특별시 노원구 광운로 52,37.621897670725,127.059684076884,소상공인시장진흥공단_상가(상권)정보_서울_202606.csv
MA0101202406A0318408,메가엠지씨커피,카페,서울특별시 노원구 광운로7길 2,37.6207269212562,127.058618382027,소상공인시장진흥공단_상가(상권)정보_서울_202606.csv
MA010120220813628416,메가엠지씨커피광운대역점,카페,서울특별시 노원구 석계로 103,37.6228431810961,127.060715639264,소상공인시장진흥공단_상가(상권)정보_서울_202606.csv
MA0101202504A0111712,메가엠지씨커피석계역점,카페,서울특별시 노원구 화랑로 337,37.6152364672172,127.065172051292,소상공인시장진흥공단_상가(상권)정보_서울_202606.csv
MA010120220803898462,메이저광고,옥외/전시 광고 대행업,서울특별시 노원구 월계로42길 53,37.6226130050371,127.052185837904,소상공인시장진흥공단_상가(상권)정보_서울_202606.csv
MA0106202308A0624809,메타킹,카페,서울특별시 노원구 광운로12길 5,37.6212310546837,127.059456997981,소상공인시장진흥공단_상가(상권)정보_서울_202606.csv
MA0101202301A0058064,멘토즈스터디카페,독서실/스터디 카페,서울특별시 노원구 석계로 102,37.6232935518514,127.060953885406,소상공인시장진흥공단_상가(상권)정보_서울_202606.csv
MA010120220805092843,멜팅그릴,버거,서울특별시 노원구 광운로 35-1,37.6208621030739,127.058550524707,소상공인시장진흥공단_상가(상권)정보_서울_202606.csv
MA010120220808137798,명동찌개마을,국/탕/찌개류,서울특별시 노원구 석계로18길 9,37.6234560206768,127.060387636237,소상공인시장진흥공단_상가(상권)정보_서울_202606.csv
MA010120220807093948,명랑핫도그,빵/도넛,서울특별시 노원구 석계로 106,37.6231586834502,127.060410050897,소상공인시장진흥공단_상가(상권)정보_서울_202606.csv
MA010120220813490452,명문부동산공인중개사사무소,부동산 중개/대리업,서울특별시 노원구 석계로3길 20,37.6160571762864,127.063688994276,소상공인시장진흥공단_상가(상권)정보_서울_202606.csv
MA010120220810402879,명성노래연습장,노래방,서울특별시 노원구 석계로 14-1,37.6161558234132,127.064538568076,소상공인시장진흥공단_상가(상권)정보_서울_202606.csv
MA0101202409A0223016,명성노래연습장,노래방,서울특별시 노원구 석계로 14-1,37.6161558234132,127.064538568076,소상공인시장진흥공단_상가(상권)정보_서울_202606.csv
MA010120220804353110,명태이야기,해산물 구이/찜,서울특별시 노원구 석계로18길 13,37.6236542435519,127.060376468919,소상공인시장진흥공단_상가(상권)정보_서울_202606.csv
MA0101202307A0002235,모닝글로리,문구/회화용품 소매업,서울특별시 노원구 광운로 39,37.6210691497077,127.058913159867,소상공인시장진흥공단_상가(상권)정보_서울_202606.csv
MA010120220802248858,모두하우스,여행사,서울특별시 노원구 석계로18길 8,37.6234378906017,127.060602846613,소상공인시장진흥공단_상가(상권)정보_서울_202606.csv
MA0101202409A0041510,모모,카페,서울특별시 노원구 석계로9길 33,37.6167064512931,127.062636173115,소상공인시장진흥공단_상가(상권)정보_서울_202606.csv
MA010120220809967842,모빌리티에스티멤버스,타이어 소매업,서울특별시 노원구 월계로44길 13,37.6245144303816,127.051405549104,소상공인시장진흥공단_상가(상권)정보_서울_202606.csv
MA010120220805051264,목포홍탁,요리 주점,서울특별시 노원구 광운로1길 10,37.6186734799962,127.056963040831,소상공인시장진흥공단_상가(상권)정보_서울_202606.csv
MA010120220803944498,몽땅,네일숍,서울특별시 노원구 월계로 338,37.6293316504894,127.058002070419,소상공인시장진흥공단_상가(상권)정보_서울_202606.csv
MA010120220803891370,무명칼국수,국수/칼국수,서울특별시 노원구 석계로7길 4,37.6167237908842,127.063904768542,소상공인시장진흥공단_상가(상권)정보_서울_202606.csv
MA010120220804861859,문에스테틱,화장품 소매업,서울특별시 노원구 화랑로 325,37.614957781036,127.064039173361,소상공인시장진흥공단_상가(상권)정보_서울_202606.csv
MA010120220804369091,문피부비뇨기과의원,피부/비뇨기과 의원,서울특별시 노원구 화랑로 325,37.614957781036,127.064039173361,소상공인시장진흥공단_상가(상권)정보_서울_202606.csv
MA010120220802992514,문화NOT공장,카페,서울특별시 노원구 화랑로 337-4,37.6151101281862,127.065534384873,소상공인시장진흥공단_상가(상권)정보_서울_202606.csv
MA010120220803944668,문희헤어샵,미용실,서울특별시 노원구 석계로 49,37.6172200623395,127.062545990437,소상공인시장진흥공단_상가(상권)정보_서울_202606.csv
MA010120220803906360,뮤직피플,음악학원,서울특별시 노원구 석계로1길 22,37.615615850809,127.063394130243,소상공인시장진흥공단_상가(상권)정보_서울_202606.csv
MA0101202410A0315635,뮤직피플실용음악학원,음악학원,서울특별시 노원구 석계로1길 22,37.615615850809,127.063394130243,소상공인시장진흥공단_상가(상권)정보_서울_202606.csv
MA010120220808269801,미가양꼬치,중국집,서울특별시 노원구 석계로 31,37.617543714167,127.063860163317,소상공인시장진흥공단_상가(상권)정보_서울_202606.csv
MA0101202409A0109030,미남떡볶이,김밥/만두/분식,서울특별시 노원구 석계로3길 32,37.6163548065495,127.063122920182,소상공인시장진흥공단_상가(상권)정보_서울_202606.csv
MA010120220803956700,미래문구,문구/회화용품 소매업,서울특별시 노원구 광운로 31,37.6204386671799,127.058493556738,소상공인시장진흥공단_상가(상권)정보_서울_202606.csv
MA0101202309A0065592,미래아이콘,광고 대행업,서울특별시 노원구 월계로44길 45,37.6232526857191,127.052231595498,소상공인시장진흥공단_상가(상권)정보_서울_202606.csv
MA010120220803093355,미미식당,돼지고기 구이/찜,서울특별시 노원구 석계로18길 5,37.623266801863,127.060410138389,소상공인시장진흥공단_상가(상권)정보_서울_202606.csv
MA010120220808748368,미소한가득,카페,서울특별시 노원구 석계로9길 10,37.6175979872922,127.063463773568,소상공인시장진흥공단_상가(상권)정보_서울_202606.csv
MA010120220804356834,미스도로시,미용실,서울특별시 노원구 석계로9길 13,37.617336731332,127.063406917974,소상공인시장진흥공단_상가(상권)정보_서울_202606.csv
MA010120220808559195,미스터엑스,미용실,서울특별시 노원구 광운로1길 6,37.6185202409434,127.057110173464,소상공인시장진흥공단_상가(상권)정보_서울_202606.csv
MA010120220808271719,미스터피자석계역점,피자,서울특별시 노원구 석계로1길 22,37.615615850809,127.063394130243,소상공인시장진흥공단_상가(상권)정보_서울_202606.csv
MA0101202209A0006794,미스터피자석계역점,피자,서울특별시 노원구 석계로1길 22,37.615615850809,127.063394130243,소상공인시장진흥공단_상가(상권)정보_서울_202606.csv
MA010120220804353662,미식성,중국집,서울특별시 노원구 광운로 9,37.6186913462242,127.057280208049,소상공인시장진흥공단_상가(상권)정보_서울_202606.csv
MA010120220805847114,미아리우동집석계역점,김밥/만두/분식,서울특별시 노원구 석계로3길 27,37.6161475369202,127.06320203066,소상공인시장진흥공단_상가(상권)정보_서울_202606.csv
MA010120220804352322,미헤어아트,미용실,서울특별시 노원구 광운로 72,37.6236002538231,127.060240493352,소상공인시장진흥공단_상가(상권)정보_서울_202606.csv
MA010120220813429213,민들레국수,국수/칼국수,서울특별시 노원구 광운로 43,37.6213484047685,127.059015326082,소상공인시장진흥공단_상가(상권)정보_서울_202606.csv
MA0101202406A0013025,민들레뜨락이,백반/한정식,서울특별시 노원구 광운로 33,37.6205737759318,127.058572952988,소상공인시장진흥공단_상가(상권)정보_서울_202606.csv
MA010120220804343220,민안경원,안경렌즈 소매업,서울특별시 노원구 석계로3길 10,37.6158497221637,127.064107897183,소상공인시장진흥공단_상가(상권)정보_서울_202606.csv
MA010120220809710746,믿음사,복권 발행/판매업,서울특별시 노원구 화랑로 333-4,37.6149572796093,127.064956607038,소상공인시장진흥공단_상가(상권)정보_서울_202606.csv
MA0101202406A0120083,바른공조,가전제품 소매업,서울특별시 노원구 월계로 344,37.6295566002781,127.05860265905,소상공인시장진흥공단_상가(상권)정보_서울_202606.csv
MA010120220805134425,바이민,미용실,서울특별시 노원구 광운로 37-1,37.6208980242925,127.058788425097,소상공인시장진흥공단_상가(상권)정보_서울_202606.csv
MA010120220804354554,반석부동산,부동산 중개/대리업,서울특별시 노원구 석계로15길 9,37.6226357846413,127.061043968438,소상공인시장진흥공단_상가(상권)정보_서울_202606.csv
MA0101202406A0438602,반올림피자월계점,피자,서울특별시 노원구 석계로13길 23-5,37.6200316672927,127.061551559461,소상공인시장진흥공단_상가(상권)정보_서울_202606.csv
MA010120220813775987,밥은화,백반/한정식,서울특별시 노원구 광운로12길 11,37.6212849479357,127.059785532809,소상공인시장진흥공단_상가(상권)정보_서울_202606.csv
MA010120220807481815,밥이되는포차,백반/한정식,서울특별시 노원구 석계로13길 23,37.6202118588292,127.061563035159,소상공인시장진흥공단_상가(상권)정보_서울_202606.csv
MA0101202211A0058983,배송대장,포장/충전업,서울특별시 노원구 석계로18길 23,37.6240145453466,127.060558003869,소상공인시장진흥공단_상가(상권)정보_서울_202606.csv
MA0101202507A0029759,배스킨라빈스광운대역,아이스크림/빙수,서울특별시 노원구 광운로 65,37.6231679013838,127.060002265014,소상공인시장진흥공단_상가(상권)정보_서울_202606.csv
MA0101202502A0091083,백채김치찌개석계점,백반/한정식,서울특별시 노원구 석계로3길 17,37.6158860252576,127.06362088937,소상공인시장진흥공단_상가(상권)정보_서울_202606.csv
MA010120220812783817,백프로극복하기,그 외 기타 교육기관,서울특별시 노원구 광운로 128-2,37.6283850869908,127.059066202987,소상공인시장진흥공단_상가(상권)정보_서울_202606.csv
MA010120220813105212,베르데,카페,서울특별시 노원구 광운로 17-3,37.6192948589786,127.057586500197,소상공인시장진흥공단_상가(상권)정보_서울_202606.csv
MA010120220805866271,베르디음악교습소,음악학원,서울특별시 노원구 광운로2나길 30,37.6161578492351,127.060721529485,소상공인시장진흥공단_상가(상권)정보_서울_202606.csv
MA010120220804355598,베스킨라빈스31아이스크림,아이스크림/빙수,서울특별시 노원구 석계로1길 10,37.6156334789253,127.064119037983,소상공인시장진흥공단_상가(상권)정보_서울_202606.csv
MA0101202409A0135881,베이스캠프,기숙사/고시원,서울특별시 노원구 광운로 79,37.6243662712361,127.059889950495,소상공인시장진흥공단_상가(상권)정보_서울_202606.csv
MA010120220807714443,벧엘사,문구/회화용품 소매업,서울특별시 노원구 광운로17길 5-2,37.6223484776739,127.059061426519,소상공인시장진흥공단_상가(상권)정보_서울_202606.csv
MA010120220813522689,별난주점,요리 주점,서울특별시 노원구 광운로12길 28,37.6212213579291,127.060804938661,소상공인시장진흥공단_상가(상권)정보_서울_202606.csv
MA010120220814080910,보그헤어석계역점,미용실,서울특별시 노원구 석계로3길 3,37.6155612827699,127.064334178324,소상공인시장진흥공단_상가(상권)정보_서울_202606.csv
MA0101202411A0138388,보드게임아카이브,기타 오락장,서울특별시 노원구 화랑로 335,37.6151014252097,127.064979385163,소상공인시장진흥공단_상가(상권)정보_서울_202606.csv
MA010120220804371941,보라헤어클럽,미용실,서울특별시 노원구 월계로 346,37.6297187270429,127.058704743635,소상공인시장진흥공단_상가(상권)정보_서울_202606.csv
MA010120220807789739,본도시락광운대역점,백반/한정식,서울특별시 노원구 석계로18길 23,37.6240145453466,127.060558003869,소상공인시장진흥공단_상가(상권)정보_서울_202606.csv
MA010120220804347407,본죽&비빔밥석계역점,백반/한정식,서울특별시 노원구 석계로 11-1,37.6159486890145,127.064368491589,소상공인시장진흥공단_상가(상권)정보_서울_202606.csv
MA010120220803456488,본죽광운대역점,백반/한정식,서울특별시 노원구 광운로 54,37.6221769938673,127.059650317865,소상공인시장진흥공단_상가(상권)정보_서울_202606.csv
MA010120220812429902,볼카츠마,김밥/만두/분식,서울특별시 노원구 광운로 17-1,37.6192227412647,127.057665733535,소상공인시장진흥공단_상가(상권)정보_서울_202606.csv
MA010120220800018800,봉이빈대떡신사,요리 주점,서울특별시 노원구 광운로 70,37.6234560901632,127.060251704654,소상공인시장진흥공단_상가(상권)정보_서울_202606.csv
MA010120220804350094,부동산뉴스공인중개사사무소,부동산 중개/대리업,서울특별시 노원구 석계로9길 13,37.617336731332,127.063406917974,소상공인시장진흥공단_상가(상권)정보_서울_202606.csv
MA010120220812325068,부르스타짐,헬스장,서울특별시 노원구 화랑로 325,37.614957781036,127.064039173361,소상공인시장진흥공단_상가(상권)정보_서울_202606.csv
MA0101202406A0466904,부리또잇,기타 서양식 음식점,서울특별시 노원구 광운로 35-1,37.6208621030739,127.058550524707,소상공인시장진흥공단_상가(상권)정보_서울_202606.csv
MA0101202411A0123074,북촌소한마리탕,백반/한정식,서울특별시 노원구 광운로 17-13,37.6195923995727,127.057144974719,소상공인시장진흥공단_상가(상권)정보_서울_202606.csv
MA010120220809692994,불스떡볶이석계점,김밥/만두/분식,서울특별시 노원구 석계로 16,37.6162909901577,127.064504705253,소상공인시장진흥공단_상가(상권)정보_서울_202606.csv
MA010120220807975183,뷰티,마사지/안마,서울특별시 노원구 석계로1길 14,37.6155615104942,127.06391510029,소상공인시장진흥공단_상가(상권)정보_서울_202606.csv
MA010120220813887809,브레댄코,빵/도넛,서울특별시 노원구 광운로 20,37.6193125115343,127.058334096341,소상공인시장진흥공단_상가(상권)정보_서울_202606.csv
MA010120220812694752,블랙홀볼링센터,볼링장,서울특별시 노원구 화랑로 325,37.614957781036,127.064039173361,소상공인시장진흥공단_상가(상권)정보_서울_202606.csv
MA0101202506A0032974,블렌디드,김밥/만두/분식,서울특별시 노원구 월계로 340,37.6294576880957,127.058206082223,소상공인시장진흥공단_상가(상권)정보_서울_202606.csv
MA010120220805834152,블루,백반/한정식,서울특별시 노원구 화랑로 335-1,37.615281622794,127.064979541967,소상공인시장진흥공단_상가(상권)정보_서울_202606.csv
MA010120220804369762,비바헤어,미용실,서울특별시 노원구 석계로 49,37.6172200623395,127.062545990437,소상공인시장진흥공단_상가(상권)정보_서울_202606.csv
MA010120220813412749,비바헤어,미용실,서울특별시 노원구 석계로 49,37.6172200623395,127.062545990437,소상공인시장진흥공단_상가(상권)정보_서울_202606.csv
MA0101202210A0083156,비스트로리베르따,경양식,서울특별시 노원구 석계로7길 11,37.6163994475662,127.063881837828,소상공인시장진흥공단_상가(상권)정보_서울_202606.csv
MA010120220803946100,비어프렌즈,일반 유흥 주점,서울특별시 노원구 화랑로43가길 27,37.6150302937308,127.06323506412,소상공인시장진흥공단_상가(상권)정보_서울_202606.csv
MA010120220806963495,빈대주막,요리 주점,서울특별시 노원구 석계로1길 10,37.6156334789253,127.064119037983,소상공인시장진흥공단_상가(상권)정보_서울_202606.csv
MA0101202406A0015162,빈이스낵,그 외 기타 간이 음식점,서울특별시 노원구 화랑로 341,37.615299272693,127.065647814857,소상공인시장진흥공단_상가(상권)정보_서울_202606.csv
MA0101202406A0019733,빛나리노래연습장,노래방,서울특별시 노원구 석계로1길 22,37.615615850809,127.063394130243,소상공인시장진흥공단_상가(상권)정보_서울_202606.csv
MA0101202406A0476317,빠말Pasmal,카페,서울특별시 노원구 광운로 7,37.6185652024719,127.05729143817,소상공인시장진흥공단_상가(상권)정보_서울_202606.csv
MA0101202507A0016794,빨래하는날,세탁소,서울특별시 노원구 석계로 67,37.6207068534933,127.062605547504,소상공인시장진흥공단_상가(상권)정보_서울_202606.csv
MA010120220807075549,빨리와솥뚜껑삼겹살,돼지고기 구이/찜,서울특별시 노원구 화랑로43길 2-4,37.6145977526593,127.063359287061,소상공인시장진흥공단_상가(상권)정보_서울_202606.csv
MA010120220809843564,빵꾸네토탈패션,여성 의류 소매업,서울특별시 노원구 광운로 67,37.6232940107186,127.060059004435,소상공인시장진흥공단_상가(상권)정보_서울_202606.csv
MA010120220810536437,빽다방,카페,서울특별시 노원구 광운로 43,37.6213484047685,127.059015326082,소상공인시장진흥공단_상가(상권)정보_서울_202606.csv
MA0101202311A0057160,빽다방석계역문화공원점,카페,서울특별시 노원구 석계로3길 3,37.6155612827699,127.064334178324,소상공인시장진흥공단_상가(상권)정보_서울_202606.csv
MA0101202211A0005130,빽다방월계인덕대점,카페,서울특별시 노원구 월계로 334,37.6290164941326,127.057616657162,소상공인시장진흥공단_상가(상권)정보_서울_202606.csv
MA010120220811045255,뽀짝철물,철물/공구 소매업,서울특별시 노원구 석계로 45,37.6187602306833,127.063521396071,소상공인시장진흥공단_상가(상권)정보_서울_202606.csv
MA010120220808507035,사계절김밥,김밥/만두/분식,서울특별시 노원구 광운로 72,37.6236002538231,127.060240493352,소상공인시장진흥공단_상가(상권)정보_서울_202606.csv
MA010120220808132093,사우스포스포츠,태권도/무술학원,서울특별시 노원구 광운로 44,37.6213571757479,127.059491080378,소상공인시장진흥공단_상가(상권)정보_서울_202606.csv
MA0101202601A0003872,사이버케이에이비,교육컨설팅업,서울특별시 노원구 석계로1길 22,37.615615850809,127.063394130243,소상공인시장진흥공단_상가(상권)정보_서울_202606.csv
MA010120220801475887,사자공인중개사사무소,부동산 중개/대리업,서울특별시 노원구 광운로19길 21,37.6231140659901,127.05956044594,소상공인시장진흥공단_상가(상권)정보_서울_202606.csv
MA010120220804361812,삼대냉면,냉면/밀면,서울특별시 노원구 석계로9길 33,37.6167064512931,127.062636173115,소상공인시장진흥공단_상가(상권)정보_서울_202606.csv
MA010120220803882799,삼보금속인쇄소,명함/간판/광고물 제작,서울특별시 노원구 광운로 135,37.6283496091953,127.05793333698,소상공인시장진흥공단_상가(상권)정보_서울_202606.csv
MA010120220800059593,삼우사,부동산 중개/대리업,서울특별시 노원구 월계로 264,37.6251271210453,127.051360659468,소상공인시장진흥공단_상가(상권)정보_서울_202606.csv
MA010120220804357802,삼호당구장,당구장,서울특별시 노원구 석계로13길 6-20,37.6210138200223,127.061405114728,소상공인시장진흥공단_상가(상권)정보_서울_202606.csv
MA010120220800032261,상상이상,사진촬영업,서울특별시 노원구 월계로 334,37.6290164941326,127.057616657162,소상공인시장진흥공단_상가(상권)정보_서울_202606.csv
MA0101202305A0198795,새별행정사사무소,행정사,서울특별시 노원구 석계로 49,37.6172380820926,127.062546005531,소상공인시장진흥공단_상가(상권)정보_서울_202606.csv
MA0101202406A0019454,샐러리아,김밥/만두/분식,서울특별시 노원구 광운로 53,37.6223843864621,127.05932198683,소상공인시장진흥공단_상가(상권)정보_서울_202606.csv
MA0101202409A0075245,생마차석계점,백반/한정식,서울특별시 노원구 석계로 14,37.6160476862899,127.06457245415,소상공인시장진흥공단_상가(상권)정보_서울_202606.csv
MA0101202411A0048621,생마차월계점,백반/한정식,서울특별시 노원구 석계로 14,37.6160476862899,127.06457245415,소상공인시장진흥공단_상가(상권)정보_서울_202606.csv
MA0101202301A0053753,서민초밥,일식 회/초밥,서울특별시 노원구 석계로3길 17,37.6158860252576,127.06362088937,소상공인시장진흥공단_상가(상권)정보_서울_202606.csv
MA0101202604A0022812,서선생김치찜,국/탕/찌개류,서울특별시 노원구 석계로15길 14,37.6224016683802,127.060771917566,소상공인시장진흥공단_상가(상권)정보_서울_202606.csv
MA0101202410A0907975,서울더바른치과교정과치과의원,치과의원,서울특별시 노원구 화랑로 325,37.614957781036,127.064039173361,소상공인시장진흥공단_상가(상권)정보_서울_202606.csv
MA0101202410A0314646,서울리더스치과의원,치과의원,서울특별시 노원구 화랑로 337,37.6152364672172,127.065172051292,소상공인시장진흥공단_상가(상권)정보_서울_202606.csv
MA0101202408A0061325,서울본튼튼정형외과의원,이비인후과 의원,서울특별시 노원구 월계로 334,37.6290164941326,127.057616657162,소상공인시장진흥공단_상가(상권)정보_서울_202606.csv
MA010120220813225406,서울블라인드,침구류/커튼 소매업,서울특별시 노원구 월계로44나길 23-13,37.6233692815391,127.053421077573,소상공인시장진흥공단_상가(상권)정보_서울_202606.csv
MA010120220811219556,서울수플레,카페,서울특별시 노원구 광운로17길 13,37.6223755639234,127.058948173221,소상공인시장진흥공단_상가(상권)정보_서울_202606.csv
MA010120220803943534,서초우동2,일식 면 요리,서울특별시 노원구 석계로18길 23,37.6240145453466,127.060558003869,소상공인시장진흥공단_상가(상권)정보_서울_202606.csv
MA010120220806749172,서호통신,핸드폰 소매업,서울특별시 노원구 월계로 336,37.6291785662976,127.057832023875,소상공인시장진흥공단_상가(상권)정보_서울_202606.csv
MA010120220803594096,석계3층집,백반/한정식,서울특별시 노원구 석계로 21,37.616669614884,127.064119927704,소상공인시장진흥공단_상가(상권)정보_서울_202606.csv
MA010120220813988761,석계공인중개사사무소,부동산 중개/대리업,서울특별시 노원구 석계로3길 11,37.6157416896595,127.06394923391,소상공인시장진흥공단_상가(상권)정보_서울_202606.csv
MA010120220810252102,석계독일보청기,의료기기 소매업,서울특별시 노원구 석계로1길 18,37.615534578872,127.063733854284,소상공인시장진흥공단_상가(상권)정보_서울_202606.csv
MA010120220804355582,석계슈퍼,슈퍼마켓,서울특별시 노원구 화랑로 337,37.6152364672172,127.065172051292,소상공인시장진흥공단_상가(상권)정보_서울_202606.csv
MA010120220804358617,석계역북편의점,편의점,서울특별시 노원구 화랑로 341,37.615299272693,127.065647814857,소상공인시장진흥공단_상가(상권)정보_서울_202606.csv
MA0101202408A0009056,석계역정형외과의원,외과 의원,서울특별시 노원구 석계로1길 14,37.6155615104942,127.06391510029,소상공인시장진흥공단_상가(상권)정보_서울_202606.csv
MA0101202308A0051217,석계이화약국,약국,서울특별시 노원구 화랑로 337,37.6152364672172,127.065172051292,소상공인시장진흥공단_상가(상권)정보_서울_202606.csv
MA0101202410A0292331,석계정신과의원,신경/정신과 의원,서울특별시 노원구 화랑로 321,37.6146787685305,127.063495271458,소상공인시장진흥공단_상가(상권)정보_서울_202606.csv
MA0101202408A0044909,석계치과의원,치과의원,서울특별시 노원구 석계로 2,37.615200608644,127.064843554864,소상공인시장진흥공단_상가(상권)정보_서울_202606.csv
MA010120220807510793,석계태평양약국,약국,서울특별시 노원구 화랑로 321,37.6146787685305,127.063495271458,소상공인시장진흥공단_상가(상권)정보_서울_202606.csv
MA0101202410A0098372,석계항맥외과의원,외과 의원,서울특별시 노원구 화랑로 321,37.6146787685305,127.063495271458,소상공인시장진흥공단_상가(상권)정보_서울_202606.csv
MA010120220812406462,석계황소곱창,곱창 전골/구이,서울특별시 노원구 화랑로 335-1,37.615281622794,127.064979541967,소상공인시장진흥공단_상가(상권)정보_서울_202606.csv
MA010120220804371456,선수의생선집,요리 주점,서울특별시 노원구 석계로 11,37.6158405519361,127.064402377816,소상공인시장진흥공단_상가(상권)정보_서울_202606.csv
MA010120220810825297,선앤솔트,경영 컨설팅업,서울특별시 노원구 광운로 94,37.6260418868069,127.060321759978,소상공인시장진흥공단_상가(상권)정보_서울_202606.csv
MA010120220812214940,선진,시각 디자인업,서울특별시 노원구 화랑로43길 2-10,37.6147960429207,127.063223539432,소상공인시장진흥공단_상가(상권)정보_서울_202606.csv
MA0101202410A0314507,선진한의원,한의원,서울특별시 노원구 광운로 52,37.621897670725,127.059684076884,소상공인시장진흥공단_상가(상권)정보_서울_202606.csv
MA010120220804341615,선호직업소개소,고용 알선업,서울특별시 노원구 광운로2길 45,37.6169605563719,127.059091144488,소상공인시장진흥공단_상가(상권)정보_서울_202606.csv
MA0101202502A0079515,설빙서울,카페,서울특별시 노원구 광운로 25,37.6200694024342,127.058210089362,소상공인시장진흥공단_상가(상권)정보_서울_202606.csv
MA0101202410A0707349,성모나무정신건강의학과의원,신경/정신과 의원,서울특별시 노원구 화랑로 337,37.6152364672172,127.065172051292,소상공인시장진흥공단_상가(상권)정보_서울_202606.csv
MA010120220804347467,성문의원,건강보조식품 소매업,서울특별시 노원구 석계로 9,37.6156873654536,127.06443622507,소상공인시장진흥공단_상가(상권)정보_서울_202606.csv
MA0101202410A0317425,성문의원,외과 의원,서울특별시 노원구 석계로 9,37.6156873654536,127.06443622507,소상공인시장진흥공단_상가(상권)정보_서울_202606.csv
MA010120220804345626,성보복권,복권 발행/판매업,서울특별시 노원구 석계로 98-1,37.6235007260936,127.061056003356,소상공인시장진흥공단_상가(상권)정보_서울_202606.csv
MA010120220800141758,성북그랜드마트,슈퍼마켓,서울특별시 노원구 광운로 47,37.6216637048827,127.059106194242,소상공인시장진흥공단_상가(상권)정보_서울_202606.csv
MA010120220804054109,성북노래방,노래방,서울특별시 노원구 석계로 95,37.6229150260324,127.061168799873,소상공인시장진흥공단_상가(상권)정보_서울_202606.csv
MA010120220804356859,성북종합건축,철물/공구 소매업,서울특별시 노원구 광운로17길 5-3,37.6221772901552,127.059061291088,소상공인시장진흥공단_상가(상권)정보_서울_202606.csv
MA0101202502A0012234,성북종합전기,그 외 기타 개인/가정용품 수리업,서울특별시 노원구 광운로19가길 3-13,37.6237901528122,127.05886999643,소상공인시장진흥공단_상가(상권)정보_서울_202606.csv
MA0101202410A0317467,성북치과의원,치과의원,서울특별시 노원구 광운로 64,37.6228344497416,127.060171910135,소상공인시장진흥공단_상가(상권)정보_서울_202606.csv
MA0101202412A0058748,성신한의원,한의원,서울특별시 노원구 석계로 6,37.6154709547696,127.064753178224,소상공인시장진흥공단_상가(상권)정보_서울_202606.csv
MA0101202411A0014825,성연마케팅,광고 대행업,서울특별시 노원구 석계로7길 12-4,37.616444686509,127.063530752779,소상공인시장진흥공단_상가(상권)정보_서울_202606.csv
MA010120220804342474,성일철물,철물/공구 소매업,서울특별시 노원구 광운로 49,37.6218528951298,127.059140326207,소상공인시장진흥공단_상가(상권)정보_서울_202606.csv
MA010120220803950998,성지고시텔,기숙사/고시원,서울특별시 노원구 광운로 78,37.6240327042902,127.060286153223,소상공인시장진흥공단_상가(상권)정보_서울_202606.csv
MA010120220813575610,세븐광운대원룸점,편의점,서울특별시 노원구 광운로2나길 50,37.6186899895919,127.060009993169,소상공인시장진흥공단_상가(상권)정보_서울_202606.csv
MA0101202406A0557683,세븐광운스퀘어점,편의점,서울특별시 노원구 광운로 20,37.6193125115343,127.058334096341,소상공인시장진흥공단_상가(상권)정보_서울_202606.csv
MA010120220813291971,세븐노래연습장,노래방,서울특별시 노원구 석계로8가길 29,37.6154168021489,127.064923027515,소상공인시장진흥공단_상가(상권)정보_서울_202606.csv
MA010120220812891686,세븐석계점,편의점,서울특별시 노원구 석계로 9,37.6156873654536,127.06443622507,소상공인시장진흥공단_상가(상권)정보_서울_202606.csv
MA010120220812454400,세븐성북역점,편의점,서울특별시 노원구 광운로 71,37.6237264958795,127.060036697028,소상공인시장진흥공단_상가(상권)정보_서울_202606.csv
MA010120220812615552,세븐일레븐광운대,편의점,서울특별시 노원구 석계로13길 48,37.6212572452866,127.061099477765,소상공인시장진흥공단_상가(상권)정보_서울_202606.csv
MA0101202409A0227365,세븐일레븐광운대,편의점,서울특별시 노원구 석계로13길 48,37.6212572452866,127.061099477765,소상공인시장진흥공단_상가(상권)정보_서울_202606.csv
MA0101202504A0043555,세븐일레븐광운대원룸점,편의점,서울특별시 노원구 광운로2가길 23,37.6181407479358,127.059295961433,소상공인시장진흥공단_상가(상권)정보_서울_202606.csv
MA010120220807277097,세븐일레븐석계점,편의점,서울특별시 노원구 석계로 9,37.6156873654536,127.06443622507,소상공인시장진흥공단_상가(상권)정보_서울_202606.csv
MA0101202406A0136010,세븐일레븐성북역점,편의점,서울특별시 노원구 광운로 71,37.6237264958795,127.060036697028,소상공인시장진흥공단_상가(상권)정보_서울_202606.csv
MA010120220808813538,세븐일레븐월계교육촌점,편의점,서울특별시 노원구 월계로44길 51,37.6230003088853,127.052457970275,소상공인시장진흥공단_상가(상권)정보_서울_202606.csv
MA010120220804356972,세운교재,전기용품/조명장치 소매업,서울특별시 노원구 광운로1길 8,37.6185833538911,127.057019606559,소상공인시장진흥공단_상가(상권)정보_서울_202606.csv
MA010120220804353813,세진24시셀프세차장,자동차 세차장,서울특별시 노원구 광운로 131,37.6280340855365,127.058295598682,소상공인시장진흥공단_상가(상권)정보_서울_202606.csv
MA010120220808807803,세진열쇠,철물/공구 소매업,서울특별시 노원구 석계로7길 7,37.6165345650568,127.063938586355,소상공인시장진흥공단_상가(상권)정보_서울_202606.csv
MA010120220804369285,세화소아청소년과의원,건강보조식품 소매업,서울특별시 노원구 화랑로 325,37.614957781036,127.064039173361,소상공인시장진흥공단_상가(상권)정보_서울_202606.csv
MA0101202410A0316236,세화소아청소년과의원,내과/소아과 의원,서울특별시 노원구 화랑로 325,37.614957781036,127.064039173361,소상공인시장진흥공단_상가(상권)정보_서울_202606.csv
MA010120220804358733,소문난곱창,곱창 전골/구이,서울특별시 노원구 석계로7길 12-8,37.6163817573281,127.063270188286,소상공인시장진흥공단_상가(상권)정보_서울_202606.csv
MA010120220805890475,소문난순대국밥,백반/한정식,서울특별시 노원구 석계로7길 7,37.6165345650568,127.063938586355,소상공인시장진흥공단_상가(상권)정보_서울_202606.csv
MA010120220803949811,속옷세상,기타 의류 소매업,서울특별시 노원구 광운로 54,37.6221769938673,127.059650317865,소상공인시장진흥공단_상가(상권)정보_서울_202606.csv
MA010120220810306816,솔라벨스트릿츄러스,빵/도넛,서울특별시 노원구 광운로 20,37.6193125115343,127.058334096341,소상공인시장진흥공단_상가(상권)정보_서울_202606.csv
MA010120220813339470,솔옷가게,여성 의류 소매업,서울특별시 노원구 광운로 59,37.6227716394935,127.059662120536,소상공인시장진흥공단_상가(상권)정보_서울_202606.csv
MA010120220804344239,송지사,복사업,서울특별시 노원구 석계로13길 25-1,37.620175931424,127.061347789896,소상공인시장진흥공단_상가(상권)정보_서울_202606.csv
MA010120220804368287,수암약국,약국,서울특별시 노원구 광운로 57,37.6226455528344,127.059560072146,소상공인시장진흥공단_상가(상권)정보_서울_202606.csv
MA0101202501A0020611,수유리닭집광운대역점,치킨,서울특별시 노원구 석계로 98-1,37.6235007260936,127.061056003356,소상공인시장진흥공단_상가(상권)정보_서울_202606.csv
MA010120220805639219,수해복마라탕,마라탕/훠궈,서울특별시 노원구 광운로 39,37.6210691497077,127.058913159867,소상공인시장진흥공단_상가(상권)정보_서울_202606.csv
MA0101202410A0282585,숙명피아노학원,음악학원,서울특별시 노원구 광운로 43,37.6213484047685,127.059015326082,소상공인시장진흥공단_상가(상권)정보_서울_202606.csv
MA010120220805992188,숲,기타 의류 소매업,서울특별시 노원구 석계로1길 22,37.615615850809,127.063394130243,소상공인시장진흥공단_상가(상권)정보_서울_202606.csv
MA010120220804577506,쉐프밥버거,김밥/만두/분식,서울특별시 노원구 광운로 15,37.6190605856575,127.057620300415,소상공인시장진흥공단_상가(상권)정보_서울_202606.csv
MA0101202307A0058355,스마일돈까스,경양식,서울특별시 노원구 석계로 95,37.6229510596319,127.061180156958,소상공인시장진흥공단_상가(상권)정보_서울_202606.csv
MA010120220812584070,스마트팜고랩,기타 기술/직업 훈련학원,서울특별시 노원구 광운로6길 33,37.6186182883974,127.059262359969,소상공인시장진흥공단_상가(상권)정보_서울_202606.csv
MA0101202511A0029910,스시덤,일식 회/초밥,서울특별시 노원구 광운로2길 6,37.6180966173545,127.057438327327,소상공인시장진흥공단_상가(상권)정보_서울_202606.csv
MA0101202309A0061981,스타노래연습장,노래방,서울특별시 노원구 석계로 101,37.6229331746889,127.060919608486,소상공인시장진흥공단_상가(상권)정보_서울_202606.csv
MA0106202301A2415867,스타벅스,카페,서울특별시 노원구 석계로 104,37.6231675246847,127.060738558242,소상공인시장진흥공단_상가(상권)정보_서울_202606.csv
MA010120220810357207,스타부동산컨설팅,경영 컨설팅업,서울특별시 노원구 화랑로43가길 17,37.6150395756266,127.0627253858,소상공인시장진흥공단_상가(상권)정보_서울_202606.csv
MA010120220803884726,스타안경,안경렌즈 소매업,서울특별시 노원구 광운로 62,37.6227173849248,127.060047213009,소상공인시장진흥공단_상가(상권)정보_서울_202606.csv
MA010120220809594165,스탓필라테스강북호스팅점,요가/필라테스 학원,서울특별시 노원구 석계로 102,37.6232935518514,127.060953885406,소상공인시장진흥공단_상가(상권)정보_서울_202606.csv
MA010120220809654718,스튜디오네모스토리,사진촬영업,서울특별시 노원구 광운로 54,37.6221769938673,127.059650317865,소상공인시장진흥공단_상가(상권)정보_서울_202606.csv
MA0101202508A0037895,스튜디오뒷방,시각 디자인업,서울특별시 노원구 광운로17길 47,37.6222233314621,127.057045041477,소상공인시장진흥공단_상가(상권)정보_서울_202606.csv
MA010120220812207169,스튜디오스택,사진촬영업,서울특별시 노원구 석계로18길 10-9,37.6236269403372,127.060908846973,소상공인시장진흥공단_상가(상권)정보_서울_202606.csv
MA010120220808659753,스트릿츄러스광운대학교점,빵/도넛,서울특별시 노원구 광운로 21,37.6198174813638,127.057484959534,소상공인시장진흥공단_상가(상권)정보_서울_202606.csv
MA010120220803940054,스포츠세상,그 외 기타 상품 전문 소매업,서울특별시 노원구 화랑로 337-17,37.6156780200198,127.065047845646,소상공인시장진흥공단_상가(상권)정보_서울_202606.csv
MA010120220806939951,슬슬커피,카페,서울특별시 노원구 석계로11길 35,37.6168684058929,127.063055394538,소상공인시장진흥공단_상가(상권)정보_서울_202606.csv
MA0101202305A0146600,승재네전화기,핸드폰 소매업,서울특별시 노원구 광운로 7,37.6185652024719,127.05729143817,소상공인시장진흥공단_상가(상권)정보_서울_202606.csv
MA010120220807131501,시즈닝건축사사무소,건축 설계 및 관련 서비스업,서울특별시 노원구 월계로 334,37.6290164941326,127.057616657162,소상공인시장진흥공단_상가(상권)정보_서울_202606.csv
MA010120220804347405,신당분식,김밥/만두/분식,서울특별시 노원구 석계로3길 36,37.616426952151,127.0629983889,소상공인시장진흥공단_상가(상권)정보_서울_202606.csv
MA010120220808046835,신도공인중개사사무소,부동산 중개/대리업,서울특별시 노원구 광운로 69,37.6234832237015,127.060047829021,소상공인시장진흥공단_상가(상권)정보_서울_202606.csv
MA010120220804359925,신도자동차용품,자동차 부품 소매업,서울특별시 노원구 광운로 140,37.6286109507041,127.057820255642,소상공인시장진흥공단_상가(상권)정보_서울_202606.csv
MA010120220809716186,신성주유소,주유소,서울특별시 노원구 월계로 328,37.6287733493607,127.057367243703,소상공인시장진흥공단_상가(상권)정보_서울_202606.csv
MA010120220803171994,신세계부동산공인중개사사무소,부동산 중개/대리업,서울특별시 노원구 석계로 49,37.6172200623395,127.062545990437,소상공인시장진흥공단_상가(상권)정보_서울_202606.csv
MA010120220810372146,신아부동산공인중개사사무소,부동산 중개/대리업,서울특별시 노원구 석계로 49,37.6172200623395,127.062545990437,소상공인시장진흥공단_상가(상권)정보_서울_202606.csv
MA010120220812770260,신연마라탕,마라탕/훠궈,서울특별시 노원구 광운로 35,37.620690847988,127.058686317006,소상공인시장진흥공단_상가(상권)정보_서울_202606.csv
MA010120220813627848,신영자동차공업사,자동차 정비소,서울특별시 노원구 광운로 149,37.6283052520796,127.056505927599,소상공인시장진흥공단_상가(상권)정보_서울_202606.csv
MA010120220804353876,신원설비,그 외 기타 개인/가정용품 수리업,서울특별시 노원구 광운로2가길 8,37.6174291436265,127.058944267931,소상공인시장진흥공단_상가(상권)정보_서울_202606.csv
MA010120220804368097,신원에스테틱,피부 관리실,서울특별시 노원구 화랑로 321,37.6146787685305,127.063495271458,소상공인시장진흥공단_상가(상권)정보_서울_202606.csv
MA010120220808206492,신전떡볶이,김밥/만두/분식,서울특별시 노원구 광운로 52,37.621897670725,127.059684076884,소상공인시장진흥공단_상가(상권)정보_서울_202606.csv
MA010120220812768881,신태평약국,약국,서울특별시 노원구 광운로 45,37.6215015499013,127.059060756502,소상공인시장진흥공단_상가(상권)정보_서울_202606.csv
MA010120220803953067,신화모터스,모터사이클 수리업,서울특별시 노원구 월계로 340,37.6294576880957,127.058206082223,소상공인시장진흥공단_상가(상권)정보_서울_202606.csv
MA010120220811451886,실내포차,요리 주점,서울특별시 노원구 석계로7길 15,37.6162373677325,127.063700474507,소상공인시장진흥공단_상가(상권)정보_서울_202606.csv
MA010120220806389316,실버코인,액세서리/잡화 소매업,서울특별시 노원구 월계로 334,37.6290164941326,127.057616657162,소상공인시장진흥공단_상가(상권)정보_서울_202606.csv
MA010120220804350695,심포니노래연습장,노래방,서울특별시 노원구 석계로 9,37.6156873654536,127.06443622507,소상공인시장진흥공단_상가(상권)정보_서울_202606.csv
MA010120220803650584,싱글하우스고시원,기숙사/고시원,서울특별시 노원구 광운로 61-5,37.6228978463014,127.059526290777,소상공인시장진흥공단_상가(상권)정보_서울_202606.csv
MA010120220813504252,싸다김밥,김밥/만두/분식,서울특별시 노원구 광운로 65,37.6231679013838,127.060002265014,소상공인시장진흥공단_상가(상권)정보_서울_202606.csv
MA010120220800710881,쌈,돼지고기 구이/찜,서울특별시 노원구 광운로 31,37.6204386671799,127.058493556738,소상공인시장진흥공단_상가(상권)정보_서울_202606.csv
MA010120220810339633,쌈손,주방/가정용품 소매업,서울특별시 노원구 광운로 49,37.6218528951298,127.059140326207,소상공인시장진흥공단_상가(상권)정보_서울_202606.csv
MA010120220809706947,써브웨이광운대역점,토스트/샌드위치/샐러드,서울특별시 노원구 광운로 57,37.6226455528344,127.059560072146,소상공인시장진흥공단_상가(상권)정보_서울_202606.csv
MA010120220811627518,썬더치킨,치킨,서울특별시 노원구 광운로 44,37.6213571757479,127.059491080378,소상공인시장진흥공단_상가(상권)정보_서울_202606.csv
MA0101202411A0056746,썬더치킨,치킨,서울특별시 노원구 석계로3길 21,37.6159671751725,127.063507693508,소상공인시장진흥공단_상가(상권)정보_서울_202606.csv
MA010120220800918449,썬미디어테크,가전제품 소매업,서울특별시 노원구 광운로2가길 9-3,37.6177085965365,127.058649992658,소상공인시장진흥공단_상가(상권)정보_서울_202606.csv
MA0101202503A0027575,썬파닭,치킨,서울특별시 노원구 석계로1길 22,37.615615850809,127.063394130243,소상공인시장진흥공단_상가(상권)정보_서울_202606.csv
MA0101202508A0035064,썸노래연습장,노래방,서울특별시 노원구 석계로7길 4,37.6167237908842,127.063904768542,소상공인시장진흥공단_상가(상권)정보_서울_202606.csv
MA010120220803032692,쎌커뮤니케이션,광고 대행업,서울특별시 노원구 석계로 33,37.6176788684318,127.06384895215,소상공인시장진흥공단_상가(상권)정보_서울_202606.csv
MA0101202409A0076753,쓰리팝PCcafe,PC방,서울특별시 노원구 월계로 334,37.6290164941326,127.057616657162,소상공인시장진흥공단_상가(상권)정보_서울_202606.csv
MA010120220809826669,씨유광운대기숙사점,편의점,서울특별시 노원구 광운로 20,37.6193125115343,127.058334096341,소상공인시장진흥공단_상가(상권)정보_서울_202606.csv
MA010120220805929662,씨유마트(광운대원룸점),편의점,서울특별시 노원구 광운로15길 23,37.6215471496381,127.057950712568,소상공인시장진흥공단_상가(상권)정보_서울_202606.csv
MA0101202604A0052219,씨유월계코스모스점,편의점,서울특별시 노원구 석계로7길 18,37.6162194700411,127.063473928469,소상공인시장진흥공단_상가(상권)정보_서울_202606.csv
MA0106202201A2214778,씨제이올리브영광운대역점,그 외 기타 상품 전문 소매업,서울특별시 노원구 석계로 102,37.6232935518514,127.060953885406,소상공인시장진흥공단_상가(상권)정보_서울_202606.csv
MA0106202201A2214559,씨제이올리브영석계역점,그 외 기타 상품 전문 소매업,서울특별시 노원구 석계로1길 14,37.6155615104942,127.06391510029,소상공인시장진흥공단_상가(상권)정보_서울_202606.csv
MA010120220808979793,씨쥐오,광고 대행업,서울특별시 노원구 월계로 334,37.6290164941326,127.057616657162,소상공인시장진흥공단_상가(상권)정보_서울_202606.csv
MA0101202406A0464643,씨케이하우스원룸텔,기숙사/고시원,서울특별시 노원구 월계로 336,37.6291785662976,127.057832023875,소상공인시장진흥공단_상가(상권)정보_서울_202606.csv
MA010120220804371126,아그집,백반/한정식,서울특별시 노원구 석계로13길 43,37.6211131518051,127.060974759748,소상공인시장진흥공단_상가(상권)정보_서울_202606.csv
MA0101202503A0038522,아따통닭,치킨,서울특별시 노원구 석계로 33,37.6176788684318,127.06384895215,소상공인시장진흥공단_상가(상권)정보_서울_202606.csv
MA0101202505A0025701,아르모스튜디오artmoment,사진촬영업,서울특별시 노원구 석계로18길 8,37.6234378906017,127.060602846613,소상공인시장진흥공단_상가(상권)정보_서울_202606.csv
MA0101202406A0002390,아리랑캐롬클럽,당구장,서울특별시 노원구 석계로 95,37.6229150260324,127.061168799873,소상공인시장진흥공단_상가(상권)정보_서울_202606.csv
MA0101202504A0042037,아망프라이빗,기타 오락관련 서비스업,서울특별시 노원구 월계로 294,37.6268648050118,127.054091940301,소상공인시장진흥공단_상가(상권)정보_서울_202606.csv
MA0101202501A0048458,아메리카요가석계점,요가/필라테스 학원,서울특별시 노원구 석계로 17,37.6163091458583,127.064255536792,소상공인시장진흥공단_상가(상권)정보_서울_202606.csv
MA0101202507A0025921,아이스짱월계점,슈퍼마켓,서울특별시 노원구 석계로 49,37.6172380820926,127.062546005531,소상공인시장진흥공단_상가(상권)정보_서울_202606.csv
MA010120220803948898,아이아이안경,안경렌즈 소매업,서울특별시 노원구 광운로 56,37.6223751479381,127.059775078393,소상공인시장진흥공단_상가(상권)정보_서울_202606.csv
MA010120220804364018,아이작스튜디오,사진촬영업,서울특별시 노원구 광운로 65,37.6231679013838,127.060002265014,소상공인시장진흥공단_상가(상권)정보_서울_202606.csv
MA0101202211A0038747,아이캔빌리어드클럽,당구장,서울특별시 노원구 광운로 48,37.6217175591419,127.059514022301,소상공인시장진흥공단_상가(상권)정보_서울_202606.csv
MA0101202410A0744684,아트앤아트미술교습소,미술학원,서울특별시 노원구 석계로 49,37.6172200623395,127.062545990437,소상공인시장진흥공단_상가(상권)정보_서울_202606.csv
MA0101202406A0117698,아티유헤어석계점,미용실,서울특별시 노원구 화랑로 337,37.6152364672172,127.065172051292,소상공인시장진흥공단_상가(상권)정보_서울_202606.csv
MA010120220802508139,악쓰는하마코인노래연습장,노래방,서울특별시 노원구 석계로 4,37.6153718274518,127.064787071495,소상공인시장진흥공단_상가(상권)정보_서울_202606.csv
MA010120220803590145,악쓰는하마코인노래연습장,노래방,서울특별시 노원구 석계로 2,37.615200608644,127.064843554864,소상공인시장진흥공단_상가(상권)정보_서울_202606.csv
MA0101202211A0046159,악쓰는하마코인노래연습장,노래방,서울특별시 노원구 석계로 4,37.6153718274518,127.064787071495,소상공인시장진흥공단_상가(상권)정보_서울_202606.csv
MA010120220804342202,안경랜드,안경렌즈 소매업,서울특별시 노원구 석계로 98-1,37.6235007260936,127.061056003356,소상공인시장진흥공단_상가(상권)정보_서울_202606.csv
MA010120220803955146,안기식공인중개사사무소,부동산 중개/대리업,서울특별시 노원구 석계로 49,37.6172200623395,127.062545990437,소상공인시장진흥공단_상가(상권)정보_서울_202606.csv
MA010120220810382131,알고캠퍼스,기숙사/고시원,서울특별시 노원구 광운로2가길 14-16,37.6172214775906,127.059816259182,소상공인시장진흥공단_상가(상권)정보_서울_202606.csv
MA010120220804496791,알뜰폰주,핸드폰 소매업,서울특별시 노원구 석계로 31,37.617543714167,127.063860163317,소상공인시장진흥공단_상가(상권)정보_서울_202606.csv
MA010120220804371518,애니원월계점,그 외 기타 상품 전문 소매업,서울특별시 노원구 월계로 264,37.6251271210453,127.051360659468,소상공인시장진흥공단_상가(상권)정보_서울_202606.csv
MA010120220803955062,애니테크,핸드폰 소매업,서울특별시 노원구 광운로 64,37.6228344497416,127.060171910135,소상공인시장진흥공단_상가(상권)정보_서울_202606.csv
MA010120220808819245,앤네일,네일숍,서울특별시 노원구 광운로13길 5,37.6213845065016,127.058890754075,소상공인시장진흥공단_상가(상권)정보_서울_202606.csv
MA010120220805132456,야놀자노래연습장,노래방,서울특별시 노원구 석계로 15,37.6161469433806,127.064300703324,소상공인시장진흥공단_상가(상권)정보_서울_202606.csv
MA0101202507A0036219,야타이,일식 회/초밥,서울특별시 노원구 석계로18길 10-6,37.6234918740832,127.060750149783,소상공인시장진흥공단_상가(상권)정보_서울_202606.csv
MA010120220804894432,양드림,백반/한정식,서울특별시 노원구 광운로2길 27,37.6174203254842,127.058559152459,소상공인시장진흥공단_상가(상권)정보_서울_202606.csv
MA010120220804351228,양지카센타,자동차 정비소,서울특별시 노원구 광운로 122,37.6282677881955,127.059405961166,소상공인시장진흥공단_상가(상권)정보_서울_202606.csv
MA010120220804356203,어반,백반/한정식,서울특별시 노원구 석계로3길 11,37.6157416896595,127.06394923391,소상공인시장진흥공단_상가(상권)정보_서울_202606.csv
MA010120220804363789,어촌,횟집,서울특별시 노원구 석계로8가길 29,37.6154168021489,127.064923027515,소상공인시장진흥공단_상가(상권)정보_서울_202606.csv
MA0101202409A0184664,언니마음산부인과의원,산부인과 의원,서울특별시 노원구 석계로1길 14,37.6155615104942,127.06391510029,소상공인시장진흥공단_상가(상권)정보_서울_202606.csv
MA010120220812810587,얼음과자,슈퍼마켓,서울특별시 노원구 석계로 49,37.6172200623395,127.062545990437,소상공인시장진흥공단_상가(상권)정보_서울_202606.csv
MA0101202406A0070856,엄마마늘보쌈,족발/보쌈,서울특별시 노원구 석계로 18,37.6164351791409,127.064448196956,소상공인시장진흥공단_상가(상권)정보_서울_202606.csv
MA010120220800895135,엄마손김밥,김밥/만두/분식,서울특별시 노원구 광운로 69,37.6234832237015,127.060047829021,소상공인시장진흥공단_상가(상권)정보_서울_202606.csv
MA010120220804356796,업소명없음,기숙사/고시원,서울특별시 노원구 광운로 79,37.6243662712361,127.059889950495,소상공인시장진흥공단_상가(상권)정보_서울_202606.csv
MA010120220804358387,업소명없음,기숙사/고시원,서울특별시 노원구 광운로 29,37.6203305823808,127.058425509083,소상공인시장진흥공단_상가(상권)정보_서울_202606.csv
MA010120220812025166,에그까까,카페,서울특별시 노원구 석계로8길 6,37.6166333345269,127.064561633998,소상공인시장진흥공단_상가(상권)정보_서울_202606.csv
MA0101202406A0027021,에스디지,패션/섬유/기타 전문 디자인업,서울특별시 노원구 광운로19길 22,37.6231682393329,127.059333937303,소상공인시장진흥공단_상가(상권)정보_서울_202606.csv
MA010120220807936278,에스엠씨아카데미,레크리에이션 교육기관,서울특별시 노원구 석계로 103,37.6228431810961,127.060715639264,소상공인시장진흥공단_상가(상권)정보_서울_202606.csv
MA0101202406A0383662,에스테윤,피부 관리실,서울특별시 노원구 광운로2길 33,37.6172760661027,127.058762919904,소상공인시장진흥공단_상가(상권)정보_서울_202606.csv
MA0101202502A0067727,에스포미디어,가전제품 소매업,서울특별시 노원구 석계로18길 8,37.6234378906017,127.060602846613,소상공인시장진흥공단_상가(상권)정보_서울_202606.csv
MA010120220803633208,에스헤어,미용실,서울특별시 노원구 광운로13길 5,37.6213845065016,127.058890754075,소상공인시장진흥공단_상가(상권)정보_서울_202606.csv
MA0101202406A0586757,에어벌룬,사업/무형 재산권 중개업,서울특별시 노원구 광운로6길 33,37.6186182883974,127.059262359969,소상공인시장진흥공단_상가(상권)정보_서울_202606.csv
MA0101202306A0045732,에어컨가스충전,가전제품 수리업,서울특별시 노원구 광운로2가길 17-10,37.6181950283349,127.058854257841,소상공인시장진흥공단_상가(상권)정보_서울_202606.csv
MA0106202201A0144744,에이블씨엔씨nunc석계점,화장품 소매업,서울특별시 노원구 화랑로 335,37.6151014252097,127.064979385163,소상공인시장진흥공단_상가(상권)정보_서울_202606.csv
MA010120220800161347,에이치필라테스,요가/필라테스 학원,서울특별시 노원구 월계로 296-14,37.6266753578519,127.054612896782,소상공인시장진흥공단_상가(상권)정보_서울_202606.csv
MA010120220807883399,에이치헤어,미용실,서울특별시 노원구 광운로12길 8,37.6209696826881,127.059626698716,소상공인시장진흥공단_상가(상권)정보_서울_202606.csv
MA010120220804388352,에이티렌터카,자동차 대여업,서울특별시 노원구 월계로 334,37.6290164941326,127.057616657162,소상공인시장진흥공단_상가(상권)정보_서울_202606.csv
MA010120220805289171,에프엠25.1,카페,서울특별시 노원구 석계로13길 25-1,37.620175931424,127.061347789896,소상공인시장진흥공단_상가(상권)정보_서울_202606.csv
MA010120220814388848,엔비짐PT,헬스장,서울특별시 노원구 광운로 39,37.6210691497077,127.058913159867,소상공인시장진흥공단_상가(상권)정보_서울_202606.csv
MA010120220800675035,엔탑PC방,PC방,서울특별시 노원구 광운로 52,37.621897670725,127.059684076884,소상공인시장진흥공단_상가(상권)정보_서울_202606.csv
MA0101202509A0008372,엘리트당구장,당구장,서울특별시 노원구 화랑로 325,37.614957781036,127.064039173361,소상공인시장진흥공단_상가(상권)정보_서울_202606.csv
MA0101202411A0099740,엠씨엠씨노래연습장,노래방,서울특별시 노원구 석계로 11-1,37.6159486890145,127.064368491589,소상공인시장진흥공단_상가(상권)정보_서울_202606.csv
MA0101202301A0033267,엠에스플랜,명함/간판/광고물 제작,서울특별시 노원구 월계로44길 28,37.6237395422451,127.05149563694,소상공인시장진흥공단_상가(상권)정보_서울_202606.csv
MA010120220805159087,엠케이로드,광고 대행업,서울특별시 노원구 석계로 105,37.6228702921929,127.060557075646,소상공인시장진흥공단_상가(상권)정보_서울_202606.csv
MA0101202409A0050312,여우곱창,곱창 전골/구이,서울특별시 노원구 광운로 68,37.6233119207132,127.060274243524,소상공인시장진흥공단_상가(상권)정보_서울_202606.csv
MA010120220812928856,여자만아구찜,해산물 구이/찜,서울특별시 노원구 석계로18길 10-8,37.623491798177,127.060897409067,소상공인시장진흥공단_상가(상권)정보_서울_202606.csv
MA010120220804365025,연결의류,의류/이불 수선업,서울특별시 노원구 광운로2길 6,37.6180876129912,127.057426993578,소상공인시장진흥공단_상가(상권)정보_서울_202606.csv
MA0106202605A1729361,연선네아구찜,해산물 구이/찜,서울특별시 노원구 석계로7길 10,37.6164986297189,127.06374600371,소상공인시장진흥공단_상가(상권)정보_서울_202606.csv
MA0101202410A0023950,연세미치과이미금,치과의원,서울특별시 노원구 석계로9길 25,37.6169495612946,127.062930869929,소상공인시장진흥공단_상가(상권)정보_서울_202606.csv
MA0101202410A0315113,연세스타일치과,치과의원,서울특별시 노원구 화랑로 335,37.6151014252097,127.064979385163,소상공인시장진흥공단_상가(상권)정보_서울_202606.csv
MA010120220803107295,연세아이빛안과의원,안과 의원,서울특별시 노원구 화랑로 325,37.614957781036,127.064039173361,소상공인시장진흥공단_상가(상권)정보_서울_202606.csv
MA0101202501A0047077,연세큰약국,약국,서울특별시 노원구 석계로1길 14,37.6155615104942,127.06391510029,소상공인시장진흥공단_상가(상권)정보_서울_202606.csv
MA010120220800370480,연어시장,횟집,서울특별시 노원구 석계로 13,37.6160568322556,127.064323278756,소상공인시장진흥공단_상가(상권)정보_서울_202606.csv
MA010120220806780945,염색하는날,미용실,서울특별시 노원구 석계로9길 10,37.6175979872922,127.063463773568,소상공인시장진흥공단_상가(상권)정보_서울_202606.csv
MA010120220804347390,영마트,슈퍼마켓,서울특별시 노원구 광운로2나길 30,37.6161578492351,127.060721529485,소상공인시장진흥공단_상가(상권)정보_서울_202606.csv
MA010120220812983020,영번지포장마차,요리 주점,서울특별시 노원구 화랑로 337-4,37.6151101281862,127.065534384873,소상공인시장진흥공단_상가(상권)정보_서울_202606.csv
MA010120220804368807,영은공인중개사사무소,부동산 중개/대리업,서울특별시 노원구 광운로 39,37.6210691497077,127.058913159867,소상공인시장진흥공단_상가(상권)정보_서울_202606.csv
MA010120220812961884,예랑음악교습소,음악학원,서울특별시 노원구 광운로13길 5,37.6213845065016,127.058890754075,소상공인시장진흥공단_상가(상권)정보_서울_202606.csv
MA0101202410A0330204,예원내과의원,내과/소아과 의원,서울특별시 노원구 광운로 45,37.6215015499013,127.059060756502,소상공인시장진흥공단_상가(상권)정보_서울_202606.csv
MA0101202410A0316220,예원음악교습소,음악학원,서울특별시 노원구 석계로 49,37.6172200623395,127.062545990437,소상공인시장진흥공단_상가(상권)정보_서울_202606.csv
MA010120220804530251,오감닭도리탕,돼지고기 구이/찜,서울특별시 노원구 석계로 13,37.6160568322556,127.064323278756,소상공인시장진흥공단_상가(상권)정보_서울_202606.csv
MA010120220812343830,오늘theNail,네일숍,서울특별시 노원구 화랑로 321,37.6146787685305,127.063495271458,소상공인시장진흥공단_상가(상권)정보_서울_202606.csv
MA010120220811937468,오늘야채오늘과일,채소/과일 소매업,서울특별시 노원구 석계로3길 20,37.6160571762864,127.063688994276,소상공인시장진흥공단_상가(상권)정보_서울_202606.csv
MA010120220812770219,오드,신발 소매업,서울특별시 노원구 석계로3길 41,37.6164722365354,127.062556690608,소상공인시장진흥공단_상가(상권)정보_서울_202606.csv
MA010120220813848128,오디션노래방,노래방,서울특별시 노원구 석계로 21,37.616669614884,127.064119927704,소상공인시장진흥공단_상가(상권)정보_서울_202606.csv
MA010120220813435300,오렌즈석계역점,안경렌즈 소매업,서울특별시 노원구 석계로 2,37.615200608644,127.064843554864,소상공인시장진흥공단_상가(상권)정보_서울_202606.csv
MA010120220807108242,오륜라이프,장례식장,서울특별시 노원구 석계로11길 8,37.6179493358686,127.063532033007,소상공인시장진흥공단_상가(상권)정보_서울_202606.csv
MA010120220800570031,오마이치킨,치킨,서울특별시 노원구 석계로 98-1,37.6235007260936,127.061056003356,소상공인시장진흥공단_상가(상권)정보_서울_202606.csv
MA010120220814077180,오복떡집,떡/한과,서울특별시 노원구 광운로 64,37.6228344497416,127.060171910135,소상공인시장진흥공단_상가(상권)정보_서울_202606.csv
MA010120220805415051,오사카부루스석계점,요리 주점,서울특별시 노원구 석계로1길 10,37.6156334789253,127.064119037983,소상공인시장진흥공단_상가(상권)정보_서울_202606.csv
MA0101202504A0084765,오쎄,카페,서울특별시 노원구 광운로 62,37.6227263832626,127.060069875299,소상공인시장진흥공단_상가(상권)정보_서울_202606.csv
MA0101202310A0097217,오진당포차,중국집,서울특별시 노원구 화랑로 337-19,37.6157771474072,127.065013952584,소상공인시장진흥공단_상가(상권)정보_서울_202606.csv
MA010120220808134925,오퀸스테이크하우스석계역점,파스타/스테이크,서울특별시 노원구 석계로1길 22,37.615615850809,127.063394130243,소상공인시장진흥공단_상가(상권)정보_서울_202606.csv
MA010120220804012039,온누리안경,안경렌즈 소매업,서울특별시 노원구 석계로 102,37.6232935518514,127.060953885406,소상공인시장진흥공단_상가(상권)정보_서울_202606.csv
MA010120220811854569,올바른홈케어,건축물 일반 청소업,서울특별시 노원구 광운로 79,37.6243662712361,127.059889950495,소상공인시장진흥공단_상가(상권)정보_서울_202606.csv
MA010120220804354368,와라와라석계역점,생맥주 전문,서울특별시 노원구 석계로1길 14,37.6155615104942,127.06391510029,소상공인시장진흥공단_상가(상권)정보_서울_202606.csv
MA010120220808371533,와우헤어,미용실,서울특별시 노원구 석계로 98-1,37.6235007260936,127.061056003356,소상공인시장진흥공단_상가(상권)정보_서울_202606.csv
MA0101202601A0009649,와이디더블유스포츠,요가/필라테스 학원,서울특별시 노원구 광운로3길 17,37.6193312663874,127.056827618548,소상공인시장진흥공단_상가(상권)정보_서울_202606.csv
MA010120220806841762,와플대학광운대캠퍼스,빵/도넛,서울특별시 노원구 광운로 64,37.6228344497416,127.060171910135,소상공인시장진흥공단_상가(상권)정보_서울_202606.csv
MA010120220804356874,왕순대국,국/탕/찌개류,서울특별시 노원구 광운로 72,37.6236002538231,127.060240493352,소상공인시장진흥공단_상가(상권)정보_서울_202606.csv
MA010120220803930995,외국인관광택시협동조합,기타 여행 보조/예약 서비스업,서울특별시 노원구 광운로 48,37.6217175591419,127.059514022301,소상공인시장진흥공단_상가(상권)정보_서울_202606.csv
MA010120220804367615,요거프레소,카페,서울특별시 노원구 광운로 17-9,37.6194121196927,127.057314742084,소상공인시장진흥공단_상가(상권)정보_서울_202606.csv
MA0101202406A0348186,용기사식당,백반/한정식,서울특별시 노원구 석계로15길 25,37.6219866908876,127.061779719566,소상공인시장진흥공단_상가(상권)정보_서울_202606.csv
MA010120220800014604,용산컴,중고 상품 소매업,서울특별시 노원구 석계로18길 10-7,37.6235999808231,127.060772893076,소상공인시장진흥공단_상가(상권)정보_서울_202606.csv
MA0101202505A0046659,우리네축산,정육점,서울특별시 노원구 석계로7길 18,37.6162104601632,127.06347392081,소상공인시장진흥공단_상가(상권)정보_서울_202606.csv
MA0101202410A0296695,우리들이비인후과,이비인후과 의원,서울특별시 노원구 화랑로 337,37.6152364672172,127.065172051292,소상공인시장진흥공단_상가(상권)정보_서울_202606.csv
MA010120220804356252,우리집,백반/한정식,서울특별시 노원구 광운로22길 9,37.6284840875077,127.059281520926,소상공인시장진흥공단_상가(상권)정보_서울_202606.csv
MA010120220811500379,우리집,돼지고기 구이/찜,서울특별시 노원구 석계로 19,37.6165074247829,127.064142441594,소상공인시장진흥공단_상가(상권)정보_서울_202606.csv
MA0101202602A0012117,우우즈,빵/도넛,서울특별시 노원구 광운로12길 32,37.6212483174209,127.060940888237,소상공인시장진흥공단_상가(상권)정보_서울_202606.csv
MA0101202406A0271083,원데이피티,헬스장,서울특별시 노원구 석계로 101,37.6229331746889,127.060919608486,소상공인시장진흥공단_상가(상권)정보_서울_202606.csv
MA0101202311A0002924,월계365약국,약국,서울특별시 노원구 석계로 104,37.6231855502503,127.060727245312,소상공인시장진흥공단_상가(상권)정보_서울_202606.csv
MA0101202406A0179655,월계돈,백반/한정식,서울특별시 노원구 석계로 63,37.6203373283549,127.062831780904,소상공인시장진흥공단_상가(상권)정보_서울_202606.csv
MA010120220804356428,월계삼천리,자전거 소매업,서울특별시 노원구 광운로 58,37.6225372623945,127.059899810666,소상공인시장진흥공단_상가(상권)정보_서울_202606.csv
MA0101202409A0218876,월계세차장외장관리,자동차 세차장,서울특별시 노원구 월계로 264,37.6251271210453,127.051360659468,소상공인시장진흥공단_상가(상권)정보_서울_202606.csv
MA0101202410A0283268,월계수한의원,한의원,서울특별시 노원구 석계로 102,37.6232935518514,127.060953885406,소상공인시장진흥공단_상가(상권)정보_서울_202606.csv
MA0101202209A0066715,월계스마트해법수학영어학원,입시·교과학원,서울특별시 노원구 석계로 49,37.6172200623395,127.062545990437,소상공인시장진흥공단_상가(상권)정보_서울_202606.csv
MA010120220804341456,월계주유소,주유소,서울특별시 노원구 월계로 252,37.6244336211,127.050759809691,소상공인시장진흥공단_상가(상권)정보_서울_202606.csv
MA0101202211A0052161,월드고시원,기숙사/고시원,서울특별시 노원구 광운로 48,37.6217175591419,127.059514022301,소상공인시장진흥공단_상가(상권)정보_서울_202606.csv
MA010120220812648325,월드고시텔,기숙사/고시원,서울특별시 노원구 광운로 48,37.6217175591419,127.059514022301,소상공인시장진흥공단_상가(상권)정보_서울_202606.csv
MA0101202311A0096438,웰라수학교습소,입시·교과학원,서울특별시 노원구 광운로2나길 11,37.6169240077689,127.060099187021,소상공인시장진흥공단_상가(상권)정보_서울_202606.csv
MA010120220812584974,웰라잉글리쉬학원,외국어학원,서울특별시 노원구 광운로2나길 11,37.6169240077689,127.060099187021,소상공인시장진흥공단_상가(상권)정보_서울_202606.csv
MA0101202603A0021553,웰투어,사업/무형 재산권 중개업,서울특별시 노원구 월계로 334,37.6290164941326,127.057616657162,소상공인시장진흥공단_상가(상권)정보_서울_202606.csv
MA010120220813482110,위너뮤직,악기 소매업,서울특별시 노원구 광운로 128-2,37.6283850869908,127.059066202987,소상공인시장진흥공단_상가(상권)정보_서울_202606.csv
MA010120220809694072,위니아서비스,가전제품 수리업,서울특별시 노원구 월계로44가길 44,37.6240085423316,127.0543843913,소상공인시장진흥공단_상가(상권)정보_서울_202606.csv
MA0101202410A0491847,위대한내과의원,내과/소아과 의원,서울특별시 노원구 화랑로 325,37.614957781036,127.064039173361,소상공인시장진흥공단_상가(상권)정보_서울_202606.csv
MA0101202410A0356714,위드에임하이학원,전문자격/고시학원,서울특별시 노원구 광운로2길 6,37.6180876129912,127.057426993578,소상공인시장진흥공단_상가(상권)정보_서울_202606.csv
MA0101202311A0018637,유일,주방/가정용품 소매업,서울특별시 노원구 석계로 16,37.6162909901577,127.064504705253,소상공인시장진흥공단_상가(상권)정보_서울_202606.csv
MA010120220803371273,유진벽지,벽지/장판/마루 소매업,서울특별시 노원구 석계로 34,37.6177057137129,127.064188778023,소상공인시장진흥공단_상가(상권)정보_서울_202606.csv
MA010120220805374695,육장군,돼지고기 구이/찜,서울특별시 노원구 화랑로 337-15,37.615578892621,127.06508173862,소상공인시장진흥공단_상가(상권)정보_서울_202606.csv
MA0101202509A0009951,육회바른연어석계역점,소고기 구이/찜,서울특별시 노원구 석계로3길 3,37.6155612827699,127.064334178324,소상공인시장진흥공단_상가(상권)정보_서울_202606.csv
MA0101202409A0251809,윤가네야채과일,채소/과일 소매업,서울특별시 노원구 석계로11길 45,37.6165712670405,127.062704019268,소상공인시장진흥공단_상가(상권)정보_서울_202606.csv
MA010120220810422088,윤스쿡,김밥/만두/분식,서울특별시 노원구 광운로 29,37.6203305823808,127.058425509083,소상공인시장진흥공단_상가(상권)정보_서울_202606.csv
MA010120220808520998,윤주당,요리 주점,서울특별시 노원구 광운로2나길 30,37.6178245597295,127.06094942053,소상공인시장진흥공단_상가(상권)정보_서울_202606.csv
MA0101202504A0032756,으뜸플러스안경석계역점,안경렌즈 소매업,서울특별시 노원구 석계로 9,37.6157053790255,127.064447567075,소상공인시장진흥공단_상가(상권)정보_서울_202606.csv
MA010120220803886975,은경헤어클리닉,미용실,서울특별시 노원구 석계로15길 17,37.6223834555345,127.061145709375,소상공인시장진흥공단_상가(상권)정보_서울_202606.csv
MA0101202307A0024017,읍천리382석계역점,카페,서울특별시 노원구 석계로5길 11,37.6161561931277,127.063858976663,소상공인시장진흥공단_상가(상권)정보_서울_202606.csv
MA0101202410A0317465,이관철이비인후과,이비인후과 의원,서울특별시 노원구 석계로 2,37.615200608644,127.064843554864,소상공인시장진흥공단_상가(상권)정보_서울_202606.csv
MA0101202408A0041362,이다플랜트,꽃집,서울특별시 노원구 광운로1길 26,37.6192053941255,127.056272500144,소상공인시장진흥공단_상가(상권)정보_서울_202606.csv
MA010120220804354320,이디야,카페,서울특별시 노원구 광운로 29,37.6203305823808,127.058425509083,소상공인시장진흥공단_상가(상권)정보_서울_202606.csv
MA010120220803515154,이디야월계인덕점,카페,서울특별시 노원구 광운로22길 39,37.6298538184944,127.05881813597,소상공인시장진흥공단_상가(상권)정보_서울_202606.csv
MA010120220808601273,이룸부동산공인중개사사무소,부동산 중개/대리업,서울특별시 노원구 석계로 35,37.6179221962999,127.063735892257,소상공인시장진흥공단_상가(상권)정보_서울_202606.csv
MA010120220804370774,이마트24광운대역점,편의점,서울특별시 노원구 석계로 98-1,37.6235007260936,127.061056003356,소상공인시장진흥공단_상가(상권)정보_서울_202606.csv
MA0101202505A0034846,이삭토스트,토스트/샌드위치/샐러드,서울특별시 노원구 광운로 37-1,37.6208980242925,127.058788425097,소상공인시장진흥공단_상가(상권)정보_서울_202606.csv
MA010120220814146617,이삭토스트석계역점,토스트/샌드위치/샐러드,서울특별시 노원구 석계로3길 21,37.6159671751725,127.063507693508,소상공인시장진흥공단_상가(상권)정보_서울_202606.csv
MA010120220804356068,이안에스테틱,피부 관리실,서울특별시 노원구 석계로 49,37.6172200623395,127.062545990437,소상공인시장진흥공단_상가(상권)정보_서울_202606.csv
MA0101202406A0426295,이자카야마침,백반/한정식,서울특별시 노원구 화랑로 337-15,37.615578892621,127.06508173862,소상공인시장진흥공단_상가(상권)정보_서울_202606.csv
MA010120220808308216,이자카야콤마,일식 회/초밥,서울특별시 노원구 석계로 10,37.6157683242426,127.064674150802,소상공인시장진흥공단_상가(상권)정보_서울_202606.csv
MA010120220804350646,이참치,일식 회/초밥,서울특별시 노원구 석계로 21,37.616669614884,127.064119927704,소상공인시장진흥공단_상가(상권)정보_서울_202606.csv
MA010120220804365951,이층집,백반/한정식,서울특별시 노원구 광운로 17-5,37.6193489568904,127.057507252828,소상공인시장진흥공단_상가(상권)정보_서울_202606.csv
MA0101202211A0036718,인생꼬치479,생맥주 전문,서울특별시 노원구 석계로 15,37.6161469433806,127.064300703324,소상공인시장진흥공단_상가(상권)정보_서울_202606.csv
MA010120220808647488,인정각,중국집,서울특별시 노원구 석계로3길 18,37.6160030497091,127.063813539672,소상공인시장진흥공단_상가(상권)정보_서울_202606.csv
MA010120220814110334,인테리어하우스월계,인테리어 디자인업,서울특별시 노원구 석계로9길 13,37.617336731332,127.063406917974,소상공인시장진흥공단_상가(상권)정보_서울_202606.csv
MA010120220813038643,인헬서짐월계역점,미용실,서울특별시 노원구 광운로 132,37.6292502256759,127.058681718101,소상공인시장진흥공단_상가(상권)정보_서울_202606.csv
MA010120220804357017,일광문화사,복사업,서울특별시 노원구 광운로 17-1,37.6192227412647,127.057665733535,소상공인시장진흥공단_상가(상권)정보_서울_202606.csv
MA010120220804356994,일신쌀,슈퍼마켓,서울특별시 노원구 광운로 132,37.6292502256759,127.058681718101,소상공인시장진흥공단_상가(상권)정보_서울_202606.csv
MA010120220803944224,일신컨설팅,부동산 중개/대리업,서울특별시 노원구 광운로22길 39,37.6298538184944,127.05881813597,소상공인시장진흥공단_상가(상권)정보_서울_202606.csv
MA0101202409A0117902,일심텐동,중국집,서울특별시 노원구 광운로 31,37.6204386671799,127.058493556738,소상공인시장진흥공단_상가(상권)정보_서울_202606.csv
MA010120220804051346,일심해장국,국/탕/찌개류,서울특별시 노원구 석계로15길 25,37.6219866908876,127.061779719566,소상공인시장진흥공단_상가(상권)정보_서울_202606.csv
MA010120220813214689,일정,국수/칼국수,서울특별시 노원구 광운로 53,37.6223843864621,127.05932198683,소상공인시장진흥공단_상가(상권)정보_서울_202606.csv
MA010120220800360087,임대광,빵/도넛,서울특별시 노원구 석계로3길 15,37.6158228705124,127.063779406259,소상공인시장진흥공단_상가(상권)정보_서울_202606.csv
MA0101202309A0050505,자담치킨월계,치킨,서울특별시 노원구 월계로42길 97,37.6220989309213,127.053329549084,소상공인시장진흥공단_상가(상권)정보_서울_202606.csv
MA0101202504A0091485,자유우집라석계역점,슈퍼마켓,서울특별시 노원구 석계로 10,37.6157683242426,127.064674150802,소상공인시장진흥공단_상가(상권)정보_서울_202606.csv
MA0101202406A0060819,잘사냥,세탁소,서울특별시 노원구 석계로18길 8,37.6234378906017,127.060602846613,소상공인시장진흥공단_상가(상권)정보_서울_202606.csv
MA010120220804353882,장군식당,백반/한정식,서울특별시 노원구 화랑로43가길 27,37.6150302937308,127.06323506412,소상공인시장진흥공단_상가(상권)정보_서울_202606.csv
MA010120220805202419,장수국수,국수/칼국수,서울특별시 노원구 광운로 27,37.6202135044681,127.058323473161,소상공인시장진흥공단_상가(상권)정보_서울_202606.csv
MA0101202601A0040758,장수생고기집,돼지고기 구이/찜,서울특별시 노원구 광운로2길 45,37.6169605563719,127.059091144488,소상공인시장진흥공단_상가(상권)정보_서울_202606.csv
MA010120220803890527,장수오토바이,모터사이클 및 부품 소매업,서울특별시 노원구 월계로42길 53,37.6226130050371,127.052185837904,소상공인시장진흥공단_상가(상권)정보_서울_202606.csv
MA010120220813544144,장안힐링투어,여행사,서울특별시 노원구 석계로 98-2,37.6230318415724,127.061769256913,소상공인시장진흥공단_상가(상권)정보_서울_202606.csv
MA010120220803944319,장원고시원,기숙사/고시원,서울특별시 노원구 광운로19가길 9,37.6239339639227,127.059561100099,소상공인시장진흥공단_상가(상권)정보_서울_202606.csv
MA010120220804944706,재미헤어,미용실,서울특별시 노원구 광운로12길 32,37.6212483174209,127.060940888237,소상공인시장진흥공단_상가(상권)정보_서울_202606.csv
MA010120220804359718,저팔계,백반/한정식,서울특별시 노원구 석계로7길 5,37.616579553019,127.064051890809,소상공인시장진흥공단_상가(상권)정보_서울_202606.csv
MA010120220807396550,전단지배포,광고 대행업,서울특별시 노원구 석계로13길 11-5,37.6202655436069,127.062276690027,소상공인시장진흥공단_상가(상권)정보_서울_202606.csv
MA010120220804351777,전주밥상쌈밥,백반/한정식,서울특별시 노원구 광운로 61,37.6230058272637,127.059798238517,소상공인시장진흥공단_상가(상권)정보_서울_202606.csv
MA010120220804355279,전주식당,백반/한정식,서울특별시 노원구 석계로11길 10,37.617823191515,127.063543252455,소상공인시장진흥공단_상가(상권)정보_서울_202606.csv
MA010120220800917365,정담소반,백반/한정식,서울특별시 노원구 석계로18길 23,37.6240145453466,127.060558003869,소상공인시장진흥공단_상가(상권)정보_서울_202606.csv
MA010120220804390416,정오아카데미주,구내식당,서울특별시 노원구 광운로 20,37.6193125115343,127.058334096341,소상공인시장진흥공단_상가(상권)정보_서울_202606.csv
MA0101202406A0461790,정육식당,소고기 구이/찜,서울특별시 노원구 석계로 39-1,37.618381761044,127.063623015885,소상공인시장진흥공단_상가(상권)정보_서울_202606.csv
MA0101202501A0030029,제로백피씨,PC방,서울특별시 노원구 석계로 102,37.6232935518514,127.060953885406,소상공인시장진흥공단_상가(상권)정보_서울_202606.csv
MA0101202604A0020714,제로백피씨석계역점,컴퓨터/노트북/프린터 수리업,서울특별시 노원구 석계로1길 10,37.6156334789253,127.064119037983,소상공인시장진흥공단_상가(상권)정보_서울_202606.csv
MA0101202508A0004547,제로스토어,슈퍼마켓,서울특별시 노원구 광운로 15,37.6190605856575,127.057620300415,소상공인시장진흥공단_상가(상권)정보_서울_202606.csv
MA010120220813466470,제론,부동산 중개/대리업,서울특별시 노원구 석계로18길 8,37.6234378906017,127.060602846613,소상공인시장진흥공단_상가(상권)정보_서울_202606.csv
MA010120220809798117,제이더블유컨벤션,예식장업,서울특별시 노원구 화랑로 325,37.614957781036,127.064039173361,소상공인시장진흥공단_상가(상권)정보_서울_202606.csv
MA010120220810592987,제이모바일,핸드폰 소매업,서울특별시 노원구 석계로 49,37.6172200623395,127.062545990437,소상공인시장진흥공단_상가(상권)정보_서울_202606.csv
MA0101202410A0315332,제이스보습학원,외국어학원,서울특별시 노원구 광운로10길 3,37.6208977635542,127.059309478321,소상공인시장진흥공단_상가(상권)정보_서울_202606.csv
MA010120220806280036,제이제이뮤직중고피아노,중고 상품 소매업,서울특별시 노원구 광운로 128-2,37.6283850869908,127.059066202987,소상공인시장진흥공단_상가(상권)정보_서울_202606.csv
MA010120220812340528,제이코인노래방,노래방,서울특별시 노원구 석계로 103,37.6228431810961,127.060715639264,소상공인시장진흥공단_상가(상권)정보_서울_202606.csv
MA010120220804360378,제일세탁소,세탁소,서울특별시 노원구 광운로 53,37.6223843864621,127.05932198683,소상공인시장진흥공단_상가(상권)정보_서울_202606.csv
MA0101202409A0137395,제일차제이더블유에이치,경영 컨설팅업,서울특별시 노원구 화랑로 323,37.614903930107,127.063654031656,소상공인시장진흥공단_상가(상권)정보_서울_202606.csv
MA0101202409A0174210,제일차제이더블유와이,경영 컨설팅업,서울특별시 노원구 화랑로 323,37.614903930107,127.063654031656,소상공인시장진흥공단_상가(상권)정보_서울_202606.csv
MA010120220809980147,제주본가석계일번지타운,백반/한정식,서울특별시 노원구 석계로1길 18,37.615534578872,127.063733854284,소상공인시장진흥공단_상가(상권)정보_서울_202606.csv
MA0101202303A0109466,젠틀M헤어,미용실,서울특별시 노원구 석계로 95,37.6229510596319,127.061180156958,소상공인시장진흥공단_상가(상권)정보_서울_202606.csv
MA0101202410A0343716,조아한의원,한의원,서울특별시 노원구 화랑로 337,37.6152364672172,127.065172051292,소상공인시장진흥공단_상가(상권)정보_서울_202606.csv
MA010120220804320399,조은문화사,복사업,서울특별시 노원구 광운로 27,37.6202135044681,127.058323473161,소상공인시장진흥공단_상가(상권)정보_서울_202606.csv
MA0101202410A0314337,조인치과의원,치과의원,서울특별시 노원구 석계로 9,37.6156873654536,127.06443622507,소상공인시장진흥공단_상가(상권)정보_서울_202606.csv
MA010120220804353784,종합전파사,가전제품 수리업,서울특별시 노원구 석계로7길 15,37.6162373677325,127.063700474507,소상공인시장진흥공단_상가(상권)정보_서울_202606.csv
MA0101202307A0081015,좋아요좋아요사진관,사진촬영업,서울특별시 노원구 광운로3길 17,37.6193312663874,127.056827618548,소상공인시장진흥공단_상가(상권)정보_서울_202606.csv
MA0101202603A0020662,죠스아이스크림,슈퍼마켓,서울특별시 노원구 광운로 60,37.6226453290244,127.060001844997,소상공인시장진흥공단_상가(상권)정보_서울_202606.csv
MA0101202305A0058262,죠스아이스크림할인점광운대,슈퍼마켓,서울특별시 노원구 석계로13길 35,37.6207167350287,127.060940454325,소상공인시장진흥공단_상가(상권)정보_서울_202606.csv
MA010120220803940971,주모리,일반 유흥 주점,서울특별시 노원구 화랑로 337,37.6152364672172,127.065172051292,소상공인시장진흥공단_상가(상권)정보_서울_202606.csv
MA010120220813387608,주스이앤이,시각 디자인업,서울특별시 노원구 석계로 91,37.6226626909477,127.061281868278,소상공인시장진흥공단_상가(상권)정보_서울_202606.csv
MA0101202406A0405426,주앤유석계점,피부 관리실,서울특별시 노원구 석계로3길 16,37.6159399192581,127.063926750683,소상공인시장진흥공단_상가(상권)정보_서울_202606.csv
MA010120220803905237,주원시스템,기타 엔지니어링 서비스업,서울특별시 노원구 화랑로43길 10,37.6153648513969,127.060970065641,소상공인시장진흥공단_상가(상권)정보_서울_202606.csv
MA0101202305A0104327,준스터디카페,독서실/스터디 카페,서울특별시 노원구 석계로1길 22,37.615615850809,127.063394130243,소상공인시장진흥공단_상가(상권)정보_서울_202606.csv
MA010120220802176339,중앙인력개발,고용 알선업,서울특별시 노원구 석계로1길 22,37.615615850809,127.063394130243,소상공인시장진흥공단_상가(상권)정보_서울_202606.csv
MA010120220814215899,중화호반닭갈비,닭/오리고기 구이/찜,서울특별시 노원구 광운로 53,37.6223843864621,127.05932198683,소상공인시장진흥공단_상가(상권)정보_서울_202606.csv
MA010120220810233191,쥬씨&와피,카페,서울특별시 노원구 광운로 35-1,37.6208621030739,127.058550524707,소상공인시장진흥공단_상가(상권)정보_서울_202606.csv
MA0101202211A0071900,즐거운음악교습소,음악학원,서울특별시 노원구 광운로2나길 11,37.6169240077689,127.060099187021,소상공인시장진흥공단_상가(상권)정보_서울_202606.csv
MA010120220805847358,지에스25광운,편의점,서울특별시 노원구 광운로 5,37.6184571224346,127.05721206709,소상공인시장진흥공단_상가(상권)정보_서울_202606.csv
MA0101202505A0072495,지에스25광운,편의점,서울특별시 노원구 석계로 65,37.6205175920651,127.062707333513,소상공인시장진흥공단_상가(상권)정보_서울_202606.csv
MA010120220808416288,지에스25광운문화관점,편의점,서울특별시 노원구 광운로 21,37.6198174813638,127.057484959534,소상공인시장진흥공단_상가(상권)정보_서울_202606.csv
MA010120220809744478,지에스25광운타운점,편의점,서울특별시 노원구 광운로 79,37.6243662712361,127.059889950495,소상공인시장진흥공단_상가(상권)정보_서울_202606.csv
MA0101202406A0380342,지에스25월계꿈의숲점,편의점,서울특별시 노원구 월계로42길 97,37.6220089037793,127.053170900931,소상공인시장진흥공단_상가(상권)정보_서울_202606.csv
MA0101202310A0078744,지에스25월계대양점,편의점,서울특별시 노원구 월계로 334,37.6290164941326,127.057616657162,소상공인시장진흥공단_상가(상권)정보_서울_202606.csv
MA010120220804363562,지에스25월계석계역,편의점,서울특별시 노원구 석계로 22,37.6169127397206,127.064380649284,소상공인시장진흥공단_상가(상권)정보_서울_202606.csv
MA010120220810320414,지에스25월계성북역점,편의점,서울특별시 노원구 석계로 103,37.6228431810961,127.060715639264,소상공인시장진흥공단_상가(상권)정보_서울_202606.csv
MA0101202406A0194305,지원이네전집,전/부침개,서울특별시 노원구 석계로7길 11,37.6163994475662,127.063881837828,소상공인시장진흥공단_상가(상권)정보_서울_202606.csv
MA0101202406A0360834,지지게임존,전자 게임장,서울특별시 노원구 화랑로 335,37.6151014252097,127.064979385163,소상공인시장진흥공단_상가(상권)정보_서울_202606.csv
MA010120220812487745,지지고,백반/한정식,서울특별시 노원구 광운로 27,37.6202135044681,127.058323473161,소상공인시장진흥공단_상가(상권)정보_서울_202606.csv
MA0101202501A0033476,지태에너지,경영 컨설팅업,서울특별시 노원구 월계로 334,37.6290164941326,127.057616657162,소상공인시장진흥공단_상가(상권)정보_서울_202606.csv
MA010120220809745002,지하오,기타 기술/직업 훈련학원,서울특별시 노원구 광운로 48,37.6217175591419,127.059514022301,소상공인시장진흥공단_상가(상권)정보_서울_202606.csv
MA0101202307A0008759,진로포차1924,요리 주점,서울특별시 노원구 석계로 2,37.615200608644,127.064843554864,소상공인시장진흥공단_상가(상권)정보_서울_202606.csv
MA0101202511A0024245,진로포차1924,요리 주점,서울특별시 노원구 석계로 2,37.615200608644,127.064843554864,소상공인시장진흥공단_상가(상권)정보_서울_202606.csv
MA010120220809783540,진미,치킨,서울특별시 노원구 광운로 45,37.6215015499013,127.059060756502,소상공인시장진흥공단_상가(상권)정보_서울_202606.csv
MA010120220806970401,진미숯불닭갈비,돼지고기 구이/찜,서울특별시 노원구 광운로 68,37.6233119207132,127.060274243524,소상공인시장진흥공단_상가(상권)정보_서울_202606.csv
MA010120220812048933,진이스넥,그 외 기타 간이 음식점,서울특별시 노원구 화랑로 341,37.615299272693,127.065647814857,소상공인시장진흥공단_상가(상권)정보_서울_202606.csv
MA010120220804344165,진짜루,중국집,서울특별시 노원구 광운로 33,37.6205737759318,127.058572952988,소상공인시장진흥공단_상가(상권)정보_서울_202606.csv
MA010120220814179941,집밥,백반/한정식,서울특별시 노원구 광운로 69,37.6234832237015,127.060047829021,소상공인시장진흥공단_상가(상권)정보_서울_202606.csv
MA010120220812476463,짝태촌노가리,요리 주점,서울특별시 노원구 석계로18길 23,37.6240145453466,127.060558003869,소상공인시장진흥공단_상가(상권)정보_서울_202606.csv
MA010120220804941347,짱노래연습장,노래방,서울특별시 노원구 석계로 11,37.6158405519361,127.064402377816,소상공인시장진흥공단_상가(상권)정보_서울_202606.csv
MA010120220807165545,짱노래연습장,노래방,서울특별시 노원구 광운로 66-1,37.6232037965144,127.060285483822,소상공인시장진흥공단_상가(상권)정보_서울_202606.csv
MA0101202410A1032243,차오름태권도장,태권도/무술학원,서울특별시 노원구 광운로3길 5,37.618880498563,127.057393622586,소상공인시장진흥공단_상가(상권)정보_서울_202606.csv
MA010120220804819277,착한족발,족발/보쌈,서울특별시 노원구 광운로 60,37.6226543504107,127.059979197218,소상공인시장진흥공단_상가(상권)정보_서울_202606.csv
MA010120220806625386,참새꽃집,꽃집,서울특별시 노원구 광운로 53,37.6223843864621,127.05932198683,소상공인시장진흥공단_상가(상권)정보_서울_202606.csv
MA0101202502A0081038,챠밍,기타 의류 소매업,서울특별시 노원구 화랑로 341,37.615299272693,127.065647814857,소상공인시장진흥공단_상가(상권)정보_서울_202606.csv
MA010120220812306121,천년초우리밀칼국수,국수/칼국수,서울특별시 노원구 석계로 65,37.6205175920651,127.062707333513,소상공인시장진흥공단_상가(상권)정보_서울_202606.csv
MA010120220800452529,천야혼수방,침구류/커튼 소매업,서울특별시 노원구 석계로11길 45,37.6165712670405,127.062704019268,소상공인시장진흥공단_상가(상권)정보_서울_202606.csv
MA0101202603A0009228,철수네이발관,미용실,서울특별시 노원구 석계로 49,37.6172200623395,127.062545990437,소상공인시장진흥공단_상가(상권)정보_서울_202606.csv
MA010120220802964210,청계천8가삼성곱창,곱창 전골/구이,서울특별시 노원구 석계로3길 32,37.6163548065495,127.063122920182,소상공인시장진흥공단_상가(상권)정보_서울_202606.csv
MA010120220812701050,청년다방,김밥/만두/분식,서울특별시 노원구 광운로 44,37.6213571757479,127.059491080378,소상공인시장진흥공단_상가(상권)정보_서울_202606.csv
MA010120220804367315,청솔공인중개사사무소,부동산 중개/대리업,서울특별시 노원구 광운로 64,37.6228344497416,127.060171910135,소상공인시장진흥공단_상가(상권)정보_서울_202606.csv
MA010120220804352720,청주삼겹살,돼지고기 구이/찜,서울특별시 노원구 석계로7길 13,37.6163364213169,127.063802498015,소상공인시장진흥공단_상가(상권)정보_서울_202606.csv
MA010120220813885064,초밥10개4900,일식 회/초밥,서울특별시 노원구 광운로1길 26,37.6192053941255,127.056272500144,소상공인시장진흥공단_상가(상권)정보_서울_202606.csv
MA010120220807365483,초월스터디카페,독서실/스터디 카페,서울특별시 노원구 석계로13길 23,37.6202118588292,127.061563035159,소상공인시장진흥공단_상가(상권)정보_서울_202606.csv
MA010120220801639206,최대포소금구이,돼지고기 구이/찜,서울특별시 노원구 석계로7길 14,37.6163455534551,127.063575974665,소상공인시장진흥공단_상가(상권)정보_서울_202606.csv
MA0101202406A0290166,최환기쌈밥칼국수,백반/한정식,서울특별시 노원구 광운로19가길 2,37.6238256849971,127.059878189102,소상공인시장진흥공단_상가(상권)정보_서울_202606.csv
MA010120220803832509,춘천불타는닭갈비,닭/오리고기 구이/찜,서울특별시 노원구 석계로 8-1,37.6156692031624,127.064696717862,소상공인시장진흥공단_상가(상권)정보_서울_202606.csv
MA0101202302A0036121,춘천집닭갈비,닭/오리고기 구이/찜,서울특별시 노원구 석계로 11,37.6158405519361,127.064402377816,소상공인시장진흥공단_상가(상권)정보_서울_202606.csv
MA010120220807080597,충주기름집,반찬/식료품 소매업,서울특별시 노원구 광운로2길 45,37.6169605563719,127.059091144488,소상공인시장진흥공단_상가(상권)정보_서울_202606.csv
MA0101202504A0110499,츄댄스학원,기타 예술/스포츠 교육기관,서울특별시 노원구 석계로9길 13,37.6173457351216,127.063418252329,소상공인시장진흥공단_상가(상권)정보_서울_202606.csv
MA010120220804370406,치킨마루,치킨,서울특별시 노원구 광운로 56,37.6223751479381,127.059775078393,소상공인시장진흥공단_상가(상권)정보_서울_202606.csv
MA010120220805171324,치킨에꼬치다,치킨,서울특별시 노원구 석계로 12,37.6158584478471,127.064628922924,소상공인시장진흥공단_상가(상권)정보_서울_202606.csv
MA010120220804353968,치킨주막,치킨,서울특별시 노원구 석계로 8,37.6155700758639,127.064730611298,소상공인시장진흥공단_상가(상권)정보_서울_202606.csv
MA010120220808675870,치킨클럽,치킨,서울특별시 노원구 석계로18길 10-9,37.6236269403372,127.060908846973,소상공인시장진흥공단_상가(상권)정보_서울_202606.csv
MA010120220808528045,치킨플러스월계점,치킨,서울특별시 노원구 석계로13길 35,37.6207167350287,127.060940454325,소상공인시장진흥공단_상가(상권)정보_서울_202606.csv
MA0101202512A0029612,카공족석계역점,독서실/스터디 카페,서울특별시 노원구 석계로3길 10,37.6158497221637,127.064107897183,소상공인시장진흥공단_상가(상권)정보_서울_202606.csv
MA0101202301A0066624,카앤피플서울노원구,자동차 세차장,서울특별시 노원구 석계로9길 5-7,37.6173275139012,127.06379201817,소상공인시장진흥공단_상가(상권)정보_서울_202606.csv
MA010120220805188847,카츠3.3,일식 회/초밥,서울특별시 노원구 광운로 20,37.6193125115343,127.058334096341,소상공인시장진흥공단_상가(상권)정보_서울_202606.csv
MA0101202309A0032877,카츠백월계점,일식 카레/돈가스/덮밥,서울특별시 노원구 광운로 44,37.6213571757479,127.059491080378,소상공인시장진흥공단_상가(상권)정보_서울_202606.csv
MA010120220805346928,카페1일1잔,카페,서울특별시 노원구 광운로2길 6,37.6180876129912,127.057426993578,소상공인시장진흥공단_상가(상권)정보_서울_202606.csv
MA0101202409A0152383,카페그랑블루,카페,서울특별시 노원구 광운로 20,37.6193125115343,127.058334096341,소상공인시장진흥공단_상가(상권)정보_서울_202606.csv
MA0101202301A0083589,카페니니,카페,서울특별시 노원구 광운로 59,37.6227716394935,127.059662120536,소상공인시장진흥공단_상가(상권)정보_서울_202606.csv
MA010120220810964427,카페빈둥,카페,서울특별시 노원구 석계로15길 17,37.6223834555345,127.061145709375,소상공인시장진흥공단_상가(상권)정보_서울_202606.csv
MA0101202408A0026929,칼렌잉글리시,입시·교과학원,서울특별시 노원구 광운로 59,37.6227716394935,127.059662120536,소상공인시장진흥공단_상가(상권)정보_서울_202606.csv
MA010120220803999675,캐드엔지니어링주,건물 및 토목 엔지니어링 서비스업,서울특별시 노원구 석계로 95,37.6229150260324,127.061168799873,소상공인시장진흥공단_상가(상권)정보_서울_202606.csv
MA0101202505A0043023,캐칭덕석계점,장난감 소매업,서울특별시 노원구 석계로 2,37.615200608644,127.064843554864,소상공인시장진흥공단_상가(상권)정보_서울_202606.csv
MA010120220810379744,캡틴페퍼스,치킨,서울특별시 노원구 석계로 15,37.6161469433806,127.064300703324,소상공인시장진흥공단_상가(상권)정보_서울_202606.csv
MA010120220813815118,커피나무,카페,서울특별시 노원구 화랑로 325,37.614957781036,127.064039173361,소상공인시장진흥공단_상가(상권)정보_서울_202606.csv
MA010120220804367913,커피는기억의끌림,카페,서울특별시 노원구 석계로 98-1,37.6235007260936,127.061056003356,소상공인시장진흥공단_상가(상권)정보_서울_202606.csv
MA0101202212A0071741,커피로드주니어,요리 주점,서울특별시 노원구 석계로13길 40,37.6210139200702,127.061212551289,소상공인시장진흥공단_상가(상권)정보_서울_202606.csv
MA010120220804968718,커피온리,카페,서울특별시 노원구 광운로 25,37.6200694024342,127.058210089362,소상공인시장진흥공단_상가(상권)정보_서울_202606.csv
MA0101202210A0030144,컴포즈커피광운대80주년,카페,서울특별시 노원구 광운로 20,37.6193215661688,127.058243487341,소상공인시장진흥공단_상가(상권)정보_서울_202606.csv
MA0101202512A0023514,케이스터디,기타 교육지원 서비스업,서울특별시 노원구 월계로 334,37.6290164941326,127.057616657162,소상공인시장진흥공단_상가(상권)정보_서울_202606.csv
MA0106202201A0521568,케이에프씨KFC석계역,피자,서울특별시 노원구 석계로1길 14,37.6155615104942,127.06391510029,소상공인시장진흥공단_상가(상권)정보_서울_202606.csv
MA0101202501A0017936,케이지CAGE,생맥주 전문,서울특별시 노원구 석계로 14-1,37.6161558234132,127.064538568076,소상공인시장진흥공단_상가(상권)정보_서울_202606.csv
MA010120220805304233,케이헤어살롱,미용실,서울특별시 노원구 월계로 334,37.6290164941326,127.057616657162,소상공인시장진흥공단_상가(상권)정보_서울_202606.csv
MA0106202209A0056520,코레일유통석계역,슈퍼마켓,서울특별시 노원구 화랑로 341,37.615299272693,127.065647814857,소상공인시장진흥공단_상가(상권)정보_서울_202606.csv
MA0101202406A0597534,코어에이노원지점,자동차 세차장,서울특별시 노원구 광운로 95,37.626015041974,127.059959241488,소상공인시장진흥공단_상가(상권)정보_서울_202606.csv
MA010120220801523789,코코헤어,미용실,서울특별시 노원구 월계로44가길 8,37.6230721804576,127.052922451506,소상공인시장진흥공단_상가(상권)정보_서울_202606.csv
MA0101202506A0001091,콜라보샵스튜디오,사진촬영업,서울특별시 노원구 광운로2가길 23,37.6181407479358,127.059295961433,소상공인시장진흥공단_상가(상권)정보_서울_202606.csv
MA0101202509A0038475,콜라보샵에프앤비,경영 컨설팅업,서울특별시 노원구 광운로2가길 23,37.6181407479358,127.059295961433,소상공인시장진흥공단_상가(상권)정보_서울_202606.csv
MA010120220803205530,큐당구장,당구장,서울특별시 노원구 석계로9길 33,37.6167064512931,127.062636173115,소상공인시장진흥공단_상가(상권)정보_서울_202606.csv
MA010120220800084175,큰맘할매순대국,국/탕/찌개류,서울특별시 노원구 광운로 67,37.6232940107186,127.060059004435,소상공인시장진흥공단_상가(상권)정보_서울_202606.csv
MA010120220813066477,큰집닭강정,치킨,서울특별시 노원구 광운로 54,37.6221769938673,127.059650317865,소상공인시장진흥공단_상가(상권)정보_서울_202606.csv
MA010120220804350568,클라우드,경양식,서울특별시 노원구 화랑로 337-23,37.6159573886251,127.064934824022,소상공인시장진흥공단_상가(상권)정보_서울_202606.csv
MA010120220813351519,클린업,건축물 일반 청소업,서울특별시 노원구 월계로44가길 51-9,37.6246212550199,127.054294215175,소상공인시장진흥공단_상가(상권)정보_서울_202606.csv
MA010120220808398887,키라키라윤,요리 주점,서울특별시 노원구 광운로 132,37.6292502256759,127.058681718101,소상공인시장진흥공단_상가(상권)정보_서울_202606.csv
MA010120220812042760,킹카노래연습장,노래방,서울특별시 노원구 석계로3길 16,37.6159399192581,127.063926750683,소상공인시장진흥공단_상가(상권)정보_서울_202606.csv
MA010120220803715684,탑고시원,기숙사/고시원,서울특별시 노원구 광운로 27-7,37.6201145633331,127.057983581979,소상공인시장진흥공단_상가(상권)정보_서울_202606.csv
MA010120220808711437,탕수육582,중국집,서울특별시 노원구 석계로 31,37.617543714167,127.063860163317,소상공인시장진흥공단_상가(상권)정보_서울_202606.csv
MA010120220808550565,테크노마트,핸드폰 소매업,서울특별시 노원구 광운로 71,37.6237264958795,127.060036697028,소상공인시장진흥공단_상가(상권)정보_서울_202606.csv
MA010120220804374434,토탈자동차공업사,자동차 정비소,서울특별시 노원구 광운로22길 5,37.62837593502,127.059349405325,소상공인시장진흥공단_상가(상권)정보_서울_202606.csv
MA010120220808345311,토토공인중개사사무소,부동산 중개/대리업,서울특별시 노원구 석계로13길 40,37.6210139200702,127.061212551289,소상공인시장진흥공단_상가(상권)정보_서울_202606.csv
MA010120220800075047,통큰형제들,핸드폰 소매업,서울특별시 노원구 석계로 9,37.6156873654536,127.06443622507,소상공인시장진흥공단_상가(상권)정보_서울_202606.csv
MA010120220814092380,투썸플레이스석계역점,카페,서울특별시 노원구 석계로1길 10,37.6156334789253,127.064119037983,소상공인시장진흥공단_상가(상권)정보_서울_202606.csv
MA010120220814047649,튀맥,요리 주점,서울특별시 노원구 석계로15길 9,37.6226357846413,127.061043968438,소상공인시장진흥공단_상가(상권)정보_서울_202606.csv
MA010120220803321573,틈새라면석계점,김밥/만두/분식,서울특별시 노원구 화랑로 337,37.6152364672172,127.065172051292,소상공인시장진흥공단_상가(상권)정보_서울_202606.csv
MA0101202411A0072169,틈새라면석계점,김밥/만두/분식,서울특별시 노원구 화랑로 337,37.6152364672172,127.065172051292,소상공인시장진흥공단_상가(상권)정보_서울_202606.csv
MA010120220812105620,티디케이,시각 디자인업,서울특별시 노원구 석계로7길 15,37.6162373677325,127.063700474507,소상공인시장진흥공단_상가(상권)정보_서울_202606.csv
MA010120220812066852,티앤씨에듀학원,입시·교과학원,서울특별시 노원구 석계로9길 25,37.6169495612946,127.062930869929,소상공인시장진흥공단_상가(상권)정보_서울_202606.csv
MA010120220814178289,티와이피도시건축,도시 계획 및 조경 설계 서비스업,서울특별시 노원구 월계로42길 97,37.6209904283634,127.053963083968,소상공인시장진흥공단_상가(상권)정보_서울_202606.csv
MA0106202605A2281159,팀알앤디,헬스장,서울특별시 노원구 광운로 37-1,37.6208980242925,127.058788425097,소상공인시장진흥공단_상가(상권)정보_서울_202606.csv
MA010120220804353749,파리바게뜨,빵/도넛,서울특별시 노원구 석계로7길 18,37.6162014563771,127.063462586621,소상공인시장진흥공단_상가(상권)정보_서울_202606.csv
MA010120220803617036,파리바게뜨광운대역점,빵/도넛,서울특별시 노원구 석계로 95,37.6229150260324,127.061168799873,소상공인시장진흥공단_상가(상권)정보_서울_202606.csv
MA010120220808233308,파스토보이,파스타/스테이크,서울특별시 노원구 광운로19길 11,37.6233931883699,127.059923152702,소상공인시장진흥공단_상가(상권)정보_서울_202606.csv
MA0101202209A0035956,파스토보이,파스타/스테이크,서울특별시 노원구 광운로19길 11,37.6233931883699,127.059923152702,소상공인시장진흥공단_상가(상권)정보_서울_202606.csv
MA0101202502A0000154,파이트포왓광운대주짓수,태권도/무술학원,서울특별시 노원구 석계로 95,37.6229510596319,127.061180156958,소상공인시장진흥공단_상가(상권)정보_서울_202606.csv
MA0101202510A0006911,파파존스피자,버거,서울특별시 노원구 광운로 15,37.6190605856575,127.057620300415,소상공인시장진흥공단_상가(상권)정보_서울_202606.csv
MA010120220803949224,판도라,기타 의류 소매업,서울특별시 노원구 광운로 53,37.6223843864621,127.05932198683,소상공인시장진흥공단_상가(상권)정보_서울_202606.csv
MA010120220807807293,팔팔부대찌개,횟집,서울특별시 노원구 광운로 25,37.6200694024342,127.058210089362,소상공인시장진흥공단_상가(상권)정보_서울_202606.csv
MA0101202406A0329110,팝스타코인노래연습장,노래방,서울특별시 노원구 월계로 338,37.6293316504894,127.058002070419,소상공인시장진흥공단_상가(상권)정보_서울_202606.csv
MA010120220804367411,팝콘노래연습장,노래방,서울특별시 노원구 석계로3길 10,37.6158497221637,127.064107897183,소상공인시장진흥공단_상가(상권)정보_서울_202606.csv
MA010120220803775167,팡팡,복권 발행/판매업,서울특별시 노원구 광운로 7,37.6185652024719,127.05729143817,소상공인시장진흥공단_상가(상권)정보_서울_202606.csv
MA010120220804365611,팡팡노래연습장,노래방,서울특별시 노원구 화랑로 335,37.6151014252097,127.064979385163,소상공인시장진흥공단_상가(상권)정보_서울_202606.csv
MA010120220808579969,팬더짜장마당,중국집,서울특별시 노원구 석계로9길 33,37.6167064512931,127.062636173115,소상공인시장진흥공단_상가(상권)정보_서울_202606.csv
MA0101202406A0552120,페달링노원지점,그 외 기타 개인/가정용품 수리업,서울특별시 노원구 석계로 98-2,37.6230318415724,127.061769256913,소상공인시장진흥공단_상가(상권)정보_서울_202606.csv
MA0101202410A0283128,평화내과,내과/소아과 의원,서울특별시 노원구 화랑로 337,37.6152364672172,127.065172051292,소상공인시장진흥공단_상가(상권)정보_서울_202606.csv
MA0101202301A0054902,포레스트키친,돼지고기 구이/찜,서울특별시 노원구 석계로 13,37.6160568322556,127.064323278756,소상공인시장진흥공단_상가(상권)정보_서울_202606.csv
MA0101202502A0083762,포레오,경양식,서울특별시 노원구 광운로 46,37.6216087356268,127.060895873015,소상공인시장진흥공단_상가(상권)정보_서울_202606.csv
MA010120220804369469,포차천국석계점,요리 주점,서울특별시 노원구 석계로1길 22,37.615615850809,127.063394130243,소상공인시장진흥공단_상가(상권)정보_서울_202606.csv
MA0101202410A0521841,포커스독서실,독서실/스터디 카페,서울특별시 노원구 석계로 49,37.6172200623395,127.062545990437,소상공인시장진흥공단_상가(상권)정보_서울_202606.csv
MA0101202510A0024755,포커스앤케어,경영 컨설팅업,서울특별시 노원구 석계로 95,37.6229150260324,127.061168799873,소상공인시장진흥공단_상가(상권)정보_서울_202606.csv
MA0101202510A0022197,포토이즘박스,사진촬영업,서울특별시 노원구 석계로 95,37.6229150260324,127.061168799873,소상공인시장진흥공단_상가(상권)정보_서울_202606.csv
MA0101202412A0045320,폭스빌리어즈,당구장,서울특별시 노원구 월계로 336,37.6291785662976,127.057832023875,소상공인시장진흥공단_상가(상권)정보_서울_202606.csv
MA0101202509A0008255,푸라닭석계역,치킨,서울특별시 노원구 석계로8길 6,37.6166693740351,127.064561665159,소상공인시장진흥공단_상가(상권)정보_서울_202606.csv
MA010120220813043990,푸르다크린,건축물 일반 청소업,서울특별시 노원구 월계로44길 50,37.6229643849433,127.052197411097,소상공인시장진흥공단_상가(상권)정보_서울_202606.csv
MA010120220804914354,푸른스시,일식 회/초밥,서울특별시 노원구 광운로 33,37.6205737759318,127.058572952988,소상공인시장진흥공단_상가(상권)정보_서울_202606.csv
MA0101202301A0026153,프랭크버거,버거,서울특별시 노원구 광운로 25,37.6200694024342,127.058210089362,소상공인시장진흥공단_상가(상권)정보_서울_202606.csv
MA010120220806873878,프로24당구장,당구장,서울특별시 노원구 석계로1길 22,37.615615850809,127.063394130243,소상공인시장진흥공단_상가(상권)정보_서울_202606.csv
MA010120220813059693,플라즈마바이오산업진흥협회,직원 훈련기관,서울특별시 노원구 광운로 20,37.6193125115343,127.058334096341,소상공인시장진흥공단_상가(상권)정보_서울_202606.csv
MA010120220806023043,플러스,마사지/안마,서울특별시 노원구 석계로 95,37.6229150260324,127.061168799873,소상공인시장진흥공단_상가(상권)정보_서울_202606.csv
MA010120220804367296,피맥,요리 주점,서울특별시 노원구 석계로15길 9,37.6226357846413,127.061043968438,소상공인시장진흥공단_상가(상권)정보_서울_202606.csv
MA0101202410A0500327,피아올린음악학원,음악학원,서울특별시 노원구 석계로9길 17,37.6171746447262,127.063236880082,소상공인시장진흥공단_상가(상권)정보_서울_202606.csv
MA010120220812931376,피앤케이디벨로퍼,경영 컨설팅업,서울특별시 노원구 광운로 9-7,37.6188356358685,127.057008472287,소상공인시장진흥공단_상가(상권)정보_서울_202606.csv
MA0101202504A0072103,피엔케이파트너스,광고 대행업,서울특별시 노원구 석계로18길 8,37.6234378906017,127.060602846613,소상공인시장진흥공단_상가(상권)정보_서울_202606.csv
MA010120220804360670,피자스쿨석계점,피자,서울특별시 노원구 석계로3길 21,37.6159671751725,127.063507693508,소상공인시장진흥공단_상가(상권)정보_서울_202606.csv
MA0101202212A0063307,필노래연습장,노래방,서울특별시 노원구 석계로 12-1,37.6159575751118,127.064595029223,소상공인시장진흥공단_상가(상권)정보_서울_202606.csv
MA010120220806283300,필라테스명,요가/필라테스 학원,서울특별시 노원구 광운로 5,37.6184571224346,127.05721206709,소상공인시장진흥공단_상가(상권)정보_서울_202606.csv
MA010120220810237305,하나로어울림국내국제결혼,결혼 상담 서비스업,서울특별시 노원구 석계로1길 22,37.615615850809,127.063394130243,소상공인시장진흥공단_상가(상권)정보_서울_202606.csv
MA0101202410A0318632,하나로축산,정육점,서울특별시 노원구 석계로3길 38,37.6164900877429,127.062873849792,소상공인시장진흥공단_상가(상권)정보_서울_202606.csv
MA0101202212A0002197,하나컨설팅,경영 컨설팅업,서울특별시 노원구 광운로19길 21,37.6231140659901,127.05956044594,소상공인시장진흥공단_상가(상권)정보_서울_202606.csv
MA010120220806660280,하나컴서비스,컴퓨터/노트북/프린터 수리업,서울특별시 노원구 월계로 334,37.6290164941326,127.057616657162,소상공인시장진흥공단_상가(상권)정보_서울_202606.csv
MA0101202406A0516902,하남돼지집석계점,돼지고기 구이/찜,서울특별시 노원구 석계로9길 17,37.6171746447262,127.063236880082,소상공인시장진흥공단_상가(상권)정보_서울_202606.csv
MA010120220809370567,하늘치과의원,치과의원,서울특별시 노원구 석계로 98-1,37.6235007260936,127.061056003356,소상공인시장진흥공단_상가(상권)정보_서울_202606.csv
MA0101202505A0071583,하니스테이,펜션,서울특별시 노원구 광운로3길 17,37.6193312663874,127.056827618548,소상공인시장진흥공단_상가(상권)정보_서울_202606.csv
MA010120220802994117,하디핏,그 외 기타 교육기관,서울특별시 노원구 화랑로43길 2-4,37.6145977526593,127.063359287061,소상공인시장진흥공단_상가(상권)정보_서울_202606.csv
MA010120220812494485,하마벌떡,백반/한정식,서울특별시 노원구 석계로1길 22,37.615615850809,127.063394130243,소상공인시장진흥공단_상가(상권)정보_서울_202606.csv
MA0106202201A2046266,하마벌떡석계집,백반/한정식,서울특별시 노원구 석계로1길 14,37.6155615104942,127.06391510029,소상공인시장진흥공단_상가(상권)정보_서울_202606.csv
MA010120220803795983,하마벌떡정성담은양평가,백반/한정식,서울특별시 노원구 석계로1길 14,37.6155615104942,127.06391510029,소상공인시장진흥공단_상가(상권)정보_서울_202606.csv
MA0101202307A0085509,하이레,일식 회/초밥,서울특별시 노원구 광운로12길 6,37.6209247076475,127.059479408513,소상공인시장진흥공단_상가(상권)정보_서울_202606.csv
MA010120220800063652,하이워터주,가전제품 소매업,서울특별시 노원구 광운로1길 26,37.6192053941255,127.056272500144,소상공인시장진흥공단_상가(상권)정보_서울_202606.csv
MA010120220804389258,학교법인광운학원,기타 교육지원 서비스업,서울특별시 노원구 광운로 20,37.6193125115343,127.058334096341,소상공인시장진흥공단_상가(상권)정보_서울_202606.csv
MA010120220804365597,학교종이땡땡땡,백반/한정식,서울특별시 노원구 광운로3길 6,37.6190966969649,127.057473077605,소상공인시장진흥공단_상가(상권)정보_서울_202606.csv
MA0101202601A0017450,학점은행제하루멘토,교육컨설팅업,서울특별시 노원구 광운로15길 45,37.6217548729195,127.056931409737,소상공인시장진흥공단_상가(상권)정보_서울_202606.csv
MA0101202501A0040853,한강O.A,사무기기 소매업,서울특별시 노원구 광운로 46,37.6216087356268,127.060895873015,소상공인시장진흥공단_상가(상권)정보_서울_202606.csv
MA0101202410A0314641,한국UPi학원,입시·교과학원,서울특별시 노원구 석계로1길 22,37.615615850809,127.063394130243,소상공인시장진흥공단_상가(상권)정보_서울_202606.csv
MA0101202505A0039420,한국기업,경영 컨설팅업,서울특별시 노원구 광운로2나길 30,37.6163377834323,127.061231370852,소상공인시장진흥공단_상가(상권)정보_서울_202606.csv
MA010120220800149373,한국쌀베이킹협회,교육컨설팅업,서울특별시 노원구 석계로9길 10,37.6175979872922,127.063463773568,소상공인시장진흥공단_상가(상권)정보_서울_202606.csv
MA010120220812673790,한국철도운행안전관리자협회,고용 알선업,서울특별시 노원구 석계로 98-2,37.6230318415724,127.061769256913,소상공인시장진흥공단_상가(상권)정보_서울_202606.csv
MA010120220806600090,한국통닭석계점,치킨,서울특별시 노원구 석계로 10,37.6157683242426,127.064674150802,소상공인시장진흥공단_상가(상권)정보_서울_202606.csv
MA0101202209A0002672,한국통닭석계점,치킨,서울특별시 노원구 석계로 10,37.6157683242426,127.064674150802,소상공인시장진흥공단_상가(상권)정보_서울_202606.csv
MA010120220804367425,한그릇,백반/한정식,서울특별시 노원구 광운로12길 38,37.621302218301,127.061246769597,소상공인시장진흥공단_상가(상권)정보_서울_202606.csv
MA010120220803888745,한글사랑,복사업,서울특별시 노원구 광운로 29,37.6203305823808,127.058425509083,소상공인시장진흥공단_상가(상권)정보_서울_202606.csv
MA010120220809801908,한끼,백반/한정식,서울특별시 노원구 광운로 27,37.6202135044681,127.058323473161,소상공인시장진흥공단_상가(상권)정보_서울_202606.csv
MA010120220813926242,한라산감자탕,국/탕/찌개류,서울특별시 노원구 석계로15길 17,37.6223834555345,127.061145709375,소상공인시장진흥공단_상가(상권)정보_서울_202606.csv
MA010120220806666766,한방정육,정육점,서울특별시 노원구 광운로 61,37.6230058272637,127.059798238517,소상공인시장진흥공단_상가(상권)정보_서울_202606.csv
MA010120220800810339,한솥도시락광운대역앞점,백반/한정식,서울특별시 노원구 석계로 95,37.6229150260324,127.061168799873,소상공인시장진흥공단_상가(상권)정보_서울_202606.csv
MA010120220807168637,한스중화요리친친,중국집,서울특별시 노원구 석계로18길 10-9,37.6236269403372,127.060908846973,소상공인시장진흥공단_상가(상권)정보_서울_202606.csv
MA0101202505A0033505,한식부페&쭈꾸미,백반/한정식,서울특별시 노원구 석계로 21,37.616669602573,127.064142580907,소상공인시장진흥공단_상가(상권)정보_서울_202606.csv
MA0101202406A0331579,한울퀼트,침구류/커튼 소매업,서울특별시 노원구 광운로 122,37.6282677881955,127.059405961166,소상공인시장진흥공단_상가(상권)정보_서울_202606.csv
MA0101202301A0088327,해먼드학원,입시·교과학원,서울특별시 노원구 월계로44길 63,37.6225495978632,127.052944736041,소상공인시장진흥공단_상가(상권)정보_서울_202606.csv
MA0101202511A0026330,해피,기타 스포츠시설 운영업,서울특별시 노원구 석계로 105,37.6228702921929,127.060557075646,소상공인시장진흥공단_상가(상권)정보_서울_202606.csv
MA010120220814228774,해피디아망,카페,서울특별시 노원구 광운로2길 6,37.6180876129912,127.057426993578,소상공인시장진흥공단_상가(상권)정보_서울_202606.csv
MA010120220802766405,해피석계비젼,화장품 소매업,서울특별시 노원구 석계로9길 41,37.6164092932424,127.062318779961,소상공인시장진흥공단_상가(상권)정보_서울_202606.csv
MA0101202302A0089980,행복복지타운,그 외 기타 교육기관,서울특별시 노원구 월계로44가길 43-44,37.6249007839993,127.053807320674,소상공인시장진흥공단_상가(상권)정보_서울_202606.csv
MA0101202307A0055346,행복한밥상,백반/한정식,서울특별시 노원구 석계로1길 22,37.615615850809,127.063394130243,소상공인시장진흥공단_상가(상권)정보_서울_202606.csv
MA010120220813650016,행운복권방,복권 발행/판매업,서울특별시 노원구 광운로 49,37.6218528951298,127.059140326207,소상공인시장진흥공단_상가(상권)정보_서울_202606.csv
MA010120220813077649,행운사,복권 발행/판매업,서울특별시 노원구 석계로 8-1,37.6156692031624,127.064696717862,소상공인시장진흥공단_상가(상권)정보_서울_202606.csv
MA0101202410A0283086,행운인력공사,고용 알선업,서울특별시 노원구 석계로 95,37.6229150260324,127.061168799873,소상공인시장진흥공단_상가(상권)정보_서울_202606.csv
MA0101202511A0026673,향원,중국집,서울특별시 노원구 석계로 27,37.6173004168536,127.063916588747,소상공인시장진흥공단_상가(상권)정보_서울_202606.csv
MA0101202211A0068950,헤어그래,미용실,서울특별시 노원구 석계로 98-1,37.6235007260936,127.061056003356,소상공인시장진흥공단_상가(상권)정보_서울_202606.csv
MA010120220804370194,헤어닥터,미용실,서울특별시 노원구 석계로9길 25,37.6169495612946,127.062930869929,소상공인시장진흥공단_상가(상권)정보_서울_202606.csv
MA0101202406A0225027,헤어아뜰리에,미용실,서울특별시 노원구 석계로 106,37.6231586834502,127.060410050897,소상공인시장진흥공단_상가(상권)정보_서울_202606.csv
MA010120220803948106,헤이드mj,미용실,서울특별시 노원구 광운로 58,37.6225372623945,127.059899810666,소상공인시장진흥공단_상가(상권)정보_서울_202606.csv
MA010120220803169822,현대공인중개사사무소,부동산 중개/대리업,서울특별시 노원구 석계로 49,37.6172200623395,127.062545990437,소상공인시장진흥공단_상가(상권)정보_서울_202606.csv
MA010120220804356832,현대사,복사업,서울특별시 노원구 광운로 25,37.6200694024342,127.058210089362,소상공인시장진흥공단_상가(상권)정보_서울_202606.csv
MA010120220803946018,현대아울렛,슈퍼마켓,서울특별시 노원구 석계로 49,37.6172200623395,127.062545990437,소상공인시장진흥공단_상가(상권)정보_서울_202606.csv
MA010120220803946314,현대종합크리닝,세탁소,서울특별시 노원구 석계로 49,37.6172200623395,127.062545990437,소상공인시장진흥공단_상가(상권)정보_서울_202606.csv
MA0101202509A0027819,현인사노무컨설팅,공인노무사,서울특별시 노원구 석계로18길 8,37.6234378906017,127.060602846613,소상공인시장진흥공단_상가(상권)정보_서울_202606.csv
MA010120220800838575,현정누리,목욕탕/사우나,서울특별시 노원구 화랑로 325,37.614957781036,127.064039173361,소상공인시장진흥공단_상가(상권)정보_서울_202606.csv
MA010120220804369161,현주꽃방,꽃집,서울특별시 노원구 광운로 44,37.6213571757479,127.059491080378,소상공인시장진흥공단_상가(상권)정보_서울_202606.csv
MA010120220803924082,형제카센타,자동차 정비소,서울특별시 노원구 석계로 29,37.6174175636429,127.063882708866,소상공인시장진흥공단_상가(상권)정보_서울_202606.csv
MA010120220801688765,호박공인중개사사무소,부동산 중개/대리업,서울특별시 노원구 광운로 46,37.6216628357399,127.060816625592,소상공인시장진흥공단_상가(상권)정보_서울_202606.csv
MA0101202301A0025561,호시아카리,일식 회/초밥,서울특별시 노원구 석계로 98-1,37.6235007260936,127.061056003356,소상공인시장진흥공단_상가(상권)정보_서울_202606.csv
MA010120220809891833,호재돈까스,경양식,서울특별시 노원구 석계로3길 15-1,37.6157147764475,127.063734008085,소상공인시장진흥공단_상가(상권)정보_서울_202606.csv
MA010120220803622646,호호커피집,카페,서울특별시 노원구 화랑로 337-21,37.615885297133,127.064957414307,소상공인시장진흥공단_상가(상권)정보_서울_202606.csv
MA010120220806592533,홀로아뜰리에,광고물 설계/제작업,서울특별시 노원구 광운로1길 16-10,37.6190698268692,127.057144574756,소상공인시장진흥공단_상가(상권)정보_서울_202606.csv
MA010120220808996444,홀스석계점,기타 오락장,서울특별시 노원구 석계로1길 14,37.6155615104942,127.06391510029,소상공인시장진흥공단_상가(상권)정보_서울_202606.csv
MA0101202410A0530712,홍익치과의원,치과의원,서울특별시 노원구 석계로 104,37.6231855502503,127.060727245312,소상공인시장진흥공단_상가(상권)정보_서울_202606.csv
MA010120220804369215,화돌농장제주흑다돈,돼지고기 구이/찜,서울특별시 노원구 광운로 133,37.6283405102028,127.058114583965,소상공인시장진흥공단_상가(상권)정보_서울_202606.csv
MA010120220813746252,화로상회,돼지고기 구이/찜,서울특별시 노원구 광운로 35-1,37.6208621030739,127.058550524707,소상공인시장진흥공단_상가(상권)정보_서울_202606.csv
MA0101202410A0283047,화비꽃방,꽃집,서울특별시 노원구 광운로 54,37.6221769938673,127.059650317865,소상공인시장진흥공단_상가(상권)정보_서울_202606.csv
MA010120220803893145,화산자전거,자전거 소매업,서울특별시 노원구 월계로 264,37.6251271210453,127.051360659468,소상공인시장진흥공단_상가(상권)정보_서울_202606.csv
MA010120220804346738,환타지아노래연습장,노래방,서울특별시 노원구 광운로 61,37.6230058272637,127.059798238517,소상공인시장진흥공단_상가(상권)정보_서울_202606.csv
MA010120220803948940,황금오리,닭/오리고기 구이/찜,서울특별시 노원구 석계로1길 22,37.615615850809,127.063394130243,소상공인시장진흥공단_상가(상권)정보_서울_202606.csv
MA010120220806910995,황금찹쌀꽈배기석계점,그 외 기타 간이 음식점,서울특별시 노원구 석계로3길 32,37.6163548065495,127.063122920182,소상공인시장진흥공단_상가(상권)정보_서울_202606.csv
MA0101202601A0000022,후문식당,김밥/만두/분식,서울특별시 노원구 석계로13길 25-1,37.620175931424,127.061347789896,소상공인시장진흥공단_상가(상권)정보_서울_202606.csv
MA010120220803703588,후아나,카페,서울특별시 노원구 석계로1길 18,37.615534578872,127.063733854284,소상공인시장진흥공단_상가(상권)정보_서울_202606.csv
MA010120220806508307,휘트니스꿈&필라테스,요가/필라테스 학원,서울특별시 노원구 화랑로 335,37.6151014252097,127.064979385163,소상공인시장진흥공단_상가(상권)정보_서울_202606.csv
MA0101202411A0103532,휴베이스월계우리약국,약국,서울특별시 노원구 월계로 334,37.6290164941326,127.057616657162,소상공인시장진흥공단_상가(상권)정보_서울_202606.csv
MA010120220813785374,휴코인노래연습장,노래방,서울특별시 노원구 석계로 98-1,37.6235007260936,127.061056003356,소상공인시장진흥공단_상가(상권)정보_서울_202606.csv
MA010120220812545343,희망탁구클럽,탁구장,서울특별시 노원구 석계로 67,37.6207068595024,127.062594220289,소상공인시장진흥공단_상가(상권)정보_서울_202606.csv
MA010120220806961270,힐링화장품수,화장품 소매업,서울특별시 노원구 월계로44가길 8,37.6230721804576,127.052922451506,소상공인시장진흥공단_상가(상권)정보_서울_202606.csv
