{"type":"FeatureCollection","stdrYm":"202606","features":[{"type":"Feature","id":"sbiz.MA010120220804341456","geometry":{"type":"Point","coordinates":[127.050759809691,37.6244336211]},"properties":{"bizesId":"MA010120220804341456","bizesNm":"월계주유소","indsLclsCd":"G2","indsLclsNm":"소매","indsMclsNm":"연료 소매","indsSclsNm":"주유소","adongCd":"11350560","adongNm":"월계1동","lnoCd":"1135010200109350002","lnoAdr":"서울특별시 노원구 월계동 935-2","rdnmAdr":"서울특별시 노원구 월계로 252","bldMngNo":"1135010200108630001017325"}},{"type":"Feature","id":"sbiz.MA010120220804388630","geometry":{"type":"Point","coordinates":[127.051246545572,37.6239108382343]},"properties":{"bizesId":"MA010120220804388630","bizesNm":"노원현대자동차공업주","indsLclsCd":"S2","indsLclsNm":"수리·개인","indsMclsNm":"자동차 수리·세차","indsSclsNm":"자동차 정비소","adongCd":"11350560","adongNm":"월계1동","lnoCd":"1135010200108730018","lnoAdr":"서울특별시 노원구 월계동 873-18","rdnmAdr":"서울특별시 노원구 월계로44길 20","bldMngNo":"1135010200108730018000001"}},{"type":"Feature","id":"sbiz.MA010120220800059593","geometry":{"type":"Point","coordinates":[127.051360659468,37.6251271210453]},"properties":{"bizesId":"MA010120220800059593","bizesNm":"삼우사","indsLclsCd":"L1","indsLclsNm":"부동산","indsMclsNm":"부동산 서비스","indsSclsNm":"부동산 중개/대리업","adongCd":"11350560","adongNm":"월계1동","lnoCd":"1135010200108680005","lnoAdr":"서울특별시 노원구 월계동 868-5","rdnmAdr":"서울특별시 노원구 월계로 264","bldMngNo":"1135010200108680005018519"}},{"type":"Feature","id":"sbiz.MA010120220804371518","geometry":{"type":"Point","coordinates":[127.051360659468,37.6251271210453]},"properties":{"bizesId":"MA010120220804371518","bizesNm":"애니원월계점","indsLclsCd":"G2","indsLclsNm":"소매","indsMclsNm":"기타 상품 소매","indsSclsNm":"그 외 기타 상품 전문 소매업","adongCd":"11350560","adongNm":"월계1동","lnoCd":"1135010200108680005","lnoAdr":"서울특별시 노원구 월계동 868-5","rdnmAdr":"서울특별시 노원구 월계로 264","bldMngNo":"1135010200108680005018519","flrNo":"2"}},{"type":"Feature","id":"sbiz.MA010120220803893145","geometry":{"type":"Point","coordinates":[127.051360659468,37.6251271210453]},"properties":{"bizesId":"MA010120220803893145","bizesNm":"화산자전거","indsLclsCd":"G2","indsLclsNm":"소매","indsMclsNm":"오락용품 소매","indsSclsNm":"자전거 소매업","adongCd":"11350560","adongNm":"월계1동","lnoCd":"1135010200108680005","lnoAdr":"서울특별시 노원구 월계동 868-5","rdnmAdr":"서울특별시 노원구 월계로 264","bldMngNo":"1135010200108680005018519"}},{"type":"Feature","id":"sbiz.MA010120220809967842","geometry":{"type":"Point","coordinates":[127.051405549104,37.6245144303816]},"properties":{"bizesId":"MA010120220809967842","bizesNm":"모빌리티에스티멤버스","indsLclsCd":"G2","indsLclsNm":"소매","indsMclsNm":"자동차 부품 소매","indsSclsNm":"타이어 소매업","adongCd":"11350560","adongNm":"월계1동","lnoCd":"1135010200109340000","lnoAdr":"서울특별시 노원구 월계동 934","rdnmAdr":"서울특별시 노원구 월계로44길 13","bldMngNo":"1135010200108710003018647"}},{"type":"Feature","id":"sbiz.MA0101202301A0033267","geometry":{"type":"Point","coordinates":[127.05149563694,37.6237395422451]},"properties":{"bizesId":"MA0101202301A0033267","bizesNm":"엠에스플랜","indsLclsCd":"M1","indsLclsNm":"과학·기술","indsMclsNm":"인쇄·제품제작","indsSclsNm":"명함/간판/광고물 제작","adongCd":"11350560","adongNm":"월계1동","lnoCd":"1135010200108730029","lnoAdr":"서울특별시 노원구 월계동 873-29","rdnmAdr":"서울특별시 노원구 월계로44길 28","bldMngNo":"1135010200108730029018392","flrNo":"3"}},{"type":"Feature","id":"sbiz.MA010120220803898462","geometry":{"type":"Point","coordinates":[127.052185837904,37.6226130050371]},"properties":{"bizesId":"MA010120220803898462","bizesNm":"메이저광고","indsLclsCd":"M1","indsLclsNm":"과학·기술","indsMclsNm":"광고","indsSclsNm":"옥외/전시 광고 대행업","adongCd":"11350560","adongNm":"월계1동","lnoCd":"1135010200108570017","lnoAdr":"서울특별시 노원구 월계동 857-17","rdnmAdr":"서울특별시 노원구 월계로42길 53","bldMngNo":"1135010200108570017018674","flrNo":"1"}},{"type":"Feature","id":"sbiz.MA010120220803890527","geometry":{"type":"Point","coordinates":[127.052185837904,37.6226130050371]},"properties":{"bizesId":"MA010120220803890527","bizesNm":"장수오토바이","indsLclsCd":"G2","indsLclsNm":"소매","indsMclsNm":"모터사이클 소매","indsSclsNm":"모터사이클 및 부품 소매업","adongCd":"11350560","adongNm":"월계1동","lnoCd":"1135010200108570017","lnoAdr":"서울특별시 노원구 월계동 857-17","rdnmAdr":"서울특별시 노원구 월계로42길 53","bldMngNo":"1135010200108570017018674","bldNm":"왼쪽호","flrNo":"1"}},{"type":"Feature","id":"sbiz.MA010120220813043990","geometry":{"type":"Point","coordinates":[127.052197411097,37.6229643849433]},"properties":{"bizesId":"MA010120220813043990","bizesNm":"푸르다크린","indsLclsCd":"N1","indsLclsNm":"시설관리·임대","indsMclsNm":"청소·방제","indsSclsNm":"건축물 일반 청소업","adongCd":"11350560","adongNm":"월계1동","lnoCd":"1135010200105340152","lnoAdr":"서울특별시 노원구 월계동 534-152","rdnmAdr":"서울특별시 노원구 월계로44길 50","bldMngNo":"1135010200105340152017877","bldNm":"명칭없음","flrNo":"2"}},{"type":"Feature","id":"sbiz.MA010120220808813538","geometry":{"type":"Point","coordinates":[127.052457970275,37.6230003088853]},"properties":{"bizesId":"MA010120220808813538","bizesNm":"세븐일레븐월계교육촌점","indsLclsCd":"G2","indsLclsNm":"소매","indsMclsNm":"종합 소매","indsSclsNm":"편의점","adongCd":"11350560","adongNm":"월계1동","lnoCd":"1135010200105340170","lnoAdr":"서울특별시 노원구 월계동 534-170","rdnmAdr":"서울특별시 노원구 월계로44길 51","bldMngNo":"1135010200105340170018046","flrNo":"1"}},{"type":"Feature","id":"sbiz.MA010120220806961270","geometry":{"type":"Point","coordinates":[127.052922451506,37.6230721804576]},"properties":{"bizesId":"MA010120220806961270","bizesNm":"힐링화장품수","indsLclsCd":"G2","indsLclsNm":"소매","indsMclsNm":"의약·화장품 소매","indsSclsNm":"화장품 소매업","adongCd":"11350560","adongNm":"월계1동","lnoCd":"1135010200105340122","lnoAdr":"서울특별시 노원구 월계동 534-122","rdnmAdr":"서울특별시 노원구 월계로44가길 8","bldMngNo":"1135010200105340122018037","flrNo":"1"}},{"type":"Feature","id":"sbiz.MA010120220801523789","geometry":{"type":"Point","coordinates":[127.052922451506,37.6230721804576]},"properties":{"bizesId":"MA010120220801523789","bizesNm":"코코헤어","indsLclsCd":"S2","indsLclsNm":"수리·개인","indsMclsNm":"이용·미용","indsSclsNm":"미용실","adongCd":"11350560","adongNm":"월계1동","lnoCd":"1135010200105340122","lnoAdr":"서울특별시 노원구 월계동 534-122","rdnmAdr":"서울특별시 노원구 월계로44가길 8","bldMngNo":"1135010200105340122018037","flrNo":"1"}},{"type":"Feature","id":"sbiz.MA0101202301A0088327","geometry":{"type":"Point","coordinates":[127.052944736041,37.6225495978632]},"properties":{"bizesId":"MA0101202301A0088327","bizesNm":"해먼드학원","indsLclsCd":"P1","indsLclsNm":"교육","indsMclsNm":"일반 교육","indsSclsNm":"입시·교과학원","adongCd":"11350560","adongNm":"월계1동","lnoCd":"1135010200105340133","lnoAdr":"서울특별시 노원구 월계동 534-133","rdnmAdr":"서울특별시 노원구 월계로44길 63","bldMngNo":"1135010200105340133000001","bldNm":"명칭없음","flrNo":"2"}},{"type":"Feature","id":"sbiz.MA010120220813495480","geometry":{"type":"Point","coordinates":[127.053170900931,37.6220089037793]},"properties":{"bizesId":"MA010120220813495480","bizesNm":"단지내SK공인중개사사무소","indsLclsCd":"L1","indsLclsNm":"부동산","indsMclsNm":"부동산 서비스","indsSclsNm":"부동산 중개/대리업","adongCd":"11350560","adongNm":"월계1동","lnoCd":"1135010200109490000","lnoAdr":"서울특별시 노원구 월계동 949","rdnmAdr":"서울특별시 노원구 월계로42길 97","bldMngNo":"1135010200105310000018143","bldNm":"꿈의숲SK뷰아파트","flrNo":"1","complex_id":"apt.1135010200109490000","complex_name":"꿈의숲 SK뷰 아파트"}},{"type":"Feature","id":"sbiz.MA010120220808568738","geometry":{"type":"Point","coordinates":[127.053217289601,37.6235225414364]},"properties":{"bizesId":"MA010120220808568738","bizesNm":"CU노원월계점","indsLclsCd":"G2","indsLclsNm":"소매","indsMclsNm":"종합 소매","indsSclsNm":"편의점","adongCd":"11350560","adongNm":"월계1동","lnoCd":"1135010200105340209","lnoAdr":"서울특별시 노원구 월계동 534-209","rdnmAdr":"서울특별시 노원구 월계로44가길 19","bldMngNo":"1135010200105340209017712"}},{"type":"Feature","id":"sbiz.MA010120220813067565","geometry":{"type":"Point","coordinates":[127.053329967441,37.6226845724774]},"properties":{"bizesId":"MA010120220813067565","bizesNm":"뚜린","indsLclsCd":"S2","indsLclsNm":"수리·개인","indsMclsNm":"세탁","indsSclsNm":"세탁소","adongCd":"11350560","adongNm":"월계1동","lnoCd":"1135010200105340208","lnoAdr":"서울특별시 노원구 월계동 534-208","rdnmAdr":"서울특별시 노원구 월계로44나길 7-2","bldMngNo":"1135010200105340208018585","bldNm":"명칭없음","flrNo":"1"}},{"type":"Feature","id":"sbiz.MA010120220813225406","geometry":{"type":"Point","coordinates":[127.053421077573,37.6233692815391]},"properties":{"bizesId":"MA010120220813225406","bizesNm":"서울블라인드","indsLclsCd":"G2","indsLclsNm":"소매","indsMclsNm":"섬유·의복·신발 소매","indsSclsNm":"침구류/커튼 소매업","adongCd":"11350560","adongNm":"월계1동","lnoCd":"1135010200105340109","lnoAdr":"서울특별시 노원구 월계동 534-109","rdnmAdr":"서울특별시 노원구 월계로44나길 23-13","bldMngNo":"1135010200105340109018539","flrNo":"1"}},{"type":"Feature","id":"sbiz.MA010120220803914896","geometry":{"type":"Point","coordinates":[127.053647319184,37.6229367050497]},"properties":{"bizesId":"MA010120220803914896","bizesNm":"김민재미용실","indsLclsCd":"S2","indsLclsNm":"수리·개인","indsMclsNm":"이용·미용","indsSclsNm":"미용실","adongCd":"11350560","adongNm":"월계1동","lnoCd":"1135010200105340212","lnoAdr":"서울특별시 노원구 월계동 534-212","rdnmAdr":"서울특별시 노원구 월계로44나길 17","bldMngNo":"1135010200105340212018110","flrNo":"지"}},{"type":"Feature","id":"sbiz.MA010120220814178289","geometry":{"type":"Point","coordinates":[127.053963083968,37.6209904283634]},"properties":{"bizesId":"MA010120220814178289","bizesNm":"티와이피도시건축","indsLclsCd":"M1","indsLclsNm":"과학·기술","indsMclsNm":"기술 서비스","indsSclsNm":"도시 계획 및 조경 설계 서비스업","adongCd":"11350560","adongNm":"월계1동","lnoCd":"1135010200109490000","lnoAdr":"서울특별시 노원구 월계동 949","rdnmAdr":"서울특별시 노원구 월계로42길 97","bldMngNo":"1135010200105310000018143","bldNm":"꿈의숲SK뷰아파트","flrNo":"5","complex_id":"apt.1135010200109490000","complex_name":"꿈의숲 SK뷰 아파트"}},{"type":"Feature","id":"sbiz.MA010120220813351519","geometry":{"type":"Point","coordinates":[127.054294215175,37.6246212550199]},"properties":{"bizesId":"MA010120220813351519","bizesNm":"클린업","indsLclsCd":"N1","indsLclsNm":"시설관리·임대","indsMclsNm":"청소·방제","indsSclsNm":"건축물 일반 청소업","adongCd":"11350560","adongNm":"월계1동","lnoCd":"1135010200105340221","lnoAdr":"서울특별시 노원구 월계동 534-221","rdnmAdr":"서울특별시 노원구 월계로44가길 51-9","bldMngNo":"1135010200105340221018489","bldNm":"허니하우스","flrNo":"3"}},{"type":"Feature","id":"sbiz.MA010120220812735944","geometry":{"type":"Point","coordinates":[127.05433935589,37.6243869776277]},"properties":{"bizesId":"MA010120220812735944","bizesNm":"깨끗한세상","indsLclsCd":"N1","indsLclsNm":"시설관리·임대","indsMclsNm":"청소·방제","indsSclsNm":"건축물 일반 청소업","adongCd":"11350560","adongNm":"월계1동","lnoCd":"1135010200105340030","lnoAdr":"서울특별시 노원구 월계동 534-30","rdnmAdr":"서울특별시 노원구 월계로44가길 43-6","bldMngNo":"1135010200105340030018454","flrNo":"2"}},{"type":"Feature","id":"sbiz.MA010120220809694072","geometry":{"type":"Point","coordinates":[127.0543843913,37.6240085423316]},"properties":{"bizesId":"MA010120220809694072","bizesNm":"위니아서비스","brchNm":"은평점","indsLclsCd":"S2","indsLclsNm":"수리·개인","indsMclsNm":"가전제품 수리","indsSclsNm":"가전제품 수리업","adongCd":"11350560","adongNm":"월계1동","lnoCd":"1135010200105340057","lnoAdr":"서울특별시 노원구 월계동 534-57","rdnmAdr":"서울특별시 노원구 월계로44가길 44","bldMngNo":"1135010200105340057017971"}},{"type":"Feature","id":"sbiz.MA010120220800161347","geometry":{"type":"Point","coordinates":[127.054612896782,37.6266753578519]},"properties":{"bizesId":"MA010120220800161347","bizesNm":"에이치필라테스","indsLclsCd":"P1","indsLclsNm":"교육","indsMclsNm":"기타 교육","indsSclsNm":"요가/필라테스 학원","adongCd":"11350560","adongNm":"월계1동","lnoCd":"1135010200105690003","lnoAdr":"서울특별시 노원구 월계동 569-3","rdnmAdr":"서울특별시 노원구 월계로 296-14","bldNm":"월계문화체육센터","flrNo":"2"}},{"type":"Feature","id":"sbiz.MA010120220812729229","geometry":{"type":"Point","coordinates":[127.055110030333,37.6249091926377]},"properties":{"bizesId":"MA010120220812729229","bizesNm":"깨끗한세상","indsLclsCd":"N1","indsLclsNm":"시설관리·임대","indsMclsNm":"청소·방제","indsSclsNm":"건축물 일반 청소업","adongCd":"11350560","adongNm":"월계1동","lnoCd":"1135010200105340190","lnoAdr":"서울특별시 노원구 월계동 534-190","rdnmAdr":"서울특별시 노원구 월계로44가길 65-5","bldMngNo":"1135010200105340190017863"}},{"type":"Feature","id":"sbiz.MA010120220813885064","geometry":{"type":"Point","coordinates":[127.056272500144,37.6192053941255]},"properties":{"bizesId":"MA010120220813885064","bizesNm":"초밥10개4900","indsLclsCd":"I2","indsLclsNm":"음식","indsMclsNm":"일식","indsSclsNm":"일식 회/초밥","adongCd":"11350560","adongNm":"월계1동","lnoCd":"1135010200105020009","lnoAdr":"서울특별시 노원구 월계동 502-9","rdnmAdr":"서울특별시 노원구 광운로1길 26","bldMngNo":"1135010200104970005018493","flrNo":"1"}},{"type":"Feature","id":"sbiz.MA010120220804344055","geometry":{"type":"Point","coordinates":[127.056272500144,37.6192053941255]},"properties":{"bizesId":"MA010120220804344055","bizesNm":"광운슈퍼","indsLclsCd":"G2","indsLclsNm":"소매","indsMclsNm":"담배 소매","indsSclsNm":"담배/전자담배 소매업","adongCd":"11350560","adongNm":"월계1동","lnoCd":"1135010200105020009","lnoAdr":"서울특별시 노원구 월계동 502-9","rdnmAdr":"서울특별시 노원구 광운로1길 26","bldMngNo":"1135010200104970005018493"}},{"type":"Feature","id":"sbiz.MA010120220800063652","geometry":{"type":"Point","coordinates":[127.056272500144,37.6192053941255]},"properties":{"bizesId":"MA010120220800063652","bizesNm":"하이워터주","indsLclsCd":"G2","indsLclsNm":"소매","indsMclsNm":"가전·통신 소매","indsSclsNm":"가전제품 소매업","adongCd":"11350560","adongNm":"월계1동","lnoCd":"1135010200105020009","lnoAdr":"서울특별시 노원구 월계동 502-9","rdnmAdr":"서울특별시 노원구 광운로1길 26","bldMngNo":"1135010200104970005018493"}},{"type":"Feature","id":"sbiz.MA010120220813627848","geometry":{"type":"Point","coordinates":[127.056505927599,37.6283052520796]},"properties":{"bizesId":"MA010120220813627848","bizesNm":"신영자동차공업사","indsLclsCd":"S2","indsLclsNm":"수리·개인","indsMclsNm":"자동차 수리·세차","indsSclsNm":"자동차 정비소","adongCd":"11350560","adongNm":"월계1동","lnoCd":"1135010200106260013","lnoAdr":"서울특별시 노원구 월계동 626-13","rdnmAdr":"서울특별시 노원구 광운로 149","bldMngNo":"1135010200106260013000001"}},{"type":"Feature","id":"sbiz.MA010120220805051264","geometry":{"type":"Point","coordinates":[127.056963040831,37.6186734799962]},"properties":{"bizesId":"MA010120220805051264","bizesNm":"목포홍탁","indsLclsCd":"I2","indsLclsNm":"음식","indsMclsNm":"주점","indsSclsNm":"요리 주점","adongCd":"11350560","adongNm":"월계1동","lnoCd":"1135010200104960030","lnoAdr":"서울특별시 노원구 월계동 496-30","rdnmAdr":"서울특별시 노원구 광운로1길 10","bldMngNo":"1135010200104960030018341","flrNo":"1"}},{"type":"Feature","id":"sbiz.MA010120220812931376","geometry":{"type":"Point","coordinates":[127.057008472287,37.6188356358685]},"properties":{"bizesId":"MA010120220812931376","bizesNm":"피앤케이디벨로퍼","indsLclsCd":"M1","indsLclsNm":"과학·기술","indsMclsNm":"본사·경영 컨설팅","indsSclsNm":"경영 컨설팅업","adongCd":"11350560","adongNm":"월계1동","lnoCd":"1135010200104960038","lnoAdr":"서울특별시 노원구 월계동 496-38","rdnmAdr":"서울특별시 노원구 광운로 9-7","bldMngNo":"1135010200104960038018377"}},{"type":"Feature","id":"sbiz.MA010120220804356972","geometry":{"type":"Point","coordinates":[127.057019606559,37.6185833538911]},"properties":{"bizesId":"MA010120220804356972","bizesNm":"세운교재","indsLclsCd":"G2","indsLclsNm":"소매","indsMclsNm":"기타 생활용품 소매","indsSclsNm":"전기용품/조명장치 소매업","adongCd":"11350560","adongNm":"월계1동","lnoCd":"1135010200104690030","lnoAdr":"서울특별시 노원구 월계동 469-30","rdnmAdr":"서울특별시 노원구 광운로1길 8","bldMngNo":"1135010200104690030018362"}},{"type":"Feature","id":"sbiz.MA010120220808559195","geometry":{"type":"Point","coordinates":[127.057110173464,37.6185202409434]},"properties":{"bizesId":"MA010120220808559195","bizesNm":"미스터엑스","indsLclsCd":"S2","indsLclsNm":"수리·개인","indsMclsNm":"이용·미용","indsSclsNm":"미용실","adongCd":"11350560","adongNm":"월계1동","lnoCd":"1135010200104690029","lnoAdr":"서울특별시 노원구 월계동 469-29","rdnmAdr":"서울특별시 노원구 광운로1길 6","bldMngNo":"1135010200104690029018363","flrNo":"1"}},{"type":"Feature","id":"sbiz.MA010120220806592533","geometry":{"type":"Point","coordinates":[127.057144574756,37.6190698268692]},"properties":{"bizesId":"MA010120220806592533","bizesNm":"홀로아뜰리에","indsLclsCd":"M1","indsLclsNm":"과학·기술","indsMclsNm":"광고","indsSclsNm":"광고물 설계/제작업","adongCd":"11350560","adongNm":"월계1동","lnoCd":"1135010200104960015","lnoAdr":"서울특별시 노원구 월계동 496-15","rdnmAdr":"서울특별시 노원구 광운로1길 16-10","bldMngNo":"1135010200104960015018371","bldNm":"위오령빌딩","flrNo":"1"}},{"type":"Feature","id":"sbiz.MA010120220811889529","geometry":{"type":"Point","coordinates":[127.057144974719,37.6195923995727]},"properties":{"bizesId":"MA010120220811889529","bizesNm":"경대컵밥","brchNm":"광운대점","indsLclsCd":"I2","indsLclsNm":"음식","indsMclsNm":"기타 간이","indsSclsNm":"김밥/만두/분식","adongCd":"11350560","adongNm":"월계1동","lnoCd":"1135010200104960043","lnoAdr":"서울특별시 노원구 월계동 496-43","rdnmAdr":"서울특별시 노원구 광운로 17-13","bldMngNo":"1135010200104960043018638","bldNm":"명칭없음","flrNo":"1"}},{"type":"Feature","id":"sbiz.MA010120220806283300","geometry":{"type":"Point","coordinates":[127.05721206709,37.6184571224346]},"properties":{"bizesId":"MA010120220806283300","bizesNm":"필라테스명","indsLclsCd":"P1","indsLclsNm":"교육","indsMclsNm":"기타 교육","indsSclsNm":"요가/필라테스 학원","adongCd":"11350560","adongNm":"월계1동","lnoCd":"1135010200104690028","lnoAdr":"서울특별시 노원구 월계동 469-28","rdnmAdr":"서울특별시 노원구 광운로 5","bldMngNo":"1135010200104690028018365","flrNo":"4"}},{"type":"Feature","id":"sbiz.MA010120220805847358","geometry":{"type":"Point","coordinates":[127.05721206709,37.6184571224346]},"properties":{"bizesId":"MA010120220805847358","bizesNm":"지에스25광운","brchNm":"행운점","indsLclsCd":"G2","indsLclsNm":"소매","indsMclsNm":"종합 소매","indsSclsNm":"편의점","adongCd":"11350560","adongNm":"월계1동","lnoCd":"1135010200104690028","lnoAdr":"서울특별시 노원구 월계동 469-28","rdnmAdr":"서울특별시 노원구 광운로 5","bldMngNo":"1135010200104690028018365","flrNo":"1"}},{"type":"Feature","id":"sbiz.MA010120220804353662","geometry":{"type":"Point","coordinates":[127.057280208049,37.6186913462242]},"properties":{"bizesId":"MA010120220804353662","bizesNm":"미식성","indsLclsCd":"I2","indsLclsNm":"음식","indsMclsNm":"중식","indsSclsNm":"중국집","adongCd":"11350560","adongNm":"월계1동","lnoCd":"1135010200104690016","lnoAdr":"서울특별시 노원구 월계동 469-16","rdnmAdr":"서울특별시 노원구 광운로 9","bldMngNo":"1135010200104690016018395"}},{"type":"Feature","id":"sbiz.MA010120220809948550","geometry":{"type":"Point","coordinates":[127.057280830151,37.6195022349324]},"properties":{"bizesId":"MA010120220809948550","bizesNm":"네이처과학교습소","indsLclsCd":"P1","indsLclsNm":"교육","indsMclsNm":"일반 교육","indsSclsNm":"입시·교과학원","adongCd":"11350560","adongNm":"월계1동","lnoCd":"1135010200104960045","lnoAdr":"서울특별시 노원구 월계동 496-45","rdnmAdr":"서울특별시 노원구 광운로 17-11","bldMngNo":"1135010200104960045018351","flrNo":"3"}},{"type":"Feature","id":"sbiz.MA010120220804863560","geometry":{"type":"Point","coordinates":[127.057280830151,37.6195022349324]},"properties":{"bizesId":"MA010120220804863560","bizesNm":"GS25광운","brchNm":"사랑점","indsLclsCd":"G2","indsLclsNm":"소매","indsMclsNm":"종합 소매","indsSclsNm":"편의점","adongCd":"11350560","adongNm":"월계1동","lnoCd":"1135010200104960045","lnoAdr":"서울특별시 노원구 월계동 496-45","rdnmAdr":"서울특별시 노원구 광운로 17-11","bldMngNo":"1135010200104960045018351"}},{"type":"Feature","id":"sbiz.MA010120220803775167","geometry":{"type":"Point","coordinates":[127.05729143817,37.6185652024719]},"properties":{"bizesId":"MA010120220803775167","bizesNm":"팡팡","indsLclsCd":"R1","indsLclsNm":"예술·스포츠","indsMclsNm":"유원지·오락","indsSclsNm":"복권 발행/판매업","adongCd":"11350560","adongNm":"월계1동","lnoCd":"1135010200104690021","lnoAdr":"서울특별시 노원구 월계동 469-21","rdnmAdr":"서울특별시 노원구 광운로 7","bldMngNo":"1135010200104690021017853","bldNm":"일부우측","flrNo":"1"}},{"type":"Feature","id":"sbiz.MA010120220804367615","geometry":{"type":"Point","coordinates":[127.057314742084,37.6194121196927]},"properties":{"bizesId":"MA010120220804367615","bizesNm":"요거프레소","brchNm":"광운대점","indsLclsCd":"I2","indsLclsNm":"음식","indsMclsNm":"비알코올 ","indsSclsNm":"카페","adongCd":"11350560","adongNm":"월계1동","lnoCd":"1135010200104960003","lnoAdr":"서울특별시 노원구 월계동 496-3","rdnmAdr":"서울특별시 노원구 광운로 17-9","bldMngNo":"1135010200104960003018502","bldNm":"성진빌딩","flrNo":"1"}},{"type":"Feature","id":"sbiz.MA010120220811913594","geometry":{"type":"Point","coordinates":[127.057367243703,37.6287733493607]},"properties":{"bizesId":"MA010120220811913594","bizesNm":"도로시명품찹쌀꽈배기","indsLclsCd":"I2","indsLclsNm":"음식","indsMclsNm":"기타 간이","indsSclsNm":"빵/도넛","adongCd":"11350560","adongNm":"월계1동","lnoCd":"1135010200102950004","lnoAdr":"서울특별시 노원구 월계동 295-4","rdnmAdr":"서울특별시 노원구 월계로 328","bldMngNo":"1135010200102950004017763","bldNm":"오일주유소","flrNo":"1"}},{"type":"Feature","id":"sbiz.MA010120220809716186","geometry":{"type":"Point","coordinates":[127.057367243703,37.6287733493607]},"properties":{"bizesId":"MA010120220809716186","bizesNm":"신성주유소","indsLclsCd":"G2","indsLclsNm":"소매","indsMclsNm":"연료 소매","indsSclsNm":"주유소","adongCd":"11350560","adongNm":"월계1동","lnoCd":"1135010200102950004","lnoAdr":"서울특별시 노원구 월계동 295-4","rdnmAdr":"서울특별시 노원구 월계로 328","bldMngNo":"1135010200102950004017763"}},{"type":"Feature","id":"sbiz.MA010120220804356163","geometry":{"type":"Point","coordinates":[127.057367243703,37.6287733493607]},"properties":{"bizesId":"MA010120220804356163","bizesNm":"누커피기업","indsLclsCd":"I2","indsLclsNm":"음식","indsMclsNm":"비알코올 ","indsSclsNm":"카페","adongCd":"11350560","adongNm":"월계1동","lnoCd":"1135010200102950004","lnoAdr":"서울특별시 노원구 월계동 295-4","rdnmAdr":"서울특별시 노원구 월계로 328","bldMngNo":"1135010200102950004017763","bldNm":"주유소내","flrNo":"2"}},{"type":"Feature","id":"sbiz.MA0101202302A0062347","geometry":{"type":"Point","coordinates":[127.057393622586,37.618880498563]},"properties":{"bizesId":"MA0101202302A0062347","bizesNm":"다온루리","indsLclsCd":"P1","indsLclsNm":"교육","indsMclsNm":"일반 교육","indsSclsNm":"입시·교과학원","adongCd":"11350560","adongNm":"월계1동","lnoCd":"1135010200104690035","lnoAdr":"서울특별시 노원구 월계동 469-35","rdnmAdr":"서울특별시 노원구 광운로3길 5","bldMngNo":"1135010200104690035018524","flrNo":"2"}},{"type":"Feature","id":"sbiz.MA010120220804341355","geometry":{"type":"Point","coordinates":[127.057393622586,37.618880498563]},"properties":{"bizesId":"MA010120220804341355","bizesNm":"광운세탁소","indsLclsCd":"S2","indsLclsNm":"수리·개인","indsMclsNm":"세탁","indsSclsNm":"세탁소","adongCd":"11350560","adongNm":"월계1동","lnoCd":"1135010200104690035","lnoAdr":"서울특별시 노원구 월계동 469-35","rdnmAdr":"서울특별시 노원구 광운로3길 5","bldMngNo":"1135010200104690035018524","flrNo":"1"}},{"type":"Feature","id":"sbiz.MA010120220804357123","geometry":{"type":"Point","coordinates":[127.057393622586,37.618880498563]},"properties":{"bizesId":"MA010120220804357123","bizesNm":"광운문화사","indsLclsCd":"N1","indsLclsNm":"시설관리·임대","indsMclsNm":"사무 지원","indsSclsNm":"복사업","adongCd":"11350560","adongNm":"월계1동","lnoCd":"1135010200104690035","lnoAdr":"서울특별시 노원구 월계동 469-35","rdnmAdr":"서울특별시 노원구 광운로3길 5","bldMngNo":"1135010200104690035018524"}},{"type":"Feature","id":"sbiz.MA010120220804357116","geometry":{"type":"Point","coordinates":[127.057404859471,37.6187633646792]},"properties":{"bizesId":"MA010120220804357116","bizesNm":"광운안경","indsLclsCd":"G2","indsLclsNm":"소매","indsMclsNm":"안경·정밀기기 소매","indsSclsNm":"안경렌즈 소매업","adongCd":"11350560","adongNm":"월계1동","lnoCd":"1135010200104690010","lnoAdr":"서울특별시 노원구 월계동 469-10","rdnmAdr":"서울특별시 노원구 광운로 11","bldMngNo":"1135010200104690010018381"}},{"type":"Feature","id":"sbiz.MA010120220814228774","geometry":{"type":"Point","coordinates":[127.057426993578,37.6180876129912]},"properties":{"bizesId":"MA010120220814228774","bizesNm":"해피디아망","indsLclsCd":"I2","indsLclsNm":"음식","indsMclsNm":"비알코올 ","indsSclsNm":"카페","adongCd":"11350560","adongNm":"월계1동","lnoCd":"1135010200104720045","lnoAdr":"서울특별시 노원구 월계동 472-45","rdnmAdr":"서울특별시 노원구 광운로2길 6","bldMngNo":"1135010200104720045019358","flrNo":"3"}},{"type":"Feature","id":"sbiz.MA010120220805346928","geometry":{"type":"Point","coordinates":[127.057426993578,37.6180876129912]},"properties":{"bizesId":"MA010120220805346928","bizesNm":"카페1일1잔","indsLclsCd":"I2","indsLclsNm":"음식","indsMclsNm":"비알코올 ","indsSclsNm":"카페","adongCd":"11350560","adongNm":"월계1동","lnoCd":"1135010200104720045","lnoAdr":"서울특별시 노원구 월계동 472-45","rdnmAdr":"서울특별시 노원구 광운로2길 6","bldMngNo":"1135010200104720045019358","flrNo":"1"}},{"type":"Feature","id":"sbiz.MA010120220804365025","geometry":{"type":"Point","coordinates":[127.057426993578,37.6180876129912]},"properties":{"bizesId":"MA010120220804365025","bizesNm":"연결의류","indsLclsCd":"S2","indsLclsNm":"수리·개인","indsMclsNm":"기타 가정용품 수리","indsSclsNm":"의류/이불 수선업","adongCd":"11350560","adongNm":"월계1동","lnoCd":"1135010200104720045","lnoAdr":"서울특별시 노원구 월계동 472-45","rdnmAdr":"서울특별시 노원구 광운로2길 6","bldMngNo":"1135010200104720045019358","flrNo":"1"}},{"type":"Feature","id":"sbiz.MA010120220804371069","geometry":{"type":"Point","coordinates":[127.057463525869,37.621403229903]},"properties":{"bizesId":"MA010120220804371069","bizesNm":"가안적산","indsLclsCd":"M1","indsLclsNm":"과학·기술","indsMclsNm":"기술 서비스","indsSclsNm":"건축 설계 및 관련 서비스업","adongCd":"11350560","adongNm":"월계1동","lnoCd":"1135010200105000007","lnoAdr":"서울특별시 노원구 월계동 500-7","rdnmAdr":"서울특별시 노원구 광운로7길 18-15","bldMngNo":"1135010200105000007018268","bldNm":"무지개파크","flrNo":"4"}},{"type":"Feature","id":"sbiz.MA010120220804365597","geometry":{"type":"Point","coordinates":[127.057473077605,37.6190966969649]},"properties":{"bizesId":"MA010120220804365597","bizesNm":"학교종이땡땡땡","indsLclsCd":"I2","indsLclsNm":"음식","indsMclsNm":"한식","indsSclsNm":"백반/한정식","adongCd":"11350560","adongNm":"월계1동","lnoCd":"1135010200104960024","lnoAdr":"서울특별시 노원구 월계동 496-24","rdnmAdr":"서울특별시 노원구 광운로3길 6","bldMngNo":"1135010200104960024018368","flrNo":"1"}},{"type":"Feature","id":"sbiz.MA010120220804359238","geometry":{"type":"Point","coordinates":[127.057473077605,37.6190966969649]},"properties":{"bizesId":"MA010120220804359238","bizesNm":"뚝배기","indsLclsCd":"I2","indsLclsNm":"음식","indsMclsNm":"한식","indsSclsNm":"국/탕/찌개류","adongCd":"11350560","adongNm":"월계1동","lnoCd":"1135010200104960024","lnoAdr":"서울특별시 노원구 월계동 496-24","rdnmAdr":"서울특별시 노원구 광운로3길 6","bldMngNo":"1135010200104960024018368","flrNo":"1"}},{"type":"Feature","id":"sbiz.MA010120220808416288","geometry":{"type":"Point","coordinates":[127.057484959534,37.6198174813638]},"properties":{"bizesId":"MA010120220808416288","bizesNm":"지에스25광운문화관점","indsLclsCd":"G2","indsLclsNm":"소매","indsMclsNm":"종합 소매","indsSclsNm":"편의점","adongCd":"11350560","adongNm":"월계1동","lnoCd":"1135010200104660000","lnoAdr":"서울특별시 노원구 월계동 466","rdnmAdr":"서울특별시 노원구 광운로 21","bldMngNo":"1135010200104660000018644","bldNm":"문화관광운대학교"}},{"type":"Feature","id":"sbiz.MA010120220804388412","geometry":{"type":"Point","coordinates":[127.057484959534,37.6198174813638]},"properties":{"bizesId":"MA010120220804388412","bizesNm":"광운대학교행복기숙사","indsLclsCd":"I1","indsLclsNm":"숙박","indsMclsNm":"기타 숙박","indsSclsNm":"기숙사/고시원","adongCd":"11350560","adongNm":"월계1동","lnoCd":"1135010200104660000","lnoAdr":"서울특별시 노원구 월계동 466","rdnmAdr":"서울특별시 노원구 광운로 21","bldMngNo":"1135010200104660000018644"}},{"type":"Feature","id":"sbiz.MA010120220808659753","geometry":{"type":"Point","coordinates":[127.057484959534,37.6198174813638]},"properties":{"bizesId":"MA010120220808659753","bizesNm":"스트릿츄러스광운대학교점","indsLclsCd":"I2","indsLclsNm":"음식","indsMclsNm":"기타 간이","indsSclsNm":"빵/도넛","adongCd":"11350560","adongNm":"월계1동","lnoCd":"1135010200104660000","lnoAdr":"서울특별시 노원구 월계동 466","rdnmAdr":"서울특별시 노원구 광운로 21","bldMngNo":"1135010200104660000018644","bldNm":"동해예술회관","flrNo":"1"}},{"type":"Feature","id":"sbiz.MA010120220809920770","geometry":{"type":"Point","coordinates":[127.057507252828,37.6193489568904]},"properties":{"bizesId":"MA010120220809920770","bizesNm":"고씨네","brchNm":"광운대점","indsLclsCd":"I2","indsLclsNm":"음식","indsMclsNm":"한식","indsSclsNm":"백반/한정식","adongCd":"11350560","adongNm":"월계1동","lnoCd":"1135010200104960014","lnoAdr":"서울특별시 노원구 월계동 496-14","rdnmAdr":"서울특별시 노원구 광운로 17-5","bldMngNo":"1135010200104960014018339","bldNm":"점포","flrNo":"1"}},{"type":"Feature","id":"sbiz.MA010120220804365951","geometry":{"type":"Point","coordinates":[127.057507252828,37.6193489568904]},"properties":{"bizesId":"MA010120220804365951","bizesNm":"이층집","indsLclsCd":"I2","indsLclsNm":"음식","indsMclsNm":"한식","indsSclsNm":"백반/한정식","adongCd":"11350560","adongNm":"월계1동","lnoCd":"1135010200104960014","lnoAdr":"서울특별시 노원구 월계동 496-14","rdnmAdr":"서울특별시 노원구 광운로 17-5","bldMngNo":"1135010200104960014018339","flrNo":"2"}},{"type":"Feature","id":"sbiz.MA010120220813105212","geometry":{"type":"Point","coordinates":[127.057586500197,37.6192948589786]},"properties":{"bizesId":"MA010120220813105212","bizesNm":"베르데","indsLclsCd":"I2","indsLclsNm":"음식","indsMclsNm":"비알코올 ","indsSclsNm":"카페","adongCd":"11350560","adongNm":"월계1동","lnoCd":"1135010200104960004","lnoAdr":"서울특별시 노원구 월계동 496-4","rdnmAdr":"서울특별시 노원구 광운로 17-3","bldMngNo":"1135010200104960004018279","flrNo":"1"}},{"type":"Feature","id":"sbiz.MA010120220808979793","geometry":{"type":"Point","coordinates":[127.057616657162,37.6290164941326]},"properties":{"bizesId":"MA010120220808979793","bizesNm":"씨쥐오","indsLclsCd":"M1","indsLclsNm":"과학·기술","indsMclsNm":"광고","indsSclsNm":"광고 대행업","adongCd":"11350560","adongNm":"월계1동","lnoCd":"1135010200106350004","lnoAdr":"서울특별시 노원구 월계동 635-4","rdnmAdr":"서울특별시 노원구 월계로 334","bldMngNo":"1135010200106350004018503","bldNm":"그랑디오피스텔"}},{"type":"Feature","id":"sbiz.MA010120220804361855","geometry":{"type":"Point","coordinates":[127.057616657162,37.6290164941326]},"properties":{"bizesId":"MA010120220804361855","bizesNm":"WORLD-TV","indsLclsCd":"S2","indsLclsNm":"수리·개인","indsMclsNm":"통신장비 수리","indsSclsNm":"핸드폰/통신장비 수리업","adongCd":"11350560","adongNm":"월계1동","lnoCd":"1135010200106350004","lnoAdr":"서울특별시 노원구 월계동 635-4","rdnmAdr":"서울특별시 노원구 월계로 334","bldMngNo":"1135010200106350004018503","bldNm":"그랑디오피스텔"}},{"type":"Feature","id":"sbiz.MA010120220804357153","geometry":{"type":"Point","coordinates":[127.057616657162,37.6290164941326]},"properties":{"bizesId":"MA010120220804357153","bizesNm":"둘리","indsLclsCd":"I2","indsLclsNm":"음식","indsMclsNm":"한식","indsSclsNm":"백반/한정식","adongCd":"11350560","adongNm":"월계1동","lnoCd":"1135010200106350004","lnoAdr":"서울특별시 노원구 월계동 635-4","rdnmAdr":"서울특별시 노원구 월계로 334","bldMngNo":"1135010200106350004018503","bldNm":"월계동"}},{"type":"Feature","id":"sbiz.MA0101202211A0005130","geometry":{"type":"Point","coordinates":[127.057616657162,37.6290164941326]},"properties":{"bizesId":"MA0101202211A0005130","bizesNm":"빽다방월계인덕대점","indsLclsCd":"I2","indsLclsNm":"음식","indsMclsNm":"비알코올 ","indsSclsNm":"카페","adongCd":"11350560","adongNm":"월계1동","lnoCd":"1135010200106350004","lnoAdr":"서울특별시 노원구 월계동 635-4","rdnmAdr":"서울특별시 노원구 월계로 334","bldMngNo":"1135010200106350004018503","flrNo":"1"}},{"type":"Feature","id":"sbiz.MA010120220807131501","geometry":{"type":"Point","coordinates":[127.057616657162,37.6290164941326]},"properties":{"bizesId":"MA010120220807131501","bizesNm":"시즈닝건축사사무소","indsLclsCd":"M1","indsLclsNm":"과학·기술","indsMclsNm":"기술 서비스","indsSclsNm":"건축 설계 및 관련 서비스업","adongCd":"11350560","adongNm":"월계1동","lnoCd":"1135010200106350004","lnoAdr":"서울특별시 노원구 월계동 635-4","rdnmAdr":"서울특별시 노원구 월계로 334","bldMngNo":"1135010200106350004018503","bldNm":"그랑디오피스텔","flrNo":"8"}},{"type":"Feature","id":"sbiz.MA010120220800032261","geometry":{"type":"Point","coordinates":[127.057616657162,37.6290164941326]},"properties":{"bizesId":"MA010120220800032261","bizesNm":"상상이상","indsLclsCd":"M1","indsLclsNm":"과학·기술","indsMclsNm":"사진 촬영","indsSclsNm":"사진촬영업","adongCd":"11350560","adongNm":"월계1동","lnoCd":"1135010200106350004","lnoAdr":"서울특별시 노원구 월계동 635-4","rdnmAdr":"서울특별시 노원구 월계로 334","bldMngNo":"1135010200106350004018503","bldNm":"그랑디오피스텔"}},{"type":"Feature","id":"sbiz.MA010120220806389316","geometry":{"type":"Point","coordinates":[127.057616657162,37.6290164941326]},"properties":{"bizesId":"MA010120220806389316","bizesNm":"실버코인","indsLclsCd":"G2","indsLclsNm":"소매","indsMclsNm":"섬유·의복·신발 소매","indsSclsNm":"액세서리/잡화 소매업","adongCd":"11350560","adongNm":"월계1동","lnoCd":"1135010200106350004","lnoAdr":"서울특별시 노원구 월계동 635-4","rdnmAdr":"서울특별시 노원구 월계로 334","bldMngNo":"1135010200106350004018503","bldNm":"그랑디오피스텔"}},{"type":"Feature","id":"sbiz.MA010120220806660280","geometry":{"type":"Point","coordinates":[127.057616657162,37.6290164941326]},"properties":{"bizesId":"MA010120220806660280","bizesNm":"하나컴서비스","indsLclsCd":"S2","indsLclsNm":"수리·개인","indsMclsNm":"컴퓨터 수리","indsSclsNm":"컴퓨터/노트북/프린터 수리업","adongCd":"11350560","adongNm":"월계1동","lnoCd":"1135010200106350004","lnoAdr":"서울특별시 노원구 월계동 635-4","rdnmAdr":"서울특별시 노원구 월계로 334","bldMngNo":"1135010200106350004018503","bldNm":"그랑디오피스텔","flrNo":"5"}},{"type":"Feature","id":"sbiz.MA010120220805304233","geometry":{"type":"Point","coordinates":[127.057616657162,37.6290164941326]},"properties":{"bizesId":"MA010120220805304233","bizesNm":"케이헤어살롱","indsLclsCd":"S2","indsLclsNm":"수리·개인","indsMclsNm":"이용·미용","indsSclsNm":"미용실","adongCd":"11350560","adongNm":"월계1동","lnoCd":"1135010200106350004","lnoAdr":"서울특별시 노원구 월계동 635-4","rdnmAdr":"서울특별시 노원구 월계로 334","bldMngNo":"1135010200106350004018503","bldNm":"그랑디오피스텔","flrNo":"1"}},{"type":"Feature","id":"sbiz.MA010120220804388352","geometry":{"type":"Point","coordinates":[127.057616657162,37.6290164941326]},"properties":{"bizesId":"MA010120220804388352","bizesNm":"에이티렌터카","indsLclsCd":"N1","indsLclsNm":"시설관리·임대","indsMclsNm":"운송장비 대여","indsSclsNm":"자동차 대여업","adongCd":"11350560","adongNm":"월계1동","lnoCd":"1135010200106350004","lnoAdr":"서울특별시 노원구 월계동 635-4","rdnmAdr":"서울특별시 노원구 월계로 334","bldMngNo":"1135010200106350004018503","bldNm":"그랑디오피스텔"}},{"type":"Feature","id":"sbiz.MA010120220804577506","geometry":{"type":"Point","coordinates":[127.057620300415,37.6190605856575]},"properties":{"bizesId":"MA010120220804577506","bizesNm":"쉐프밥버거","brchNm":"광운대점","indsLclsCd":"I2","indsLclsNm":"음식","indsMclsNm":"기타 간이","indsSclsNm":"김밥/만두/분식","adongCd":"11350560","adongNm":"월계1동","lnoCd":"1135010200104690003","lnoAdr":"서울특별시 노원구 월계동 469-3","rdnmAdr":"서울특별시 노원구 광운로 15","bldMngNo":"1135010200104690003018417","bldNm":"금혁빌딩","flrNo":"1"}},{"type":"Feature","id":"sbiz.MA010120220812429902","geometry":{"type":"Point","coordinates":[127.057665733535,37.6192227412647]},"properties":{"bizesId":"MA010120220812429902","bizesNm":"볼카츠마","indsLclsCd":"I2","indsLclsNm":"음식","indsMclsNm":"기타 간이","indsSclsNm":"김밥/만두/분식","adongCd":"11350560","adongNm":"월계1동","lnoCd":"1135010200104960022","lnoAdr":"서울특별시 노원구 월계동 496-22","rdnmAdr":"서울특별시 노원구 광운로 17-1","bldMngNo":"1135010200104960022018357","flrNo":"1"}},{"type":"Feature","id":"sbiz.MA010120220804357017","geometry":{"type":"Point","coordinates":[127.057665733535,37.6192227412647]},"properties":{"bizesId":"MA010120220804357017","bizesNm":"일광문화사","indsLclsCd":"N1","indsLclsNm":"시설관리·임대","indsMclsNm":"사무 지원","indsSclsNm":"복사업","adongCd":"11350560","adongNm":"월계1동","lnoCd":"1135010200104960022","lnoAdr":"서울특별시 노원구 월계동 496-22","rdnmAdr":"서울특별시 노원구 광운로 17-1","bldMngNo":"1135010200104960022018357","bldNm":"근린상가"}},{"type":"Feature","id":"sbiz.MA010120220813660147","geometry":{"type":"Point","coordinates":[127.057665733535,37.6192227412647]},"properties":{"bizesId":"MA010120220813660147","bizesNm":"너네가찾던미용실","indsLclsCd":"S2","indsLclsNm":"수리·개인","indsMclsNm":"이용·미용","indsSclsNm":"미용실","adongCd":"11350560","adongNm":"월계1동","lnoCd":"1135010200104960022","lnoAdr":"서울특별시 노원구 월계동 496-22","rdnmAdr":"서울특별시 노원구 광운로 17-1","bldMngNo":"1135010200104960022018357"}},{"type":"Feature","id":"sbiz.MA010120220804359925","geometry":{"type":"Point","coordinates":[127.057820255642,37.6286109507041]},"properties":{"bizesId":"MA010120220804359925","bizesNm":"신도자동차용품","indsLclsCd":"G2","indsLclsNm":"소매","indsMclsNm":"자동차 부품 소매","indsSclsNm":"자동차 부품 소매업","adongCd":"11350560","adongNm":"월계1동","lnoCd":"1135010200102950031","lnoAdr":"서울특별시 노원구 월계동 295-31","rdnmAdr":"서울특별시 노원구 광운로 140","bldMngNo":"1135010200102950031000001"}},{"type":"Feature","id":"sbiz.MA010120220806749172","geometry":{"type":"Point","coordinates":[127.057832023875,37.6291785662976]},"properties":{"bizesId":"MA010120220806749172","bizesNm":"서호통신","indsLclsCd":"G2","indsLclsNm":"소매","indsMclsNm":"가전·통신 소매","indsSclsNm":"핸드폰 소매업","adongCd":"11350560","adongNm":"월계1동","lnoCd":"1135010200102920059","lnoAdr":"서울특별시 노원구 월계동 292-59","rdnmAdr":"서울특별시 노원구 월계로 336","bldMngNo":"1135010200102920059017741","flrNo":"1"}},{"type":"Feature","id":"sbiz.MA010120220810554560","geometry":{"type":"Point","coordinates":[127.057832023875,37.6291785662976]},"properties":{"bizesId":"MA010120220810554560","bizesNm":"닥터스종합동물병원","indsLclsCd":"M1","indsLclsNm":"과학·기술","indsMclsNm":"수의","indsSclsNm":"동물병원","adongCd":"11350560","adongNm":"월계1동","lnoCd":"1135010200102920059","lnoAdr":"서울특별시 노원구 월계동 292-59","rdnmAdr":"서울특별시 노원구 월계로 336","bldMngNo":"1135010200102920059017741","bldNm":"상천빌딩","flrNo":"1"}},{"type":"Feature","id":"sbiz.MA010120220803882799","geometry":{"type":"Point","coordinates":[127.05793333698,37.6283496091953]},"properties":{"bizesId":"MA010120220803882799","bizesNm":"삼보금속인쇄소","indsLclsCd":"M1","indsLclsNm":"과학·기술","indsMclsNm":"인쇄·제품제작","indsSclsNm":"명함/간판/광고물 제작","adongCd":"11350560","adongNm":"월계1동","lnoCd":"1135010200102970000","lnoAdr":"서울특별시 노원구 월계동 297","rdnmAdr":"서울특별시 노원구 광운로 135","bldMngNo":"1135010200102980014017775"}},{"type":"Feature","id":"sbiz.MA010120220805929662","geometry":{"type":"Point","coordinates":[127.057950712568,37.6215471496381]},"properties":{"bizesId":"MA010120220805929662","bizesNm":"씨유마트(광운대원룸점)","indsLclsCd":"G2","indsLclsNm":"소매","indsMclsNm":"종합 소매","indsSclsNm":"편의점","adongCd":"11350560","adongNm":"월계1동","lnoCd":"1135010200103920044","lnoAdr":"서울특별시 노원구 월계동 392-44","rdnmAdr":"서울특별시 노원구 광운로15길 23","bldMngNo":"1135010200103920044018156","bldNm":"C","flrNo":"1"}},{"type":"Feature","id":"sbiz.MA010120220803715684","geometry":{"type":"Point","coordinates":[127.057983581979,37.6201145633331]},"properties":{"bizesId":"MA010120220803715684","bizesNm":"탑고시원","indsLclsCd":"I1","indsLclsNm":"숙박","indsMclsNm":"기타 숙박","indsSclsNm":"기숙사/고시원","adongCd":"11350560","adongNm":"월계1동","lnoCd":"1135010200104650022","lnoAdr":"서울특별시 노원구 월계동 465-22","rdnmAdr":"서울특별시 노원구 광운로 27-7","bldMngNo":"1135010200104650022018698","bldNm":"외"}},{"type":"Feature","id":"sbiz.MA010120220803944498","geometry":{"type":"Point","coordinates":[127.058002070419,37.6293316504894]},"properties":{"bizesId":"MA010120220803944498","bizesNm":"몽땅","indsLclsCd":"S2","indsLclsNm":"수리·개인","indsMclsNm":"이용·미용","indsSclsNm":"네일숍","adongCd":"11350560","adongNm":"월계1동","lnoCd":"1135010200109420000","lnoAdr":"서울특별시 노원구 월계동 942","rdnmAdr":"서울특별시 노원구 월계로 338","bldMngNo":"1135010200109420000018688","bldNm":"월계역신도브래뉴","flrNo":"지","complex_id":"apt.1135010200109420000","complex_name":"월계역신도브래뉴"}},{"type":"Feature","id":"sbiz.MA010120220804369215","geometry":{"type":"Point","coordinates":[127.058114583965,37.6283405102028]},"properties":{"bizesId":"MA010120220804369215","bizesNm":"화돌농장제주흑다돈","brchNm":"노원점","indsLclsCd":"I2","indsLclsNm":"음식","indsMclsNm":"한식","indsSclsNm":"돼지고기 구이/찜","adongCd":"11350560","adongNm":"월계1동","lnoCd":"1135010200102970000","lnoAdr":"서울특별시 노원구 월계동 297","rdnmAdr":"서울특별시 노원구 광운로 133","bldMngNo":"1135010200102970000017776"}},{"type":"Feature","id":"sbiz.MA010120220803953067","geometry":{"type":"Point","coordinates":[127.058206082223,37.6294576880957]},"properties":{"bizesId":"MA010120220803953067","bizesNm":"신화모터스","indsLclsCd":"S2","indsLclsNm":"수리·개인","indsMclsNm":"모터사이클 수리","indsSclsNm":"모터사이클 수리업","adongCd":"11350560","adongNm":"월계1동","lnoCd":"1135010200102920006","lnoAdr":"서울특별시 노원구 월계동 292-6","rdnmAdr":"서울특별시 노원구 월계로 340","bldMngNo":"1135010200102920006018614","bldNm":"목화빌라","flrNo":"1"}},{"type":"Feature","id":"sbiz.MA010120220804357080","geometry":{"type":"Point","coordinates":[127.058206082223,37.6294576880957]},"properties":{"bizesId":"MA010120220804357080","bizesNm":"동해수산물직판장","indsLclsCd":"I2","indsLclsNm":"음식","indsMclsNm":"한식","indsSclsNm":"횟집","adongCd":"11350560","adongNm":"월계1동","lnoCd":"1135010200102920006","lnoAdr":"서울특별시 노원구 월계동 292-6","rdnmAdr":"서울특별시 노원구 월계로 340","bldMngNo":"1135010200102920006018614","bldNm":"목화빌라","flrNo":"1"}},{"type":"Feature","id":"sbiz.MA010120220807807293","geometry":{"type":"Point","coordinates":[127.058210089362,37.6200694024342]},"properties":{"bizesId":"MA010120220807807293","bizesNm":"팔팔부대찌개","indsLclsCd":"I2","indsLclsNm":"음식","indsMclsNm":"한식","indsSclsNm":"횟집","adongCd":"11350560","adongNm":"월계1동","lnoCd":"1135010200104650021","lnoAdr":"서울특별시 노원구 월계동 465-21","rdnmAdr":"서울특별시 노원구 광운로 25","bldMngNo":"1135010200104650021018627"}},{"type":"Feature","id":"sbiz.MA0101202301A0026153","geometry":{"type":"Point","coordinates":[127.058210089362,37.6200694024342]},"properties":{"bizesId":"MA0101202301A0026153","bizesNm":"프랭크버거","brchNm":"광운대점","indsLclsCd":"I2","indsLclsNm":"음식","indsMclsNm":"기타 간이","indsSclsNm":"버거","adongCd":"11350560","adongNm":"월계1동","lnoCd":"1135010200104650021","lnoAdr":"서울특별시 노원구 월계동 465-21","rdnmAdr":"서울특별시 노원구 광운로 25","bldMngNo":"1135010200104650021018627","flrNo":"1"}},{"type":"Feature","id":"sbiz.MA010120220804356832","geometry":{"type":"Point","coordinates":[127.058210089362,37.6200694024342]},"properties":{"bizesId":"MA010120220804356832","bizesNm":"현대사","indsLclsCd":"N1","indsLclsNm":"시설관리·임대","indsMclsNm":"사무 지원","indsSclsNm":"복사업","adongCd":"11350560","adongNm":"월계1동","lnoCd":"1135010200104650021","lnoAdr":"서울특별시 노원구 월계동 465-21","rdnmAdr":"서울특별시 노원구 광운로 25","bldMngNo":"1135010200104650021018627"}},{"type":"Feature","id":"sbiz.MA010120220804968718","geometry":{"type":"Point","coordinates":[127.058210089362,37.6200694024342]},"properties":{"bizesId":"MA010120220804968718","bizesNm":"커피온리","brchNm":"광운대점","indsLclsCd":"I2","indsLclsNm":"음식","indsMclsNm":"비알코올 ","indsSclsNm":"카페","adongCd":"11350560","adongNm":"월계1동","lnoCd":"1135010200104650021","lnoAdr":"서울특별시 노원구 월계동 465-21","rdnmAdr":"서울특별시 노원구 광운로 25","bldMngNo":"1135010200104650021018627","flrNo":"1"}},{"type":"Feature","id":"sbiz.MA0101202210A0030144","geometry":{"type":"Point","coordinates":[127.058243487341,37.6193215661688]},"properties":{"bizesId":"MA0101202210A0030144","bizesNm":"컴포즈커피광운대80주년","brchNm":"기념관점","indsLclsCd":"I2","indsLclsNm":"음식","indsMclsNm":"비알코올 ","indsSclsNm":"카페","adongCd":"11350560","adongNm":"월계1동","lnoCd":"1135010200104470001","lnoAdr":"서울특별시 노원구 월계동 447-1","rdnmAdr":"서울특별시 노원구 광운로 20","bldMngNo":"1135010200104470001019117","bldNm":"광운대학교","flrNo":"1"}},{"type":"Feature","id":"sbiz.MA010120220804353813","geometry":{"type":"Point","coordinates":[127.058295598682,37.6280340855365]},"properties":{"bizesId":"MA010120220804353813","bizesNm":"세진24시셀프세차장","indsLclsCd":"S2","indsLclsNm":"수리·개인","indsMclsNm":"자동차 수리·세차","indsSclsNm":"자동차 세차장","adongCd":"11350560","adongNm":"월계1동","lnoCd":"1135010200102980002","lnoAdr":"서울특별시 노원구 월계동 298-2","rdnmAdr":"서울특별시 노원구 광운로 131","bldMngNo":"1135010200102980002017781"}},{"type":"Feature","id":"sbiz.MA010120220805202419","geometry":{"type":"Point","coordinates":[127.058323473161,37.6202135044681]},"properties":{"bizesId":"MA010120220805202419","bizesNm":"장수국수","indsLclsCd":"I2","indsLclsNm":"음식","indsMclsNm":"한식","indsSclsNm":"국수/칼국수","adongCd":"11350560","adongNm":"월계1동","lnoCd":"1135010200104650011","lnoAdr":"서울특별시 노원구 월계동 465-11","rdnmAdr":"서울특별시 노원구 광운로 27","bldMngNo":"1135010200104650011018349","flrNo":"2"}},{"type":"Feature","id":"sbiz.MA010120220804320399","geometry":{"type":"Point","coordinates":[127.058323473161,37.6202135044681]},"properties":{"bizesId":"MA010120220804320399","bizesNm":"조은문화사","indsLclsCd":"N1","indsLclsNm":"시설관리·임대","indsMclsNm":"사무 지원","indsSclsNm":"복사업","adongCd":"11350560","adongNm":"월계1동","lnoCd":"1135010200104650011","lnoAdr":"서울특별시 노원구 월계동 465-11","rdnmAdr":"서울특별시 노원구 광운로 27","bldMngNo":"1135010200104650011018349","bldNm":"지","flrNo":"1"}},{"type":"Feature","id":"sbiz.MA010120220809801908","geometry":{"type":"Point","coordinates":[127.058323473161,37.6202135044681]},"properties":{"bizesId":"MA010120220809801908","bizesNm":"한끼","indsLclsCd":"I2","indsLclsNm":"음식","indsMclsNm":"한식","indsSclsNm":"백반/한정식","adongCd":"11350560","adongNm":"월계1동","lnoCd":"1135010200104650011","lnoAdr":"서울특별시 노원구 월계동 465-11","rdnmAdr":"서울특별시 노원구 광운로 27","bldMngNo":"1135010200104650011018349","flrNo":"1"}},{"type":"Feature","id":"sbiz.MA010120220812487745","geometry":{"type":"Point","coordinates":[127.058323473161,37.6202135044681]},"properties":{"bizesId":"MA010120220812487745","bizesNm":"지지고","brchNm":"광운대점","indsLclsCd":"I2","indsLclsNm":"음식","indsMclsNm":"한식","indsSclsNm":"백반/한정식","adongCd":"11350560","adongNm":"월계1동","lnoCd":"1135010200104650011","lnoAdr":"서울특별시 노원구 월계동 465-11","rdnmAdr":"서울특별시 노원구 광운로 27","bldMngNo":"1135010200104650011018349","flrNo":"1"}},{"type":"Feature","id":"sbiz.MA010120220811825517","geometry":{"type":"Point","coordinates":[127.058334096341,37.6193125115343]},"properties":{"bizesId":"MA010120220811825517","bizesNm":"김가네","brchNm":"광운대점","indsLclsCd":"I2","indsLclsNm":"음식","indsMclsNm":"기타 간이","indsSclsNm":"김밥/만두/분식","adongCd":"11350560","adongNm":"월계1동","lnoCd":"1135010200104470001","lnoAdr":"서울특별시 노원구 월계동 447-1","rdnmAdr":"서울특별시 노원구 광운로 20","bldMngNo":"1135010200104470001019117","bldNm":"광운대학교","flrNo":"1"}},{"type":"Feature","id":"sbiz.MA010120220813059693","geometry":{"type":"Point","coordinates":[127.058334096341,37.6193125115343]},"properties":{"bizesId":"MA010120220813059693","bizesNm":"플라즈마바이오산업진흥협회","indsLclsCd":"P1","indsLclsNm":"교육","indsMclsNm":"기타 교육","indsSclsNm":"직원 훈련기관","adongCd":"11350560","adongNm":"월계1동","lnoCd":"1135010200104470001","lnoAdr":"서울특별시 노원구 월계동 447-1","rdnmAdr":"서울특별시 노원구 광운로 20","bldMngNo":"1135010200104470001019117","bldNm":"옥의관광운대학교"}},{"type":"Feature","id":"sbiz.MA010120220804367983","geometry":{"type":"Point","coordinates":[127.058334096341,37.6193125115343]},"properties":{"bizesId":"MA010120220804367983","bizesNm":"GS25광운문화관점","indsLclsCd":"G2","indsLclsNm":"소매","indsMclsNm":"종합 소매","indsSclsNm":"편의점","adongCd":"11350560","adongNm":"월계1동","lnoCd":"1135010200104470001","lnoAdr":"서울특별시 노원구 월계동 447-1","rdnmAdr":"서울특별시 노원구 광운로 20","bldMngNo":"1135010200104470001019117","bldNm":"광운대학교","flrNo":"1"}},{"type":"Feature","id":"sbiz.MA010120220804371741","geometry":{"type":"Point","coordinates":[127.058334096341,37.6193125115343]},"properties":{"bizesId":"MA010120220804371741","bizesNm":"마오중식","indsLclsCd":"I2","indsLclsNm":"음식","indsMclsNm":"중식","indsSclsNm":"중국집","adongCd":"11350560","adongNm":"월계1동","lnoCd":"1135010200104470001","lnoAdr":"서울특별시 노원구 월계동 447-1","rdnmAdr":"서울특별시 노원구 광운로 20","bldMngNo":"1135010200104470001019117","bldNm":"광운대학교","flrNo":"1"}},{"type":"Feature","id":"sbiz.MA010120220808140723","geometry":{"type":"Point","coordinates":[127.058334096341,37.6193125115343]},"properties":{"bizesId":"MA010120220808140723","bizesNm":"CU","brchNm":"광운대점","indsLclsCd":"G2","indsLclsNm":"소매","indsMclsNm":"종합 소매","indsSclsNm":"편의점","adongCd":"11350560","adongNm":"월계1동","lnoCd":"1135010200104470001","lnoAdr":"서울특별시 노원구 월계동 447-1","rdnmAdr":"서울특별시 노원구 광운로 20","bldMngNo":"1135010200104470001019117","bldNm":"광운대학교","flrNo":"2"}},{"type":"Feature","id":"sbiz.MA010120220810306816","geometry":{"type":"Point","coordinates":[127.058334096341,37.6193125115343]},"properties":{"bizesId":"MA010120220810306816","bizesNm":"솔라벨스트릿츄러스","brchNm":"광운대점","indsLclsCd":"I2","indsLclsNm":"음식","indsMclsNm":"기타 간이","indsSclsNm":"빵/도넛","adongCd":"11350560","adongNm":"월계1동","lnoCd":"1135010200104470001","lnoAdr":"서울특별시 노원구 월계동 447-1","rdnmAdr":"서울특별시 노원구 광운로 20","bldMngNo":"1135010200104470001019117","bldNm":"광운대학교","flrNo":"1"}},{"type":"Feature","id":"sbiz.MA010120220807221694","geometry":{"type":"Point","coordinates":[127.058334096341,37.6193125115343]},"properties":{"bizesId":"MA010120220807221694","bizesNm":"더에이치엠한솥도시락","brchNm":"광운대점","indsLclsCd":"I2","indsLclsNm":"음식","indsMclsNm":"한식","indsSclsNm":"백반/한정식","adongCd":"11350560","adongNm":"월계1동","lnoCd":"1135010200104470001","lnoAdr":"서울특별시 노원구 월계동 447-1","rdnmAdr":"서울특별시 노원구 광운로 20","bldMngNo":"1135010200104470001019117","bldNm":"광운대학교","flrNo":"1"}},{"type":"Feature","id":"sbiz.MA010120220813887809","geometry":{"type":"Point","coordinates":[127.058334096341,37.6193125115343]},"properties":{"bizesId":"MA010120220813887809","bizesNm":"브레댄코","brchNm":"광운대점","indsLclsCd":"I2","indsLclsNm":"음식","indsMclsNm":"기타 간이","indsSclsNm":"빵/도넛","adongCd":"11350560","adongNm":"월계1동","lnoCd":"1135010200104470001","lnoAdr":"서울특별시 노원구 월계동 447-1","rdnmAdr":"서울특별시 노원구 광운로 20","bldMngNo":"1135010200104470001019117","bldNm":"광운대학교","flrNo":"1"}},{"type":"Feature","id":"sbiz.MA010120220804390416","geometry":{"type":"Point","coordinates":[127.058334096341,37.6193125115343]},"properties":{"bizesId":"MA010120220804390416","bizesNm":"정오아카데미주","brchNm":"광운대점","indsLclsCd":"I2","indsLclsNm":"음식","indsMclsNm":"구내식당·뷔페","indsSclsNm":"구내식당","adongCd":"11350560","adongNm":"월계1동","lnoCd":"1135010200104470001","lnoAdr":"서울특별시 노원구 월계동 447-1","rdnmAdr":"서울특별시 노원구 광운로 20","bldMngNo":"1135010200104470001019117","bldNm":"광운대학교","flrNo":"3"}},{"type":"Feature","id":"sbiz.MA010120220804347610","geometry":{"type":"Point","coordinates":[127.058334096341,37.6193125115343]},"properties":{"bizesId":"MA010120220804347610","bizesNm":"교내문구","indsLclsCd":"G2","indsLclsNm":"소매","indsMclsNm":"오락용품 소매","indsSclsNm":"문구/회화용품 소매업","adongCd":"11350560","adongNm":"월계1동","lnoCd":"1135010200104470001","lnoAdr":"서울특별시 노원구 월계동 447-1","rdnmAdr":"서울특별시 노원구 광운로 20","bldMngNo":"1135010200104470001019117"}},{"type":"Feature","id":"sbiz.MA010120220805188847","geometry":{"type":"Point","coordinates":[127.058334096341,37.6193125115343]},"properties":{"bizesId":"MA010120220805188847","bizesNm":"카츠3.3","brchNm":"광운대점","indsLclsCd":"I2","indsLclsNm":"음식","indsMclsNm":"일식","indsSclsNm":"일식 회/초밥","adongCd":"11350560","adongNm":"월계1동","lnoCd":"1135010200104470001","lnoAdr":"서울특별시 노원구 월계동 447-1","rdnmAdr":"서울특별시 노원구 광운로 20","bldMngNo":"1135010200104470001019117","bldNm":"광운대학교","flrNo":"1"}},{"type":"Feature","id":"sbiz.MA010120220804389258","geometry":{"type":"Point","coordinates":[127.058334096341,37.6193125115343]},"properties":{"bizesId":"MA010120220804389258","bizesNm":"학교법인광운학원","indsLclsCd":"P1","indsLclsNm":"교육","indsMclsNm":"교육 지원","indsSclsNm":"기타 교육지원 서비스업","adongCd":"11350560","adongNm":"월계1동","lnoCd":"1135010200104470001","lnoAdr":"서울특별시 노원구 월계동 447-1","rdnmAdr":"서울특별시 노원구 광운로 20","bldMngNo":"1135010200104470001019117","flrNo":"1"}},{"type":"Feature","id":"sbiz.MA010120220809826669","geometry":{"type":"Point","coordinates":[127.058334096341,37.6193125115343]},"properties":{"bizesId":"MA010120220809826669","bizesNm":"씨유광운대기숙사점","indsLclsCd":"G2","indsLclsNm":"소매","indsMclsNm":"종합 소매","indsSclsNm":"편의점","adongCd":"11350560","adongNm":"월계1동","lnoCd":"1135010200104470001","lnoAdr":"서울특별시 노원구 월계동 447-1","rdnmAdr":"서울특별시 노원구 광운로 20","bldMngNo":"1135010200104470001019117","bldNm":"광운대학교","flrNo":"1"}},{"type":"Feature","id":"sbiz.MA010120220803888745","geometry":{"type":"Point","coordinates":[127.058425509083,37.6203305823808]},"properties":{"bizesId":"MA010120220803888745","bizesNm":"한글사랑","indsLclsCd":"N1","indsLclsNm":"시설관리·임대","indsMclsNm":"사무 지원","indsSclsNm":"복사업","adongCd":"11350560","adongNm":"월계1동","lnoCd":"1135010200104650010","lnoAdr":"서울특별시 노원구 월계동 465-10","rdnmAdr":"서울특별시 노원구 광운로 29","bldMngNo":"1135010200104650010018348","bldNm":"한글사랑","flrNo":"1"}},{"type":"Feature","id":"sbiz.MA010120220810422088","geometry":{"type":"Point","coordinates":[127.058425509083,37.6203305823808]},"properties":{"bizesId":"MA010120220810422088","bizesNm":"윤스쿡","indsLclsCd":"I2","indsLclsNm":"음식","indsMclsNm":"기타 간이","indsSclsNm":"김밥/만두/분식","adongCd":"11350560","adongNm":"월계1동","lnoCd":"1135010200104650010","lnoAdr":"서울특별시 노원구 월계동 465-10","rdnmAdr":"서울특별시 노원구 광운로 29","bldMngNo":"1135010200104650010018348","flrNo":"2"}},{"type":"Feature","id":"sbiz.MA010120220804358387","geometry":{"type":"Point","coordinates":[127.058425509083,37.6203305823808]},"properties":{"bizesId":"MA010120220804358387","bizesNm":"업소명없음","indsLclsCd":"I1","indsLclsNm":"숙박","indsMclsNm":"기타 숙박","indsSclsNm":"기숙사/고시원","adongCd":"11350560","adongNm":"월계1동","lnoCd":"1135010200104650010","lnoAdr":"서울특별시 노원구 월계동 465-10","rdnmAdr":"서울특별시 노원구 광운로 29","bldMngNo":"1135010200104650010018348"}},{"type":"Feature","id":"sbiz.MA010120220804354320","geometry":{"type":"Point","coordinates":[127.058425509083,37.6203305823808]},"properties":{"bizesId":"MA010120220804354320","bizesNm":"이디야","brchNm":"광운대점","indsLclsCd":"I2","indsLclsNm":"음식","indsMclsNm":"비알코올 ","indsSclsNm":"카페","adongCd":"11350560","adongNm":"월계1동","lnoCd":"1135010200104650010","lnoAdr":"서울특별시 노원구 월계동 465-10","rdnmAdr":"서울특별시 노원구 광운로 29","bldMngNo":"1135010200104650010018348","flrNo":"1"}},{"type":"Feature","id":"sbiz.MA010120220803956700","geometry":{"type":"Point","coordinates":[127.058493556738,37.6204386671799]},"properties":{"bizesId":"MA010120220803956700","bizesNm":"미래문구","indsLclsCd":"G2","indsLclsNm":"소매","indsMclsNm":"오락용품 소매","indsSclsNm":"문구/회화용품 소매업","adongCd":"11350560","adongNm":"월계1동","lnoCd":"1135010200104650009","lnoAdr":"서울특별시 노원구 월계동 465-9","rdnmAdr":"서울특별시 노원구 광운로 31","bldMngNo":"1135010200104650009018346"}},{"type":"Feature","id":"sbiz.MA010120220800710881","geometry":{"type":"Point","coordinates":[127.058493556738,37.6204386671799]},"properties":{"bizesId":"MA010120220800710881","bizesNm":"쌈","indsLclsCd":"I2","indsLclsNm":"음식","indsMclsNm":"한식","indsSclsNm":"돼지고기 구이/찜","adongCd":"11350560","adongNm":"월계1동","lnoCd":"1135010200104650009","lnoAdr":"서울특별시 노원구 월계동 465-9","rdnmAdr":"서울특별시 노원구 광운로 31","bldMngNo":"1135010200104650009018346"}},{"type":"Feature","id":"sbiz.MA010120220804349201","geometry":{"type":"Point","coordinates":[127.058493556738,37.6204386671799]},"properties":{"bizesId":"MA010120220804349201","bizesNm":"디델리","indsLclsCd":"I2","indsLclsNm":"음식","indsMclsNm":"기타 간이","indsSclsNm":"김밥/만두/분식","adongCd":"11350560","adongNm":"월계1동","lnoCd":"1135010200104650009","lnoAdr":"서울특별시 노원구 월계동 465-9","rdnmAdr":"서울특별시 노원구 광운로 31","bldMngNo":"1135010200104650009018346","flrNo":"1"}},{"type":"Feature","id":"sbiz.MA010120220802931834","geometry":{"type":"Point","coordinates":[127.058516465311,37.6207630113413]},"properties":{"bizesId":"MA010120220802931834","bizesNm":"깨끗한세상","indsLclsCd":"N1","indsLclsNm":"시설관리·임대","indsMclsNm":"청소·방제","indsSclsNm":"건축물 일반 청소업","adongCd":"11350560","adongNm":"월계1동","lnoCd":"1135010200104020017","lnoAdr":"서울특별시 노원구 월계동 402-17","rdnmAdr":"서울특별시 노원구 광운로7길 6","bldMngNo":"1135010200104020017018224"}},{"type":"Feature","id":"sbiz.MA010120220801778788","geometry":{"type":"Point","coordinates":[127.058550524707,37.6208621030739]},"properties":{"bizesId":"MA010120220801778788","bizesNm":"레드컵스","indsLclsCd":"I2","indsLclsNm":"음식","indsMclsNm":"기타 간이","indsSclsNm":"그 외 기타 간이 음식점","adongCd":"11350560","adongNm":"월계1동","lnoCd":"1135010200104020011","lnoAdr":"서울특별시 노원구 월계동 402-11","rdnmAdr":"서울특별시 노원구 광운로 35-1","bldMngNo":"1135010200104020011018418","bldNm":"좌측"}},{"type":"Feature","id":"sbiz.MA010120220810233191","geometry":{"type":"Point","coordinates":[127.058550524707,37.6208621030739]},"properties":{"bizesId":"MA010120220810233191","bizesNm":"쥬씨&와피","brchNm":"광운대점","indsLclsCd":"I2","indsLclsNm":"음식","indsMclsNm":"비알코올 ","indsSclsNm":"카페","adongCd":"11350560","adongNm":"월계1동","lnoCd":"1135010200104020011","lnoAdr":"서울특별시 노원구 월계동 402-11","rdnmAdr":"서울특별시 노원구 광운로 35-1","bldMngNo":"1135010200104020011018418"}},{"type":"Feature","id":"sbiz.MA010120220805092843","geometry":{"type":"Point","coordinates":[127.058550524707,37.6208621030739]},"properties":{"bizesId":"MA010120220805092843","bizesNm":"멜팅그릴","brchNm":"광운대점","indsLclsCd":"I2","indsLclsNm":"음식","indsMclsNm":"기타 간이","indsSclsNm":"버거","adongCd":"11350560","adongNm":"월계1동","lnoCd":"1135010200104020011","lnoAdr":"서울특별시 노원구 월계동 402-11","rdnmAdr":"서울특별시 노원구 광운로 35-1","bldMngNo":"1135010200104020011018418"}},{"type":"Feature","id":"sbiz.MA010120220813746252","geometry":{"type":"Point","coordinates":[127.058550524707,37.6208621030739]},"properties":{"bizesId":"MA010120220813746252","bizesNm":"화로상회","indsLclsCd":"I2","indsLclsNm":"음식","indsMclsNm":"한식","indsSclsNm":"돼지고기 구이/찜","adongCd":"11350560","adongNm":"월계1동","lnoCd":"1135010200104020011","lnoAdr":"서울특별시 노원구 월계동 402-11","rdnmAdr":"서울특별시 노원구 광운로 35-1","bldMngNo":"1135010200104020011018418","flrNo":"1"}},{"type":"Feature","id":"sbiz.MA010120220804894432","geometry":{"type":"Point","coordinates":[127.058559152459,37.6174203254842]},"properties":{"bizesId":"MA010120220804894432","bizesNm":"양드림","indsLclsCd":"I2","indsLclsNm":"음식","indsMclsNm":"한식","indsSclsNm":"백반/한정식","adongCd":"11350560","adongNm":"월계1동","lnoCd":"1135010200104760023","lnoAdr":"서울특별시 노원구 월계동 476-23","rdnmAdr":"서울특별시 노원구 광운로2길 27","bldMngNo":"1135010200104760023019440","flrNo":"1"}},{"type":"Feature","id":"sbiz.MA010120220804344165","geometry":{"type":"Point","coordinates":[127.058572952988,37.6205737759318]},"properties":{"bizesId":"MA010120220804344165","bizesNm":"진짜루","indsLclsCd":"I2","indsLclsNm":"음식","indsMclsNm":"중식","indsSclsNm":"중국집","adongCd":"11350560","adongNm":"월계1동","lnoCd":"1135010200104020019","lnoAdr":"서울특별시 노원구 월계동 402-19","rdnmAdr":"서울특별시 노원구 광운로 33","bldMngNo":"1135010200104020019017759","flrNo":"1"}},{"type":"Feature","id":"sbiz.MA010120220804914354","geometry":{"type":"Point","coordinates":[127.058572952988,37.6205737759318]},"properties":{"bizesId":"MA010120220804914354","bizesNm":"푸른스시","indsLclsCd":"I2","indsLclsNm":"음식","indsMclsNm":"일식","indsSclsNm":"일식 회/초밥","adongCd":"11350560","adongNm":"월계1동","lnoCd":"1135010200104020019","lnoAdr":"서울특별시 노원구 월계동 402-19","rdnmAdr":"서울특별시 노원구 광운로 33","bldMngNo":"1135010200104020019017759","bldNm":"오른쪽호","flrNo":"1"}},{"type":"Feature","id":"sbiz.MA010120220800918449","geometry":{"type":"Point","coordinates":[127.058649992658,37.6177085965365]},"properties":{"bizesId":"MA010120220800918449","bizesNm":"썬미디어테크","indsLclsCd":"G2","indsLclsNm":"소매","indsMclsNm":"가전·통신 소매","indsSclsNm":"가전제품 소매업","adongCd":"11350560","adongNm":"월계1동","lnoCd":"1135010200104750015","lnoAdr":"서울특별시 노원구 월계동 475-15","rdnmAdr":"서울특별시 노원구 광운로2가길 9-3","bldMngNo":"1135010200104750015019289"}},{"type":"Feature","id":"sbiz.MA010120220813038643","geometry":{"type":"Point","coordinates":[127.058681718101,37.6292502256759]},"properties":{"bizesId":"MA010120220813038643","bizesNm":"인헬서짐월계역점","indsLclsCd":"S2","indsLclsNm":"수리·개인","indsMclsNm":"이용·미용","indsSclsNm":"미용실","adongCd":"11350560","adongNm":"월계1동","lnoCd":"1135010200109420000","lnoAdr":"서울특별시 노원구 월계동 942","rdnmAdr":"서울특별시 노원구 광운로 132","bldMngNo":"1135010200109420000018666","bldNm":"월계역신도브래뉴","flrNo":"3","complex_id":"apt.1135010200109420000","complex_name":"월계역신도브래뉴"}},{"type":"Feature","id":"sbiz.MA010120220804356994","geometry":{"type":"Point","coordinates":[127.058681718101,37.6292502256759]},"properties":{"bizesId":"MA010120220804356994","bizesNm":"일신쌀","indsLclsCd":"G2","indsLclsNm":"소매","indsMclsNm":"종합 소매","indsSclsNm":"슈퍼마켓","adongCd":"11350560","adongNm":"월계1동","lnoCd":"1135010200109420000","lnoAdr":"서울특별시 노원구 월계동 942","rdnmAdr":"서울특별시 노원구 광운로 132","bldMngNo":"1135010200109420000018666","bldNm":"월계역신도브래뉴","flrNo":"1","complex_id":"apt.1135010200109420000","complex_name":"월계역신도브래뉴"}},{"type":"Feature","id":"sbiz.MA010120220808398887","geometry":{"type":"Point","coordinates":[127.058681718101,37.6292502256759]},"properties":{"bizesId":"MA010120220808398887","bizesNm":"키라키라윤","indsLclsCd":"I2","indsLclsNm":"음식","indsMclsNm":"주점","indsSclsNm":"요리 주점","adongCd":"11350560","adongNm":"월계1동","lnoCd":"1135010200109420000","lnoAdr":"서울특별시 노원구 월계동 942","rdnmAdr":"서울특별시 노원구 광운로 132","bldMngNo":"1135010200109420000018666","bldNm":"월계역신도브래뉴","complex_id":"apt.1135010200109420000","complex_name":"월계역신도브래뉴"}},{"type":"Feature","id":"sbiz.MA010120220813309571","geometry":{"type":"Point","coordinates":[127.058681718101,37.6292502256759]},"properties":{"bizesId":"MA010120220813309571","bizesNm":"니하오마라탕월계점","indsLclsCd":"I2","indsLclsNm":"음식","indsMclsNm":"중식","indsSclsNm":"마라탕/훠궈","adongCd":"11350560","adongNm":"월계1동","lnoCd":"1135010200109420000","lnoAdr":"서울특별시 노원구 월계동 942","rdnmAdr":"서울특별시 노원구 광운로 132","bldMngNo":"1135010200109420000018666","bldNm":"월계역신도브래뉴","flrNo":"1","complex_id":"apt.1135010200109420000","complex_name":"월계역신도브래뉴"}},{"type":"Feature","id":"sbiz.MA010120220812770260","geometry":{"type":"Point","coordinates":[127.058686317006,37.620690847988]},"properties":{"bizesId":"MA010120220812770260","bizesNm":"신연마라탕","indsLclsCd":"I2","indsLclsNm":"음식","indsMclsNm":"중식","indsSclsNm":"마라탕/훠궈","adongCd":"11350560","adongNm":"월계1동","lnoCd":"1135010200104020018","lnoAdr":"서울특별시 노원구 월계동 402-18","rdnmAdr":"서울특별시 노원구 광운로 35","bldMngNo":"1135010200104020018018595","flrNo":"2"}},{"type":"Feature","id":"sbiz.MA010120220804371941","geometry":{"type":"Point","coordinates":[127.058704743635,37.6297187270429]},"properties":{"bizesId":"MA010120220804371941","bizesNm":"보라헤어클럽","indsLclsCd":"S2","indsLclsNm":"수리·개인","indsMclsNm":"이용·미용","indsSclsNm":"미용실","adongCd":"11350560","adongNm":"월계1동","lnoCd":"1135010200102890005","lnoAdr":"서울특별시 노원구 월계동 289-5","rdnmAdr":"서울특별시 노원구 월계로 346","bldMngNo":"1135010200102890005018509","bldNm":"현대아파트","flrNo":"2","complex_id":"apt.1135010200102890005","complex_name":"현대아파트"}},{"type":"Feature","id":"sbiz.MA010120220804358932","geometry":{"type":"Point","coordinates":[127.058762919904,37.6172760661027]},"properties":{"bizesId":"MA010120220804358932","bizesNm":"대박공인중개사사무소","indsLclsCd":"L1","indsLclsNm":"부동산","indsMclsNm":"부동산 서비스","indsSclsNm":"부동산 중개/대리업","adongCd":"11350560","adongNm":"월계1동","lnoCd":"1135010200104760001","lnoAdr":"서울특별시 노원구 월계동 476-1","rdnmAdr":"서울특별시 노원구 광운로2길 33","bldMngNo":"1135010200104760001019149","flrNo":"1"}},{"type":"Feature","id":"sbiz.MA010120220805134425","geometry":{"type":"Point","coordinates":[127.058788425097,37.6208980242925]},"properties":{"bizesId":"MA010120220805134425","bizesNm":"바이민","indsLclsCd":"S2","indsLclsNm":"수리·개인","indsMclsNm":"이용·미용","indsSclsNm":"미용실","adongCd":"11350560","adongNm":"월계1동","lnoCd":"1135010200104020053","lnoAdr":"서울특별시 노원구 월계동 402-53","rdnmAdr":"서울특별시 노원구 광운로 37-1","bldMngNo":"1135010200104020053018287","bldNm":"광운빌딩","flrNo":"1"}},{"type":"Feature","id":"sbiz.MA010120220804357118","geometry":{"type":"Point","coordinates":[127.058788425097,37.6208980242925]},"properties":{"bizesId":"MA010120220804357118","bizesNm":"광운사진실","indsLclsCd":"M1","indsLclsNm":"과학·기술","indsMclsNm":"사진 촬영","indsSclsNm":"사진촬영업","adongCd":"11350560","adongNm":"월계1동","lnoCd":"1135010200104020053","lnoAdr":"서울특별시 노원구 월계동 402-53","rdnmAdr":"서울특별시 노원구 광운로 37-1","bldMngNo":"1135010200104020053018287"}},{"type":"Feature","id":"sbiz.MA010120220803944224","geometry":{"type":"Point","coordinates":[127.05881813597,37.6298538184944]},"properties":{"bizesId":"MA010120220803944224","bizesNm":"일신컨설팅","indsLclsCd":"L1","indsLclsNm":"부동산","indsMclsNm":"부동산 서비스","indsSclsNm":"부동산 중개/대리업","adongCd":"11350560","adongNm":"월계1동","lnoCd":"1135010200102900001","lnoAdr":"서울특별시 노원구 월계동 290-1","rdnmAdr":"서울특별시 노원구 광운로22길 39","bldMngNo":"1135010200102900001017703"}},{"type":"Feature","id":"sbiz.MA010120220803515154","geometry":{"type":"Point","coordinates":[127.05881813597,37.6298538184944]},"properties":{"bizesId":"MA010120220803515154","bizesNm":"이디야월계인덕점","indsLclsCd":"I2","indsLclsNm":"음식","indsMclsNm":"비알코올 ","indsSclsNm":"카페","adongCd":"11350560","adongNm":"월계1동","lnoCd":"1135010200102900001","lnoAdr":"서울특별시 노원구 월계동 290-1","rdnmAdr":"서울특별시 노원구 광운로22길 39","bldMngNo":"1135010200102900001017703","bldNm":"ID시티","flrNo":"1"}},{"type":"Feature","id":"sbiz.MA010120220808819245","geometry":{"type":"Point","coordinates":[127.058890754075,37.6213845065016]},"properties":{"bizesId":"MA010120220808819245","bizesNm":"앤네일","indsLclsCd":"S2","indsLclsNm":"수리·개인","indsMclsNm":"이용·미용","indsSclsNm":"네일숍","adongCd":"11350560","adongNm":"월계1동","lnoCd":"1135010200103930010","lnoAdr":"서울특별시 노원구 월계동 393-10","rdnmAdr":"서울특별시 노원구 광운로13길 5","bldMngNo":"1135010200103930010018406"}},{"type":"Feature","id":"sbiz.MA010120220812961884","geometry":{"type":"Point","coordinates":[127.058890754075,37.6213845065016]},"properties":{"bizesId":"MA010120220812961884","bizesNm":"예랑음악교습소","indsLclsCd":"P1","indsLclsNm":"교육","indsMclsNm":"기타 교육","indsSclsNm":"음악학원","adongCd":"11350560","adongNm":"월계1동","lnoCd":"1135010200103930010","lnoAdr":"서울특별시 노원구 월계동 393-10","rdnmAdr":"서울특별시 노원구 광운로13길 5","bldMngNo":"1135010200103930010018406","bldNm":"일부","flrNo":"4"}},{"type":"Feature","id":"sbiz.MA010120220803633208","geometry":{"type":"Point","coordinates":[127.058890754075,37.6213845065016]},"properties":{"bizesId":"MA010120220803633208","bizesNm":"에스헤어","indsLclsCd":"S2","indsLclsNm":"수리·개인","indsMclsNm":"이용·미용","indsSclsNm":"미용실","adongCd":"11350560","adongNm":"월계1동","lnoCd":"1135010200103930010","lnoAdr":"서울특별시 노원구 월계동 393-10","rdnmAdr":"서울특별시 노원구 광운로13길 5","bldMngNo":"1135010200103930010018406","flrNo":"1"}},{"type":"Feature","id":"sbiz.MA010120220811880255","geometry":{"type":"Point","coordinates":[127.058913159867,37.6210691497077]},"properties":{"bizesId":"MA010120220811880255","bizesNm":"땡초불닭발엽기떡볶이월계점","brchNm":"동대문","indsLclsCd":"I2","indsLclsNm":"음식","indsMclsNm":"기타 간이","indsSclsNm":"김밥/만두/분식","adongCd":"11350560","adongNm":"월계1동","lnoCd":"1135010200104020007","lnoAdr":"서울특별시 노원구 월계동 402-7","rdnmAdr":"서울특별시 노원구 광운로 39","bldMngNo":"1135010200104020007018317","flrNo":"1"}},{"type":"Feature","id":"sbiz.MA010120220803901177","geometry":{"type":"Point","coordinates":[127.058913159867,37.6210691497077]},"properties":{"bizesId":"MA010120220803901177","bizesNm":"맛불","indsLclsCd":"I2","indsLclsNm":"음식","indsMclsNm":"한식","indsSclsNm":"백반/한정식","adongCd":"11350560","adongNm":"월계1동","lnoCd":"1135010200104020007","lnoAdr":"서울특별시 노원구 월계동 402-7","rdnmAdr":"서울특별시 노원구 광운로 39","bldMngNo":"1135010200104020007018317"}},{"type":"Feature","id":"sbiz.MA010120220814388848","geometry":{"type":"Point","coordinates":[127.058913159867,37.6210691497077]},"properties":{"bizesId":"MA010120220814388848","bizesNm":"엔비짐PT","indsLclsCd":"R1","indsLclsNm":"예술·스포츠","indsMclsNm":"스포츠 서비스","indsSclsNm":"헬스장","adongCd":"11350560","adongNm":"월계1동","lnoCd":"1135010200104020007","lnoAdr":"서울특별시 노원구 월계동 402-7","rdnmAdr":"서울특별시 노원구 광운로 39","bldMngNo":"1135010200104020007018317","flrNo":"3"}},{"type":"Feature","id":"sbiz.MA010120220812014654","geometry":{"type":"Point","coordinates":[127.058913159867,37.6210691497077]},"properties":{"bizesId":"MA010120220812014654","bizesNm":"리코스타코인노래연습장","brchNm":"광운대점","indsLclsCd":"R1","indsLclsNm":"예술·스포츠","indsMclsNm":"유원지·오락","indsSclsNm":"노래방","adongCd":"11350560","adongNm":"월계1동","lnoCd":"1135010200104020007","lnoAdr":"서울특별시 노원구 월계동 402-7","rdnmAdr":"서울특별시 노원구 광운로 39","bldMngNo":"1135010200104020007018317","flrNo":"지"}},{"type":"Feature","id":"sbiz.MA010120220804368807","geometry":{"type":"Point","coordinates":[127.058913159867,37.6210691497077]},"properties":{"bizesId":"MA010120220804368807","bizesNm":"영은공인중개사사무소","indsLclsCd":"L1","indsLclsNm":"부동산","indsMclsNm":"부동산 서비스","indsSclsNm":"부동산 중개/대리업","adongCd":"11350560","adongNm":"월계1동","lnoCd":"1135010200104020007","lnoAdr":"서울특별시 노원구 월계동 402-7","rdnmAdr":"서울특별시 노원구 광운로 39","bldMngNo":"1135010200104020007018317","bldNm":"좌측끝","flrNo":"1"}},{"type":"Feature","id":"sbiz.MA010120220805639219","geometry":{"type":"Point","coordinates":[127.058913159867,37.6210691497077]},"properties":{"bizesId":"MA010120220805639219","bizesNm":"수해복마라탕","indsLclsCd":"I2","indsLclsNm":"음식","indsMclsNm":"중식","indsSclsNm":"마라탕/훠궈","adongCd":"11350560","adongNm":"월계1동","lnoCd":"1135010200104020007","lnoAdr":"서울특별시 노원구 월계동 402-7","rdnmAdr":"서울특별시 노원구 광운로 39","bldMngNo":"1135010200104020007018317","flrNo":"2"}},{"type":"Feature","id":"sbiz.MA010120220804353876","geometry":{"type":"Point","coordinates":[127.058944267931,37.6174291436265]},"properties":{"bizesId":"MA010120220804353876","bizesNm":"신원설비","indsLclsCd":"S2","indsLclsNm":"수리·개인","indsMclsNm":"기타 가정용품 수리","indsSclsNm":"그 외 기타 개인/가정용품 수리업","adongCd":"11350560","adongNm":"월계1동","lnoCd":"1135010200104790013","lnoAdr":"서울특별시 노원구 월계동 479-13","rdnmAdr":"서울특별시 노원구 광운로2가길 8","bldMngNo":"1135010200104790013019317"}},{"type":"Feature","id":"sbiz.MA010120220811219556","geometry":{"type":"Point","coordinates":[127.058948173221,37.6223755639234]},"properties":{"bizesId":"MA010120220811219556","bizesNm":"서울수플레","indsLclsCd":"I2","indsLclsNm":"음식","indsMclsNm":"비알코올 ","indsSclsNm":"카페","adongCd":"11350560","adongNm":"월계1동","lnoCd":"1135010200103900010","lnoAdr":"서울특별시 노원구 월계동 390-10","rdnmAdr":"서울특별시 노원구 광운로17길 13","bldMngNo":"1135010200103900010018189","bldNm":"시원하림스위트"}},{"type":"Feature","id":"sbiz.MA010120220807002358","geometry":{"type":"Point","coordinates":[127.058992557547,37.6212042581616]},"properties":{"bizesId":"MA010120220807002358","bizesNm":"광운꽃방","indsLclsCd":"G2","indsLclsNm":"소매","indsMclsNm":"식물 소매","indsSclsNm":"꽃집","adongCd":"11350560","adongNm":"월계1동","lnoCd":"1135010200104020006","lnoAdr":"서울특별시 노원구 월계동 402-6","rdnmAdr":"서울특별시 노원구 광운로 41","bldMngNo":"1135010200104020006018307"}},{"type":"Feature","id":"sbiz.MA010120220803957956","geometry":{"type":"Point","coordinates":[127.058992557547,37.6212042581616]},"properties":{"bizesId":"MA010120220803957956","bizesNm":"로스２０００","indsLclsCd":"I2","indsLclsNm":"음식","indsMclsNm":"한식","indsSclsNm":"돼지고기 구이/찜","adongCd":"11350560","adongNm":"월계1동","lnoCd":"1135010200104020006","lnoAdr":"서울특별시 노원구 월계동 402-6","rdnmAdr":"서울특별시 노원구 광운로 41","bldMngNo":"1135010200104020006018307","flrNo":"2"}},{"type":"Feature","id":"sbiz.MA010120220810536437","geometry":{"type":"Point","coordinates":[127.059015326082,37.6213484047685]},"properties":{"bizesId":"MA010120220810536437","bizesNm":"빽다방","brchNm":"광운대점","indsLclsCd":"I2","indsLclsNm":"음식","indsMclsNm":"비알코올 ","indsSclsNm":"카페","adongCd":"11350560","adongNm":"월계1동","lnoCd":"1135010200103930014","lnoAdr":"서울특별시 노원구 월계동 393-14","rdnmAdr":"서울특별시 노원구 광운로 43","bldMngNo":"1135010200103930014018576"}},{"type":"Feature","id":"sbiz.MA010120220813429213","geometry":{"type":"Point","coordinates":[127.059015326082,37.6213484047685]},"properties":{"bizesId":"MA010120220813429213","bizesNm":"민들레국수","indsLclsCd":"I2","indsLclsNm":"음식","indsMclsNm":"한식","indsSclsNm":"국수/칼국수","adongCd":"11350560","adongNm":"월계1동","lnoCd":"1135010200103930014","lnoAdr":"서울특별시 노원구 월계동 393-14","rdnmAdr":"서울특별시 노원구 광운로 43","bldMngNo":"1135010200103930014018576"}},{"type":"Feature","id":"sbiz.MA010120220812768881","geometry":{"type":"Point","coordinates":[127.059060756502,37.6215015499013]},"properties":{"bizesId":"MA010120220812768881","bizesNm":"신태평약국","indsLclsCd":"G2","indsLclsNm":"소매","indsMclsNm":"의약·화장품 소매","indsSclsNm":"약국","adongCd":"11350560","adongNm":"월계1동","lnoCd":"1135010200103930001","lnoAdr":"서울특별시 노원구 월계동 393-1","rdnmAdr":"서울특별시 노원구 광운로 45","bldMngNo":"1135010200103930001018260"}},{"type":"Feature","id":"sbiz.MA010120220809783540","geometry":{"type":"Point","coordinates":[127.059060756502,37.6215015499013]},"properties":{"bizesId":"MA010120220809783540","bizesNm":"진미","indsLclsCd":"I2","indsLclsNm":"음식","indsMclsNm":"기타 간이","indsSclsNm":"치킨","adongCd":"11350560","adongNm":"월계1동","lnoCd":"1135010200103930001","lnoAdr":"서울특별시 노원구 월계동 393-1","rdnmAdr":"서울특별시 노원구 광운로 45","bldMngNo":"1135010200103930001018260"}},{"type":"Feature","id":"sbiz.MA010120220804356859","geometry":{"type":"Point","coordinates":[127.059061291088,37.6221772901552]},"properties":{"bizesId":"MA010120220804356859","bizesNm":"성북종합건축","indsLclsCd":"G2","indsLclsNm":"소매","indsMclsNm":"철물·건설자재 소매","indsSclsNm":"철물/공구 소매업","adongCd":"11350560","adongNm":"월계1동","lnoCd":"1135010200103900035","lnoAdr":"서울특별시 노원구 월계동 390-35","rdnmAdr":"서울특별시 노원구 광운로17길 5-3","bldMngNo":"1135010200103900004018204"}},{"type":"Feature","id":"sbiz.MA010120220807714443","geometry":{"type":"Point","coordinates":[127.059061426519,37.6223484776739]},"properties":{"bizesId":"MA010120220807714443","bizesNm":"벧엘사","indsLclsCd":"G2","indsLclsNm":"소매","indsMclsNm":"오락용품 소매","indsSclsNm":"문구/회화용품 소매업","adongCd":"11350560","adongNm":"월계1동","lnoCd":"1135010200103900013","lnoAdr":"서울특별시 노원구 월계동 390-13","rdnmAdr":"서울특별시 노원구 광운로17길 5-2","bldMngNo":"1135010200103900013018551"}},{"type":"Feature","id":"sbiz.MA010120220812783817","geometry":{"type":"Point","coordinates":[127.059066202987,37.6283850869908]},"properties":{"bizesId":"MA010120220812783817","bizesNm":"백프로극복하기","indsLclsCd":"P1","indsLclsNm":"교육","indsMclsNm":"기타 교육","indsSclsNm":"그 외 기타 교육기관","adongCd":"11350560","adongNm":"월계1동","lnoCd":"1135010200102980012","lnoAdr":"서울특별시 노원구 월계동 298-12","rdnmAdr":"서울특별시 노원구 광운로 128-2","bldMngNo":"1135010200102980010000001"}},{"type":"Feature","id":"sbiz.MA010120220813482110","geometry":{"type":"Point","coordinates":[127.059066202987,37.6283850869908]},"properties":{"bizesId":"MA010120220813482110","bizesNm":"위너뮤직","indsLclsCd":"G2","indsLclsNm":"소매","indsMclsNm":"기타 생활용품 소매","indsSclsNm":"악기 소매업","adongCd":"11350560","adongNm":"월계1동","lnoCd":"1135010200102980012","lnoAdr":"서울특별시 노원구 월계동 298-12","rdnmAdr":"서울특별시 노원구 광운로 128-2","bldMngNo":"1135010200102980010000001"}},{"type":"Feature","id":"sbiz.MA010120220806280036","geometry":{"type":"Point","coordinates":[127.059066202987,37.6283850869908]},"properties":{"bizesId":"MA010120220806280036","bizesNm":"제이제이뮤직중고피아노","indsLclsCd":"G2","indsLclsNm":"소매","indsMclsNm":"중고 상품 소매","indsSclsNm":"중고 상품 소매업","adongCd":"11350560","adongNm":"월계1동","lnoCd":"1135010200102980012","lnoAdr":"서울특별시 노원구 월계동 298-12","rdnmAdr":"서울특별시 노원구 광운로 128-2","bldMngNo":"1135010200102980010000001","bldNm":"아이디타워","flrNo":"1"}},{"type":"Feature","id":"sbiz.MA010120220804341615","geometry":{"type":"Point","coordinates":[127.059091144488,37.6169605563719]},"properties":{"bizesId":"MA010120220804341615","bizesNm":"선호직업소개소","indsLclsCd":"N1","indsLclsNm":"시설관리·임대","indsMclsNm":"고용 알선","indsSclsNm":"고용 알선업","adongCd":"11350560","adongNm":"월계1동","lnoCd":"1135010200104760012","lnoAdr":"서울특별시 노원구 월계동 476-12","rdnmAdr":"서울특별시 노원구 광운로2길 45","bldMngNo":"1135010200104760012019474","bldNm":"명칭없음","flrNo":"1"}},{"type":"Feature","id":"sbiz.MA010120220807080597","geometry":{"type":"Point","coordinates":[127.059091144488,37.6169605563719]},"properties":{"bizesId":"MA010120220807080597","bizesNm":"충주기름집","indsLclsCd":"G2","indsLclsNm":"소매","indsMclsNm":"식료품 소매","indsSclsNm":"반찬/식료품 소매업","adongCd":"11350560","adongNm":"월계1동","lnoCd":"1135010200104760012","lnoAdr":"서울특별시 노원구 월계동 476-12","rdnmAdr":"서울특별시 노원구 광운로2길 45","bldMngNo":"1135010200104760012019474","bldNm":"명칭없음","flrNo":"1"}},{"type":"Feature","id":"sbiz.MA010120220800141758","geometry":{"type":"Point","coordinates":[127.059106194242,37.6216637048827]},"properties":{"bizesId":"MA010120220800141758","bizesNm":"성북그랜드마트","indsLclsCd":"G2","indsLclsNm":"소매","indsMclsNm":"종합 소매","indsSclsNm":"슈퍼마켓","adongCd":"11350560","adongNm":"월계1동","lnoCd":"1135010200103920000","lnoAdr":"서울특별시 노원구 월계동 392","rdnmAdr":"서울특별시 노원구 광운로 47","bldMngNo":"1135010200103920000018557","flrNo":"1"}},{"type":"Feature","id":"sbiz.MA010120220810339633","geometry":{"type":"Point","coordinates":[127.059140326207,37.6218528951298]},"properties":{"bizesId":"MA010120220810339633","bizesNm":"쌈손","indsLclsCd":"G2","indsLclsNm":"소매","indsMclsNm":"기타 생활용품 소매","indsSclsNm":"주방/가정용품 소매업","adongCd":"11350560","adongNm":"월계1동","lnoCd":"1135010200103920019","lnoAdr":"서울특별시 노원구 월계동 392-19","rdnmAdr":"서울특별시 노원구 광운로 49","bldMngNo":"1135010200103920019018242"}},{"type":"Feature","id":"sbiz.MA010120220804342474","geometry":{"type":"Point","coordinates":[127.059140326207,37.6218528951298]},"properties":{"bizesId":"MA010120220804342474","bizesNm":"성일철물","indsLclsCd":"G2","indsLclsNm":"소매","indsMclsNm":"철물·건설자재 소매","indsSclsNm":"철물/공구 소매업","adongCd":"11350560","adongNm":"월계1동","lnoCd":"1135010200103920019","lnoAdr":"서울특별시 노원구 월계동 392-19","rdnmAdr":"서울특별시 노원구 광운로 49","bldMngNo":"1135010200103920019018242","flrNo":"1"}},{"type":"Feature","id":"sbiz.MA010120220804356869","geometry":{"type":"Point","coordinates":[127.059140326207,37.6218528951298]},"properties":{"bizesId":"MA010120220804356869","bizesNm":"강사라머리방","indsLclsCd":"S2","indsLclsNm":"수리·개인","indsMclsNm":"이용·미용","indsSclsNm":"미용실","adongCd":"11350560","adongNm":"월계1동","lnoCd":"1135010200103920019","lnoAdr":"서울특별시 노원구 월계동 392-19","rdnmAdr":"서울특별시 노원구 광운로 49","bldMngNo":"1135010200103920019018242"}},{"type":"Feature","id":"sbiz.MA010120220813650016","geometry":{"type":"Point","coordinates":[127.059140326207,37.6218528951298]},"properties":{"bizesId":"MA010120220813650016","bizesNm":"행운복권방","indsLclsCd":"R1","indsLclsNm":"예술·스포츠","indsMclsNm":"유원지·오락","indsSclsNm":"복권 발행/판매업","adongCd":"11350560","adongNm":"월계1동","lnoCd":"1135010200103920019","lnoAdr":"서울특별시 노원구 월계동 392-19","rdnmAdr":"서울특별시 노원구 광운로 49","bldMngNo":"1135010200103920019018242","flrNo":"1"}},{"type":"Feature","id":"sbiz.MA010120220804317449","geometry":{"type":"Point","coordinates":[127.059164551888,37.6238350548429]},"properties":{"bizesId":"MA010120220804317449","bizesNm":"깨끗한세상","indsLclsCd":"N1","indsLclsNm":"시설관리·임대","indsMclsNm":"청소·방제","indsSclsNm":"건축물 일반 청소업","adongCd":"11350560","adongNm":"월계1동","lnoCd":"1135010200103770096","lnoAdr":"서울특별시 노원구 월계동 377-96","rdnmAdr":"서울특별시 노원구 광운로19가길 3-8","bldMngNo":"1135010200103770096020113"}},{"type":"Feature","id":"sbiz.MA010120220812584070","geometry":{"type":"Point","coordinates":[127.059262359969,37.6186182883974]},"properties":{"bizesId":"MA010120220812584070","bizesNm":"스마트팜고랩","indsLclsCd":"P1","indsLclsNm":"교육","indsMclsNm":"기타 교육","indsSclsNm":"기타 기술/직업 훈련학원","adongCd":"11350560","adongNm":"월계1동","lnoCd":"1135010200104470004","lnoAdr":"서울특별시 노원구 월계동 447-4","rdnmAdr":"서울특별시 노원구 광운로6길 33","bldMngNo":"1135010200104470004019120","bldNm":"에스엔케이-비타민센터"}},{"type":"Feature","id":"sbiz.MA010120220804356252","geometry":{"type":"Point","coordinates":[127.059281520926,37.6284840875077]},"properties":{"bizesId":"MA010120220804356252","bizesNm":"우리집","indsLclsCd":"I2","indsLclsNm":"음식","indsMclsNm":"한식","indsSclsNm":"백반/한정식","adongCd":"11350560","adongNm":"월계1동","lnoCd":"1135010200102980006","lnoAdr":"서울특별시 노원구 월계동 298-6","rdnmAdr":"서울특별시 노원구 광운로22길 9","bldMngNo":"1135010200102980006018687","flrNo":"1"}},{"type":"Feature","id":"sbiz.MA010120220800074705","geometry":{"type":"Point","coordinates":[127.059281520926,37.6284840875077]},"properties":{"bizesId":"MA010120220800074705","bizesNm":"드라이브트래블","indsLclsCd":"N1","indsLclsNm":"시설관리·임대","indsMclsNm":"여행사·보조","indsSclsNm":"여행사","adongCd":"11350560","adongNm":"월계1동","lnoCd":"1135010200102980006","lnoAdr":"서울특별시 노원구 월계동 298-6","rdnmAdr":"서울특별시 노원구 광운로22길 9","bldMngNo":"1135010200102980006018687","flrNo":"2"}},{"type":"Feature","id":"sbiz.MA010120220805855840","geometry":{"type":"Point","coordinates":[127.059295961433,37.6181407479358]},"properties":{"bizesId":"MA010120220805855840","bizesNm":"달콤몬스터","indsLclsCd":"G2","indsLclsNm":"소매","indsMclsNm":"식료품 소매","indsSclsNm":"아이스크림 할인점","adongCd":"11350560","adongNm":"월계1동","lnoCd":"1135010200104450000","lnoAdr":"서울특별시 노원구 월계동 445","rdnmAdr":"서울특별시 노원구 광운로2가길 23","bldMngNo":"1135010200104450000019703","bldNm":"삼창아파트","flrNo":"1"}},{"type":"Feature","id":"sbiz.MA010120220800141687","geometry":{"type":"Point","coordinates":[127.059295961433,37.6181407479358]},"properties":{"bizesId":"MA010120220800141687","bizesNm":"마이컵오버플로우","indsLclsCd":"P1","indsLclsNm":"교육","indsMclsNm":"기타 교육","indsSclsNm":"기타 기술/직업 훈련학원","adongCd":"11350560","adongNm":"월계1동","lnoCd":"1135010200104450000","lnoAdr":"서울특별시 노원구 월계동 445","rdnmAdr":"서울특별시 노원구 광운로2가길 23","bldMngNo":"1135010200104450000019703","bldNm":"삼창아파트"}},{"type":"Feature","id":"sbiz.MA0101202210A0022447","geometry":{"type":"Point","coordinates":[127.059295961433,37.6181407479358]},"properties":{"bizesId":"MA0101202210A0022447","bizesNm":"글밭국어독서논술교습소","indsLclsCd":"P1","indsLclsNm":"교육","indsMclsNm":"일반 교육","indsSclsNm":"입시·교과학원","adongCd":"11350560","adongNm":"월계1동","lnoCd":"1135010200104450000","lnoAdr":"서울특별시 노원구 월계동 445","rdnmAdr":"서울특별시 노원구 광운로2가길 23","bldMngNo":"1135010200104450000019703","bldNm":"삼창아파트","flrNo":"1"}},{"type":"Feature","id":"sbiz.MA010120220808680983","geometry":{"type":"Point","coordinates":[127.059295961433,37.6181407479358]},"properties":{"bizesId":"MA010120220808680983","bizesNm":"다와머리염색","indsLclsCd":"S2","indsLclsNm":"수리·개인","indsMclsNm":"이용·미용","indsSclsNm":"미용실","adongCd":"11350560","adongNm":"월계1동","lnoCd":"1135010200104450000","lnoAdr":"서울특별시 노원구 월계동 445","rdnmAdr":"서울특별시 노원구 광운로2가길 23","bldMngNo":"1135010200104450000019703","bldNm":"삼창아파트","flrNo":"1"}},{"type":"Feature","id":"sbiz.MA010120220812132801","geometry":{"type":"Point","coordinates":[127.059309478321,37.6208977635542]},"properties":{"bizesId":"MA010120220812132801","bizesNm":"광운대친절한공인중개사사무소","indsLclsCd":"L1","indsLclsNm":"부동산","indsMclsNm":"부동산 서비스","indsSclsNm":"부동산 중개/대리업","adongCd":"11350560","adongNm":"월계1동","lnoCd":"1135010200104030008","lnoAdr":"서울특별시 노원구 월계동 403-8","rdnmAdr":"서울특별시 노원구 광운로10길 3","bldMngNo":"1135010200104030008019695"}},{"type":"Feature","id":"sbiz.MA010120220806625386","geometry":{"type":"Point","coordinates":[127.05932198683,37.6223843864621]},"properties":{"bizesId":"MA010120220806625386","bizesNm":"참새꽃집","indsLclsCd":"G2","indsLclsNm":"소매","indsMclsNm":"식물 소매","indsSclsNm":"꽃집","adongCd":"11350560","adongNm":"월계1동","lnoCd":"1135010200103910001","lnoAdr":"서울특별시 노원구 월계동 391-1","rdnmAdr":"서울특별시 노원구 광운로 53","bldMngNo":"1135010200103910001018184","flrNo":"1"}},{"type":"Feature","id":"sbiz.MA010120220814215899","geometry":{"type":"Point","coordinates":[127.05932198683,37.6223843864621]},"properties":{"bizesId":"MA010120220814215899","bizesNm":"중화호반닭갈비","indsLclsCd":"I2","indsLclsNm":"음식","indsMclsNm":"한식","indsSclsNm":"닭/오리고기 구이/찜","adongCd":"11350560","adongNm":"월계1동","lnoCd":"1135010200103910001","lnoAdr":"서울특별시 노원구 월계동 391-1","rdnmAdr":"서울특별시 노원구 광운로 53","bldMngNo":"1135010200103910001018184","flrNo":"1"}},{"type":"Feature","id":"sbiz.MA010120220813214689","geometry":{"type":"Point","coordinates":[127.05932198683,37.6223843864621]},"properties":{"bizesId":"MA010120220813214689","bizesNm":"일정","indsLclsCd":"I2","indsLclsNm":"음식","indsMclsNm":"한식","indsSclsNm":"국수/칼국수","adongCd":"11350560","adongNm":"월계1동","lnoCd":"1135010200103910001","lnoAdr":"서울특별시 노원구 월계동 391-1","rdnmAdr":"서울특별시 노원구 광운로 53","bldMngNo":"1135010200103910001018184","flrNo":"1"}},{"type":"Feature","id":"sbiz.MA010120220804360378","geometry":{"type":"Point","coordinates":[127.05932198683,37.6223843864621]},"properties":{"bizesId":"MA010120220804360378","bizesNm":"제일세탁소","indsLclsCd":"S2","indsLclsNm":"수리·개인","indsMclsNm":"세탁","indsSclsNm":"세탁소","adongCd":"11350560","adongNm":"월계1동","lnoCd":"1135010200103910001","lnoAdr":"서울특별시 노원구 월계동 391-1","rdnmAdr":"서울특별시 노원구 광운로 53","bldMngNo":"1135010200103910001018184","bldNm":"일부","flrNo":"1"}},{"type":"Feature","id":"sbiz.MA010120220803949224","geometry":{"type":"Point","coordinates":[127.05932198683,37.6223843864621]},"properties":{"bizesId":"MA010120220803949224","bizesNm":"판도라","indsLclsCd":"G2","indsLclsNm":"소매","indsMclsNm":"섬유·의복·신발 소매","indsSclsNm":"기타 의류 소매업","adongCd":"11350560","adongNm":"월계1동","lnoCd":"1135010200103910001","lnoAdr":"서울특별시 노원구 월계동 391-1","rdnmAdr":"서울특별시 노원구 광운로 53","bldMngNo":"1135010200103910001018184","flrNo":"1"}},{"type":"Feature","id":"sbiz.MA010120220804374434","geometry":{"type":"Point","coordinates":[127.059349405325,37.62837593502]},"properties":{"bizesId":"MA010120220804374434","bizesNm":"토탈자동차공업사","indsLclsCd":"S2","indsLclsNm":"수리·개인","indsMclsNm":"자동차 수리·세차","indsSclsNm":"자동차 정비소","adongCd":"11350560","adongNm":"월계1동","lnoCd":"1135010200102980007","lnoAdr":"서울특별시 노원구 월계동 298-7","rdnmAdr":"서울특별시 노원구 광운로22길 5","bldMngNo":"1135010200102980007017773"}},{"type":"Feature","id":"sbiz.MA010120220803947459","geometry":{"type":"Point","coordinates":[127.059405961166,37.6282677881955]},"properties":{"bizesId":"MA010120220803947459","bizesNm":"다모아기사식당","indsLclsCd":"I2","indsLclsNm":"음식","indsMclsNm":"한식","indsSclsNm":"백반/한정식","adongCd":"11350560","adongNm":"월계1동","lnoCd":"1135010200102980008","lnoAdr":"서울특별시 노원구 월계동 298-8","rdnmAdr":"서울특별시 노원구 광운로 122","bldMngNo":"1135010200102980008017785"}},{"type":"Feature","id":"sbiz.MA010120220804351228","geometry":{"type":"Point","coordinates":[127.059405961166,37.6282677881955]},"properties":{"bizesId":"MA010120220804351228","bizesNm":"양지카센타","indsLclsCd":"S2","indsLclsNm":"수리·개인","indsMclsNm":"자동차 수리·세차","indsSclsNm":"자동차 정비소","adongCd":"11350560","adongNm":"월계1동","lnoCd":"1135010200102980008","lnoAdr":"서울특별시 노원구 월계동 298-8","rdnmAdr":"서울특별시 노원구 광운로 122","bldMngNo":"1135010200102980008017785","flrNo":"1"}},{"type":"Feature","id":"sbiz.MA010120220804369161","geometry":{"type":"Point","coordinates":[127.059491080378,37.6213571757479]},"properties":{"bizesId":"MA010120220804369161","bizesNm":"현주꽃방","indsLclsCd":"G2","indsLclsNm":"소매","indsMclsNm":"식물 소매","indsSclsNm":"꽃집","adongCd":"11350560","adongNm":"월계1동","lnoCd":"1135010200104060000","lnoAdr":"서울특별시 노원구 월계동 406","rdnmAdr":"서울특별시 노원구 광운로 44","bldMngNo":"1135010200104060000019197","flrNo":"7"}},{"type":"Feature","id":"sbiz.MA010120220808132093","geometry":{"type":"Point","coordinates":[127.059491080378,37.6213571757479]},"properties":{"bizesId":"MA010120220808132093","bizesNm":"사우스포스포츠","indsLclsCd":"P1","indsLclsNm":"교육","indsMclsNm":"기타 교육","indsSclsNm":"태권도/무술학원","adongCd":"11350560","adongNm":"월계1동","lnoCd":"1135010200104060000","lnoAdr":"서울특별시 노원구 월계동 406","rdnmAdr":"서울특별시 노원구 광운로 44","bldMngNo":"1135010200104060000019197","bldNm":"준빌딩","flrNo":"3"}},{"type":"Feature","id":"sbiz.MA010120220803838835","geometry":{"type":"Point","coordinates":[127.059491080378,37.6213571757479]},"properties":{"bizesId":"MA010120220803838835","bizesNm":"구립월계청춘카페","indsLclsCd":"I2","indsLclsNm":"음식","indsMclsNm":"비알코올 ","indsSclsNm":"카페","adongCd":"11350560","adongNm":"월계1동","lnoCd":"1135010200104060000","lnoAdr":"서울특별시 노원구 월계동 406","rdnmAdr":"서울특별시 노원구 광운로 44","bldMngNo":"1135010200104060000019197","flrNo":"5"}},{"type":"Feature","id":"sbiz.MA010120220811627518","geometry":{"type":"Point","coordinates":[127.059491080378,37.6213571757479]},"properties":{"bizesId":"MA010120220811627518","bizesNm":"썬더치킨","indsLclsCd":"I2","indsLclsNm":"음식","indsMclsNm":"기타 간이","indsSclsNm":"치킨","adongCd":"11350560","adongNm":"월계1동","lnoCd":"1135010200104060000","lnoAdr":"서울특별시 노원구 월계동 406","rdnmAdr":"서울특별시 노원구 광운로 44","bldMngNo":"1135010200104060000019197","bldNm":"준빌딩"}},{"type":"Feature","id":"sbiz.MA010120220812701050","geometry":{"type":"Point","coordinates":[127.059491080378,37.6213571757479]},"properties":{"bizesId":"MA010120220812701050","bizesNm":"청년다방","brchNm":"광운대점","indsLclsCd":"I2","indsLclsNm":"음식","indsMclsNm":"기타 간이","indsSclsNm":"김밥/만두/분식","adongCd":"11350560","adongNm":"월계1동","lnoCd":"1135010200104060000","lnoAdr":"서울특별시 노원구 월계동 406","rdnmAdr":"서울특별시 노원구 광운로 44","bldMngNo":"1135010200104060000019197","flrNo":"1"}},{"type":"Feature","id":"sbiz.MA010120220801673167","geometry":{"type":"Point","coordinates":[127.059491977852,37.6224834094802]},"properties":{"bizesId":"MA010120220801673167","bizesNm":"라플라야헤어","indsLclsCd":"S2","indsLclsNm":"수리·개인","indsMclsNm":"이용·미용","indsSclsNm":"미용실","adongCd":"11350560","adongNm":"월계1동","lnoCd":"1135010200103830039","lnoAdr":"서울특별시 노원구 월계동 383-39","rdnmAdr":"서울특별시 노원구 광운로 55","bldMngNo":"1135010200103830039018174"}},{"type":"Feature","id":"sbiz.MA010120220805095410","geometry":{"type":"Point","coordinates":[127.059491977852,37.6224834094802]},"properties":{"bizesId":"MA010120220805095410","bizesNm":"1호선공인중개사사무소","indsLclsCd":"L1","indsLclsNm":"부동산","indsMclsNm":"부동산 서비스","indsSclsNm":"부동산 중개/대리업","adongCd":"11350560","adongNm":"월계1동","lnoCd":"1135010200103830039","lnoAdr":"서울특별시 노원구 월계동 383-39","rdnmAdr":"서울특별시 노원구 광운로 55","bldMngNo":"1135010200103830039018174","flrNo":"1"}},{"type":"Feature","id":"sbiz.MA0101202211A0052161","geometry":{"type":"Point","coordinates":[127.059514022301,37.6217175591419]},"properties":{"bizesId":"MA0101202211A0052161","bizesNm":"월드고시원","indsLclsCd":"I1","indsLclsNm":"숙박","indsMclsNm":"기타 숙박","indsSclsNm":"기숙사/고시원","adongCd":"11350560","adongNm":"월계1동","lnoCd":"1135010200104090010","lnoAdr":"서울특별시 노원구 월계동 409-10","rdnmAdr":"서울특별시 노원구 광운로 48","bldMngNo":"1135010200104090010000148","bldNm":"농협","flrNo":"4"}},{"type":"Feature","id":"sbiz.MA0101202211A0038747","geometry":{"type":"Point","coordinates":[127.059514022301,37.6217175591419]},"properties":{"bizesId":"MA0101202211A0038747","bizesNm":"아이캔빌리어드클럽","indsLclsCd":"R1","indsLclsNm":"예술·스포츠","indsMclsNm":"스포츠 서비스","indsSclsNm":"당구장","adongCd":"11350560","adongNm":"월계1동","lnoCd":"1135010200104090010","lnoAdr":"서울특별시 노원구 월계동 409-10","rdnmAdr":"서울특별시 노원구 광운로 48","bldMngNo":"1135010200104090010000148","flrNo":"5"}},{"type":"Feature","id":"sbiz.MA010120220812648325","geometry":{"type":"Point","coordinates":[127.059514022301,37.6217175591419]},"properties":{"bizesId":"MA010120220812648325","bizesNm":"월드고시텔","indsLclsCd":"I1","indsLclsNm":"숙박","indsMclsNm":"기타 숙박","indsSclsNm":"기숙사/고시원","adongCd":"11350560","adongNm":"월계1동","lnoCd":"1135010200104090010","lnoAdr":"서울특별시 노원구 월계동 409-10","rdnmAdr":"서울특별시 노원구 광운로 48","bldMngNo":"1135010200104090010000148","flrNo":"4"}},{"type":"Feature","id":"sbiz.MA010120220803930995","geometry":{"type":"Point","coordinates":[127.059514022301,37.6217175591419]},"properties":{"bizesId":"MA010120220803930995","bizesNm":"외국인관광택시협동조합","indsLclsCd":"N1","indsLclsNm":"시설관리·임대","indsMclsNm":"여행사·보조","indsSclsNm":"기타 여행 보조/예약 서비스업","adongCd":"11350560","adongNm":"월계1동","lnoCd":"1135010200104090010","lnoAdr":"서울특별시 노원구 월계동 409-10","rdnmAdr":"서울특별시 노원구 광운로 48","bldMngNo":"1135010200104090010000148","flrNo":"3"}},{"type":"Feature","id":"sbiz.MA010120220807404441","geometry":{"type":"Point","coordinates":[127.059514022301,37.6217175591419]},"properties":{"bizesId":"MA010120220807404441","bizesNm":"닥터PC","indsLclsCd":"R1","indsLclsNm":"예술·스포츠","indsMclsNm":"유원지·오락","indsSclsNm":"PC방","adongCd":"11350560","adongNm":"월계1동","lnoCd":"1135010200104090010","lnoAdr":"서울특별시 노원구 월계동 409-10","rdnmAdr":"서울특별시 노원구 광운로 48","bldMngNo":"1135010200104090010000148","flrNo":"1"}},{"type":"Feature","id":"sbiz.MA010120220808236766","geometry":{"type":"Point","coordinates":[127.059514022301,37.6217175591419]},"properties":{"bizesId":"MA010120220808236766","bizesNm":"LSE개발원","indsLclsCd":"M1","indsLclsNm":"과학·기술","indsMclsNm":"본사·경영 컨설팅","indsSclsNm":"경영 컨설팅업","adongCd":"11350560","adongNm":"월계1동","lnoCd":"1135010200104090010","lnoAdr":"서울특별시 노원구 월계동 409-10","rdnmAdr":"서울특별시 노원구 광운로 48","bldMngNo":"1135010200104090010000148","flrNo":"4"}},{"type":"Feature","id":"sbiz.MA010120220809745002","geometry":{"type":"Point","coordinates":[127.059514022301,37.6217175591419]},"properties":{"bizesId":"MA010120220809745002","bizesNm":"지하오","indsLclsCd":"P1","indsLclsNm":"교육","indsMclsNm":"기타 교육","indsSclsNm":"기타 기술/직업 훈련학원","adongCd":"11350560","adongNm":"월계1동","lnoCd":"1135010200104090010","lnoAdr":"서울특별시 노원구 월계동 409-10","rdnmAdr":"서울특별시 노원구 광운로 48","bldMngNo":"1135010200104090010000148","flrNo":"3"}},{"type":"Feature","id":"sbiz.MA010120220803650584","geometry":{"type":"Point","coordinates":[127.059526290777,37.6228978463014]},"properties":{"bizesId":"MA010120220803650584","bizesNm":"싱글하우스고시원","indsLclsCd":"I1","indsLclsNm":"숙박","indsMclsNm":"기타 숙박","indsSclsNm":"기숙사/고시원","adongCd":"11350560","adongNm":"월계1동","lnoCd":"1135010200103830014","lnoAdr":"서울특별시 노원구 월계동 383-14","rdnmAdr":"서울특별시 노원구 광운로 61-5","bldMngNo":"1135010200103830014018112"}},{"type":"Feature","id":"sbiz.MA010120220809706947","geometry":{"type":"Point","coordinates":[127.059560072146,37.6226455528344]},"properties":{"bizesId":"MA010120220809706947","bizesNm":"써브웨이광운대역점","indsLclsCd":"I2","indsLclsNm":"음식","indsMclsNm":"기타 간이","indsSclsNm":"토스트/샌드위치/샐러드","adongCd":"11350560","adongNm":"월계1동","lnoCd":"1135010200103830016","lnoAdr":"서울특별시 노원구 월계동 383-16","rdnmAdr":"서울특별시 노원구 광운로 57","bldMngNo":"1135010200103830016020203","bldNm":"성북프라자","flrNo":"1"}},{"type":"Feature","id":"sbiz.MA010120220804368287","geometry":{"type":"Point","coordinates":[127.059560072146,37.6226455528344]},"properties":{"bizesId":"MA010120220804368287","bizesNm":"수암약국","indsLclsCd":"G2","indsLclsNm":"소매","indsMclsNm":"의약·화장품 소매","indsSclsNm":"약국","adongCd":"11350560","adongNm":"월계1동","lnoCd":"1135010200103830016","lnoAdr":"서울특별시 노원구 월계동 383-16","rdnmAdr":"서울특별시 노원구 광운로 57","bldMngNo":"1135010200103830016020203","bldNm":"성북프라자","flrNo":"1"}},{"type":"Feature","id":"sbiz.MA0101202212A0002197","geometry":{"type":"Point","coordinates":[127.05956044594,37.6231140659901]},"properties":{"bizesId":"MA0101202212A0002197","bizesNm":"하나컨설팅","indsLclsCd":"M1","indsLclsNm":"과학·기술","indsMclsNm":"본사·경영 컨설팅","indsSclsNm":"경영 컨설팅업","adongCd":"11350560","adongNm":"월계1동","lnoCd":"1135010200103830011","lnoAdr":"서울특별시 노원구 월계동 383-11","rdnmAdr":"서울특별시 노원구 광운로19길 21","bldMngNo":"1135010200103830011017754","bldNm":"네오하임","flrNo":"2"}},{"type":"Feature","id":"sbiz.MA010120220801475887","geometry":{"type":"Point","coordinates":[127.05956044594,37.6231140659901]},"properties":{"bizesId":"MA010120220801475887","bizesNm":"사자공인중개사사무소","indsLclsCd":"L1","indsLclsNm":"부동산","indsMclsNm":"부동산 서비스","indsSclsNm":"부동산 중개/대리업","adongCd":"11350560","adongNm":"월계1동","lnoCd":"1135010200103830011","lnoAdr":"서울특별시 노원구 월계동 383-11","rdnmAdr":"서울특별시 노원구 광운로19길 21","bldMngNo":"1135010200103830011017754","bldNm":"네오하임","flrNo":"2"}},{"type":"Feature","id":"sbiz.MA010120220803944319","geometry":{"type":"Point","coordinates":[127.059561100099,37.6239339639227]},"properties":{"bizesId":"MA010120220803944319","bizesNm":"장원고시원","indsLclsCd":"I1","indsLclsNm":"숙박","indsMclsNm":"기타 숙박","indsSclsNm":"기숙사/고시원","adongCd":"11350560","adongNm":"월계1동","lnoCd":"1135010200103760010","lnoAdr":"서울특별시 노원구 월계동 376-10","rdnmAdr":"서울특별시 노원구 광운로19가길 9","bldMngNo":"1135010200103760010017979"}},{"type":"Feature","id":"sbiz.MA010120220807883399","geometry":{"type":"Point","coordinates":[127.059626698716,37.6209696826881]},"properties":{"bizesId":"MA010120220807883399","bizesNm":"에이치헤어","indsLclsCd":"S2","indsLclsNm":"수리·개인","indsMclsNm":"이용·미용","indsSclsNm":"미용실","adongCd":"11350560","adongNm":"월계1동","lnoCd":"1135010200104050021","lnoAdr":"서울특별시 노원구 월계동 405-21","rdnmAdr":"서울특별시 노원구 광운로12길 8","bldMngNo":"1135010200104050011000001","flrNo":"1"}},{"type":"Feature","id":"sbiz.MA010120220803949811","geometry":{"type":"Point","coordinates":[127.059650317865,37.6221769938673]},"properties":{"bizesId":"MA010120220803949811","bizesNm":"속옷세상","indsLclsCd":"G2","indsLclsNm":"소매","indsMclsNm":"섬유·의복·신발 소매","indsSclsNm":"기타 의류 소매업","adongCd":"11350560","adongNm":"월계1동","lnoCd":"1135010200104090012","lnoAdr":"서울특별시 노원구 월계동 409-12","rdnmAdr":"서울특별시 노원구 광운로 54","bldMngNo":"1135010200104090012019776","bldNm":"운봉빌딩","flrNo":"1"}},{"type":"Feature","id":"sbiz.MA010120220803456488","geometry":{"type":"Point","coordinates":[127.059650317865,37.6221769938673]},"properties":{"bizesId":"MA010120220803456488","bizesNm":"본죽광운대역점","indsLclsCd":"I2","indsLclsNm":"음식","indsMclsNm":"한식","indsSclsNm":"백반/한정식","adongCd":"11350560","adongNm":"월계1동","lnoCd":"1135010200104090012","lnoAdr":"서울특별시 노원구 월계동 409-12","rdnmAdr":"서울특별시 노원구 광운로 54","bldMngNo":"1135010200104090012019776","bldNm":"좌측","flrNo":"1"}},{"type":"Feature","id":"sbiz.MA010120220813066477","geometry":{"type":"Point","coordinates":[127.059650317865,37.6221769938673]},"properties":{"bizesId":"MA010120220813066477","bizesNm":"큰집닭강정","brchNm":"광운대점","indsLclsCd":"I2","indsLclsNm":"음식","indsMclsNm":"기타 간이","indsSclsNm":"치킨","adongCd":"11350560","adongNm":"월계1동","lnoCd":"1135010200104090012","lnoAdr":"서울특별시 노원구 월계동 409-12","rdnmAdr":"서울특별시 노원구 광운로 54","bldMngNo":"1135010200104090012019776","bldNm":"운봉빌딩","flrNo":"1"}},{"type":"Feature","id":"sbiz.MA010120220809654718","geometry":{"type":"Point","coordinates":[127.059650317865,37.6221769938673]},"properties":{"bizesId":"MA010120220809654718","bizesNm":"스튜디오네모스토리","indsLclsCd":"M1","indsLclsNm":"과학·기술","indsMclsNm":"사진 촬영","indsSclsNm":"사진촬영업","adongCd":"11350560","adongNm":"월계1동","lnoCd":"1135010200104090012","lnoAdr":"서울특별시 노원구 월계동 409-12","rdnmAdr":"서울특별시 노원구 광운로 54","bldMngNo":"1135010200104090012019776","bldNm":"운봉빌딩","flrNo":"3"}},{"type":"Feature","id":"sbiz.MA010120220813339470","geometry":{"type":"Point","coordinates":[127.059662120536,37.6227716394935]},"properties":{"bizesId":"MA010120220813339470","bizesNm":"솔옷가게","indsLclsCd":"G2","indsLclsNm":"소매","indsMclsNm":"섬유·의복·신발 소매","indsSclsNm":"여성 의류 소매업","adongCd":"11350560","adongNm":"월계1동","lnoCd":"1135010200103830019","lnoAdr":"서울특별시 노원구 월계동 383-19","rdnmAdr":"서울특별시 노원구 광운로 59","bldMngNo":"1135010200103830019018139","flrNo":"1"}},{"type":"Feature","id":"sbiz.MA0101202301A0083589","geometry":{"type":"Point","coordinates":[127.059662120536,37.6227716394935]},"properties":{"bizesId":"MA0101202301A0083589","bizesNm":"카페니니","indsLclsCd":"I2","indsLclsNm":"음식","indsMclsNm":"비알코올 ","indsSclsNm":"카페","adongCd":"11350560","adongNm":"월계1동","lnoCd":"1135010200103830019","lnoAdr":"서울특별시 노원구 월계동 383-19","rdnmAdr":"서울특별시 노원구 광운로 59","bldMngNo":"1135010200103830019018139","flrNo":"1"}},{"type":"Feature","id":"sbiz.MA010120220803932602","geometry":{"type":"Point","coordinates":[127.059684076884,37.621897670725]},"properties":{"bizesId":"MA010120220803932602","bizesNm":"도미노피자월계점","indsLclsCd":"I2","indsLclsNm":"음식","indsMclsNm":"기타 간이","indsSclsNm":"피자","adongCd":"11350560","adongNm":"월계1동","lnoCd":"1135010200104090016","lnoAdr":"서울특별시 노원구 월계동 409-16","rdnmAdr":"서울특별시 노원구 광운로 52","bldMngNo":"1135010200104090016019195","bldNm":"일부","flrNo":"1"}},{"type":"Feature","id":"sbiz.MA010120220813326235","geometry":{"type":"Point","coordinates":[127.059684076884,37.621897670725]},"properties":{"bizesId":"MA010120220813326235","bizesNm":"머슬톡휘트니스","indsLclsCd":"R1","indsLclsNm":"예술·스포츠","indsMclsNm":"스포츠 서비스","indsSclsNm":"헬스장","adongCd":"11350560","adongNm":"월계1동","lnoCd":"1135010200104090016","lnoAdr":"서울특별시 노원구 월계동 409-16","rdnmAdr":"서울특별시 노원구 광운로 52","bldMngNo":"1135010200104090016019195","flrNo":"2"}},{"type":"Feature","id":"sbiz.MA010120220800675035","geometry":{"type":"Point","coordinates":[127.059684076884,37.621897670725]},"properties":{"bizesId":"MA010120220800675035","bizesNm":"엔탑PC방","indsLclsCd":"R1","indsLclsNm":"예술·스포츠","indsMclsNm":"유원지·오락","indsSclsNm":"PC방","adongCd":"11350560","adongNm":"월계1동","lnoCd":"1135010200104090016","lnoAdr":"서울특별시 노원구 월계동 409-16","rdnmAdr":"서울특별시 노원구 광운로 52","bldMngNo":"1135010200104090016019195"}},{"type":"Feature","id":"sbiz.MA010120220813444817","geometry":{"type":"Point","coordinates":[127.059684076884,37.621897670725]},"properties":{"bizesId":"MA010120220813444817","bizesNm":"고기박사","indsLclsCd":"I2","indsLclsNm":"음식","indsMclsNm":"한식","indsSclsNm":"돼지고기 구이/찜","adongCd":"11350560","adongNm":"월계1동","lnoCd":"1135010200104090016","lnoAdr":"서울특별시 노원구 월계동 409-16","rdnmAdr":"서울특별시 노원구 광운로 52","bldMngNo":"1135010200104090016019195","bldNm":"동인빌딩","flrNo":"1"}},{"type":"Feature","id":"sbiz.MA010120220808206492","geometry":{"type":"Point","coordinates":[127.059684076884,37.621897670725]},"properties":{"bizesId":"MA010120220808206492","bizesNm":"신전떡볶이","brchNm":"광운대점","indsLclsCd":"I2","indsLclsNm":"음식","indsMclsNm":"기타 간이","indsSclsNm":"김밥/만두/분식","adongCd":"11350560","adongNm":"월계1동","lnoCd":"1135010200104090016","lnoAdr":"서울특별시 노원구 월계동 409-16","rdnmAdr":"서울특별시 노원구 광운로 52","bldMngNo":"1135010200104090016019195","flrNo":"1"}},{"type":"Feature","id":"sbiz.MA010120220804370406","geometry":{"type":"Point","coordinates":[127.059775078393,37.6223751479381]},"properties":{"bizesId":"MA010120220804370406","bizesNm":"치킨마루","brchNm":"광운대점","indsLclsCd":"I2","indsLclsNm":"음식","indsMclsNm":"기타 간이","indsSclsNm":"치킨","adongCd":"11350560","adongNm":"월계1동","lnoCd":"1135010200103830030","lnoAdr":"서울특별시 노원구 월계동 383-30","rdnmAdr":"서울특별시 노원구 광운로 56","bldMngNo":"1135010200103830030019163","bldNm":"가운데호","flrNo":"1"}},{"type":"Feature","id":"sbiz.MA010120220803948898","geometry":{"type":"Point","coordinates":[127.059775078393,37.6223751479381]},"properties":{"bizesId":"MA010120220803948898","bizesNm":"아이아이안경","indsLclsCd":"G2","indsLclsNm":"소매","indsMclsNm":"안경·정밀기기 소매","indsSclsNm":"안경렌즈 소매업","adongCd":"11350560","adongNm":"월계1동","lnoCd":"1135010200103830030","lnoAdr":"서울특별시 노원구 월계동 383-30","rdnmAdr":"서울특별시 노원구 광운로 56","bldMngNo":"1135010200103830030019163"}},{"type":"Feature","id":"sbiz.MA010120220803819095","geometry":{"type":"Point","coordinates":[127.059775078393,37.6223751479381]},"properties":{"bizesId":"MA010120220803819095","bizesNm":"굿모닝고시원&굿모닝공인중개사사무소","indsLclsCd":"I1","indsLclsNm":"숙박","indsMclsNm":"기타 숙박","indsSclsNm":"기숙사/고시원","adongCd":"11350560","adongNm":"월계1동","lnoCd":"1135010200103830030","lnoAdr":"서울특별시 노원구 월계동 383-30","rdnmAdr":"서울특별시 노원구 광운로 56","bldMngNo":"1135010200103830030019163","bldNm":"정암빌딩"}},{"type":"Feature","id":"sbiz.MA010120220806929252","geometry":{"type":"Point","coordinates":[127.059775078393,37.6223751479381]},"properties":{"bizesId":"MA010120220806929252","bizesNm":"리잰헤어","indsLclsCd":"S2","indsLclsNm":"수리·개인","indsMclsNm":"이용·미용","indsSclsNm":"미용실","adongCd":"11350560","adongNm":"월계1동","lnoCd":"1135010200103830030","lnoAdr":"서울특별시 노원구 월계동 383-30","rdnmAdr":"서울특별시 노원구 광운로 56","bldMngNo":"1135010200103830030019163","bldNm":"정암빌딩","flrNo":"1"}},{"type":"Feature","id":"sbiz.MA010120220813775987","geometry":{"type":"Point","coordinates":[127.059785532809,37.6212849479357]},"properties":{"bizesId":"MA010120220813775987","bizesNm":"밥은화","brchNm":"광운대점","indsLclsCd":"I2","indsLclsNm":"음식","indsMclsNm":"한식","indsSclsNm":"백반/한정식","adongCd":"11350560","adongNm":"월계1동","lnoCd":"1135010200104070017","lnoAdr":"서울특별시 노원구 월계동 407-17","rdnmAdr":"서울특별시 노원구 광운로12길 11","bldMngNo":"1135010200104070017019693","flrNo":"1"}},{"type":"Feature","id":"sbiz.MA010120220806666766","geometry":{"type":"Point","coordinates":[127.059798238517,37.6230058272637]},"properties":{"bizesId":"MA010120220806666766","bizesNm":"한방정육","indsLclsCd":"G2","indsLclsNm":"소매","indsMclsNm":"식료품 소매","indsSclsNm":"정육점","adongCd":"11350560","adongNm":"월계1동","lnoCd":"1135010200103830021","lnoAdr":"서울특별시 노원구 월계동 383-21","rdnmAdr":"서울특별시 노원구 광운로 61","bldMngNo":"1135010200103830022018419","flrNo":"지"}},{"type":"Feature","id":"sbiz.MA010120220813777173","geometry":{"type":"Point","coordinates":[127.059798238517,37.6230058272637]},"properties":{"bizesId":"MA010120220813777173","bizesNm":"더원","indsLclsCd":"I2","indsLclsNm":"음식","indsMclsNm":"중식","indsSclsNm":"중국집","adongCd":"11350560","adongNm":"월계1동","lnoCd":"1135010200103830021","lnoAdr":"서울특별시 노원구 월계동 383-21","rdnmAdr":"서울특별시 노원구 광운로 61","bldMngNo":"1135010200103830022018419","bldNm":"국민은행","flrNo":"2"}},{"type":"Feature","id":"sbiz.MA010120220804346738","geometry":{"type":"Point","coordinates":[127.059798238517,37.6230058272637]},"properties":{"bizesId":"MA010120220804346738","bizesNm":"환타지아노래연습장","indsLclsCd":"R1","indsLclsNm":"예술·스포츠","indsMclsNm":"유원지·오락","indsSclsNm":"노래방","adongCd":"11350560","adongNm":"월계1동","lnoCd":"1135010200103830021","lnoAdr":"서울특별시 노원구 월계동 383-21","rdnmAdr":"서울특별시 노원구 광운로 61","bldMngNo":"1135010200103830022018419"}},{"type":"Feature","id":"sbiz.MA010120220801932966","geometry":{"type":"Point","coordinates":[127.059798238517,37.6230058272637]},"properties":{"bizesId":"MA010120220801932966","bizesNm":"맛닭꼬","brchNm":"광운대점","indsLclsCd":"I2","indsLclsNm":"음식","indsMclsNm":"기타 간이","indsSclsNm":"치킨","adongCd":"11350560","adongNm":"월계1동","lnoCd":"1135010200103830021","lnoAdr":"서울특별시 노원구 월계동 383-21","rdnmAdr":"서울특별시 노원구 광운로 61","bldMngNo":"1135010200103830022018419","flrNo":"1"}},{"type":"Feature","id":"sbiz.MA010120220804351777","geometry":{"type":"Point","coordinates":[127.059798238517,37.6230058272637]},"properties":{"bizesId":"MA010120220804351777","bizesNm":"전주밥상쌈밥","indsLclsCd":"I2","indsLclsNm":"음식","indsMclsNm":"한식","indsSclsNm":"백반/한정식","adongCd":"11350560","adongNm":"월계1동","lnoCd":"1135010200103830021","lnoAdr":"서울특별시 노원구 월계동 383-21","rdnmAdr":"서울특별시 노원구 광운로 61","bldMngNo":"1135010200103830022018419","bldNm":"내제"}},{"type":"Feature","id":"sbiz.MA010120220813643423","geometry":{"type":"Point","coordinates":[127.059798238517,37.6230058272637]},"properties":{"bizesId":"MA010120220813643423","bizesNm":"농민마트","indsLclsCd":"G2","indsLclsNm":"소매","indsMclsNm":"종합 소매","indsSclsNm":"슈퍼마켓","adongCd":"11350560","adongNm":"월계1동","lnoCd":"1135010200103830021","lnoAdr":"서울특별시 노원구 월계동 383-21","rdnmAdr":"서울특별시 노원구 광운로 61","bldMngNo":"1135010200103830022018419","flrNo":"지"}},{"type":"Feature","id":"sbiz.MA010120220810382131","geometry":{"type":"Point","coordinates":[127.059816259182,37.6172214775906]},"properties":{"bizesId":"MA010120220810382131","bizesNm":"알고캠퍼스","indsLclsCd":"I1","indsLclsNm":"숙박","indsMclsNm":"기타 숙박","indsSclsNm":"기숙사/고시원","adongCd":"11350560","adongNm":"월계1동","lnoCd":"1135010200104730019","lnoAdr":"서울특별시 노원구 월계동 473-19","rdnmAdr":"서울특별시 노원구 광운로2가길 14-16","bldMngNo":"1135010200104740008019447","bldNm":"외","flrNo":"4"}},{"type":"Feature","id":"sbiz.MA010120220804348911","geometry":{"type":"Point","coordinates":[127.059832423402,37.6232580863401]},"properties":{"bizesId":"MA010120220804348911","bizesNm":"또와집","indsLclsCd":"I2","indsLclsNm":"음식","indsMclsNm":"한식","indsSclsNm":"백반/한정식","adongCd":"11350560","adongNm":"월계1동","lnoCd":"1135010200103830008","lnoAdr":"서울특별시 노원구 월계동 383-8","rdnmAdr":"서울특별시 노원구 광운로19길 13","bldMngNo":"1135010200103830008018084","flrNo":"1"}},{"type":"Feature","id":"sbiz.MA010120220811854569","geometry":{"type":"Point","coordinates":[127.059889950495,37.6243662712361]},"properties":{"bizesId":"MA010120220811854569","bizesNm":"올바른홈케어","indsLclsCd":"N1","indsLclsNm":"시설관리·임대","indsMclsNm":"청소·방제","indsSclsNm":"건축물 일반 청소업","adongCd":"11350560","adongNm":"월계1동","lnoCd":"1135010200103750002","lnoAdr":"서울특별시 노원구 월계동 375-2","rdnmAdr":"서울특별시 노원구 광운로 79","bldMngNo":"1135010200103750002000001","bldNm":"삼전고시텔"}},{"type":"Feature","id":"sbiz.MA010120220804356796","geometry":{"type":"Point","coordinates":[127.059889950495,37.6243662712361]},"properties":{"bizesId":"MA010120220804356796","bizesNm":"업소명없음","indsLclsCd":"I1","indsLclsNm":"숙박","indsMclsNm":"기타 숙박","indsSclsNm":"기숙사/고시원","adongCd":"11350560","adongNm":"월계1동","lnoCd":"1135010200103750002","lnoAdr":"서울특별시 노원구 월계동 375-2","rdnmAdr":"서울특별시 노원구 광운로 79","bldMngNo":"1135010200103750002000001"}},{"type":"Feature","id":"sbiz.MA010120220809744478","geometry":{"type":"Point","coordinates":[127.059889950495,37.6243662712361]},"properties":{"bizesId":"MA010120220809744478","bizesNm":"지에스25광운타운점","indsLclsCd":"G2","indsLclsNm":"소매","indsMclsNm":"종합 소매","indsSclsNm":"편의점","adongCd":"11350560","adongNm":"월계1동","lnoCd":"1135010200103750002","lnoAdr":"서울특별시 노원구 월계동 375-2","rdnmAdr":"서울특별시 노원구 광운로 79","bldMngNo":"1135010200103750002000001","flrNo":"1"}},{"type":"Feature","id":"sbiz.MA010120220804353801","geometry":{"type":"Point","coordinates":[127.059898820292,37.621302910233]},"properties":{"bizesId":"MA010120220804353801","bizesNm":"꽃제비칼국수","indsLclsCd":"I2","indsLclsNm":"음식","indsMclsNm":"한식","indsSclsNm":"국수/칼국수","adongCd":"11350560","adongNm":"월계1동","lnoCd":"1135010200104070016","lnoAdr":"서울특별시 노원구 월계동 407-16","rdnmAdr":"서울특별시 노원구 광운로12길 13","bldMngNo":"1135010200104070016019704"}},{"type":"Feature","id":"sbiz.MA010120220803948106","geometry":{"type":"Point","coordinates":[127.059899810666,37.6225372623945]},"properties":{"bizesId":"MA010120220803948106","bizesNm":"헤이드mj","indsLclsCd":"S2","indsLclsNm":"수리·개인","indsMclsNm":"이용·미용","indsSclsNm":"미용실","adongCd":"11350560","adongNm":"월계1동","lnoCd":"1135010200103830028","lnoAdr":"서울특별시 노원구 월계동 383-28","rdnmAdr":"서울특별시 노원구 광운로 58","bldMngNo":"1135010200103830029019111","flrNo":"1"}},{"type":"Feature","id":"sbiz.MA010120220804356428","geometry":{"type":"Point","coordinates":[127.059899810666,37.6225372623945]},"properties":{"bizesId":"MA010120220804356428","bizesNm":"월계삼천리","brchNm":"대리점","indsLclsCd":"G2","indsLclsNm":"소매","indsMclsNm":"오락용품 소매","indsSclsNm":"자전거 소매업","adongCd":"11350560","adongNm":"월계1동","lnoCd":"1135010200103830028","lnoAdr":"서울특별시 노원구 월계동 383-28","rdnmAdr":"서울특별시 노원구 광운로 58","bldMngNo":"1135010200103830029019111","flrNo":"1"}},{"type":"Feature","id":"sbiz.MA010120220804347360","geometry":{"type":"Point","coordinates":[127.059899810666,37.6225372623945]},"properties":{"bizesId":"MA010120220804347360","bizesNm":"나라전기","indsLclsCd":"M1","indsLclsNm":"과학·기술","indsMclsNm":"기술 서비스","indsSclsNm":"기타 엔지니어링 서비스업","adongCd":"11350560","adongNm":"월계1동","lnoCd":"1135010200103830028","lnoAdr":"서울특별시 노원구 월계동 383-28","rdnmAdr":"서울특별시 노원구 광운로 58","bldMngNo":"1135010200103830029019111"}},{"type":"Feature","id":"sbiz.MA0101202209A0035956","geometry":{"type":"Point","coordinates":[127.059923152702,37.6233931883699]},"properties":{"bizesId":"MA0101202209A0035956","bizesNm":"파스토보이","indsLclsCd":"I2","indsLclsNm":"음식","indsMclsNm":"서양식","indsSclsNm":"파스타/스테이크","adongCd":"11350560","adongNm":"월계1동","lnoCd":"1135010200103830006","lnoAdr":"서울특별시 노원구 월계동 383-6","rdnmAdr":"서울특별시 노원구 광운로19길 11","bldMngNo":"1135010200103830006018467","flrNo":"1"}},{"type":"Feature","id":"sbiz.MA010120220808233308","geometry":{"type":"Point","coordinates":[127.059923152702,37.6233931883699]},"properties":{"bizesId":"MA010120220808233308","bizesNm":"파스토보이","indsLclsCd":"I2","indsLclsNm":"음식","indsMclsNm":"서양식","indsSclsNm":"파스타/스테이크","adongCd":"11350560","adongNm":"월계1동","lnoCd":"1135010200103830006","lnoAdr":"서울특별시 노원구 월계동 383-6","rdnmAdr":"서울특별시 노원구 광운로19길 11","bldMngNo":"1135010200103830006018467","bldNm":"일신주택","flrNo":"1"}},{"type":"Feature","id":"sbiz.MA010120220804819277","geometry":{"type":"Point","coordinates":[127.059979197218,37.6226543504107]},"properties":{"bizesId":"MA010120220804819277","bizesNm":"착한족발","indsLclsCd":"I2","indsLclsNm":"음식","indsMclsNm":"한식","indsSclsNm":"족발/보쌈","adongCd":"11350560","adongNm":"월계1동","lnoCd":"1135010200103830027","lnoAdr":"서울특별시 노원구 월계동 383-27","rdnmAdr":"서울특별시 노원구 광운로 60","bldMngNo":"1135010200103830027019765","flrNo":"1"}},{"type":"Feature","id":"sbiz.MA010120220812581859","geometry":{"type":"Point","coordinates":[127.060002265014,37.6231679013838]},"properties":{"bizesId":"MA010120220812581859","bizesNm":"리안","indsLclsCd":"S2","indsLclsNm":"수리·개인","indsMclsNm":"이용·미용","indsSclsNm":"미용실","adongCd":"11350560","adongNm":"월계1동","lnoCd":"1135010200103830025","lnoAdr":"서울특별시 노원구 월계동 383-25","rdnmAdr":"서울특별시 노원구 광운로 65","bldMngNo":"1135010200103830025018096","bldNm":"좌측전부","flrNo":"2"}},{"type":"Feature","id":"sbiz.MA010120220813504252","geometry":{"type":"Point","coordinates":[127.060002265014,37.6231679013838]},"properties":{"bizesId":"MA010120220813504252","bizesNm":"싸다김밥","indsLclsCd":"I2","indsLclsNm":"음식","indsMclsNm":"기타 간이","indsSclsNm":"김밥/만두/분식","adongCd":"11350560","adongNm":"월계1동","lnoCd":"1135010200103830025","lnoAdr":"서울특별시 노원구 월계동 383-25","rdnmAdr":"서울특별시 노원구 광운로 65","bldMngNo":"1135010200103830025018096","flrNo":"1"}},{"type":"Feature","id":"sbiz.MA010120220804364018","geometry":{"type":"Point","coordinates":[127.060002265014,37.6231679013838]},"properties":{"bizesId":"MA010120220804364018","bizesNm":"아이작스튜디오","indsLclsCd":"M1","indsLclsNm":"과학·기술","indsMclsNm":"사진 촬영","indsSclsNm":"사진촬영업","adongCd":"11350560","adongNm":"월계1동","lnoCd":"1135010200103830025","lnoAdr":"서울특별시 노원구 월계동 383-25","rdnmAdr":"서울특별시 노원구 광운로 65","bldMngNo":"1135010200103830025018096","bldNm":"칸","flrNo":"2"}},{"type":"Feature","id":"sbiz.MA010120220813575610","geometry":{"type":"Point","coordinates":[127.060009993169,37.6186899895919]},"properties":{"bizesId":"MA010120220813575610","bizesNm":"세븐광운대원룸점","brchNm":"코리아","indsLclsCd":"G2","indsLclsNm":"소매","indsMclsNm":"종합 소매","indsSclsNm":"편의점","adongCd":"11350560","adongNm":"월계1동","lnoCd":"1135010200104480003","lnoAdr":"서울특별시 노원구 월계동 448-3","rdnmAdr":"서울특별시 노원구 광운로2나길 50","bldMngNo":"1135010200104480003019239","bldNm":"삼창아파트","flrNo":"1","complex_id":"apt.1135010200104480003","complex_name":""}},{"type":"Feature","id":"sbiz.MA010120220808550565","geometry":{"type":"Point","coordinates":[127.060036697028,37.6237264958795]},"properties":{"bizesId":"MA010120220808550565","bizesNm":"테크노마트","indsLclsCd":"G2","indsLclsNm":"소매","indsMclsNm":"가전·통신 소매","indsSclsNm":"핸드폰 소매업","adongCd":"11350560","adongNm":"월계1동","lnoCd":"1135010200103790050","lnoAdr":"서울특별시 노원구 월계동 379-50","rdnmAdr":"서울특별시 노원구 광운로 71","bldMngNo":"1135010200103790050018008","flrNo":"1"}},{"type":"Feature","id":"sbiz.MA010120220812454400","geometry":{"type":"Point","coordinates":[127.060036697028,37.6237264958795]},"properties":{"bizesId":"MA010120220812454400","bizesNm":"세븐성북역점","brchNm":"코리아","indsLclsCd":"G2","indsLclsNm":"소매","indsMclsNm":"종합 소매","indsSclsNm":"편의점","adongCd":"11350560","adongNm":"월계1동","lnoCd":"1135010200103790050","lnoAdr":"서울특별시 노원구 월계동 379-50","rdnmAdr":"서울특별시 노원구 광운로 71","bldMngNo":"1135010200103790050018008"}},{"type":"Feature","id":"sbiz.MA010120220803884726","geometry":{"type":"Point","coordinates":[127.060047213009,37.6227173849248]},"properties":{"bizesId":"MA010120220803884726","bizesNm":"스타안경","indsLclsCd":"G2","indsLclsNm":"소매","indsMclsNm":"안경·정밀기기 소매","indsSclsNm":"안경렌즈 소매업","adongCd":"11350560","adongNm":"월계1동","lnoCd":"1135010200103830026","lnoAdr":"서울특별시 노원구 월계동 383-26","rdnmAdr":"서울특별시 노원구 광운로 62","bldMngNo":"1135010200103830026019127","flrNo":"1"}},{"type":"Feature","id":"sbiz.MA010120220804345481","geometry":{"type":"Point","coordinates":[127.060047829021,37.6234832237015]},"properties":{"bizesId":"MA010120220804345481","bizesNm":"돈장군","indsLclsCd":"I2","indsLclsNm":"음식","indsMclsNm":"한식","indsSclsNm":"돼지고기 구이/찜","adongCd":"11350560","adongNm":"월계1동","lnoCd":"1135010200103830003","lnoAdr":"서울특별시 노원구 월계동 383-3","rdnmAdr":"서울특별시 노원구 광운로 69","bldMngNo":"1135010200103830003017710","flrNo":"1"}},{"type":"Feature","id":"sbiz.MA010120220800895135","geometry":{"type":"Point","coordinates":[127.060047829021,37.6234832237015]},"properties":{"bizesId":"MA010120220800895135","bizesNm":"엄마손김밥","indsLclsCd":"I2","indsLclsNm":"음식","indsMclsNm":"기타 간이","indsSclsNm":"김밥/만두/분식","adongCd":"11350560","adongNm":"월계1동","lnoCd":"1135010200103830003","lnoAdr":"서울특별시 노원구 월계동 383-3","rdnmAdr":"서울특별시 노원구 광운로 69","bldMngNo":"1135010200103830003017710","flrNo":"1"}},{"type":"Feature","id":"sbiz.MA010120220808046835","geometry":{"type":"Point","coordinates":[127.060047829021,37.6234832237015]},"properties":{"bizesId":"MA010120220808046835","bizesNm":"신도공인중개사사무소","indsLclsCd":"L1","indsLclsNm":"부동산","indsMclsNm":"부동산 서비스","indsSclsNm":"부동산 중개/대리업","adongCd":"11350560","adongNm":"월계1동","lnoCd":"1135010200103830003","lnoAdr":"서울특별시 노원구 월계동 383-3","rdnmAdr":"서울특별시 노원구 광운로 69","bldMngNo":"1135010200103830003017710","flrNo":"1"}},{"type":"Feature","id":"sbiz.MA010120220814179941","geometry":{"type":"Point","coordinates":[127.060047829021,37.6234832237015]},"properties":{"bizesId":"MA010120220814179941","bizesNm":"집밥","indsLclsCd":"I2","indsLclsNm":"음식","indsMclsNm":"한식","indsSclsNm":"백반/한정식","adongCd":"11350560","adongNm":"월계1동","lnoCd":"1135010200103830003","lnoAdr":"서울특별시 노원구 월계동 383-3","rdnmAdr":"서울특별시 노원구 광운로 69","bldMngNo":"1135010200103830003017710","flrNo":"1"}},{"type":"Feature","id":"sbiz.MA010120220809843564","geometry":{"type":"Point","coordinates":[127.060059004435,37.6232940107186]},"properties":{"bizesId":"MA010120220809843564","bizesNm":"빵꾸네토탈패션","indsLclsCd":"G2","indsLclsNm":"소매","indsMclsNm":"섬유·의복·신발 소매","indsSclsNm":"여성 의류 소매업","adongCd":"11350560","adongNm":"월계1동","lnoCd":"1135010200103830005","lnoAdr":"서울특별시 노원구 월계동 383-5","rdnmAdr":"서울특별시 노원구 광운로 67","bldMngNo":"1135010200103830005018077"}},{"type":"Feature","id":"sbiz.MA010120220800084175","geometry":{"type":"Point","coordinates":[127.060059004435,37.6232940107186]},"properties":{"bizesId":"MA010120220800084175","bizesNm":"큰맘할매순대국","indsLclsCd":"I2","indsLclsNm":"음식","indsMclsNm":"한식","indsSclsNm":"국/탕/찌개류","adongCd":"11350560","adongNm":"월계1동","lnoCd":"1135010200103830005","lnoAdr":"서울특별시 노원구 월계동 383-5","rdnmAdr":"서울특별시 노원구 광운로 67","bldMngNo":"1135010200103830005018077","flrNo":"1"}},{"type":"Feature","id":"sbiz.MA0101202211A0071900","geometry":{"type":"Point","coordinates":[127.060099187021,37.6169240077689]},"properties":{"bizesId":"MA0101202211A0071900","bizesNm":"즐거운음악교습소","indsLclsCd":"P1","indsLclsNm":"교육","indsMclsNm":"기타 교육","indsSclsNm":"음악학원","adongCd":"11350560","adongNm":"월계1동","lnoCd":"1135010200104750035","lnoAdr":"서울특별시 노원구 월계동 475-35","rdnmAdr":"서울특별시 노원구 광운로2나길 11","bldMngNo":"1135010200104800000019463","bldNm":"영광상가","flrNo":"2"}},{"type":"Feature","id":"sbiz.MA010120220812584974","geometry":{"type":"Point","coordinates":[127.060099187021,37.6169240077689]},"properties":{"bizesId":"MA010120220812584974","bizesNm":"웰라잉글리쉬학원","indsLclsCd":"P1","indsLclsNm":"교육","indsMclsNm":"기타 교육","indsSclsNm":"외국어학원","adongCd":"11350560","adongNm":"월계1동","lnoCd":"1135010200104750035","lnoAdr":"서울특별시 노원구 월계동 475-35","rdnmAdr":"서울특별시 노원구 광운로2나길 11","bldMngNo":"1135010200104800000019463","bldNm":"영광상가","flrNo":"2"}},{"type":"Feature","id":"sbiz.MA010120220814077180","geometry":{"type":"Point","coordinates":[127.060171910135,37.6228344497416]},"properties":{"bizesId":"MA010120220814077180","bizesNm":"오복떡집","indsLclsCd":"I2","indsLclsNm":"음식","indsMclsNm":"기타 간이","indsSclsNm":"떡/한과","adongCd":"11350560","adongNm":"월계1동","lnoCd":"1135010200103830004","lnoAdr":"서울특별시 노원구 월계동 383-4","rdnmAdr":"서울특별시 노원구 광운로 64","bldMngNo":"1135010200103830004019140","flrNo":"1"}},{"type":"Feature","id":"sbiz.MA010120220804367315","geometry":{"type":"Point","coordinates":[127.060171910135,37.6228344497416]},"properties":{"bizesId":"MA010120220804367315","bizesNm":"청솔공인중개사사무소","indsLclsCd":"L1","indsLclsNm":"부동산","indsMclsNm":"부동산 서비스","indsSclsNm":"부동산 중개/대리업","adongCd":"11350560","adongNm":"월계1동","lnoCd":"1135010200103830004","lnoAdr":"서울특별시 노원구 월계동 383-4","rdnmAdr":"서울특별시 노원구 광운로 64","bldMngNo":"1135010200103830004019140","flrNo":"1"}},{"type":"Feature","id":"sbiz.MA010120220806841762","geometry":{"type":"Point","coordinates":[127.060171910135,37.6228344497416]},"properties":{"bizesId":"MA010120220806841762","bizesNm":"와플대학광운대캠퍼스","indsLclsCd":"I2","indsLclsNm":"음식","indsMclsNm":"기타 간이","indsSclsNm":"빵/도넛","adongCd":"11350560","adongNm":"월계1동","lnoCd":"1135010200103830004","lnoAdr":"서울특별시 노원구 월계동 383-4","rdnmAdr":"서울특별시 노원구 광운로 64","bldMngNo":"1135010200103830004019140","flrNo":"1"}},{"type":"Feature","id":"sbiz.MA010120220803955062","geometry":{"type":"Point","coordinates":[127.060171910135,37.6228344497416]},"properties":{"bizesId":"MA010120220803955062","bizesNm":"애니테크","indsLclsCd":"G2","indsLclsNm":"소매","indsMclsNm":"가전·통신 소매","indsSclsNm":"핸드폰 소매업","adongCd":"11350560","adongNm":"월계1동","lnoCd":"1135010200103830004","lnoAdr":"서울특별시 노원구 월계동 383-4","rdnmAdr":"서울특별시 노원구 광운로 64","bldMngNo":"1135010200103830004019140"}},{"type":"Feature","id":"sbiz.MA010120220808507035","geometry":{"type":"Point","coordinates":[127.060240493352,37.6236002538231]},"properties":{"bizesId":"MA010120220808507035","bizesNm":"사계절김밥","indsLclsCd":"I2","indsLclsNm":"음식","indsMclsNm":"기타 간이","indsSclsNm":"김밥/만두/분식","adongCd":"11350560","adongNm":"월계1동","lnoCd":"1135010200103790040","lnoAdr":"서울특별시 노원구 월계동 379-40","rdnmAdr":"서울특별시 노원구 광운로 72","bldMngNo":"1135010200103790040018020","flrNo":"1"}},{"type":"Feature","id":"sbiz.MA010120220804356874","geometry":{"type":"Point","coordinates":[127.060240493352,37.6236002538231]},"properties":{"bizesId":"MA010120220804356874","bizesNm":"왕순대국","indsLclsCd":"I2","indsLclsNm":"음식","indsMclsNm":"한식","indsSclsNm":"국/탕/찌개류","adongCd":"11350560","adongNm":"월계1동","lnoCd":"1135010200103790040","lnoAdr":"서울특별시 노원구 월계동 379-40","rdnmAdr":"서울특별시 노원구 광운로 72","bldMngNo":"1135010200103790040018020"}},{"type":"Feature","id":"sbiz.MA010120220804352322","geometry":{"type":"Point","coordinates":[127.060240493352,37.6236002538231]},"properties":{"bizesId":"MA010120220804352322","bizesNm":"미헤어아트","indsLclsCd":"S2","indsLclsNm":"수리·개인","indsMclsNm":"이용·미용","indsSclsNm":"미용실","adongCd":"11350560","adongNm":"월계1동","lnoCd":"1135010200103790040","lnoAdr":"서울특별시 노원구 월계동 379-40","rdnmAdr":"서울특별시 노원구 광운로 72","bldMngNo":"1135010200103790040018020","flrNo":"1"}},{"type":"Feature","id":"sbiz.MA010120220803948485","geometry":{"type":"Point","coordinates":[127.060240493352,37.6236002538231]},"properties":{"bizesId":"MA010120220803948485","bizesNm":"마산아구찜","indsLclsCd":"I2","indsLclsNm":"음식","indsMclsNm":"한식","indsSclsNm":"해산물 구이/찜","adongCd":"11350560","adongNm":"월계1동","lnoCd":"1135010200103790040","lnoAdr":"서울특별시 노원구 월계동 379-40","rdnmAdr":"서울특별시 노원구 광운로 72","bldMngNo":"1135010200103790040018020"}},{"type":"Feature","id":"sbiz.MA010120220800018800","geometry":{"type":"Point","coordinates":[127.060251704654,37.6234560901632]},"properties":{"bizesId":"MA010120220800018800","bizesNm":"봉이빈대떡신사","indsLclsCd":"I2","indsLclsNm":"음식","indsMclsNm":"주점","indsSclsNm":"요리 주점","adongCd":"11350560","adongNm":"월계1동","lnoCd":"1135010200103790042","lnoAdr":"서울특별시 노원구 월계동 379-42","rdnmAdr":"서울특별시 노원구 광운로 70","bldMngNo":"1135010200103790042017806"}},{"type":"Feature","id":"sbiz.MA010120220806970401","geometry":{"type":"Point","coordinates":[127.060274243524,37.6233119207132]},"properties":{"bizesId":"MA010120220806970401","bizesNm":"진미숯불닭갈비","indsLclsCd":"I2","indsLclsNm":"음식","indsMclsNm":"한식","indsSclsNm":"돼지고기 구이/찜","adongCd":"11350560","adongNm":"월계1동","lnoCd":"1135010200103790043","lnoAdr":"서울특별시 노원구 월계동 379-43","rdnmAdr":"서울특별시 노원구 광운로 68","bldMngNo":"1135010200103790043018073","flrNo":"1"}},{"type":"Feature","id":"sbiz.MA010120220805031431","geometry":{"type":"Point","coordinates":[127.060275574833,37.6249607262529]},"properties":{"bizesId":"MA010120220805031431","bizesNm":"맥스체대입시노원교육원","indsLclsCd":"P1","indsLclsNm":"교육","indsMclsNm":"일반 교육","indsSclsNm":"입시·교과학원","adongCd":"11350560","adongNm":"월계1동","lnoCd":"1135010200103660003","lnoAdr":"서울특별시 노원구 월계동 366-3","rdnmAdr":"서울특별시 노원구 광운로 86","bldMngNo":"1135010200103660003018697","flrNo":"B1"}},{"type":"Feature","id":"sbiz.MA010120220804349093","geometry":{"type":"Point","coordinates":[127.060275574833,37.6249607262529]},"properties":{"bizesId":"MA010120220804349093","bizesNm":"간판&디자인연구소","indsLclsCd":"M1","indsLclsNm":"과학·기술","indsMclsNm":"광고","indsSclsNm":"광고물 설계/제작업","adongCd":"11350560","adongNm":"월계1동","lnoCd":"1135010200103660003","lnoAdr":"서울특별시 노원구 월계동 366-3","rdnmAdr":"서울특별시 노원구 광운로 86","bldMngNo":"1135010200103660003018697","bldNm":"카펠라오피스텔","flrNo":"3"}},{"type":"Feature","id":"sbiz.MA010120220807165545","geometry":{"type":"Point","coordinates":[127.060285483822,37.6232037965144]},"properties":{"bizesId":"MA010120220807165545","bizesNm":"짱노래연습장","indsLclsCd":"R1","indsLclsNm":"예술·스포츠","indsMclsNm":"유원지·오락","indsSclsNm":"노래방","adongCd":"11350560","adongNm":"월계1동","lnoCd":"1135010200103790045","lnoAdr":"서울특별시 노원구 월계동 379-45","rdnmAdr":"서울특별시 노원구 광운로 66-1","bldMngNo":"1135010200103790045018098","flrNo":"1"}},{"type":"Feature","id":"sbiz.MA010120220803950998","geometry":{"type":"Point","coordinates":[127.060286153223,37.6240327042902]},"properties":{"bizesId":"MA010120220803950998","bizesNm":"성지고시텔","indsLclsCd":"I1","indsLclsNm":"숙박","indsMclsNm":"기타 숙박","indsSclsNm":"기숙사/고시원","adongCd":"11350560","adongNm":"월계1동","lnoCd":"1135010200103800004","lnoAdr":"서울특별시 노원구 월계동 380-4","rdnmAdr":"서울특별시 노원구 광운로 78","bldMngNo":"1135010200103800004018504"}},{"type":"Feature","id":"sbiz.MA010120220810825297","geometry":{"type":"Point","coordinates":[127.060321759978,37.6260418868069]},"properties":{"bizesId":"MA010120220810825297","bizesNm":"선앤솔트","indsLclsCd":"M1","indsLclsNm":"과학·기술","indsMclsNm":"본사·경영 컨설팅","indsSclsNm":"경영 컨설팅업","adongCd":"11350560","adongNm":"월계1동","lnoCd":"1135010200103680002","lnoAdr":"서울특별시 노원구 월계동 368-2","rdnmAdr":"서울특별시 노원구 광운로 94","bldMngNo":"1135010200103670001000002"}},{"type":"Feature","id":"sbiz.MA010120220804353110","geometry":{"type":"Point","coordinates":[127.060376468919,37.6236542435519]},"properties":{"bizesId":"MA010120220804353110","bizesNm":"명태이야기","indsLclsCd":"I2","indsLclsNm":"음식","indsMclsNm":"한식","indsSclsNm":"해산물 구이/찜","adongCd":"11350560","adongNm":"월계1동","lnoCd":"1135010200103790030","lnoAdr":"서울특별시 노원구 월계동 379-30","rdnmAdr":"서울특별시 노원구 석계로18길 13","bldMngNo":"1135010200103790030018496"}},{"type":"Feature","id":"sbiz.MA010120220808137798","geometry":{"type":"Point","coordinates":[127.060387636237,37.6234560206768]},"properties":{"bizesId":"MA010120220808137798","bizesNm":"명동찌개마을","indsLclsCd":"I2","indsLclsNm":"음식","indsMclsNm":"한식","indsSclsNm":"국/탕/찌개류","adongCd":"11350560","adongNm":"월계1동","lnoCd":"1135010200103790032","lnoAdr":"서울특별시 노원구 월계동 379-32","rdnmAdr":"서울특별시 노원구 석계로18길 9","bldMngNo":"1135010200103790032017802","flrNo":"1"}},{"type":"Feature","id":"sbiz.MA010120220807384345","geometry":{"type":"Point","coordinates":[127.060410050897,37.6231586834502]},"properties":{"bizesId":"MA010120220807384345","bizesNm":"다이천마떡","indsLclsCd":"I2","indsLclsNm":"음식","indsMclsNm":"기타 간이","indsSclsNm":"김밥/만두/분식","adongCd":"11350560","adongNm":"월계1동","lnoCd":"1135010200103790036","lnoAdr":"서울특별시 노원구 월계동 379-36","rdnmAdr":"서울특별시 노원구 석계로 106","bldMngNo":"1135010200103790036017749","flrNo":"1"}},{"type":"Feature","id":"sbiz.MA010120220807093948","geometry":{"type":"Point","coordinates":[127.060410050897,37.6231586834502]},"properties":{"bizesId":"MA010120220807093948","bizesNm":"명랑핫도그","brchNm":"광운대점","indsLclsCd":"I2","indsLclsNm":"음식","indsMclsNm":"기타 간이","indsSclsNm":"빵/도넛","adongCd":"11350560","adongNm":"월계1동","lnoCd":"1135010200103790036","lnoAdr":"서울특별시 노원구 월계동 379-36","rdnmAdr":"서울특별시 노원구 석계로 106","bldMngNo":"1135010200103790036017749","flrNo":"1"}},{"type":"Feature","id":"sbiz.MA010120220803093355","geometry":{"type":"Point","coordinates":[127.060410138389,37.623266801863]},"properties":{"bizesId":"MA010120220803093355","bizesNm":"미미식당","indsLclsCd":"I2","indsLclsNm":"음식","indsMclsNm":"한식","indsSclsNm":"돼지고기 구이/찜","adongCd":"11350560","adongNm":"월계1동","lnoCd":"1135010200103790033","lnoAdr":"서울특별시 노원구 월계동 379-33","rdnmAdr":"서울특별시 노원구 석계로18길 5","bldMngNo":"1135010200103790034018076","flrNo":"1"}},{"type":"Feature","id":"sbiz.MA010120220804348220","geometry":{"type":"Point","coordinates":[127.060523808877,37.6237532766484]},"properties":{"bizesId":"MA010120220804348220","bizesNm":"가마솥뼈다귀감자탕","indsLclsCd":"I2","indsLclsNm":"음식","indsMclsNm":"한식","indsSclsNm":"백반/한정식","adongCd":"11350560","adongNm":"월계1동","lnoCd":"1135010200103790020","lnoAdr":"서울특별시 노원구 월계동 379-20","rdnmAdr":"서울특별시 노원구 석계로18길 14","bldMngNo":"1135010200103790020018007"}},{"type":"Feature","id":"sbiz.MA010120220801469414","geometry":{"type":"Point","coordinates":[127.060557075646,37.6228702921929]},"properties":{"bizesId":"MA010120220801469414","bizesNm":"J요가","indsLclsCd":"P1","indsLclsNm":"교육","indsMclsNm":"기타 교육","indsSclsNm":"요가/필라테스 학원","adongCd":"11350560","adongNm":"월계1동","lnoCd":"1135010200103830042","lnoAdr":"서울특별시 노원구 월계동 383-42","rdnmAdr":"서울특별시 노원구 석계로 105","bldMngNo":"1135010200103830042019108","flrNo":"4"}},{"type":"Feature","id":"sbiz.MA010120220805159087","geometry":{"type":"Point","coordinates":[127.060557075646,37.6228702921929]},"properties":{"bizesId":"MA010120220805159087","bizesNm":"엠케이로드","indsLclsCd":"M1","indsLclsNm":"과학·기술","indsMclsNm":"광고","indsSclsNm":"광고 대행업","adongCd":"11350560","adongNm":"월계1동","lnoCd":"1135010200103830042","lnoAdr":"서울특별시 노원구 월계동 383-42","rdnmAdr":"서울특별시 노원구 석계로 105","bldMngNo":"1135010200103830042019108","flrNo":"3"}},{"type":"Feature","id":"sbiz.MA010120220801022349","geometry":{"type":"Point","coordinates":[127.060557375303,37.6232396967786]},"properties":{"bizesId":"MA010120220801022349","bizesNm":"마포연탄불고기","indsLclsCd":"I2","indsLclsNm":"음식","indsMclsNm":"한식","indsSclsNm":"돼지고기 구이/찜","adongCd":"11350560","adongNm":"월계1동","lnoCd":"1135010200103790025","lnoAdr":"서울특별시 노원구 월계동 379-25","rdnmAdr":"서울특별시 노원구 석계로18길 4","bldMngNo":"1135010200103790025018093","flrNo":"1"}},{"type":"Feature","id":"sbiz.MA010120220812476463","geometry":{"type":"Point","coordinates":[127.060558003869,37.6240145453466]},"properties":{"bizesId":"MA010120220812476463","bizesNm":"짝태촌노가리","indsLclsCd":"I2","indsLclsNm":"음식","indsMclsNm":"주점","indsSclsNm":"요리 주점","adongCd":"11350560","adongNm":"월계1동","lnoCd":"1135010200103800001","lnoAdr":"서울특별시 노원구 월계동 380-1","rdnmAdr":"서울특별시 노원구 석계로18길 23","bldMngNo":"1135010200103800001020229","bldNm":"삼능스페이스향","flrNo":"1"}},{"type":"Feature","id":"sbiz.MA0101202211A0058983","geometry":{"type":"Point","coordinates":[127.060558003869,37.6240145453466]},"properties":{"bizesId":"MA0101202211A0058983","bizesNm":"배송대장","brchNm":"서울지점","indsLclsCd":"N1","indsLclsNm":"시설관리·임대","indsMclsNm":"기타 사업 서비스","indsSclsNm":"포장/충전업","adongCd":"11350560","adongNm":"월계1동","lnoCd":"1135010200103800001","lnoAdr":"서울특별시 노원구 월계동 380-1","rdnmAdr":"서울특별시 노원구 석계로18길 23","bldMngNo":"1135010200103800001020229","bldNm":"삼능스페이스향","flrNo":"1"}},{"type":"Feature","id":"sbiz.MA010120220800917365","geometry":{"type":"Point","coordinates":[127.060558003869,37.6240145453466]},"properties":{"bizesId":"MA010120220800917365","bizesNm":"정담소반","indsLclsCd":"I2","indsLclsNm":"음식","indsMclsNm":"한식","indsSclsNm":"백반/한정식","adongCd":"11350560","adongNm":"월계1동","lnoCd":"1135010200103800001","lnoAdr":"서울특별시 노원구 월계동 380-1","rdnmAdr":"서울특별시 노원구 석계로18길 23","bldMngNo":"1135010200103800001020229","bldNm":"삼능스페이스향","flrNo":"1"}},{"type":"Feature","id":"sbiz.MA010120220803943534","geometry":{"type":"Point","coordinates":[127.060558003869,37.6240145453466]},"properties":{"bizesId":"MA010120220803943534","bizesNm":"서초우동2","indsLclsCd":"I2","indsLclsNm":"음식","indsMclsNm":"일식","indsSclsNm":"일식 면 요리","adongCd":"11350560","adongNm":"월계1동","lnoCd":"1135010200103800001","lnoAdr":"서울특별시 노원구 월계동 380-1","rdnmAdr":"서울특별시 노원구 석계로18길 23","bldMngNo":"1135010200103800001020229","bldNm":"삼능스페이스향"}},{"type":"Feature","id":"sbiz.MA010120220810231737","geometry":{"type":"Point","coordinates":[127.060558003869,37.6240145453466]},"properties":{"bizesId":"MA010120220810231737","bizesNm":"W바디&스킨케어","indsLclsCd":"S2","indsLclsNm":"수리·개인","indsMclsNm":"이용·미용","indsSclsNm":"피부 관리실","adongCd":"11350560","adongNm":"월계1동","lnoCd":"1135010200103800001","lnoAdr":"서울특별시 노원구 월계동 380-1","rdnmAdr":"서울특별시 노원구 석계로18길 23","bldMngNo":"1135010200103800001020229","bldNm":"삼능스페이스향","flrNo":"1"}},{"type":"Feature","id":"sbiz.MA010120220807789739","geometry":{"type":"Point","coordinates":[127.060558003869,37.6240145453466]},"properties":{"bizesId":"MA010120220807789739","bizesNm":"본도시락광운대역점","indsLclsCd":"I2","indsLclsNm":"음식","indsMclsNm":"한식","indsSclsNm":"백반/한정식","adongCd":"11350560","adongNm":"월계1동","lnoCd":"1135010200103800001","lnoAdr":"서울특별시 노원구 월계동 380-1","rdnmAdr":"서울특별시 노원구 석계로18길 23","bldMngNo":"1135010200103800001020229","bldNm":"삼능스페이스향"}},{"type":"Feature","id":"sbiz.MA010120220809600874","geometry":{"type":"Point","coordinates":[127.060602846613,37.6234378906017]},"properties":{"bizesId":"MA010120220809600874","bizesNm":"드림공인중개사사무소","indsLclsCd":"L1","indsLclsNm":"부동산","indsMclsNm":"부동산 서비스","indsSclsNm":"부동산 중개/대리업","adongCd":"11350560","adongNm":"월계1동","lnoCd":"1135010200103790017","lnoAdr":"서울특별시 노원구 월계동 379-17","rdnmAdr":"서울특별시 노원구 석계로18길 8","bldMngNo":"1135010200103790017018052"}},{"type":"Feature","id":"sbiz.MA010120220813466470","geometry":{"type":"Point","coordinates":[127.060602846613,37.6234378906017]},"properties":{"bizesId":"MA010120220813466470","bizesNm":"제론","indsLclsCd":"L1","indsLclsNm":"부동산","indsMclsNm":"부동산 서비스","indsSclsNm":"부동산 중개/대리업","adongCd":"11350560","adongNm":"월계1동","lnoCd":"1135010200103790017","lnoAdr":"서울특별시 노원구 월계동 379-17","rdnmAdr":"서울특별시 노원구 석계로18길 8","bldMngNo":"1135010200103790017018052","bldNm":"모두스타빌","flrNo":"2"}},{"type":"Feature","id":"sbiz.MA010120220802248858","geometry":{"type":"Point","coordinates":[127.060602846613,37.6234378906017]},"properties":{"bizesId":"MA010120220802248858","bizesNm":"모두하우스","indsLclsCd":"N1","indsLclsNm":"시설관리·임대","indsMclsNm":"여행사·보조","indsSclsNm":"여행사","adongCd":"11350560","adongNm":"월계1동","lnoCd":"1135010200103790017","lnoAdr":"서울특별시 노원구 월계동 379-17","rdnmAdr":"서울특별시 노원구 석계로18길 8","bldMngNo":"1135010200103790017018052","bldNm":"모두스타빌","flrNo":"지"}},{"type":"Feature","id":"sbiz.MA010120220810320414","geometry":{"type":"Point","coordinates":[127.060715639264,37.6228431810961]},"properties":{"bizesId":"MA010120220810320414","bizesNm":"지에스25월계성북역점","indsLclsCd":"G2","indsLclsNm":"소매","indsMclsNm":"종합 소매","indsSclsNm":"편의점","adongCd":"11350560","adongNm":"월계1동","lnoCd":"1135010200104100007","lnoAdr":"서울특별시 노원구 월계동 410-7","rdnmAdr":"서울특별시 노원구 석계로 103","bldMngNo":"1135010200104100007019107"}},{"type":"Feature","id":"sbiz.MA010120220807936278","geometry":{"type":"Point","coordinates":[127.060715639264,37.6228431810961]},"properties":{"bizesId":"MA010120220807936278","bizesNm":"에스엠씨아카데미","indsLclsCd":"P1","indsLclsNm":"교육","indsMclsNm":"기타 교육","indsSclsNm":"레크리에이션 교육기관","adongCd":"11350560","adongNm":"월계1동","lnoCd":"1135010200104100007","lnoAdr":"서울특별시 노원구 월계동 410-7","rdnmAdr":"서울특별시 노원구 석계로 103","bldMngNo":"1135010200104100007019107","bldNm":"동우빌딩","flrNo":"1"}},{"type":"Feature","id":"sbiz.MA010120220812340528","geometry":{"type":"Point","coordinates":[127.060715639264,37.6228431810961]},"properties":{"bizesId":"MA010120220812340528","bizesNm":"제이코인노래방","indsLclsCd":"R1","indsLclsNm":"예술·스포츠","indsMclsNm":"유원지·오락","indsSclsNm":"노래방","adongCd":"11350560","adongNm":"월계1동","lnoCd":"1135010200104100007","lnoAdr":"서울특별시 노원구 월계동 410-7","rdnmAdr":"서울특별시 노원구 석계로 103","bldMngNo":"1135010200104100007019107"}},{"type":"Feature","id":"sbiz.MA010120220813628416","geometry":{"type":"Point","coordinates":[127.060715639264,37.6228431810961]},"properties":{"bizesId":"MA010120220813628416","bizesNm":"메가엠지씨커피광운대역점","indsLclsCd":"I2","indsLclsNm":"음식","indsMclsNm":"비알코올 ","indsSclsNm":"카페","adongCd":"11350560","adongNm":"월계1동","lnoCd":"1135010200104100007","lnoAdr":"서울특별시 노원구 월계동 410-7","rdnmAdr":"서울특별시 노원구 석계로 103","bldMngNo":"1135010200104100007019107","bldNm":"동우빌딩","flrNo":"1"}},{"type":"Feature","id":"sbiz.MA010120220805866271","geometry":{"type":"Point","coordinates":[127.060721529485,37.6161578492351]},"properties":{"bizesId":"MA010120220805866271","bizesNm":"베르디음악교습소","indsLclsCd":"P1","indsLclsNm":"교육","indsMclsNm":"기타 교육","indsSclsNm":"음악학원","adongCd":"11350560","adongNm":"월계1동","lnoCd":"1135010200104360000","lnoAdr":"서울특별시 노원구 월계동 436","rdnmAdr":"서울특별시 노원구 광운로2나길 30","bldMngNo":"1135010200104830000019245","bldNm":"동신아파트","complex_id":"apt.1135010200104830000","complex_name":"동신아파트"}},{"type":"Feature","id":"sbiz.MA010120220809850782","geometry":{"type":"Point","coordinates":[127.060721529485,37.6161578492351]},"properties":{"bizesId":"MA010120220809850782","bizesNm":"루키스아트","indsLclsCd":"M1","indsLclsNm":"과학·기술","indsMclsNm":"사진 촬영","indsSclsNm":"사진촬영업","adongCd":"11350560","adongNm":"월계1동","lnoCd":"1135010200104360000","lnoAdr":"서울특별시 노원구 월계동 436","rdnmAdr":"서울특별시 노원구 광운로2나길 30","bldMngNo":"1135010200104830000019245","bldNm":"동신아파트","complex_id":"apt.1135010200104830000","complex_name":"동신아파트"}},{"type":"Feature","id":"sbiz.MA010120220804347390","geometry":{"type":"Point","coordinates":[127.060721529485,37.6161578492351]},"properties":{"bizesId":"MA010120220804347390","bizesNm":"영마트","indsLclsCd":"G2","indsLclsNm":"소매","indsMclsNm":"종합 소매","indsSclsNm":"슈퍼마켓","adongCd":"11350560","adongNm":"월계1동","lnoCd":"1135010200104360000","lnoAdr":"서울특별시 노원구 월계동 436","rdnmAdr":"서울특별시 노원구 광운로2나길 30","bldMngNo":"1135010200104830000019245","bldNm":"동신아파트","flrNo":"1","complex_id":"apt.1135010200104830000","complex_name":"동신아파트"}},{"type":"Feature","id":"sbiz.MA010120220806552481","geometry":{"type":"Point","coordinates":[127.060727245312,37.6231855502503]},"properties":{"bizesId":"MA010120220806552481","bizesNm":"네이처컬렉션","indsLclsCd":"G2","indsLclsNm":"소매","indsMclsNm":"의약·화장품 소매","indsSclsNm":"화장품 소매업","adongCd":"11350560","adongNm":"월계1동","lnoCd":"1135010200104100001","lnoAdr":"서울특별시 노원구 월계동 410-1","rdnmAdr":"서울특별시 노원구 석계로 104","bldMngNo":"1135010200104100001018401","bldNm":"그린빌딩"}},{"type":"Feature","id":"sbiz.MA010120220804346138","geometry":{"type":"Point","coordinates":[127.060727245312,37.6231855502503]},"properties":{"bizesId":"MA010120220804346138","bizesNm":"금나라","indsLclsCd":"G2","indsLclsNm":"소매","indsMclsNm":"시계·귀금속 소매","indsSclsNm":"시계/귀금속 소매업","adongCd":"11350560","adongNm":"월계1동","lnoCd":"1135010200104100001","lnoAdr":"서울특별시 노원구 월계동 410-1","rdnmAdr":"서울특별시 노원구 석계로 104","bldMngNo":"1135010200104100001018401"}},{"type":"Feature","id":"sbiz.MA010120220800014604","geometry":{"type":"Point","coordinates":[127.060772893076,37.6235999808231]},"properties":{"bizesId":"MA010120220800014604","bizesNm":"용산컴","indsLclsCd":"G2","indsLclsNm":"소매","indsMclsNm":"중고 상품 소매","indsSclsNm":"중고 상품 소매업","adongCd":"11350560","adongNm":"월계1동","lnoCd":"1135010200103790012","lnoAdr":"서울특별시 노원구 월계동 379-12","rdnmAdr":"서울특별시 노원구 석계로18길 10-7","bldMngNo":"1135010200103790012018534","flrNo":"지"}},{"type":"Feature","id":"sbiz.MA010120220813522689","geometry":{"type":"Point","coordinates":[127.060804938661,37.6212213579291]},"properties":{"bizesId":"MA010120220813522689","bizesNm":"별난주점","brchNm":"광운대점","indsLclsCd":"I2","indsLclsNm":"음식","indsMclsNm":"주점","indsSclsNm":"요리 주점","adongCd":"11350560","adongNm":"월계1동","lnoCd":"1135010200104110017","lnoAdr":"서울특별시 노원구 월계동 411-17","rdnmAdr":"서울특별시 노원구 광운로12길 28","bldMngNo":"1135010200104110017000001","bldNm":"준파크빌2차","flrNo":"1"}},{"type":"Feature","id":"sbiz.MA010120220812589462","geometry":{"type":"Point","coordinates":[127.060816625592,37.6216628357399]},"properties":{"bizesId":"MA010120220812589462","bizesNm":"대동세탁","indsLclsCd":"S2","indsLclsNm":"수리·개인","indsMclsNm":"세탁","indsSclsNm":"세탁소","adongCd":"11350560","adongNm":"월계1동","lnoCd":"1135010200109250000","lnoAdr":"서울특별시 노원구 월계동 925","rdnmAdr":"서울특별시 노원구 광운로 46","bldMngNo":"1135010200109250000019115","bldNm":"대동아파트","complex_id":"apt.1135010200109250000","complex_name":"대동아파트"}},{"type":"Feature","id":"sbiz.MA010120220801688765","geometry":{"type":"Point","coordinates":[127.060816625592,37.6216628357399]},"properties":{"bizesId":"MA010120220801688765","bizesNm":"호박공인중개사사무소","indsLclsCd":"L1","indsLclsNm":"부동산","indsMclsNm":"부동산 서비스","indsSclsNm":"부동산 중개/대리업","adongCd":"11350560","adongNm":"월계1동","lnoCd":"1135010200109250000","lnoAdr":"서울특별시 노원구 월계동 925","rdnmAdr":"서울특별시 노원구 광운로 46","bldMngNo":"1135010200109250000019115","bldNm":"대동아파트","complex_id":"apt.1135010200109250000","complex_name":"대동아파트"}},{"type":"Feature","id":"sbiz.MA010120220812928856","geometry":{"type":"Point","coordinates":[127.060897409067,37.623491798177]},"properties":{"bizesId":"MA010120220812928856","bizesNm":"여자만아구찜","indsLclsCd":"I2","indsLclsNm":"음식","indsMclsNm":"한식","indsSclsNm":"해산물 구이/찜","adongCd":"11350560","adongNm":"월계1동","lnoCd":"1135010200103790010","lnoAdr":"서울특별시 노원구 월계동 379-10","rdnmAdr":"서울특별시 노원구 석계로18길 10-8","bldMngNo":"1135010200104160002017801","flrNo":"1"}},{"type":"Feature","id":"sbiz.MA010120220808675870","geometry":{"type":"Point","coordinates":[127.060908846973,37.6236269403372]},"properties":{"bizesId":"MA010120220808675870","bizesNm":"치킨클럽","indsLclsCd":"I2","indsLclsNm":"음식","indsMclsNm":"기타 간이","indsSclsNm":"치킨","adongCd":"11350560","adongNm":"월계1동","lnoCd":"1135010200103790002","lnoAdr":"서울특별시 노원구 월계동 379-2","rdnmAdr":"서울특별시 노원구 석계로18길 10-9","bldMngNo":"1135010200103790008018018","bldNm":"지","flrNo":"1"}},{"type":"Feature","id":"sbiz.MA010120220807168637","geometry":{"type":"Point","coordinates":[127.060908846973,37.6236269403372]},"properties":{"bizesId":"MA010120220807168637","bizesNm":"한스중화요리친친","indsLclsCd":"I2","indsLclsNm":"음식","indsMclsNm":"중식","indsSclsNm":"중국집","adongCd":"11350560","adongNm":"월계1동","lnoCd":"1135010200103790002","lnoAdr":"서울특별시 노원구 월계동 379-2","rdnmAdr":"서울특별시 노원구 석계로18길 10-9","bldMngNo":"1135010200103790008018018","flrNo":"2"}},{"type":"Feature","id":"sbiz.MA010120220812207169","geometry":{"type":"Point","coordinates":[127.060908846973,37.6236269403372]},"properties":{"bizesId":"MA010120220812207169","bizesNm":"스튜디오스택","indsLclsCd":"M1","indsLclsNm":"과학·기술","indsMclsNm":"사진 촬영","indsSclsNm":"사진촬영업","adongCd":"11350560","adongNm":"월계1동","lnoCd":"1135010200103790002","lnoAdr":"서울특별시 노원구 월계동 379-2","rdnmAdr":"서울특별시 노원구 석계로18길 10-9","bldMngNo":"1135010200103790008018018","flrNo":"4"}},{"type":"Feature","id":"sbiz.MA010120220804357589","geometry":{"type":"Point","coordinates":[127.060919608486,37.6229331746889]},"properties":{"bizesId":"MA010120220804357589","bizesNm":"놀부부대찌개성북역점","indsLclsCd":"I2","indsLclsNm":"음식","indsMclsNm":"한식","indsSclsNm":"국/탕/찌개류","adongCd":"11350560","adongNm":"월계1동","lnoCd":"1135010200104110004","lnoAdr":"서울특별시 노원구 월계동 411-4","rdnmAdr":"서울특별시 노원구 석계로 101","bldMngNo":"1135010200104110004019125","flrNo":"1"}},{"type":"Feature","id":"sbiz.MA010120220808528045","geometry":{"type":"Point","coordinates":[127.060940454325,37.6207167350287]},"properties":{"bizesId":"MA010120220808528045","bizesNm":"치킨플러스월계점","indsLclsCd":"I2","indsLclsNm":"음식","indsMclsNm":"기타 간이","indsSclsNm":"치킨","adongCd":"11350560","adongNm":"월계1동","lnoCd":"1135010200109430000","lnoAdr":"서울특별시 노원구 월계동 943","rdnmAdr":"서울특별시 노원구 석계로13길 35","bldMngNo":"1135010200109430000019864","bldNm":"세양청마루","flrNo":"1","complex_id":"apt.1135010200109430000","complex_name":"세양청마루아파트"}},{"type":"Feature","id":"sbiz.MA010120220804944706","geometry":{"type":"Point","coordinates":[127.060940888237,37.6212483174209]},"properties":{"bizesId":"MA010120220804944706","bizesNm":"재미헤어","indsLclsCd":"S2","indsLclsNm":"수리·개인","indsMclsNm":"이용·미용","indsSclsNm":"미용실","adongCd":"11350560","adongNm":"월계1동","lnoCd":"1135010200104110016","lnoAdr":"서울특별시 노원구 월계동 411-16","rdnmAdr":"서울특별시 노원구 광운로12길 32","bldMngNo":"1135010200104110016019744"}},{"type":"Feature","id":"sbiz.MA010120220808520998","geometry":{"type":"Point","coordinates":[127.06094942053,37.6178245597295]},"properties":{"bizesId":"MA010120220808520998","bizesNm":"윤주당","indsLclsCd":"I2","indsLclsNm":"음식","indsMclsNm":"주점","indsSclsNm":"요리 주점","adongCd":"11350560","adongNm":"월계1동","lnoCd":"1135010200104360000","lnoAdr":"서울특별시 노원구 월계동 436","rdnmAdr":"서울특별시 노원구 광운로2나길 30","bldMngNo":"1135010200104830000019245","bldNm":"동신아파트","complex_id":"apt.1135010200104830000","complex_name":"동신아파트"}},{"type":"Feature","id":"sbiz.MA0101202211A0060746","geometry":{"type":"Point","coordinates":[127.060953885406,37.6232935518514]},"properties":{"bizesId":"MA0101202211A0060746","bizesNm":"동그라미한의원","indsLclsCd":"Q1","indsLclsNm":"보건의료","indsMclsNm":"의원","indsSclsNm":"한의원","adongCd":"11350560","adongNm":"월계1동","lnoCd":"1135010200104130001","lnoAdr":"서울특별시 노원구 월계동 413-1","rdnmAdr":"서울특별시 노원구 석계로 102","bldMngNo":"1135010200104130001018696","bldNm":"주원21빌딩","flrNo":"2"}},{"type":"Feature","id":"sbiz.MA0101202301A0058064","geometry":{"type":"Point","coordinates":[127.060953885406,37.6232935518514]},"properties":{"bizesId":"MA0101202301A0058064","bizesNm":"멘토즈스터디카페","brchNm":"광운대점","indsLclsCd":"R1","indsLclsNm":"예술·스포츠","indsMclsNm":"도서관·사적지","indsSclsNm":"독서실/스터디 카페","adongCd":"11350560","adongNm":"월계1동","lnoCd":"1135010200104130001","lnoAdr":"서울특별시 노원구 월계동 413-1","rdnmAdr":"서울특별시 노원구 석계로 102","bldMngNo":"1135010200104130001018696","flrNo":"8"}},{"type":"Feature","id":"sbiz.MA010120220804012039","geometry":{"type":"Point","coordinates":[127.060953885406,37.6232935518514]},"properties":{"bizesId":"MA010120220804012039","bizesNm":"온누리안경","indsLclsCd":"G2","indsLclsNm":"소매","indsMclsNm":"안경·정밀기기 소매","indsSclsNm":"안경렌즈 소매업","adongCd":"11350560","adongNm":"월계1동","lnoCd":"1135010200104130001","lnoAdr":"서울특별시 노원구 월계동 413-1","rdnmAdr":"서울특별시 노원구 석계로 102","bldMngNo":"1135010200104130001018696","flrNo":"1"}},{"type":"Feature","id":"sbiz.MA010120220809594165","geometry":{"type":"Point","coordinates":[127.060953885406,37.6232935518514]},"properties":{"bizesId":"MA010120220809594165","bizesNm":"스탓필라테스강북호스팅점","indsLclsCd":"P1","indsLclsNm":"교육","indsMclsNm":"기타 교육","indsSclsNm":"요가/필라테스 학원","adongCd":"11350560","adongNm":"월계1동","lnoCd":"1135010200104130001","lnoAdr":"서울특별시 노원구 월계동 413-1","rdnmAdr":"서울특별시 노원구 석계로 102","bldMngNo":"1135010200104130001018696","bldNm":"주원21빌딩","flrNo":"4"}},{"type":"Feature","id":"sbiz.MA010120220803905237","geometry":{"type":"Point","coordinates":[127.060970065641,37.6153648513969]},"properties":{"bizesId":"MA010120220803905237","bizesNm":"주원시스템","indsLclsCd":"M1","indsLclsNm":"과학·기술","indsMclsNm":"기술 서비스","indsSclsNm":"기타 엔지니어링 서비스업","adongCd":"11350560","adongNm":"월계1동","lnoCd":"1135010200104790004","lnoAdr":"서울특별시 노원구 월계동 479-4","rdnmAdr":"서울특별시 노원구 화랑로43길 10","flrNo":"1"}},{"type":"Feature","id":"sbiz.MA010120220804371126","geometry":{"type":"Point","coordinates":[127.060974759748,37.6211131518051]},"properties":{"bizesId":"MA010120220804371126","bizesNm":"아그집","indsLclsCd":"I2","indsLclsNm":"음식","indsMclsNm":"한식","indsSclsNm":"백반/한정식","adongCd":"11350560","adongNm":"월계1동","lnoCd":"1135010200104110020","lnoAdr":"서울특별시 노원구 월계동 411-20","rdnmAdr":"서울특별시 노원구 석계로13길 43","bldMngNo":"1135010200104110020019109","flrNo":"1"}},{"type":"Feature","id":"sbiz.MA010120220804367296","geometry":{"type":"Point","coordinates":[127.061043968438,37.6226357846413]},"properties":{"bizesId":"MA010120220804367296","bizesNm":"피맥","indsLclsCd":"I2","indsLclsNm":"음식","indsMclsNm":"주점","indsSclsNm":"요리 주점","adongCd":"11350560","adongNm":"월계1동","lnoCd":"1135010200104110000","lnoAdr":"서울특별시 노원구 월계동 411","rdnmAdr":"서울특별시 노원구 석계로15길 9","bldMngNo":"1135010200104110000019135","flrNo":"1"}},{"type":"Feature","id":"sbiz.MA010120220814047649","geometry":{"type":"Point","coordinates":[127.061043968438,37.6226357846413]},"properties":{"bizesId":"MA010120220814047649","bizesNm":"튀맥","indsLclsCd":"I2","indsLclsNm":"음식","indsMclsNm":"주점","indsSclsNm":"요리 주점","adongCd":"11350560","adongNm":"월계1동","lnoCd":"1135010200104110000","lnoAdr":"서울특별시 노원구 월계동 411","rdnmAdr":"서울특별시 노원구 석계로15길 9","bldMngNo":"1135010200104110000019135","bldNm":"일출빌딩","flrNo":"1"}},{"type":"Feature","id":"sbiz.MA010120220804354554","geometry":{"type":"Point","coordinates":[127.061043968438,37.6226357846413]},"properties":{"bizesId":"MA010120220804354554","bizesNm":"반석부동산","indsLclsCd":"L1","indsLclsNm":"부동산","indsMclsNm":"부동산 서비스","indsSclsNm":"부동산 중개/대리업","adongCd":"11350560","adongNm":"월계1동","lnoCd":"1135010200104110000","lnoAdr":"서울특별시 노원구 월계동 411","rdnmAdr":"서울특별시 노원구 석계로15길 9","bldMngNo":"1135010200104110000019135"}},{"type":"Feature","id":"sbiz.MA0101202211A0068950","geometry":{"type":"Point","coordinates":[127.061056003356,37.6235007260936]},"properties":{"bizesId":"MA0101202211A0068950","bizesNm":"헤어그래","indsLclsCd":"S2","indsLclsNm":"수리·개인","indsMclsNm":"이용·미용","indsSclsNm":"미용실","adongCd":"11350560","adongNm":"월계1동","lnoCd":"1135010200104140002","lnoAdr":"서울특별시 노원구 월계동 414-2","rdnmAdr":"서울특별시 노원구 석계로 98-1","bldMngNo":"1135010200104140002018027","flrNo":"2"}},{"type":"Feature","id":"sbiz.MA0101202301A0025561","geometry":{"type":"Point","coordinates":[127.061056003356,37.6235007260936]},"properties":{"bizesId":"MA0101202301A0025561","bizesNm":"호시아카리","indsLclsCd":"I2","indsLclsNm":"음식","indsMclsNm":"일식","indsSclsNm":"일식 회/초밥","adongCd":"11350560","adongNm":"월계1동","lnoCd":"1135010200104140002","lnoAdr":"서울특별시 노원구 월계동 414-2","rdnmAdr":"서울특별시 노원구 석계로 98-1","bldMngNo":"1135010200104140002018027","flrNo":"3"}},{"type":"Feature","id":"sbiz.MA010120220809370567","geometry":{"type":"Point","coordinates":[127.061056003356,37.6235007260936]},"properties":{"bizesId":"MA010120220809370567","bizesNm":"하늘치과의원","indsLclsCd":"Q1","indsLclsNm":"보건의료","indsMclsNm":"의원","indsSclsNm":"치과의원","adongCd":"11350560","adongNm":"월계1동","lnoCd":"1135010200104140002","lnoAdr":"서울특별시 노원구 월계동 414-2","rdnmAdr":"서울특별시 노원구 석계로 98-1","bldMngNo":"1135010200104140002018027","bldNm":"우남빌딩"}},{"type":"Feature","id":"sbiz.MA010120220804342202","geometry":{"type":"Point","coordinates":[127.061056003356,37.6235007260936]},"properties":{"bizesId":"MA010120220804342202","bizesNm":"안경랜드","indsLclsCd":"G2","indsLclsNm":"소매","indsMclsNm":"안경·정밀기기 소매","indsSclsNm":"안경렌즈 소매업","adongCd":"11350560","adongNm":"월계1동","lnoCd":"1135010200104140002","lnoAdr":"서울특별시 노원구 월계동 414-2","rdnmAdr":"서울특별시 노원구 석계로 98-1","bldMngNo":"1135010200104140002018027"}},{"type":"Feature","id":"sbiz.MA010120220800570031","geometry":{"type":"Point","coordinates":[127.061056003356,37.6235007260936]},"properties":{"bizesId":"MA010120220800570031","bizesNm":"오마이치킨","indsLclsCd":"I2","indsLclsNm":"음식","indsMclsNm":"기타 간이","indsSclsNm":"치킨","adongCd":"11350560","adongNm":"월계1동","lnoCd":"1135010200104140002","lnoAdr":"서울특별시 노원구 월계동 414-2","rdnmAdr":"서울특별시 노원구 석계로 98-1","bldMngNo":"1135010200104140002018027","flrNo":"1"}},{"type":"Feature","id":"sbiz.MA010120220804367913","geometry":{"type":"Point","coordinates":[127.061056003356,37.6235007260936]},"properties":{"bizesId":"MA010120220804367913","bizesNm":"커피는기억의끌림","indsLclsCd":"I2","indsLclsNm":"음식","indsMclsNm":"비알코올 ","indsSclsNm":"카페","adongCd":"11350560","adongNm":"월계1동","lnoCd":"1135010200104140002","lnoAdr":"서울특별시 노원구 월계동 414-2","rdnmAdr":"서울특별시 노원구 석계로 98-1","bldMngNo":"1135010200104140002018027","flrNo":"1"}},{"type":"Feature","id":"sbiz.MA010120220804370774","geometry":{"type":"Point","coordinates":[127.061056003356,37.6235007260936]},"properties":{"bizesId":"MA010120220804370774","bizesNm":"이마트24광운대역점","indsLclsCd":"G2","indsLclsNm":"소매","indsMclsNm":"종합 소매","indsSclsNm":"편의점","adongCd":"11350560","adongNm":"월계1동","lnoCd":"1135010200104140002","lnoAdr":"서울특별시 노원구 월계동 414-2","rdnmAdr":"서울특별시 노원구 석계로 98-1","bldMngNo":"1135010200104140002018027"}},{"type":"Feature","id":"sbiz.MA010120220808371533","geometry":{"type":"Point","coordinates":[127.061056003356,37.6235007260936]},"properties":{"bizesId":"MA010120220808371533","bizesNm":"와우헤어","indsLclsCd":"S2","indsLclsNm":"수리·개인","indsMclsNm":"이용·미용","indsSclsNm":"미용실","adongCd":"11350560","adongNm":"월계1동","lnoCd":"1135010200104140002","lnoAdr":"서울특별시 노원구 월계동 414-2","rdnmAdr":"서울특별시 노원구 석계로 98-1","bldMngNo":"1135010200104140002018027","bldNm":"우남빌딩","flrNo":"2"}},{"type":"Feature","id":"sbiz.MA010120220813785374","geometry":{"type":"Point","coordinates":[127.061056003356,37.6235007260936]},"properties":{"bizesId":"MA010120220813785374","bizesNm":"휴코인노래연습장","indsLclsCd":"R1","indsLclsNm":"예술·스포츠","indsMclsNm":"유원지·오락","indsSclsNm":"노래방","adongCd":"11350560","adongNm":"월계1동","lnoCd":"1135010200104140002","lnoAdr":"서울특별시 노원구 월계동 414-2","rdnmAdr":"서울특별시 노원구 석계로 98-1","bldMngNo":"1135010200104140002018027","bldNm":"우남빌딩","flrNo":"1"}},{"type":"Feature","id":"sbiz.MA010120220804345626","geometry":{"type":"Point","coordinates":[127.061056003356,37.6235007260936]},"properties":{"bizesId":"MA010120220804345626","bizesNm":"성보복권","indsLclsCd":"R1","indsLclsNm":"예술·스포츠","indsMclsNm":"유원지·오락","indsSclsNm":"복권 발행/판매업","adongCd":"11350560","adongNm":"월계1동","lnoCd":"1135010200104140002","lnoAdr":"서울특별시 노원구 월계동 414-2","rdnmAdr":"서울특별시 노원구 석계로 98-1","bldMngNo":"1135010200104140002018027","bldNm":"별실우남빌딩","flrNo":"1"}},{"type":"Feature","id":"sbiz.MA010120220809814834","geometry":{"type":"Point","coordinates":[127.06106122944,37.6160405454805]},"properties":{"bizesId":"MA010120220809814834","bizesNm":"디자인연구소TDC,TDCInstituteofDesign","indsLclsCd":"M1","indsLclsNm":"과학·기술","indsMclsNm":"전문 디자인","indsSclsNm":"시각 디자인업","adongCd":"11350560","adongNm":"월계1동","lnoCd":"1135010200100680055","lnoAdr":"서울특별시 노원구 월계동 68-55","rdnmAdr":"서울특별시 노원구 석계로1길 70-5","bldMngNo":"1135010200100680055019398","flrNo":"2"}},{"type":"Feature","id":"sbiz.MA010120220812615552","geometry":{"type":"Point","coordinates":[127.061099477765,37.6212572452866]},"properties":{"bizesId":"MA010120220812615552","bizesNm":"세븐일레븐광운대","brchNm":"후문점","indsLclsCd":"G2","indsLclsNm":"소매","indsMclsNm":"종합 소매","indsSclsNm":"편의점","adongCd":"11350560","adongNm":"월계1동","lnoCd":"1135010200104110013","lnoAdr":"서울특별시 노원구 월계동 411-13","rdnmAdr":"서울특별시 노원구 석계로13길 48","bldMngNo":"1135010200104110013019224","flrNo":"1"}},{"type":"Feature","id":"sbiz.MA010120220813926242","geometry":{"type":"Point","coordinates":[127.061145709375,37.6223834555345]},"properties":{"bizesId":"MA010120220813926242","bizesNm":"한라산감자탕","indsLclsCd":"I2","indsLclsNm":"음식","indsMclsNm":"한식","indsSclsNm":"국/탕/찌개류","adongCd":"11350560","adongNm":"월계1동","lnoCd":"1135010200104110032","lnoAdr":"서울특별시 노원구 월계동 411-32","rdnmAdr":"서울특별시 노원구 석계로15길 17","bldMngNo":"1135010200104110032019167","flrNo":"1"}},{"type":"Feature","id":"sbiz.MA010120220803886975","geometry":{"type":"Point","coordinates":[127.061145709375,37.6223834555345]},"properties":{"bizesId":"MA010120220803886975","bizesNm":"은경헤어클리닉","indsLclsCd":"S2","indsLclsNm":"수리·개인","indsMclsNm":"이용·미용","indsSclsNm":"미용실","adongCd":"11350560","adongNm":"월계1동","lnoCd":"1135010200104110032","lnoAdr":"서울특별시 노원구 월계동 411-32","rdnmAdr":"서울특별시 노원구 석계로15길 17","bldMngNo":"1135010200104110032019167","bldNm":"예수제일교회","flrNo":"1"}},{"type":"Feature","id":"sbiz.MA010120220810964427","geometry":{"type":"Point","coordinates":[127.061145709375,37.6223834555345]},"properties":{"bizesId":"MA010120220810964427","bizesNm":"카페빈둥","indsLclsCd":"I2","indsLclsNm":"음식","indsMclsNm":"비알코올 ","indsSclsNm":"카페","adongCd":"11350560","adongNm":"월계1동","lnoCd":"1135010200104110032","lnoAdr":"서울특별시 노원구 월계동 411-32","rdnmAdr":"서울특별시 노원구 석계로15길 17","bldMngNo":"1135010200104110032019167","flrNo":"1"}},{"type":"Feature","id":"sbiz.MA010120220803999675","geometry":{"type":"Point","coordinates":[127.061168799873,37.6229150260324]},"properties":{"bizesId":"MA010120220803999675","bizesNm":"캐드엔지니어링주","indsLclsCd":"M1","indsLclsNm":"과학·기술","indsMclsNm":"기술 서비스","indsSclsNm":"건물 및 토목 엔지니어링 서비스업","adongCd":"11350560","adongNm":"월계1동","lnoCd":"1135010200104110053","lnoAdr":"서울특별시 노원구 월계동 411-53","rdnmAdr":"서울특별시 노원구 석계로 95","bldMngNo":"1135010200104110053019706","bldNm":"성북빌딩"}},{"type":"Feature","id":"sbiz.MA010120220804054109","geometry":{"type":"Point","coordinates":[127.061168799873,37.6229150260324]},"properties":{"bizesId":"MA010120220804054109","bizesNm":"성북노래방","indsLclsCd":"R1","indsLclsNm":"예술·스포츠","indsMclsNm":"유원지·오락","indsSclsNm":"노래방","adongCd":"11350560","adongNm":"월계1동","lnoCd":"1135010200104110053","lnoAdr":"서울특별시 노원구 월계동 411-53","rdnmAdr":"서울특별시 노원구 석계로 95","bldMngNo":"1135010200104110053019706"}},{"type":"Feature","id":"sbiz.MA010120220800810339","geometry":{"type":"Point","coordinates":[127.061168799873,37.6229150260324]},"properties":{"bizesId":"MA010120220800810339","bizesNm":"한솥도시락광운대역앞점","indsLclsCd":"I2","indsLclsNm":"음식","indsMclsNm":"한식","indsSclsNm":"백반/한정식","adongCd":"11350560","adongNm":"월계1동","lnoCd":"1135010200104110053","lnoAdr":"서울특별시 노원구 월계동 411-53","rdnmAdr":"서울특별시 노원구 석계로 95","bldMngNo":"1135010200104110053019706","flrNo":"1"}},{"type":"Feature","id":"sbiz.MA010120220804368307","geometry":{"type":"Point","coordinates":[127.061168799873,37.6229150260324]},"properties":{"bizesId":"MA010120220804368307","bizesNm":"다나약국","indsLclsCd":"G2","indsLclsNm":"소매","indsMclsNm":"의약·화장품 소매","indsSclsNm":"약국","adongCd":"11350560","adongNm":"월계1동","lnoCd":"1135010200104110053","lnoAdr":"서울특별시 노원구 월계동 411-53","rdnmAdr":"서울특별시 노원구 석계로 95","bldMngNo":"1135010200104110053019706","bldNm":"내제","flrNo":"1"}},{"type":"Feature","id":"sbiz.MA010120220806023043","geometry":{"type":"Point","coordinates":[127.061168799873,37.6229150260324]},"properties":{"bizesId":"MA010120220806023043","bizesNm":"플러스","indsLclsCd":"S2","indsLclsNm":"수리·개인","indsMclsNm":"욕탕·신체관리","indsSclsNm":"마사지/안마","adongCd":"11350560","adongNm":"월계1동","lnoCd":"1135010200104110053","lnoAdr":"서울특별시 노원구 월계동 411-53","rdnmAdr":"서울특별시 노원구 석계로 95","bldMngNo":"1135010200104110053019706","bldNm":"성북빌딩","flrNo":"2"}},{"type":"Feature","id":"sbiz.MA010120220812197960","geometry":{"type":"Point","coordinates":[127.061168799873,37.6229150260324]},"properties":{"bizesId":"MA010120220812197960","bizesNm":"리빙캐슬","indsLclsCd":"I1","indsLclsNm":"숙박","indsMclsNm":"기타 숙박","indsSclsNm":"기숙사/고시원","adongCd":"11350560","adongNm":"월계1동","lnoCd":"1135010200104110053","lnoAdr":"서울특별시 노원구 월계동 411-53","rdnmAdr":"서울특별시 노원구 석계로 95","bldMngNo":"1135010200104110053019706","flrNo":"5"}},{"type":"Feature","id":"sbiz.MA010120220803617036","geometry":{"type":"Point","coordinates":[127.061168799873,37.6229150260324]},"properties":{"bizesId":"MA010120220803617036","bizesNm":"파리바게뜨광운대역점","indsLclsCd":"I2","indsLclsNm":"음식","indsMclsNm":"기타 간이","indsSclsNm":"빵/도넛","adongCd":"11350560","adongNm":"월계1동","lnoCd":"1135010200104110053","lnoAdr":"서울특별시 노원구 월계동 411-53","rdnmAdr":"서울특별시 노원구 석계로 95","bldMngNo":"1135010200104110053019706"}},{"type":"Feature","id":"sbiz.MA0101202212A0071741","geometry":{"type":"Point","coordinates":[127.061212551289,37.6210139200702]},"properties":{"bizesId":"MA0101202212A0071741","bizesNm":"커피로드주니어","indsLclsCd":"I2","indsLclsNm":"음식","indsMclsNm":"주점","indsSclsNm":"요리 주점","adongCd":"11350560","adongNm":"월계1동","lnoCd":"1135010200104110015","lnoAdr":"서울특별시 노원구 월계동 411-15","rdnmAdr":"서울특별시 노원구 석계로13길 40","bldMngNo":"1135010200104110015000001","bldNm":"제이앤제이하우스"}},{"type":"Feature","id":"sbiz.MA010120220808345311","geometry":{"type":"Point","coordinates":[127.061212551289,37.6210139200702]},"properties":{"bizesId":"MA010120220808345311","bizesNm":"토토공인중개사사무소","indsLclsCd":"L1","indsLclsNm":"부동산","indsMclsNm":"부동산 서비스","indsSclsNm":"부동산 중개/대리업","adongCd":"11350560","adongNm":"월계1동","lnoCd":"1135010200104110015","lnoAdr":"서울특별시 노원구 월계동 411-15","rdnmAdr":"서울특별시 노원구 석계로13길 40","bldMngNo":"1135010200104110015000001","bldNm":"제이앤제이하우스","flrNo":"1"}},{"type":"Feature","id":"sbiz.MA010120220804367425","geometry":{"type":"Point","coordinates":[127.061246769597,37.621302218301]},"properties":{"bizesId":"MA010120220804367425","bizesNm":"한그릇","indsLclsCd":"I2","indsLclsNm":"음식","indsMclsNm":"한식","indsSclsNm":"백반/한정식","adongCd":"11350560","adongNm":"월계1동","lnoCd":"1135010200104110028","lnoAdr":"서울특별시 노원구 월계동 411-28","rdnmAdr":"서울특별시 노원구 광운로12길 38","bldMngNo":"1135010200104110058019221"}},{"type":"Feature","id":"sbiz.MA010120220813387608","geometry":{"type":"Point","coordinates":[127.061281868278,37.6226626909477]},"properties":{"bizesId":"MA010120220813387608","bizesNm":"주스이앤이","indsLclsCd":"M1","indsLclsNm":"과학·기술","indsMclsNm":"전문 디자인","indsSclsNm":"시각 디자인업","adongCd":"11350560","adongNm":"월계1동","lnoCd":"1135010200104110055","lnoAdr":"서울특별시 노원구 월계동 411-55","rdnmAdr":"서울특별시 노원구 석계로 91","bldMngNo":"1135010200104110055019707","bldNm":"인덕창업팩토리","flrNo":"1"}},{"type":"Feature","id":"sbiz.MA010120220809949338","geometry":{"type":"Point","coordinates":[127.061281868278,37.6226626909477]},"properties":{"bizesId":"MA010120220809949338","bizesNm":"나빌레라","indsLclsCd":"M1","indsLclsNm":"과학·기술","indsMclsNm":"전문 디자인","indsSclsNm":"패션/섬유/기타 전문 디자인업","adongCd":"11350560","adongNm":"월계1동","lnoCd":"1135010200104110055","lnoAdr":"서울특별시 노원구 월계동 411-55","rdnmAdr":"서울특별시 노원구 석계로 91","bldMngNo":"1135010200104110055019707","bldNm":"인덕창업팩토리","flrNo":"2"}},{"type":"Feature","id":"sbiz.MA010120220805289171","geometry":{"type":"Point","coordinates":[127.061347789896,37.620175931424]},"properties":{"bizesId":"MA010120220805289171","bizesNm":"에프엠25.1","indsLclsCd":"I2","indsLclsNm":"음식","indsMclsNm":"비알코올 ","indsSclsNm":"카페","adongCd":"11350560","adongNm":"월계1동","lnoCd":"1135010200104290005","lnoAdr":"서울특별시 노원구 월계동 429-5","rdnmAdr":"서울특별시 노원구 석계로13길 25-1","bldMngNo":"1135010200104290005019271","bldNm":"명칭없음"}},{"type":"Feature","id":"sbiz.MA010120220804344239","geometry":{"type":"Point","coordinates":[127.061347789896,37.620175931424]},"properties":{"bizesId":"MA010120220804344239","bizesNm":"송지사","indsLclsCd":"N1","indsLclsNm":"시설관리·임대","indsMclsNm":"사무 지원","indsSclsNm":"복사업","adongCd":"11350560","adongNm":"월계1동","lnoCd":"1135010200104290005","lnoAdr":"서울특별시 노원구 월계동 429-5","rdnmAdr":"서울특별시 노원구 석계로13길 25-1","bldMngNo":"1135010200104290005019271","bldNm":"명칭없음","flrNo":"1"}},{"type":"Feature","id":"sbiz.MA010120220804357802","geometry":{"type":"Point","coordinates":[127.061405114728,37.6210138200223]},"properties":{"bizesId":"MA010120220804357802","bizesNm":"삼호당구장","indsLclsCd":"R1","indsLclsNm":"예술·스포츠","indsMclsNm":"스포츠 서비스","indsSclsNm":"당구장","adongCd":"11350560","adongNm":"월계1동","lnoCd":"1135010200104110030","lnoAdr":"서울특별시 노원구 월계동 411-30","rdnmAdr":"서울특별시 노원구 석계로13길 6-20","bldMngNo":"1135010200104110030019229","flrNo":"1"}},{"type":"Feature","id":"sbiz.MA010120220807481815","geometry":{"type":"Point","coordinates":[127.061563035159,37.6202118588292]},"properties":{"bizesId":"MA010120220807481815","bizesNm":"밥이되는포차","indsLclsCd":"I2","indsLclsNm":"음식","indsMclsNm":"한식","indsSclsNm":"백반/한정식","adongCd":"11350560","adongNm":"월계1동","lnoCd":"1135010200104290006","lnoAdr":"서울특별시 노원구 월계동 429-6","rdnmAdr":"서울특별시 노원구 석계로13길 23","bldMngNo":"1135010200104290006019750"}},{"type":"Feature","id":"sbiz.MA010120220807365483","geometry":{"type":"Point","coordinates":[127.061563035159,37.6202118588292]},"properties":{"bizesId":"MA010120220807365483","bizesNm":"초월스터디카페","brchNm":"광운대점","indsLclsCd":"R1","indsLclsNm":"예술·스포츠","indsMclsNm":"도서관·사적지","indsSclsNm":"독서실/스터디 카페","adongCd":"11350560","adongNm":"월계1동","lnoCd":"1135010200104290006","lnoAdr":"서울특별시 노원구 월계동 429-6","rdnmAdr":"서울특별시 노원구 석계로13길 23","bldMngNo":"1135010200104290006019750","bldNm":"부일빌딩","flrNo":"2"}},{"type":"Feature","id":"sbiz.MA010120220812673790","geometry":{"type":"Point","coordinates":[127.061769256913,37.6230318415724]},"properties":{"bizesId":"MA010120220812673790","bizesNm":"한국철도운행안전관리자협회","indsLclsCd":"N1","indsLclsNm":"시설관리·임대","indsMclsNm":"고용 알선","indsSclsNm":"고용 알선업","adongCd":"11350560","adongNm":"월계1동","lnoCd":"1135010200100850000","lnoAdr":"서울특별시 노원구 월계동 85","rdnmAdr":"서울특별시 노원구 석계로 98-2","bldMngNo":"1135010200100850000000039","bldNm":"광운대역","flrNo":"3"}},{"type":"Feature","id":"sbiz.MA010120220811660366","geometry":{"type":"Point","coordinates":[127.061769256913,37.6230318415724]},"properties":{"bizesId":"MA010120220811660366","bizesNm":"광운대역구내식당매점","indsLclsCd":"I2","indsLclsNm":"음식","indsMclsNm":"구내식당·뷔페","indsSclsNm":"구내식당","adongCd":"11350560","adongNm":"월계1동","lnoCd":"1135010200100850000","lnoAdr":"서울특별시 노원구 월계동 85","rdnmAdr":"서울특별시 노원구 석계로 98-2","bldMngNo":"1135010200100850000000039"}},{"type":"Feature","id":"sbiz.MA010120220813544144","geometry":{"type":"Point","coordinates":[127.061769256913,37.6230318415724]},"properties":{"bizesId":"MA010120220813544144","bizesNm":"장안힐링투어","indsLclsCd":"N1","indsLclsNm":"시설관리·임대","indsMclsNm":"여행사·보조","indsSclsNm":"여행사","adongCd":"11350560","adongNm":"월계1동","lnoCd":"1135010200100850004","lnoAdr":"서울특별시 노원구 월계동 85-4","rdnmAdr":"서울특별시 노원구 석계로 98-2","bldMngNo":"1135010200100850000000039","flrNo":"1"}},{"type":"Feature","id":"sbiz.MA010120220803957507","geometry":{"type":"Point","coordinates":[127.061769256913,37.6230318415724]},"properties":{"bizesId":"MA010120220803957507","bizesNm":"Missshong미용실","indsLclsCd":"S2","indsLclsNm":"수리·개인","indsMclsNm":"이용·미용","indsSclsNm":"미용실","adongCd":"11350560","adongNm":"월계1동","lnoCd":"1135010200100850000","lnoAdr":"서울특별시 노원구 월계동 85","rdnmAdr":"서울특별시 노원구 석계로 98-2","bldMngNo":"1135010200100850000000039","flrNo":"1"}},{"type":"Feature","id":"sbiz.MA010120220804370602","geometry":{"type":"Point","coordinates":[127.061769256913,37.6230318415724]},"properties":{"bizesId":"MA010120220804370602","bizesNm":"던킨도너츠광운대역점","indsLclsCd":"I2","indsLclsNm":"음식","indsMclsNm":"기타 간이","indsSclsNm":"빵/도넛","adongCd":"11350560","adongNm":"월계1동","lnoCd":"1135010200100850000","lnoAdr":"서울특별시 노원구 월계동 85","rdnmAdr":"서울특별시 노원구 석계로 98-2","bldMngNo":"1135010200100850000000039","bldNm":"광운대역내"}},{"type":"Feature","id":"sbiz.MA010120220804353503","geometry":{"type":"Point","coordinates":[127.061769256913,37.6230318415724]},"properties":{"bizesId":"MA010120220804353503","bizesNm":"다이소성북역점","indsLclsCd":"G2","indsLclsNm":"소매","indsMclsNm":"식료품 소매","indsSclsNm":"반찬/식료품 소매업","adongCd":"11350560","adongNm":"월계1동","lnoCd":"1135010200100850005","lnoAdr":"서울특별시 노원구 월계동 85-5","rdnmAdr":"서울특별시 노원구 석계로 98-2","bldMngNo":"1135010200100850000000039"}},{"type":"Feature","id":"sbiz.MA010120220804051346","geometry":{"type":"Point","coordinates":[127.061779719566,37.6219866908876]},"properties":{"bizesId":"MA010120220804051346","bizesNm":"일심해장국","indsLclsCd":"I2","indsLclsNm":"음식","indsMclsNm":"한식","indsSclsNm":"국/탕/찌개류","adongCd":"11350560","adongNm":"월계1동","lnoCd":"1135010200109260000","lnoAdr":"서울특별시 노원구 월계동 926","rdnmAdr":"서울특별시 노원구 석계로15길 25","bldMngNo":"1135010200109260000019688","bldNm":"월계한일1차","complex_id":"apt.1135010200109260000","complex_name":"월계1차한일아파트"}},{"type":"Feature","id":"sbiz.MA010120220804354563","geometry":{"type":"Point","coordinates":[127.062273413599,37.6163372381367]},"properties":{"bizesId":"MA010120220804354563","bizesNm":"꽁당보리밥","indsLclsCd":"I2","indsLclsNm":"음식","indsMclsNm":"한식","indsSclsNm":"백반/한정식","adongCd":"11350560","adongNm":"월계1동","lnoCd":"1135010200104850019","lnoAdr":"서울특별시 노원구 월계동 485-19","rdnmAdr":"서울특별시 노원구 석계로9길 43","bldMngNo":"1135010200104850019019207","flrNo":"1"}},{"type":"Feature","id":"sbiz.MA010120220813995713","geometry":{"type":"Point","coordinates":[127.062276066254,37.6195177241896]},"properties":{"bizesId":"MA010120220813995713","bizesNm":"깔끄미","indsLclsCd":"N1","indsLclsNm":"시설관리·임대","indsMclsNm":"청소·방제","indsSclsNm":"건축물 일반 청소업","adongCd":"11350560","adongNm":"월계1동","lnoCd":"1135010200109290000","lnoAdr":"서울특별시 노원구 월계동 929","rdnmAdr":"서울특별시 노원구 석계로 49","bldMngNo":"1135010200109290000019672","bldNm":"현대아파트","flrNo":"2","complex_id":"apt.1135010200109290000","complex_name":"현대아파트"}},{"type":"Feature","id":"sbiz.MA010120220807396550","geometry":{"type":"Point","coordinates":[127.062276690027,37.6202655436069]},"properties":{"bizesId":"MA010120220807396550","bizesNm":"전단지배포","indsLclsCd":"M1","indsLclsNm":"과학·기술","indsMclsNm":"광고","indsSclsNm":"광고 대행업","adongCd":"11350560","adongNm":"월계1동","lnoCd":"1135010200104290030","lnoAdr":"서울특별시 노원구 월계동 429-30","rdnmAdr":"서울특별시 노원구 석계로13길 11-5","bldMngNo":"1135010200104290030019733","bldNm":"미광빌딩","flrNo":"1"}},{"type":"Feature","id":"sbiz.MA010120220805965505","geometry":{"type":"Point","coordinates":[127.062318779961,37.6164092932424]},"properties":{"bizesId":"MA010120220805965505","bizesNm":"광야공인중개사사무소","indsLclsCd":"L1","indsLclsNm":"부동산","indsMclsNm":"부동산 서비스","indsSclsNm":"부동산 중개/대리업","adongCd":"11350560","adongNm":"월계1동","lnoCd":"1135010200104850016","lnoAdr":"서울특별시 노원구 월계동 485-16","rdnmAdr":"서울특별시 노원구 석계로9길 41","bldMngNo":"1135010200104850016019525"}},{"type":"Feature","id":"sbiz.MA010120220802766405","geometry":{"type":"Point","coordinates":[127.062318779961,37.6164092932424]},"properties":{"bizesId":"MA010120220802766405","bizesNm":"해피석계비젼","brchNm":"대리점","indsLclsCd":"G2","indsLclsNm":"소매","indsMclsNm":"의약·화장품 소매","indsSclsNm":"화장품 소매업","adongCd":"11350560","adongNm":"월계1동","lnoCd":"1135010200104850016","lnoAdr":"서울특별시 노원구 월계동 485-16","rdnmAdr":"서울특별시 노원구 석계로9길 41","bldNm":"오른쪽두칸","flrNo":"1"}},{"type":"Feature","id":"sbiz.MA010120220804369762","geometry":{"type":"Point","coordinates":[127.062545990437,37.6172200623395]},"properties":{"bizesId":"MA010120220804369762","bizesNm":"비바헤어","indsLclsCd":"S2","indsLclsNm":"수리·개인","indsMclsNm":"이용·미용","indsSclsNm":"미용실","adongCd":"11350560","adongNm":"월계1동","lnoCd":"1135010200109290000","lnoAdr":"서울특별시 노원구 월계동 929","rdnmAdr":"서울특별시 노원구 석계로 49","bldMngNo":"1135010200109290000019672","bldNm":"현대아파트","flrNo":"1","complex_id":"apt.1135010200109290000","complex_name":"현대아파트"}},{"type":"Feature","id":"sbiz.MA010120220803955146","geometry":{"type":"Point","coordinates":[127.062545990437,37.6172200623395]},"properties":{"bizesId":"MA010120220803955146","bizesNm":"안기식공인중개사사무소","indsLclsCd":"L1","indsLclsNm":"부동산","indsMclsNm":"부동산 서비스","indsSclsNm":"부동산 중개/대리업","adongCd":"11350560","adongNm":"월계1동","lnoCd":"1135010200109290000","lnoAdr":"서울특별시 노원구 월계동 929","rdnmAdr":"서울특별시 노원구 석계로 49","bldMngNo":"1135010200109290000019672","bldNm":"현대아파트","flrNo":"2","complex_id":"apt.1135010200109290000","complex_name":"현대아파트"}},{"type":"Feature","id":"sbiz.MA010120220812810587","geometry":{"type":"Point","coordinates":[127.062545990437,37.6172200623395]},"properties":{"bizesId":"MA010120220812810587","bizesNm":"얼음과자","indsLclsCd":"G2","indsLclsNm":"소매","indsMclsNm":"종합 소매","indsSclsNm":"슈퍼마켓","adongCd":"11350560","adongNm":"월계1동","lnoCd":"1135010200109290000","lnoAdr":"서울특별시 노원구 월계동 929","rdnmAdr":"서울특별시 노원구 석계로 49","bldMngNo":"1135010200109290000019672","bldNm":"현대아파트","flrNo":"1","complex_id":"apt.1135010200109290000","complex_name":"현대아파트"}},{"type":"Feature","id":"sbiz.MA010120220803171994","geometry":{"type":"Point","coordinates":[127.062545990437,37.6172200623395]},"properties":{"bizesId":"MA010120220803171994","bizesNm":"신세계부동산공인중개사사무소","indsLclsCd":"L1","indsLclsNm":"부동산","indsMclsNm":"부동산 서비스","indsSclsNm":"부동산 중개/대리업","adongCd":"11350560","adongNm":"월계1동","lnoCd":"1135010200109290000","lnoAdr":"서울특별시 노원구 월계동 929","rdnmAdr":"서울특별시 노원구 석계로 49","bldMngNo":"1135010200109290000019672","bldNm":"현대아파트","complex_id":"apt.1135010200109290000","complex_name":"현대아파트"}},{"type":"Feature","id":"sbiz.MA010120220803944668","geometry":{"type":"Point","coordinates":[127.062545990437,37.6172200623395]},"properties":{"bizesId":"MA010120220803944668","bizesNm":"문희헤어샵","indsLclsCd":"S2","indsLclsNm":"수리·개인","indsMclsNm":"이용·미용","indsSclsNm":"미용실","adongCd":"11350560","adongNm":"월계1동","lnoCd":"1135010200109290000","lnoAdr":"서울특별시 노원구 월계동 929","rdnmAdr":"서울특별시 노원구 석계로 49","bldMngNo":"1135010200109290000019672","bldNm":"현대아파트","flrNo":"1","complex_id":"apt.1135010200109290000","complex_name":"현대아파트"}},{"type":"Feature","id":"sbiz.MA010120220803169822","geometry":{"type":"Point","coordinates":[127.062545990437,37.6172200623395]},"properties":{"bizesId":"MA010120220803169822","bizesNm":"현대공인중개사사무소","indsLclsCd":"L1","indsLclsNm":"부동산","indsMclsNm":"부동산 서비스","indsSclsNm":"부동산 중개/대리업","adongCd":"11350560","adongNm":"월계1동","lnoCd":"1135010200109290000","lnoAdr":"서울특별시 노원구 월계동 929","rdnmAdr":"서울특별시 노원구 석계로 49","bldMngNo":"1135010200109290000019672","bldNm":"현대아파트","complex_id":"apt.1135010200109290000","complex_name":"현대아파트"}},{"type":"Feature","id":"sbiz.MA010120220810372146","geometry":{"type":"Point","coordinates":[127.062545990437,37.6172200623395]},"properties":{"bizesId":"MA010120220810372146","bizesNm":"신아부동산공인중개사사무소","indsLclsCd":"L1","indsLclsNm":"부동산","indsMclsNm":"부동산 서비스","indsSclsNm":"부동산 중개/대리업","adongCd":"11350560","adongNm":"월계1동","lnoCd":"1135010200109290000","lnoAdr":"서울특별시 노원구 월계동 929","rdnmAdr":"서울특별시 노원구 석계로 49","bldMngNo":"1135010200109290000019672","bldNm":"현대아파트","complex_id":"apt.1135010200109290000","complex_name":"현대아파트"}},{"type":"Feature","id":"sbiz.MA010120220803946018","geometry":{"type":"Point","coordinates":[127.062545990437,37.6172200623395]},"properties":{"bizesId":"MA010120220803946018","bizesNm":"현대아울렛","indsLclsCd":"G2","indsLclsNm":"소매","indsMclsNm":"종합 소매","indsSclsNm":"슈퍼마켓","adongCd":"11350560","adongNm":"월계1동","lnoCd":"1135010200109290000","lnoAdr":"서울특별시 노원구 월계동 929","rdnmAdr":"서울특별시 노원구 석계로 49","bldMngNo":"1135010200109290000019672","bldNm":"현대아파트","flrNo":"1","complex_id":"apt.1135010200109290000","complex_name":"현대아파트"}},{"type":"Feature","id":"sbiz.MA0101202209A0066715","geometry":{"type":"Point","coordinates":[127.062545990437,37.6172200623395]},"properties":{"bizesId":"MA0101202209A0066715","bizesNm":"월계스마트해법수학영어학원","indsLclsCd":"P1","indsLclsNm":"교육","indsMclsNm":"일반 교육","indsSclsNm":"입시·교과학원","adongCd":"11350560","adongNm":"월계1동","lnoCd":"1135010200109290000","lnoAdr":"서울특별시 노원구 월계동 929","rdnmAdr":"서울특별시 노원구 석계로 49","bldMngNo":"1135010200109290000019672","bldNm":"현대아파트","complex_id":"apt.1135010200109290000","complex_name":"현대아파트"}},{"type":"Feature","id":"sbiz.MA010120220803946314","geometry":{"type":"Point","coordinates":[127.062545990437,37.6172200623395]},"properties":{"bizesId":"MA010120220803946314","bizesNm":"현대종합크리닝","indsLclsCd":"S2","indsLclsNm":"수리·개인","indsMclsNm":"세탁","indsSclsNm":"세탁소","adongCd":"11350560","adongNm":"월계1동","lnoCd":"1135010200109290000","lnoAdr":"서울특별시 노원구 월계동 929","rdnmAdr":"서울특별시 노원구 석계로 49","bldMngNo":"1135010200109290000019672","bldNm":"현대아파트","complex_id":"apt.1135010200109290000","complex_name":"현대아파트"}},{"type":"Feature","id":"sbiz.MA010120220810592987","geometry":{"type":"Point","coordinates":[127.062545990437,37.6172200623395]},"properties":{"bizesId":"MA010120220810592987","bizesNm":"제이모바일","indsLclsCd":"G2","indsLclsNm":"소매","indsMclsNm":"가전·통신 소매","indsSclsNm":"핸드폰 소매업","adongCd":"11350560","adongNm":"월계1동","lnoCd":"1135010200109290000","lnoAdr":"서울특별시 노원구 월계동 929","rdnmAdr":"서울특별시 노원구 석계로 49","bldMngNo":"1135010200109290000019672","bldNm":"현대아파트","flrNo":"1","complex_id":"apt.1135010200109290000","complex_name":"현대아파트"}},{"type":"Feature","id":"sbiz.MA010120220804356068","geometry":{"type":"Point","coordinates":[127.062545990437,37.6172200623395]},"properties":{"bizesId":"MA010120220804356068","bizesNm":"이안에스테틱","indsLclsCd":"S2","indsLclsNm":"수리·개인","indsMclsNm":"이용·미용","indsSclsNm":"피부 관리실","adongCd":"11350560","adongNm":"월계1동","lnoCd":"1135010200109290000","lnoAdr":"서울특별시 노원구 월계동 929","rdnmAdr":"서울특별시 노원구 석계로 49","bldMngNo":"1135010200109290000019672","bldNm":"현대아파트","flrNo":"1","complex_id":"apt.1135010200109290000","complex_name":"현대아파트"}},{"type":"Feature","id":"sbiz.MA010120220813412749","geometry":{"type":"Point","coordinates":[127.062545990437,37.6172200623395]},"properties":{"bizesId":"MA010120220813412749","bizesNm":"비바헤어","indsLclsCd":"S2","indsLclsNm":"수리·개인","indsMclsNm":"이용·미용","indsSclsNm":"미용실","adongCd":"11350560","adongNm":"월계1동","lnoCd":"1135010200109290000","lnoAdr":"서울특별시 노원구 월계동 929","rdnmAdr":"서울특별시 노원구 석계로 49","bldMngNo":"1135010200109290000019672","bldNm":"현대아파트","flrNo":"1","complex_id":"apt.1135010200109290000","complex_name":"현대아파트"}},{"type":"Feature","id":"sbiz.MA010120220812770219","geometry":{"type":"Point","coordinates":[127.062556690608,37.6164722365354]},"properties":{"bizesId":"MA010120220812770219","bizesNm":"오드","indsLclsCd":"G2","indsLclsNm":"소매","indsMclsNm":"섬유·의복·신발 소매","indsSclsNm":"신발 소매업","adongCd":"11350560","adongNm":"월계1동","lnoCd":"1135010200104850005","lnoAdr":"서울특별시 노원구 월계동 485-5","rdnmAdr":"서울특별시 노원구 석계로3길 41","flrNo":"1"}},{"type":"Feature","id":"sbiz.MA010120220812545343","geometry":{"type":"Point","coordinates":[127.062594220289,37.6207068595024]},"properties":{"bizesId":"MA010120220812545343","bizesNm":"희망탁구클럽","indsLclsCd":"R1","indsLclsNm":"예술·스포츠","indsMclsNm":"스포츠 서비스","indsSclsNm":"탁구장","adongCd":"11350560","adongNm":"월계1동","lnoCd":"1135010200104280002","lnoAdr":"서울특별시 노원구 월계동 428-2","rdnmAdr":"서울특별시 노원구 석계로 67","bldMngNo":"1135010200104280002019175"}},{"type":"Feature","id":"sbiz.MA010120220808579969","geometry":{"type":"Point","coordinates":[127.062636173115,37.6167064512931]},"properties":{"bizesId":"MA010120220808579969","bizesNm":"팬더짜장마당","indsLclsCd":"I2","indsLclsNm":"음식","indsMclsNm":"중식","indsSclsNm":"중국집","adongCd":"11350560","adongNm":"월계1동","lnoCd":"1135010200104350011","lnoAdr":"서울특별시 노원구 월계동 435-11","rdnmAdr":"서울특별시 노원구 석계로9길 33","bldMngNo":"1135010200104350011020201","flrNo":"1"}},{"type":"Feature","id":"sbiz.MA010120220804361812","geometry":{"type":"Point","coordinates":[127.062636173115,37.6167064512931]},"properties":{"bizesId":"MA010120220804361812","bizesNm":"삼대냉면","indsLclsCd":"I2","indsLclsNm":"음식","indsMclsNm":"한식","indsSclsNm":"냉면/밀면","adongCd":"11350560","adongNm":"월계1동","lnoCd":"1135010200104350011","lnoAdr":"서울특별시 노원구 월계동 435-11","rdnmAdr":"서울특별시 노원구 석계로9길 33","bldMngNo":"1135010200104350011020201"}},{"type":"Feature","id":"sbiz.MA010120220804353806","geometry":{"type":"Point","coordinates":[127.062636173115,37.6167064512931]},"properties":{"bizesId":"MA010120220804353806","bizesNm":"동신인테리어","indsLclsCd":"M1","indsLclsNm":"과학·기술","indsMclsNm":"전문 디자인","indsSclsNm":"인테리어 디자인업","adongCd":"11350560","adongNm":"월계1동","lnoCd":"1135010200104350011","lnoAdr":"서울특별시 노원구 월계동 435-11","rdnmAdr":"서울특별시 노원구 석계로9길 33","bldMngNo":"1135010200104350011020201"}},{"type":"Feature","id":"sbiz.MA010120220803205530","geometry":{"type":"Point","coordinates":[127.062636173115,37.6167064512931]},"properties":{"bizesId":"MA010120220803205530","bizesNm":"큐당구장","indsLclsCd":"R1","indsLclsNm":"예술·스포츠","indsMclsNm":"스포츠 서비스","indsSclsNm":"당구장","adongCd":"11350560","adongNm":"월계1동","lnoCd":"1135010200104350011","lnoAdr":"서울특별시 노원구 월계동 435-11","rdnmAdr":"서울특별시 노원구 석계로9길 33","bldMngNo":"1135010200104350011020201","flrNo":"1"}},{"type":"Feature","id":"sbiz.MA010120220808985726","geometry":{"type":"Point","coordinates":[127.062702604479,37.6148864197056]},"properties":{"bizesId":"MA010120220808985726","bizesNm":"노원","indsLclsCd":"G2","indsLclsNm":"소매","indsMclsNm":"섬유·의복·신발 소매","indsSclsNm":"신발 소매업","adongCd":"11350560","adongNm":"월계1동","lnoCd":"1135010200100510019","lnoAdr":"서울특별시 노원구 월계동 51-19","rdnmAdr":"서울특별시 노원구 화랑로43가길 16","bldMngNo":"1135010200100510019019435"}},{"type":"Feature","id":"sbiz.MA010120220800452529","geometry":{"type":"Point","coordinates":[127.062704019268,37.6165712670405]},"properties":{"bizesId":"MA010120220800452529","bizesNm":"천야혼수방","indsLclsCd":"G2","indsLclsNm":"소매","indsMclsNm":"섬유·의복·신발 소매","indsSclsNm":"침구류/커튼 소매업","adongCd":"11350560","adongNm":"월계1동","lnoCd":"1135010200104850013","lnoAdr":"서울특별시 노원구 월계동 485-13","rdnmAdr":"서울특별시 노원구 석계로11길 45","bldMngNo":"1135010200104850013020001","bldNm":"중앙점포","flrNo":"1"}},{"type":"Feature","id":"sbiz.MA010120220804360109","geometry":{"type":"Point","coordinates":[127.062707333513,37.6205175920651]},"properties":{"bizesId":"MA010120220804360109","bizesNm":"동신자동차공업사","indsLclsCd":"S2","indsLclsNm":"수리·개인","indsMclsNm":"자동차 수리·세차","indsSclsNm":"자동차 정비소","adongCd":"11350560","adongNm":"월계1동","lnoCd":"1135010200104290009","lnoAdr":"서울특별시 노원구 월계동 429-9","rdnmAdr":"서울특별시 노원구 석계로 65","bldMngNo":"1135010200104290009019129","bldNm":"일부","flrNo":"1"}},{"type":"Feature","id":"sbiz.MA010120220804353804","geometry":{"type":"Point","coordinates":[127.062707333513,37.6205175920651]},"properties":{"bizesId":"MA010120220804353804","bizesNm":"동신사","indsLclsCd":"S2","indsLclsNm":"수리·개인","indsMclsNm":"자동차 수리·세차","indsSclsNm":"자동차 세차장","adongCd":"11350560","adongNm":"월계1동","lnoCd":"1135010200104290009","lnoAdr":"서울특별시 노원구 월계동 429-9","rdnmAdr":"서울특별시 노원구 석계로 65","bldMngNo":"1135010200104290009019129"}},{"type":"Feature","id":"sbiz.MA010120220812306121","geometry":{"type":"Point","coordinates":[127.062707333513,37.6205175920651]},"properties":{"bizesId":"MA010120220812306121","bizesNm":"천년초우리밀칼국수","indsLclsCd":"I2","indsLclsNm":"음식","indsMclsNm":"한식","indsSclsNm":"국수/칼국수","adongCd":"11350560","adongNm":"월계1동","lnoCd":"1135010200104290009","lnoAdr":"서울특별시 노원구 월계동 429-9","rdnmAdr":"서울특별시 노원구 석계로 65","bldMngNo":"1135010200104290009019129","flrNo":"1"}},{"type":"Feature","id":"sbiz.MA010120220810357207","geometry":{"type":"Point","coordinates":[127.0627253858,37.6150395756266]},"properties":{"bizesId":"MA010120220810357207","bizesNm":"스타부동산컨설팅","indsLclsCd":"M1","indsLclsNm":"과학·기술","indsMclsNm":"본사·경영 컨설팅","indsSclsNm":"경영 컨설팅업","adongCd":"11350560","adongNm":"월계1동","lnoCd":"1135010200100510011","lnoAdr":"서울특별시 노원구 월계동 51-11","rdnmAdr":"서울특별시 노원구 화랑로43가길 17"}},{"type":"Feature","id":"sbiz.MA010120220804353834","geometry":{"type":"Point","coordinates":[127.06278352507,37.6168325113258]},"properties":{"bizesId":"MA010120220804353834","bizesNm":"김원숙헤어라인","indsLclsCd":"S2","indsLclsNm":"수리·개인","indsMclsNm":"이용·미용","indsSclsNm":"미용실","adongCd":"11350560","adongNm":"월계1동","lnoCd":"1135010200104350010","lnoAdr":"서울특별시 노원구 월계동 435-10","rdnmAdr":"서울특별시 노원구 석계로9길 29","bldMngNo":"1135010200104350010019483","bldNm":"우축","flrNo":"1"}},{"type":"Feature","id":"sbiz.MA010120220804370194","geometry":{"type":"Point","coordinates":[127.062930869929,37.6169495612946]},"properties":{"bizesId":"MA010120220804370194","bizesNm":"헤어닥터","indsLclsCd":"S2","indsLclsNm":"수리·개인","indsMclsNm":"이용·미용","indsSclsNm":"미용실","adongCd":"11350560","adongNm":"월계1동","lnoCd":"1135010200104350009","lnoAdr":"서울특별시 노원구 월계동 435-9","rdnmAdr":"서울특별시 노원구 석계로9길 25","bldMngNo":"1135010200104350009019471","flrNo":"1"}},{"type":"Feature","id":"sbiz.MA010120220812066852","geometry":{"type":"Point","coordinates":[127.062930869929,37.6169495612946]},"properties":{"bizesId":"MA010120220812066852","bizesNm":"티앤씨에듀학원","indsLclsCd":"P1","indsLclsNm":"교육","indsMclsNm":"일반 교육","indsSclsNm":"입시·교과학원","adongCd":"11350560","adongNm":"월계1동","lnoCd":"1135010200104350009","lnoAdr":"서울특별시 노원구 월계동 435-9","rdnmAdr":"서울특별시 노원구 석계로9길 25","bldMngNo":"1135010200104350009019471","flrNo":"3"}},{"type":"Feature","id":"sbiz.MA010120220804347405","geometry":{"type":"Point","coordinates":[127.0629983889,37.616426952151]},"properties":{"bizesId":"MA010120220804347405","bizesNm":"신당분식","indsLclsCd":"I2","indsLclsNm":"음식","indsMclsNm":"기타 간이","indsSclsNm":"김밥/만두/분식","adongCd":"11350560","adongNm":"월계1동","lnoCd":"1135010200104860006","lnoAdr":"서울특별시 노원구 월계동 486-6","rdnmAdr":"서울특별시 노원구 석계로3길 36","bldMngNo":"1135010200104860006019523","flrNo":"1"}},{"type":"Feature","id":"sbiz.MA010120220804353889","geometry":{"type":"Point","coordinates":[127.0629983889,37.616426952151]},"properties":{"bizesId":"MA010120220804353889","bizesNm":"금성전파사","indsLclsCd":"S2","indsLclsNm":"수리·개인","indsMclsNm":"가전제품 수리","indsSclsNm":"가전제품 수리업","adongCd":"11350560","adongNm":"월계1동","lnoCd":"1135010200104860006","lnoAdr":"서울특별시 노원구 월계동 486-6","rdnmAdr":"서울특별시 노원구 석계로3길 36","bldMngNo":"1135010200104860006019523","flrNo":"1"}},{"type":"Feature","id":"sbiz.MA010120220812517002","geometry":{"type":"Point","coordinates":[127.0629983889,37.616426952151]},"properties":{"bizesId":"MA010120220812517002","bizesNm":"동신공인중개사사무소","indsLclsCd":"L1","indsLclsNm":"부동산","indsMclsNm":"부동산 서비스","indsSclsNm":"부동산 중개/대리업","adongCd":"11350560","adongNm":"월계1동","lnoCd":"1135010200104860006","lnoAdr":"서울특별시 노원구 월계동 486-6","rdnmAdr":"서울특별시 노원구 석계로3길 36","bldMngNo":"1135010200104860006019523","flrNo":"1"}},{"type":"Feature","id":"sbiz.MA010120220806939951","geometry":{"type":"Point","coordinates":[127.063055394538,37.6168684058929]},"properties":{"bizesId":"MA010120220806939951","bizesNm":"슬슬커피","indsLclsCd":"I2","indsLclsNm":"음식","indsMclsNm":"비알코올 ","indsSclsNm":"카페","adongCd":"11350560","adongNm":"월계1동","lnoCd":"1135010200104840000","lnoAdr":"서울특별시 노원구 월계동 484","rdnmAdr":"서울특별시 노원구 석계로11길 35","bldMngNo":"1135010200104840000019480","flrNo":"1"}},{"type":"Feature","id":"sbiz.MA010120220802964210","geometry":{"type":"Point","coordinates":[127.063122920182,37.6163548065495]},"properties":{"bizesId":"MA010120220802964210","bizesNm":"청계천8가삼성곱창","indsLclsCd":"I2","indsLclsNm":"음식","indsMclsNm":"한식","indsSclsNm":"곱창 전골/구이","adongCd":"11350560","adongNm":"월계1동","lnoCd":"1135010200100680027","lnoAdr":"서울특별시 노원구 월계동 68-27","rdnmAdr":"서울특별시 노원구 석계로3길 32","bldMngNo":"1135010200100680027019787","flrNo":"1"}},{"type":"Feature","id":"sbiz.MA010120220806910995","geometry":{"type":"Point","coordinates":[127.063122920182,37.6163548065495]},"properties":{"bizesId":"MA010120220806910995","bizesNm":"황금찹쌀꽈배기석계점","indsLclsCd":"I2","indsLclsNm":"음식","indsMclsNm":"기타 간이","indsSclsNm":"그 외 기타 간이 음식점","adongCd":"11350560","adongNm":"월계1동","lnoCd":"1135010200100680027","lnoAdr":"서울특별시 노원구 월계동 68-27","rdnmAdr":"서울특별시 노원구 석계로3길 32","bldMngNo":"1135010200100680027019787","flrNo":"1"}},{"type":"Feature","id":"sbiz.MA010120220805847114","geometry":{"type":"Point","coordinates":[127.06320203066,37.6161475369202]},"properties":{"bizesId":"MA010120220805847114","bizesNm":"미아리우동집석계역점","indsLclsCd":"I2","indsLclsNm":"음식","indsMclsNm":"기타 간이","indsSclsNm":"김밥/만두/분식","adongCd":"11350560","adongNm":"월계1동","lnoCd":"1135010200100680009","lnoAdr":"서울특별시 노원구 월계동 68-9","rdnmAdr":"서울특별시 노원구 석계로3길 27","bldMngNo":"1135010200100680009019242","flrNo":"1"}},{"type":"Feature","id":"sbiz.MA010120220812214940","geometry":{"type":"Point","coordinates":[127.063223539432,37.6147960429207]},"properties":{"bizesId":"MA010120220812214940","bizesNm":"선진","indsLclsCd":"M1","indsLclsNm":"과학·기술","indsMclsNm":"전문 디자인","indsSclsNm":"시각 디자인업","adongCd":"11350560","adongNm":"월계1동","lnoCd":"1135010200104930017","lnoAdr":"서울특별시 노원구 월계동 493-17","rdnmAdr":"서울특별시 노원구 화랑로43길 2-10","bldMngNo":"1135010200104930017019554","flrNo":"2"}},{"type":"Feature","id":"sbiz.MA010120220804353882","geometry":{"type":"Point","coordinates":[127.06323506412,37.6150302937308]},"properties":{"bizesId":"MA010120220804353882","bizesNm":"장군식당","indsLclsCd":"I2","indsLclsNm":"음식","indsMclsNm":"한식","indsSclsNm":"백반/한정식","adongCd":"11350560","adongNm":"월계1동","lnoCd":"1135010200100510006","lnoAdr":"서울특별시 노원구 월계동 51-6","rdnmAdr":"서울특별시 노원구 화랑로43가길 27","bldMngNo":"1135010200100510006019157"}},{"type":"Feature","id":"sbiz.MA010120220803946100","geometry":{"type":"Point","coordinates":[127.06323506412,37.6150302937308]},"properties":{"bizesId":"MA010120220803946100","bizesNm":"비어프렌즈","indsLclsCd":"I2","indsLclsNm":"음식","indsMclsNm":"주점","indsSclsNm":"일반 유흥 주점","adongCd":"11350560","adongNm":"월계1동","lnoCd":"1135010200100510006","lnoAdr":"서울특별시 노원구 월계동 51-6","rdnmAdr":"서울특별시 노원구 화랑로43가길 27"}},{"type":"Feature","id":"sbiz.MA010120220804358733","geometry":{"type":"Point","coordinates":[127.063270188286,37.6163817573281]},"properties":{"bizesId":"MA010120220804358733","bizesNm":"소문난곱창","indsLclsCd":"I2","indsLclsNm":"음식","indsMclsNm":"한식","indsSclsNm":"곱창 전골/구이","adongCd":"11350560","adongNm":"월계1동","lnoCd":"1135010200100680025","lnoAdr":"서울특별시 노원구 월계동 68-25","rdnmAdr":"서울특별시 노원구 석계로7길 12-8","bldMngNo":"1135010200100680025019527","flrNo":"1"}},{"type":"Feature","id":"sbiz.MA010120220802994117","geometry":{"type":"Point","coordinates":[127.063359287061,37.6145977526593]},"properties":{"bizesId":"MA010120220802994117","bizesNm":"하디핏","indsLclsCd":"P1","indsLclsNm":"교육","indsMclsNm":"기타 교육","indsSclsNm":"그 외 기타 교육기관","adongCd":"11350560","adongNm":"월계1동","lnoCd":"1135010200104930028","lnoAdr":"서울특별시 노원구 월계동 493-28","rdnmAdr":"서울특별시 노원구 화랑로43길 2-4","bldMngNo":"1135010200104930028019801","bldNm":"신궁전빌딩","flrNo":"2"}},{"type":"Feature","id":"sbiz.MA010120220807385883","geometry":{"type":"Point","coordinates":[127.063359287061,37.6145977526593]},"properties":{"bizesId":"MA010120220807385883","bizesNm":"경광공인중개사사무소","indsLclsCd":"L1","indsLclsNm":"부동산","indsMclsNm":"부동산 서비스","indsSclsNm":"부동산 중개/대리업","adongCd":"11350560","adongNm":"월계1동","lnoCd":"1135010200104930028","lnoAdr":"서울특별시 노원구 월계동 493-28","rdnmAdr":"서울특별시 노원구 화랑로43길 2-4","bldMngNo":"1135010200104930028019801","flrNo":"1"}},{"type":"Feature","id":"sbiz.MA010120220807075549","geometry":{"type":"Point","coordinates":[127.063359287061,37.6145977526593]},"properties":{"bizesId":"MA010120220807075549","bizesNm":"빨리와솥뚜껑삼겹살","indsLclsCd":"I2","indsLclsNm":"음식","indsMclsNm":"한식","indsSclsNm":"돼지고기 구이/찜","adongCd":"11350560","adongNm":"월계1동","lnoCd":"1135010200104930028","lnoAdr":"서울특별시 노원구 월계동 493-28","rdnmAdr":"서울특별시 노원구 화랑로43길 2-4","bldMngNo":"1135010200104930028019801","flrNo":"1"}},{"type":"Feature","id":"sbiz.MA010120220809301147","geometry":{"type":"Point","coordinates":[127.063372402587,37.6167060582163]},"properties":{"bizesId":"MA010120220809301147","bizesNm":"리틀M파티","indsLclsCd":"N1","indsLclsNm":"시설관리·임대","indsMclsNm":"기타 사업 서비스","indsSclsNm":"전시/컨벤션/행사 대행 서비스업","adongCd":"11350560","adongNm":"월계1동","lnoCd":"1135010200100680000","lnoAdr":"서울특별시 노원구 월계동 68","rdnmAdr":"서울특별시 노원구 석계로 23-20","bldMngNo":"1135010200100680000019488","flrNo":"2"}},{"type":"Feature","id":"sbiz.MA0101202209A0006794","geometry":{"type":"Point","coordinates":[127.063394130243,37.615615850809]},"properties":{"bizesId":"MA0101202209A0006794","bizesNm":"미스터피자석계역점","indsLclsCd":"I2","indsLclsNm":"음식","indsMclsNm":"기타 간이","indsSclsNm":"피자","adongCd":"11350560","adongNm":"월계1동","lnoCd":"1135010200100540001","lnoAdr":"서울특별시 노원구 월계동 54-1","rdnmAdr":"서울특별시 노원구 석계로1길 22","bldMngNo":"1135010200100540001019608","bldNm":"흥우빌딩"}},{"type":"Feature","id":"sbiz.MA010120220810237305","geometry":{"type":"Point","coordinates":[127.063394130243,37.615615850809]},"properties":{"bizesId":"MA010120220810237305","bizesNm":"하나로어울림국내국제결혼","indsLclsCd":"S2","indsLclsNm":"수리·개인","indsMclsNm":"기타 개인","indsSclsNm":"결혼 상담 서비스업","adongCd":"11350560","adongNm":"월계1동","lnoCd":"1135010200100540001","lnoAdr":"서울특별시 노원구 월계동 54-1","rdnmAdr":"서울특별시 노원구 석계로1길 22","bldMngNo":"1135010200100540001019608","bldNm":"흥우빌딩"}},{"type":"Feature","id":"sbiz.MA010120220806873878","geometry":{"type":"Point","coordinates":[127.063394130243,37.615615850809]},"properties":{"bizesId":"MA010120220806873878","bizesNm":"프로24당구장","indsLclsCd":"R1","indsLclsNm":"예술·스포츠","indsMclsNm":"스포츠 서비스","indsSclsNm":"당구장","adongCd":"11350560","adongNm":"월계1동","lnoCd":"1135010200100540001","lnoAdr":"서울특별시 노원구 월계동 54-1","rdnmAdr":"서울특별시 노원구 석계로1길 22","bldMngNo":"1135010200100540001019608","bldNm":"흥우빌딩"}},{"type":"Feature","id":"sbiz.MA010120220803906360","geometry":{"type":"Point","coordinates":[127.063394130243,37.615615850809]},"properties":{"bizesId":"MA010120220803906360","bizesNm":"뮤직피플","indsLclsCd":"P1","indsLclsNm":"교육","indsMclsNm":"기타 교육","indsSclsNm":"음악학원","adongCd":"11350560","adongNm":"월계1동","lnoCd":"1135010200100540001","lnoAdr":"서울특별시 노원구 월계동 54-1","rdnmAdr":"서울특별시 노원구 석계로1길 22","bldMngNo":"1135010200100540001019608","bldNm":"흥우빌딩"}},{"type":"Feature","id":"sbiz.MA010120220804369469","geometry":{"type":"Point","coordinates":[127.063394130243,37.615615850809]},"properties":{"bizesId":"MA010120220804369469","bizesNm":"포차천국석계점","indsLclsCd":"I2","indsLclsNm":"음식","indsMclsNm":"주점","indsSclsNm":"요리 주점","adongCd":"11350560","adongNm":"월계1동","lnoCd":"1135010200100540001","lnoAdr":"서울특별시 노원구 월계동 54-1","rdnmAdr":"서울특별시 노원구 석계로1길 22","bldMngNo":"1135010200100540001019608","bldNm":"홍우빌딩"}},{"type":"Feature","id":"sbiz.MA010120220812494485","geometry":{"type":"Point","coordinates":[127.063394130243,37.615615850809]},"properties":{"bizesId":"MA010120220812494485","bizesNm":"하마벌떡","indsLclsCd":"I2","indsLclsNm":"음식","indsMclsNm":"한식","indsSclsNm":"백반/한정식","adongCd":"11350560","adongNm":"월계1동","lnoCd":"1135010200100540001","lnoAdr":"서울특별시 노원구 월계동 54-1","rdnmAdr":"서울특별시 노원구 석계로1길 22","bldMngNo":"1135010200100540001019608","flrNo":"1"}},{"type":"Feature","id":"sbiz.MA010120220803948940","geometry":{"type":"Point","coordinates":[127.063394130243,37.615615850809]},"properties":{"bizesId":"MA010120220803948940","bizesNm":"황금오리","indsLclsCd":"I2","indsLclsNm":"음식","indsMclsNm":"한식","indsSclsNm":"닭/오리고기 구이/찜","adongCd":"11350560","adongNm":"월계1동","lnoCd":"1135010200100540001","lnoAdr":"서울특별시 노원구 월계동 54-1","rdnmAdr":"서울특별시 노원구 석계로1길 22","bldMngNo":"1135010200100540001019608","bldNm":"흥우빌딩","flrNo":"2"}},{"type":"Feature","id":"sbiz.MA010120220808271719","geometry":{"type":"Point","coordinates":[127.063394130243,37.615615850809]},"properties":{"bizesId":"MA010120220808271719","bizesNm":"미스터피자석계역점","indsLclsCd":"I2","indsLclsNm":"음식","indsMclsNm":"기타 간이","indsSclsNm":"피자","adongCd":"11350560","adongNm":"월계1동","lnoCd":"1135010200100540001","lnoAdr":"서울특별시 노원구 월계동 54-1","rdnmAdr":"서울특별시 노원구 석계로1길 22","bldMngNo":"1135010200100540001019608","bldNm":"흥우빌딩","flrNo":"1"}},{"type":"Feature","id":"sbiz.MA010120220802176339","geometry":{"type":"Point","coordinates":[127.063394130243,37.615615850809]},"properties":{"bizesId":"MA010120220802176339","bizesNm":"중앙인력개발","indsLclsCd":"N1","indsLclsNm":"시설관리·임대","indsMclsNm":"고용 알선","indsSclsNm":"고용 알선업","adongCd":"11350560","adongNm":"월계1동","lnoCd":"1135010200100540001","lnoAdr":"서울특별시 노원구 월계동 54-1","rdnmAdr":"서울특별시 노원구 석계로1길 22","bldMngNo":"1135010200100540001019608","bldNm":"흥우빌딩"}},{"type":"Feature","id":"sbiz.MA010120220808134925","geometry":{"type":"Point","coordinates":[127.063394130243,37.615615850809]},"properties":{"bizesId":"MA010120220808134925","bizesNm":"오퀸스테이크하우스석계역점","indsLclsCd":"I2","indsLclsNm":"음식","indsMclsNm":"서양식","indsSclsNm":"파스타/스테이크","adongCd":"11350560","adongNm":"월계1동","lnoCd":"1135010200100540001","lnoAdr":"서울특별시 노원구 월계동 54-1","rdnmAdr":"서울특별시 노원구 석계로1길 22","bldMngNo":"1135010200100540001019608","bldNm":"흥우빌딩","flrNo":"3"}},{"type":"Feature","id":"sbiz.MA010120220805992188","geometry":{"type":"Point","coordinates":[127.063394130243,37.615615850809]},"properties":{"bizesId":"MA010120220805992188","bizesNm":"숲","indsLclsCd":"G2","indsLclsNm":"소매","indsMclsNm":"섬유·의복·신발 소매","indsSclsNm":"기타 의류 소매업","adongCd":"11350560","adongNm":"월계1동","lnoCd":"1135010200100540001","lnoAdr":"서울특별시 노원구 월계동 54-1","rdnmAdr":"서울특별시 노원구 석계로1길 22","bldMngNo":"1135010200100540001019608","bldNm":"흥우빌딩"}},{"type":"Feature","id":"sbiz.MA010120220814110334","geometry":{"type":"Point","coordinates":[127.063406917974,37.617336731332]},"properties":{"bizesId":"MA010120220814110334","bizesNm":"인테리어하우스월계","indsLclsCd":"M1","indsLclsNm":"과학·기술","indsMclsNm":"전문 디자인","indsSclsNm":"인테리어 디자인업","adongCd":"11350560","adongNm":"월계1동","lnoCd":"1135010200100740003","lnoAdr":"서울특별시 노원구 월계동 74-3","rdnmAdr":"서울특별시 노원구 석계로9길 13","bldMngNo":"1135010200100740003019699","flrNo":"1"}},{"type":"Feature","id":"sbiz.MA010120220804350094","geometry":{"type":"Point","coordinates":[127.063406917974,37.617336731332]},"properties":{"bizesId":"MA010120220804350094","bizesNm":"부동산뉴스공인중개사사무소","indsLclsCd":"L1","indsLclsNm":"부동산","indsMclsNm":"부동산 서비스","indsSclsNm":"부동산 중개/대리업","adongCd":"11350560","adongNm":"월계1동","lnoCd":"1135010200100740003","lnoAdr":"서울특별시 노원구 월계동 74-3","rdnmAdr":"서울특별시 노원구 석계로9길 13","bldMngNo":"1135010200100740003019699"}},{"type":"Feature","id":"sbiz.MA010120220804356834","geometry":{"type":"Point","coordinates":[127.063406917974,37.617336731332]},"properties":{"bizesId":"MA010120220804356834","bizesNm":"미스도로시","indsLclsCd":"S2","indsLclsNm":"수리·개인","indsMclsNm":"이용·미용","indsSclsNm":"미용실","adongCd":"11350560","adongNm":"월계1동","lnoCd":"1135010200100740003","lnoAdr":"서울특별시 노원구 월계동 74-3","rdnmAdr":"서울특별시 노원구 석계로9길 13","bldMngNo":"1135010200100740003019699","flrNo":"1"}},{"type":"Feature","id":"sbiz.MA010120220804353749","geometry":{"type":"Point","coordinates":[127.063462586621,37.6162014563771]},"properties":{"bizesId":"MA010120220804353749","bizesNm":"파리바게뜨","indsLclsCd":"I2","indsLclsNm":"음식","indsMclsNm":"기타 간이","indsSclsNm":"빵/도넛","adongCd":"11350560","adongNm":"월계1동","lnoCd":"1135010200100680131","lnoAdr":"서울특별시 노원구 월계동 68-131","rdnmAdr":"서울특별시 노원구 석계로7길 18","bldMngNo":"1135010200100680006019537","flrNo":"1"}},{"type":"Feature","id":"sbiz.MA010120220813371750","geometry":{"type":"Point","coordinates":[127.063462586621,37.6162014563771]},"properties":{"bizesId":"MA010120220813371750","bizesNm":"다온","indsLclsCd":"S2","indsLclsNm":"수리·개인","indsMclsNm":"이용·미용","indsSclsNm":"미용실","adongCd":"11350560","adongNm":"월계1동","lnoCd":"1135010200100680131","lnoAdr":"서울특별시 노원구 월계동 68-131","rdnmAdr":"서울특별시 노원구 석계로7길 18","bldMngNo":"1135010200100680006019537","flrNo":"2"}},{"type":"Feature","id":"sbiz.MA010120220800149373","geometry":{"type":"Point","coordinates":[127.063463773568,37.6175979872922]},"properties":{"bizesId":"MA010120220800149373","bizesNm":"한국쌀베이킹협회","indsLclsCd":"P1","indsLclsNm":"교육","indsMclsNm":"교육 지원","indsSclsNm":"교육컨설팅업","adongCd":"11350560","adongNm":"월계1동","lnoCd":"1135010200100740009","lnoAdr":"서울특별시 노원구 월계동 74-9","rdnmAdr":"서울특별시 노원구 석계로9길 10","bldMngNo":"1135010200100740009019299"}},{"type":"Feature","id":"sbiz.MA010120220806780945","geometry":{"type":"Point","coordinates":[127.063463773568,37.6175979872922]},"properties":{"bizesId":"MA010120220806780945","bizesNm":"염색하는날","indsLclsCd":"S2","indsLclsNm":"수리·개인","indsMclsNm":"이용·미용","indsSclsNm":"미용실","adongCd":"11350560","adongNm":"월계1동","lnoCd":"1135010200100740009","lnoAdr":"서울특별시 노원구 월계동 74-9","rdnmAdr":"서울특별시 노원구 석계로9길 10","bldMngNo":"1135010200100740009019299","bldNm":"점포","flrNo":"1"}},{"type":"Feature","id":"sbiz.MA010120220808748368","geometry":{"type":"Point","coordinates":[127.063463773568,37.6175979872922]},"properties":{"bizesId":"MA010120220808748368","bizesNm":"미소한가득","indsLclsCd":"I2","indsLclsNm":"음식","indsMclsNm":"비알코올 ","indsSclsNm":"카페","adongCd":"11350560","adongNm":"월계1동","lnoCd":"1135010200100740009","lnoAdr":"서울특별시 노원구 월계동 74-9","rdnmAdr":"서울특별시 노원구 석계로9길 10","bldMngNo":"1135010200100740009019299"}},{"type":"Feature","id":"sbiz.MA010120220814378875","geometry":{"type":"Point","coordinates":[127.063495271458,37.6146787685305]},"properties":{"bizesId":"MA010120220814378875","bizesNm":"리인테리어","indsLclsCd":"M1","indsLclsNm":"과학·기술","indsMclsNm":"전문 디자인","indsSclsNm":"인테리어 디자인업","adongCd":"11350560","adongNm":"월계1동","lnoCd":"1135010200104930001","lnoAdr":"서울특별시 노원구 월계동 493-1","rdnmAdr":"서울특별시 노원구 화랑로 321","bldMngNo":"1135010200104930001019561","bldNm":"건안빌딩","flrNo":"4"}},{"type":"Feature","id":"sbiz.MA010120220812343830","geometry":{"type":"Point","coordinates":[127.063495271458,37.6146787685305]},"properties":{"bizesId":"MA010120220812343830","bizesNm":"오늘theNail","indsLclsCd":"S2","indsLclsNm":"수리·개인","indsMclsNm":"이용·미용","indsSclsNm":"네일숍","adongCd":"11350560","adongNm":"월계1동","lnoCd":"1135010200104930001","lnoAdr":"서울특별시 노원구 월계동 493-1","rdnmAdr":"서울특별시 노원구 화랑로 321","bldMngNo":"1135010200104930001019561","bldNm":"건안빌딩","flrNo":"2"}},{"type":"Feature","id":"sbiz.MA010120220804368097","geometry":{"type":"Point","coordinates":[127.063495271458,37.6146787685305]},"properties":{"bizesId":"MA010120220804368097","bizesNm":"신원에스테틱","indsLclsCd":"S2","indsLclsNm":"수리·개인","indsMclsNm":"이용·미용","indsSclsNm":"피부 관리실","adongCd":"11350560","adongNm":"월계1동","lnoCd":"1135010200104930001","lnoAdr":"서울특별시 노원구 월계동 493-1","rdnmAdr":"서울특별시 노원구 화랑로 321","bldMngNo":"1135010200104930001019561","bldNm":"건안빌딩","flrNo":"2"}},{"type":"Feature","id":"sbiz.MA010120220807510793","geometry":{"type":"Point","coordinates":[127.063495271458,37.6146787685305]},"properties":{"bizesId":"MA010120220807510793","bizesNm":"석계태평양약국","indsLclsCd":"G2","indsLclsNm":"소매","indsMclsNm":"의약·화장품 소매","indsSclsNm":"약국","adongCd":"11350560","adongNm":"월계1동","lnoCd":"1135010200104930001","lnoAdr":"서울특별시 노원구 월계동 493-1","rdnmAdr":"서울특별시 노원구 화랑로 321","bldMngNo":"1135010200104930001019561","flrNo":"1"}},{"type":"Feature","id":"sbiz.MA010120220806847538","geometry":{"type":"Point","coordinates":[127.063507693508,37.6159671751725]},"properties":{"bizesId":"MA010120220806847538","bizesNm":"노다지노래연습장","indsLclsCd":"R1","indsLclsNm":"예술·스포츠","indsMclsNm":"유원지·오락","indsSclsNm":"노래방","adongCd":"11350560","adongNm":"월계1동","lnoCd":"1135010200100550007","lnoAdr":"서울특별시 노원구 월계동 55-7","rdnmAdr":"서울특별시 노원구 석계로3길 21","bldMngNo":"1135010200100550007019415","flrNo":"지"}},{"type":"Feature","id":"sbiz.MA010120220814146617","geometry":{"type":"Point","coordinates":[127.063507693508,37.6159671751725]},"properties":{"bizesId":"MA010120220814146617","bizesNm":"이삭토스트석계역점","indsLclsCd":"I2","indsLclsNm":"음식","indsMclsNm":"기타 간이","indsSclsNm":"토스트/샌드위치/샐러드","adongCd":"11350560","adongNm":"월계1동","lnoCd":"1135010200100550007","lnoAdr":"서울특별시 노원구 월계동 55-7","rdnmAdr":"서울특별시 노원구 석계로3길 21","bldMngNo":"1135010200100550007019415","flrNo":"1"}},{"type":"Feature","id":"sbiz.MA010120220804360670","geometry":{"type":"Point","coordinates":[127.063507693508,37.6159671751725]},"properties":{"bizesId":"MA010120220804360670","bizesNm":"피자스쿨석계점","indsLclsCd":"I2","indsLclsNm":"음식","indsMclsNm":"기타 간이","indsSclsNm":"피자","adongCd":"11350560","adongNm":"월계1동","lnoCd":"1135010200100550007","lnoAdr":"서울특별시 노원구 월계동 55-7","rdnmAdr":"서울특별시 노원구 석계로3길 21","bldMngNo":"1135010200100550007019415"}},{"type":"Feature","id":"sbiz.MA010120220806372355","geometry":{"type":"Point","coordinates":[127.063507693508,37.6159671751725]},"properties":{"bizesId":"MA010120220806372355","bizesNm":"마라입구","indsLclsCd":"I2","indsLclsNm":"음식","indsMclsNm":"중식","indsSclsNm":"마라탕/훠궈","adongCd":"11350560","adongNm":"월계1동","lnoCd":"1135010200100550007","lnoAdr":"서울특별시 노원구 월계동 55-7","rdnmAdr":"서울특별시 노원구 석계로3길 21","bldMngNo":"1135010200100550007019415","flrNo":"2"}},{"type":"Feature","id":"sbiz.MA010120220811045255","geometry":{"type":"Point","coordinates":[127.063521396071,37.6187602306833]},"properties":{"bizesId":"MA010120220811045255","bizesNm":"뽀짝철물","indsLclsCd":"G2","indsLclsNm":"소매","indsMclsNm":"철물·건설자재 소매","indsSclsNm":"철물/공구 소매업","adongCd":"11350560","adongNm":"월계1동","lnoCd":"1135010200100760016","lnoAdr":"서울특별시 노원구 월계동 76-16","rdnmAdr":"서울특별시 노원구 석계로 45","bldMngNo":"1135010200100760016019753"}},{"type":"Feature","id":"sbiz.MA010120220807108242","geometry":{"type":"Point","coordinates":[127.063532033007,37.6179493358686]},"properties":{"bizesId":"MA010120220807108242","bizesNm":"오륜라이프","indsLclsCd":"S2","indsLclsNm":"수리·개인","indsMclsNm":"장례식장 ","indsSclsNm":"장례식장","adongCd":"11350560","adongNm":"월계1동","lnoCd":"1135010200100740005","lnoAdr":"서울특별시 노원구 월계동 74-5","rdnmAdr":"서울특별시 노원구 석계로11길 8","bldMngNo":"1135010200100740005019368","bldNm":"태영빌딩","flrNo":"2"}},{"type":"Feature","id":"sbiz.MA010120220804355279","geometry":{"type":"Point","coordinates":[127.063543252455,37.617823191515]},"properties":{"bizesId":"MA010120220804355279","bizesNm":"전주식당","indsLclsCd":"I2","indsLclsNm":"음식","indsMclsNm":"한식","indsSclsNm":"백반/한정식","adongCd":"11350560","adongNm":"월계1동","lnoCd":"1135010200100740007","lnoAdr":"서울특별시 노원구 월계동 74-7","rdnmAdr":"서울특별시 노원구 석계로11길 10","bldMngNo":"1135010200100740007019375"}},{"type":"Feature","id":"sbiz.MA010120220801639206","geometry":{"type":"Point","coordinates":[127.063575974665,37.6163455534551]},"properties":{"bizesId":"MA010120220801639206","bizesNm":"최대포소금구이","indsLclsCd":"I2","indsLclsNm":"음식","indsMclsNm":"한식","indsSclsNm":"돼지고기 구이/찜","adongCd":"11350560","adongNm":"월계1동","lnoCd":"1135010200100680028","lnoAdr":"서울특별시 노원구 월계동 68-28","rdnmAdr":"서울특별시 노원구 석계로7길 14","bldMngNo":"1135010200100680028019202"}},{"type":"Feature","id":"sbiz.MA010120220811660202","geometry":{"type":"Point","coordinates":[127.063609409386,37.6157058337927]},"properties":{"bizesId":"MA010120220811660202","bizesNm":"나나에스텔","indsLclsCd":"G2","indsLclsNm":"소매","indsMclsNm":"의약·화장품 소매","indsSclsNm":"화장품 소매업","adongCd":"11350560","adongNm":"월계1동","lnoCd":"1135010200104890001","lnoAdr":"서울특별시 노원구 월계동 489-1","rdnmAdr":"서울특별시 노원구 석계로7길 29-3","bldMngNo":"1135010200104890001019596","flrNo":"1"}},{"type":"Feature","id":"sbiz.MA0101202301A0053753","geometry":{"type":"Point","coordinates":[127.06362088937,37.6158860252576]},"properties":{"bizesId":"MA0101202301A0053753","bizesNm":"서민초밥","indsLclsCd":"I2","indsLclsNm":"음식","indsMclsNm":"일식","indsSclsNm":"일식 회/초밥","adongCd":"11350560","adongNm":"월계1동","lnoCd":"1135010200100550008","lnoAdr":"서울특별시 노원구 월계동 55-8","rdnmAdr":"서울특별시 노원구 석계로3길 17","bldMngNo":"1135010200100550008019566","flrNo":"1"}},{"type":"Feature","id":"sbiz.MA010120220807166697","geometry":{"type":"Point","coordinates":[127.063654031656,37.614903930107]},"properties":{"bizesId":"MA010120220807166697","bizesNm":"더조은라이프플러스","indsLclsCd":"I2","indsLclsNm":"음식","indsMclsNm":"한식","indsSclsNm":"백반/한정식","adongCd":"11350560","adongNm":"월계1동","lnoCd":"1135010200100500001","lnoAdr":"서울특별시 노원구 월계동 50-1","rdnmAdr":"서울특별시 노원구 화랑로 323","bldMngNo":"1135010200100500001019160","flrNo":"3"}},{"type":"Feature","id":"sbiz.MA010120220813857274","geometry":{"type":"Point","coordinates":[127.063654031656,37.614903930107]},"properties":{"bizesId":"MA010120220813857274","bizesNm":"더조은요양병원장례식장","indsLclsCd":"S2","indsLclsNm":"수리·개인","indsMclsNm":"장례식장 ","indsSclsNm":"장례식장","adongCd":"11350560","adongNm":"월계1동","lnoCd":"1135010200100500001","lnoAdr":"서울특별시 노원구 월계동 50-1","rdnmAdr":"서울특별시 노원구 화랑로 323","bldMngNo":"1135010200100500001019160"}},{"type":"Feature","id":"sbiz.MA010120220803948687","geometry":{"type":"Point","coordinates":[127.063656911972,37.6182826340972]},"properties":{"bizesId":"MA010120220803948687","bizesNm":"다와자동차공업사","indsLclsCd":"S2","indsLclsNm":"수리·개인","indsMclsNm":"자동차 수리·세차","indsSclsNm":"자동차 정비소","adongCd":"11350560","adongNm":"월계1동","lnoCd":"1135010200100760009","lnoAdr":"서울특별시 노원구 월계동 76-9","rdnmAdr":"서울특별시 노원구 석계로 39","bldMngNo":"1135010200100760009019343"}},{"type":"Feature","id":"sbiz.MA010120220813490452","geometry":{"type":"Point","coordinates":[127.063688994276,37.6160571762864]},"properties":{"bizesId":"MA010120220813490452","bizesNm":"명문부동산공인중개사사무소","indsLclsCd":"L1","indsLclsNm":"부동산","indsMclsNm":"부동산 서비스","indsSclsNm":"부동산 중개/대리업","adongCd":"11350560","adongNm":"월계1동","lnoCd":"1135010200100550001","lnoAdr":"서울특별시 노원구 월계동 55-1","rdnmAdr":"서울특별시 노원구 석계로3길 20","bldMngNo":"1135010200100550001019386","flrNo":"1"}},{"type":"Feature","id":"sbiz.MA010120220811937468","geometry":{"type":"Point","coordinates":[127.063688994276,37.6160571762864]},"properties":{"bizesId":"MA010120220811937468","bizesNm":"오늘야채오늘과일","indsLclsCd":"G2","indsLclsNm":"소매","indsMclsNm":"식료품 소매","indsSclsNm":"채소/과일 소매업","adongCd":"11350560","adongNm":"월계1동","lnoCd":"1135010200100550001","lnoAdr":"서울특별시 노원구 월계동 55-1","rdnmAdr":"서울특별시 노원구 석계로3길 20","bldMngNo":"1135010200100550001019386","flrNo":"1"}},{"type":"Feature","id":"sbiz.MA010120220812105620","geometry":{"type":"Point","coordinates":[127.063700474507,37.6162373677325]},"properties":{"bizesId":"MA010120220812105620","bizesNm":"티디케이","indsLclsCd":"M1","indsLclsNm":"과학·기술","indsMclsNm":"전문 디자인","indsSclsNm":"시각 디자인업","adongCd":"11350560","adongNm":"월계1동","lnoCd":"1135010200100680070","lnoAdr":"서울특별시 노원구 월계동 68-70","rdnmAdr":"서울특별시 노원구 석계로7길 15","bldMngNo":"1135010200100680070019532","flrNo":"2"}},{"type":"Feature","id":"sbiz.MA010120220804353784","geometry":{"type":"Point","coordinates":[127.063700474507,37.6162373677325]},"properties":{"bizesId":"MA010120220804353784","bizesNm":"종합전파사","indsLclsCd":"S2","indsLclsNm":"수리·개인","indsMclsNm":"가전제품 수리","indsSclsNm":"가전제품 수리업","adongCd":"11350560","adongNm":"월계1동","lnoCd":"1135010200100680070","lnoAdr":"서울특별시 노원구 월계동 68-70","rdnmAdr":"서울특별시 노원구 석계로7길 15","bldMngNo":"1135010200100680070019532"}},{"type":"Feature","id":"sbiz.MA010120220811451886","geometry":{"type":"Point","coordinates":[127.063700474507,37.6162373677325]},"properties":{"bizesId":"MA010120220811451886","bizesNm":"실내포차","indsLclsCd":"I2","indsLclsNm":"음식","indsMclsNm":"주점","indsSclsNm":"요리 주점","adongCd":"11350560","adongNm":"월계1동","lnoCd":"1135010200100680070","lnoAdr":"서울특별시 노원구 월계동 68-70","rdnmAdr":"서울특별시 노원구 석계로7길 15","bldMngNo":"1135010200100680070019532","flrNo":"1"}},{"type":"Feature","id":"sbiz.MA010120220809980147","geometry":{"type":"Point","coordinates":[127.063733854284,37.615534578872]},"properties":{"bizesId":"MA010120220809980147","bizesNm":"제주본가석계일번지타운","indsLclsCd":"I2","indsLclsNm":"음식","indsMclsNm":"한식","indsSclsNm":"백반/한정식","adongCd":"11350560","adongNm":"월계1동","lnoCd":"1135010200100560000","lnoAdr":"서울특별시 노원구 월계동 56","rdnmAdr":"서울특별시 노원구 석계로1길 18","bldMngNo":"1135010200100560000019613"}},{"type":"Feature","id":"sbiz.MA010120220810252102","geometry":{"type":"Point","coordinates":[127.063733854284,37.615534578872]},"properties":{"bizesId":"MA010120220810252102","bizesNm":"석계독일보청기","indsLclsCd":"G2","indsLclsNm":"소매","indsMclsNm":"의약·화장품 소매","indsSclsNm":"의료기기 소매업","adongCd":"11350560","adongNm":"월계1동","lnoCd":"1135010200100560000","lnoAdr":"서울특별시 노원구 월계동 56","rdnmAdr":"서울특별시 노원구 석계로1길 18","bldMngNo":"1135010200100560000019613","flrNo":"4"}},{"type":"Feature","id":"sbiz.MA010120220803703588","geometry":{"type":"Point","coordinates":[127.063733854284,37.615534578872]},"properties":{"bizesId":"MA010120220803703588","bizesNm":"후아나","indsLclsCd":"I2","indsLclsNm":"음식","indsMclsNm":"비알코올 ","indsSclsNm":"카페","adongCd":"11350560","adongNm":"월계1동","lnoCd":"1135010200100560000","lnoAdr":"서울특별시 노원구 월계동 56","rdnmAdr":"서울특별시 노원구 석계로1길 18","bldMngNo":"1135010200100560000019613"}},{"type":"Feature","id":"sbiz.MA010120220809891833","geometry":{"type":"Point","coordinates":[127.063734008085,37.6157147764475]},"properties":{"bizesId":"MA010120220809891833","bizesNm":"호재돈까스","indsLclsCd":"I2","indsLclsNm":"음식","indsMclsNm":"서양식","indsSclsNm":"경양식","adongCd":"11350560","adongNm":"월계1동","lnoCd":"1135010200100550010","lnoAdr":"서울특별시 노원구 월계동 55-10","rdnmAdr":"서울특별시 노원구 석계로3길 15-1","bldMngNo":"1135010200100550010019815"}},{"type":"Feature","id":"sbiz.MA010120220808601273","geometry":{"type":"Point","coordinates":[127.063735892257,37.6179221962999]},"properties":{"bizesId":"MA010120220808601273","bizesNm":"이룸부동산공인중개사사무소","indsLclsCd":"L1","indsLclsNm":"부동산","indsMclsNm":"부동산 서비스","indsSclsNm":"부동산 중개/대리업","adongCd":"11350560","adongNm":"월계1동","lnoCd":"1135010200100730002","lnoAdr":"서울특별시 노원구 월계동 73-2","rdnmAdr":"서울특별시 노원구 석계로 35","bldMngNo":"1135010200100730002019705","flrNo":"1"}},{"type":"Feature","id":"sbiz.MA010120220804366278","geometry":{"type":"Point","coordinates":[127.063735892257,37.6179221962999]},"properties":{"bizesId":"MA010120220804366278","bizesNm":"레드730스튜디오","indsLclsCd":"M1","indsLclsNm":"과학·기술","indsMclsNm":"사진 촬영","indsSclsNm":"사진촬영업","adongCd":"11350560","adongNm":"월계1동","lnoCd":"1135010200100730002","lnoAdr":"서울특별시 노원구 월계동 73-2","rdnmAdr":"서울특별시 노원구 석계로 35","bldMngNo":"1135010200100730002019705","flrNo":"1"}},{"type":"Feature","id":"sbiz.MA010120220803952104","geometry":{"type":"Point","coordinates":[127.063735892257,37.6179221962999]},"properties":{"bizesId":"MA010120220803952104","bizesNm":"기와집","indsLclsCd":"I2","indsLclsNm":"음식","indsMclsNm":"한식","indsSclsNm":"백반/한정식","adongCd":"11350560","adongNm":"월계1동","lnoCd":"1135010200100730002","lnoAdr":"서울특별시 노원구 월계동 73-2","rdnmAdr":"서울특별시 노원구 석계로 35","bldMngNo":"1135010200100730002019705","flrNo":"1"}},{"type":"Feature","id":"sbiz.MA010120220800360087","geometry":{"type":"Point","coordinates":[127.063779406259,37.6158228705124]},"properties":{"bizesId":"MA010120220800360087","bizesNm":"임대광","indsLclsCd":"I2","indsLclsNm":"음식","indsMclsNm":"기타 간이","indsSclsNm":"빵/도넛","adongCd":"11350560","adongNm":"월계1동","lnoCd":"1135010200100550011","lnoAdr":"서울특별시 노원구 월계동 55-11","rdnmAdr":"서울특별시 노원구 석계로3길 15","bldMngNo":"1135010200100550011019588","bldNm":"오른쪽","flrNo":"1"}},{"type":"Feature","id":"sbiz.MA0101202301A0066624","geometry":{"type":"Point","coordinates":[127.06379201817,37.6173275139012]},"properties":{"bizesId":"MA0101202301A0066624","bizesNm":"카앤피플서울노원구","brchNm":"행복점","indsLclsCd":"S2","indsLclsNm":"수리·개인","indsMclsNm":"자동차 수리·세차","indsSclsNm":"자동차 세차장","adongCd":"11350560","adongNm":"월계1동","lnoCd":"1135010200100730016","lnoAdr":"서울특별시 노원구 월계동 73-16","rdnmAdr":"서울특별시 노원구 석계로9길 5-7","bldMngNo":"1135010200100730016019113"}},{"type":"Feature","id":"sbiz.MA010120220804352720","geometry":{"type":"Point","coordinates":[127.063802498015,37.6163364213169]},"properties":{"bizesId":"MA010120220804352720","bizesNm":"청주삼겹살","indsLclsCd":"I2","indsLclsNm":"음식","indsMclsNm":"한식","indsSclsNm":"돼지고기 구이/찜","adongCd":"11350560","adongNm":"월계1동","lnoCd":"1135010200100680069","lnoAdr":"서울특별시 노원구 월계동 68-69","rdnmAdr":"서울특별시 노원구 석계로7길 13","bldMngNo":"1135010200100680069019748","flrNo":"1"}},{"type":"Feature","id":"sbiz.MA010120220808647488","geometry":{"type":"Point","coordinates":[127.063813539672,37.6160030497091]},"properties":{"bizesId":"MA010120220808647488","bizesNm":"인정각","indsLclsCd":"I2","indsLclsNm":"음식","indsMclsNm":"중식","indsSclsNm":"중국집","adongCd":"11350560","adongNm":"월계1동","lnoCd":"1135010200100550002","lnoAdr":"서울특별시 노원구 월계동 55-2","rdnmAdr":"서울특별시 노원구 석계로3길 18","bldMngNo":"1135010200100550002019407","flrNo":"2"}},{"type":"Feature","id":"sbiz.MA010120220803032692","geometry":{"type":"Point","coordinates":[127.06384895215,37.6176788684318]},"properties":{"bizesId":"MA010120220803032692","bizesNm":"쎌커뮤니케이션","indsLclsCd":"M1","indsLclsNm":"과학·기술","indsMclsNm":"광고","indsSclsNm":"광고 대행업","adongCd":"11350560","adongNm":"월계1동","lnoCd":"1135010200100730006","lnoAdr":"서울특별시 노원구 월계동 73-6","rdnmAdr":"서울특별시 노원구 석계로 33","bldMngNo":"1135010200100730006019794","flrNo":"3"}},{"type":"Feature","id":"sbiz.MA010120220809976965","geometry":{"type":"Point","coordinates":[127.063860163317,37.617543714167]},"properties":{"bizesId":"MA010120220809976965","bizesNm":"교촌치킨석계역점","indsLclsCd":"I2","indsLclsNm":"음식","indsMclsNm":"기타 간이","indsSclsNm":"치킨","adongCd":"11350560","adongNm":"월계1동","lnoCd":"1135010200100730013","lnoAdr":"서울특별시 노원구 월계동 73-13","rdnmAdr":"서울특별시 노원구 석계로 31","bldMngNo":"1135010200100730013019735","flrNo":"1"}},{"type":"Feature","id":"sbiz.MA010120220804496791","geometry":{"type":"Point","coordinates":[127.063860163317,37.617543714167]},"properties":{"bizesId":"MA010120220804496791","bizesNm":"알뜰폰주","indsLclsCd":"G2","indsLclsNm":"소매","indsMclsNm":"가전·통신 소매","indsSclsNm":"핸드폰 소매업","adongCd":"11350560","adongNm":"월계1동","lnoCd":"1135010200100730013","lnoAdr":"서울특별시 노원구 월계동 73-13","rdnmAdr":"서울특별시 노원구 석계로 31","bldMngNo":"1135010200100730013019735","flrNo":"2"}},{"type":"Feature","id":"sbiz.MA010120220808711437","geometry":{"type":"Point","coordinates":[127.063860163317,37.617543714167]},"properties":{"bizesId":"MA010120220808711437","bizesNm":"탕수육582","indsLclsCd":"I2","indsLclsNm":"음식","indsMclsNm":"중식","indsSclsNm":"중국집","adongCd":"11350560","adongNm":"월계1동","lnoCd":"1135010200100730013","lnoAdr":"서울특별시 노원구 월계동 73-13","rdnmAdr":"서울특별시 노원구 석계로 31","bldMngNo":"1135010200100730013019735","flrNo":"1"}},{"type":"Feature","id":"sbiz.MA010120220808269801","geometry":{"type":"Point","coordinates":[127.063860163317,37.617543714167]},"properties":{"bizesId":"MA010120220808269801","bizesNm":"미가양꼬치","indsLclsCd":"I2","indsLclsNm":"음식","indsMclsNm":"중식","indsSclsNm":"중국집","adongCd":"11350560","adongNm":"월계1동","lnoCd":"1135010200100730013","lnoAdr":"서울특별시 노원구 월계동 73-13","rdnmAdr":"서울특별시 노원구 석계로 31","bldMngNo":"1135010200100730013019735","flrNo":"2"}},{"type":"Feature","id":"sbiz.MA0101202210A0083156","geometry":{"type":"Point","coordinates":[127.063881837828,37.6163994475662]},"properties":{"bizesId":"MA0101202210A0083156","bizesNm":"비스트로리베르따","indsLclsCd":"I2","indsLclsNm":"음식","indsMclsNm":"서양식","indsSclsNm":"경양식","adongCd":"11350560","adongNm":"월계1동","lnoCd":"1135010200100680068","lnoAdr":"서울특별시 노원구 월계동 68-68","rdnmAdr":"서울특별시 노원구 석계로7길 11","bldMngNo":"1135010200100680068019772","flrNo":"1"}},{"type":"Feature","id":"sbiz.MA010120220803924082","geometry":{"type":"Point","coordinates":[127.063882708866,37.6174175636429]},"properties":{"bizesId":"MA010120220803924082","bizesNm":"형제카센타","indsLclsCd":"S2","indsLclsNm":"수리·개인","indsMclsNm":"자동차 수리·세차","indsSclsNm":"자동차 정비소","adongCd":"11350560","adongNm":"월계1동","lnoCd":"1135010200100730015","lnoAdr":"서울특별시 노원구 월계동 73-15","rdnmAdr":"서울특별시 노원구 석계로 29","bldMngNo":"1135010200100730015019439"}},{"type":"Feature","id":"sbiz.MA010120220803891370","geometry":{"type":"Point","coordinates":[127.063904768542,37.6167237908842]},"properties":{"bizesId":"MA010120220803891370","bizesNm":"무명칼국수","indsLclsCd":"I2","indsLclsNm":"음식","indsMclsNm":"한식","indsSclsNm":"국수/칼국수","adongCd":"11350560","adongNm":"월계1동","lnoCd":"1135010200100680079","lnoAdr":"서울특별시 노원구 월계동 68-79","rdnmAdr":"서울특별시 노원구 석계로7길 4","bldMngNo":"1135010200100680079019489"}},{"type":"Feature","id":"sbiz.MA010120220807975183","geometry":{"type":"Point","coordinates":[127.06391510029,37.6155615104942]},"properties":{"bizesId":"MA010120220807975183","bizesNm":"뷰티","indsLclsCd":"S2","indsLclsNm":"수리·개인","indsMclsNm":"욕탕·신체관리","indsSclsNm":"마사지/안마","adongCd":"11350560","adongNm":"월계1동","lnoCd":"1135010200100550014","lnoAdr":"서울특별시 노원구 월계동 55-14","rdnmAdr":"서울특별시 노원구 석계로1길 14","bldMngNo":"1135010200100560008019734","flrNo":"6"}},{"type":"Feature","id":"sbiz.MA010120220803795983","geometry":{"type":"Point","coordinates":[127.06391510029,37.6155615104942]},"properties":{"bizesId":"MA010120220803795983","bizesNm":"하마벌떡정성담은양평가","indsLclsCd":"I2","indsLclsNm":"음식","indsMclsNm":"한식","indsSclsNm":"백반/한정식","adongCd":"11350560","adongNm":"월계1동","lnoCd":"1135010200100550014","lnoAdr":"서울특별시 노원구 월계동 55-14","rdnmAdr":"서울특별시 노원구 석계로1길 14","bldMngNo":"1135010200100560008019734","flrNo":"2"}},{"type":"Feature","id":"sbiz.MA010120220808996444","geometry":{"type":"Point","coordinates":[127.06391510029,37.6155615104942]},"properties":{"bizesId":"MA010120220808996444","bizesNm":"홀스석계점","indsLclsCd":"R1","indsLclsNm":"예술·스포츠","indsMclsNm":"유원지·오락","indsSclsNm":"기타 오락장","adongCd":"11350560","adongNm":"월계1동","lnoCd":"1135010200100550014","lnoAdr":"서울특별시 노원구 월계동 55-14","rdnmAdr":"서울특별시 노원구 석계로1길 14","bldMngNo":"1135010200100560008019734","flrNo":"7"}},{"type":"Feature","id":"sbiz.MA010120220804354368","geometry":{"type":"Point","coordinates":[127.06391510029,37.6155615104942]},"properties":{"bizesId":"MA010120220804354368","bizesNm":"와라와라석계역점","indsLclsCd":"I2","indsLclsNm":"음식","indsMclsNm":"주점","indsSclsNm":"생맥주 전문","adongCd":"11350560","adongNm":"월계1동","lnoCd":"1135010200100550014","lnoAdr":"서울특별시 노원구 월계동 55-14","rdnmAdr":"서울특별시 노원구 석계로1길 14","bldMngNo":"1135010200100560008019734","bldNm":"엔터빌딩","flrNo":"3"}},{"type":"Feature","id":"sbiz.MA010120220804359574","geometry":{"type":"Point","coordinates":[127.063916588747,37.6173004168536]},"properties":{"bizesId":"MA010120220804359574","bizesNm":"경노이발관","indsLclsCd":"S2","indsLclsNm":"수리·개인","indsMclsNm":"이용·미용","indsSclsNm":"미용실","adongCd":"11350560","adongNm":"월계1동","lnoCd":"1135010200100730017","lnoAdr":"서울특별시 노원구 월계동 73-17","rdnmAdr":"서울특별시 노원구 석계로 27","bldMngNo":"1135010200100730017019783"}},{"type":"Feature","id":"sbiz.MA010120220812042760","geometry":{"type":"Point","coordinates":[127.063926750683,37.6159399192581]},"properties":{"bizesId":"MA010120220812042760","bizesNm":"킹카노래연습장","indsLclsCd":"R1","indsLclsNm":"예술·스포츠","indsMclsNm":"유원지·오락","indsSclsNm":"노래방","adongCd":"11350560","adongNm":"월계1동","lnoCd":"1135010200100550003","lnoAdr":"서울특별시 노원구 월계동 55-3","rdnmAdr":"서울특별시 노원구 석계로3길 16","bldMngNo":"1135010200100550003019710","flrNo":"지"}},{"type":"Feature","id":"sbiz.MA010120220808807803","geometry":{"type":"Point","coordinates":[127.063938586355,37.6165345650568]},"properties":{"bizesId":"MA010120220808807803","bizesNm":"세진열쇠","indsLclsCd":"G2","indsLclsNm":"소매","indsMclsNm":"철물·건설자재 소매","indsSclsNm":"철물/공구 소매업","adongCd":"11350560","adongNm":"월계1동","lnoCd":"1135010200100680064","lnoAdr":"서울특별시 노원구 월계동 68-64","rdnmAdr":"서울특별시 노원구 석계로7길 7","bldMngNo":"1135010200100680064019508","flrNo":"1"}},{"type":"Feature","id":"sbiz.MA010120220805890475","geometry":{"type":"Point","coordinates":[127.063938586355,37.6165345650568]},"properties":{"bizesId":"MA010120220805890475","bizesNm":"소문난순대국밥","indsLclsCd":"I2","indsLclsNm":"음식","indsMclsNm":"한식","indsSclsNm":"백반/한정식","adongCd":"11350560","adongNm":"월계1동","lnoCd":"1135010200100680064","lnoAdr":"서울특별시 노원구 월계동 68-64","rdnmAdr":"서울특별시 노원구 석계로7길 7","bldMngNo":"1135010200100680064019508"}},{"type":"Feature","id":"sbiz.MA010120220804356203","geometry":{"type":"Point","coordinates":[127.06394923391,37.6157416896595]},"properties":{"bizesId":"MA010120220804356203","bizesNm":"어반","indsLclsCd":"I2","indsLclsNm":"음식","indsMclsNm":"한식","indsSclsNm":"백반/한정식","adongCd":"11350560","adongNm":"월계1동","lnoCd":"1135010200100550013","lnoAdr":"서울특별시 노원구 월계동 55-13","rdnmAdr":"서울특별시 노원구 석계로3길 11","bldMngNo":"1135010200100550013019594","flrNo":"2"}},{"type":"Feature","id":"sbiz.MA010120220813988761","geometry":{"type":"Point","coordinates":[127.06394923391,37.6157416896595]},"properties":{"bizesId":"MA010120220813988761","bizesNm":"석계공인중개사사무소","indsLclsCd":"L1","indsLclsNm":"부동산","indsMclsNm":"부동산 서비스","indsSclsNm":"부동산 중개/대리업","adongCd":"11350560","adongNm":"월계1동","lnoCd":"1135010200100550013","lnoAdr":"서울특별시 노원구 월계동 55-13","rdnmAdr":"서울특별시 노원구 석계로3길 11","bldMngNo":"1135010200100550013019594","bldNm":"좌측","flrNo":"1"}},{"type":"Feature","id":"sbiz.MA010120220813815118","geometry":{"type":"Point","coordinates":[127.064039173361,37.614957781036]},"properties":{"bizesId":"MA010120220813815118","bizesNm":"커피나무","indsLclsCd":"I2","indsLclsNm":"음식","indsMclsNm":"비알코올 ","indsSclsNm":"카페","adongCd":"11350560","adongNm":"월계1동","lnoCd":"1135010200100500029","lnoAdr":"서울특별시 노원구 월계동 50-29","rdnmAdr":"서울특별시 노원구 화랑로 325","bldMngNo":"1135010200100500029019708","flrNo":"1"}},{"type":"Feature","id":"sbiz.MA010120220809798117","geometry":{"type":"Point","coordinates":[127.064039173361,37.614957781036]},"properties":{"bizesId":"MA010120220809798117","bizesNm":"제이더블유컨벤션","indsLclsCd":"S2","indsLclsNm":"수리·개인","indsMclsNm":"기타 개인","indsSclsNm":"예식장업","adongCd":"11350560","adongNm":"월계1동","lnoCd":"1135010200100500029","lnoAdr":"서울특별시 노원구 월계동 50-29","rdnmAdr":"서울특별시 노원구 화랑로 325","bldMngNo":"1135010200100500029019708","bldNm":"우현빌딩","flrNo":"6"}},{"type":"Feature","id":"sbiz.MA010120220803949700","geometry":{"type":"Point","coordinates":[127.064039173361,37.614957781036]},"properties":{"bizesId":"MA010120220803949700","bizesNm":"롯데리아석계점","indsLclsCd":"I2","indsLclsNm":"음식","indsMclsNm":"기타 간이","indsSclsNm":"버거","adongCd":"11350560","adongNm":"월계1동","lnoCd":"1135010200100500029","lnoAdr":"서울특별시 노원구 월계동 50-29","rdnmAdr":"서울특별시 노원구 화랑로 325","bldMngNo":"1135010200100500029019708","bldNm":"우현빌딩","flrNo":"1"}},{"type":"Feature","id":"sbiz.MA010120220804861859","geometry":{"type":"Point","coordinates":[127.064039173361,37.614957781036]},"properties":{"bizesId":"MA010120220804861859","bizesNm":"문에스테틱","indsLclsCd":"G2","indsLclsNm":"소매","indsMclsNm":"의약·화장품 소매","indsSclsNm":"화장품 소매업","adongCd":"11350560","adongNm":"월계1동","lnoCd":"1135010200100500029","lnoAdr":"서울특별시 노원구 월계동 50-29","rdnmAdr":"서울특별시 노원구 화랑로 325","bldMngNo":"1135010200100500029019708","bldNm":"우현빌딩","flrNo":"3"}},{"type":"Feature","id":"sbiz.MA010120220800838575","geometry":{"type":"Point","coordinates":[127.064039173361,37.614957781036]},"properties":{"bizesId":"MA010120220800838575","bizesNm":"현정누리","indsLclsCd":"S2","indsLclsNm":"수리·개인","indsMclsNm":"욕탕·신체관리","indsSclsNm":"목욕탕/사우나","adongCd":"11350560","adongNm":"월계1동","lnoCd":"1135010200100500029","lnoAdr":"서울특별시 노원구 월계동 50-29","rdnmAdr":"서울특별시 노원구 화랑로 325","bldMngNo":"1135010200100500029019708","bldNm":"우현빌딩","flrNo":"5"}},{"type":"Feature","id":"sbiz.MA010120220804369285","geometry":{"type":"Point","coordinates":[127.064039173361,37.614957781036]},"properties":{"bizesId":"MA010120220804369285","bizesNm":"세화소아청소년과의원","indsLclsCd":"G2","indsLclsNm":"소매","indsMclsNm":"식료품 소매","indsSclsNm":"건강보조식품 소매업","adongCd":"11350560","adongNm":"월계1동","lnoCd":"1135010200100500029","lnoAdr":"서울특별시 노원구 월계동 50-29","rdnmAdr":"서울특별시 노원구 화랑로 325","bldMngNo":"1135010200100500029019708","bldNm":"우현빌딩","flrNo":"2"}},{"type":"Feature","id":"sbiz.MA010120220803107295","geometry":{"type":"Point","coordinates":[127.064039173361,37.614957781036]},"properties":{"bizesId":"MA010120220803107295","bizesNm":"연세아이빛안과의원","indsLclsCd":"Q1","indsLclsNm":"보건의료","indsMclsNm":"의원","indsSclsNm":"안과 의원","adongCd":"11350560","adongNm":"월계1동","lnoCd":"1135010200100500029","lnoAdr":"서울특별시 노원구 월계동 50-29","rdnmAdr":"서울특별시 노원구 화랑로 325","bldMngNo":"1135010200100500029019708","bldNm":"우현빌딩","flrNo":"1"}},{"type":"Feature","id":"sbiz.MA010120220812694752","geometry":{"type":"Point","coordinates":[127.064039173361,37.614957781036]},"properties":{"bizesId":"MA010120220812694752","bizesNm":"블랙홀볼링센터","indsLclsCd":"R1","indsLclsNm":"예술·스포츠","indsMclsNm":"스포츠 서비스","indsSclsNm":"볼링장","adongCd":"11350560","adongNm":"월계1동","lnoCd":"1135010200100500029","lnoAdr":"서울특별시 노원구 월계동 50-29","rdnmAdr":"서울특별시 노원구 화랑로 325","bldMngNo":"1135010200100500029019708","bldNm":"우현빌딩","flrNo":"4"}},{"type":"Feature","id":"sbiz.MA010120220812325068","geometry":{"type":"Point","coordinates":[127.064039173361,37.614957781036]},"properties":{"bizesId":"MA010120220812325068","bizesNm":"부르스타짐","indsLclsCd":"R1","indsLclsNm":"예술·스포츠","indsMclsNm":"스포츠 서비스","indsSclsNm":"헬스장","adongCd":"11350560","adongNm":"월계1동","lnoCd":"1135010200100500029","lnoAdr":"서울특별시 노원구 월계동 50-29","rdnmAdr":"서울특별시 노원구 화랑로 325","bldMngNo":"1135010200100500029019708","bldNm":"우현빌딩","flrNo":"5"}},{"type":"Feature","id":"sbiz.MA010120220804369091","geometry":{"type":"Point","coordinates":[127.064039173361,37.614957781036]},"properties":{"bizesId":"MA010120220804369091","bizesNm":"문피부비뇨기과의원","indsLclsCd":"Q1","indsLclsNm":"보건의료","indsMclsNm":"의원","indsSclsNm":"피부/비뇨기과 의원","adongCd":"11350560","adongNm":"월계1동","lnoCd":"1135010200100500029","lnoAdr":"서울특별시 노원구 월계동 50-29","rdnmAdr":"서울특별시 노원구 화랑로 325","bldMngNo":"1135010200100500029019708","bldNm":"우현빌딩","flrNo":"3"}},{"type":"Feature","id":"sbiz.MA010120220804359718","geometry":{"type":"Point","coordinates":[127.064051890809,37.616579553019]},"properties":{"bizesId":"MA010120220804359718","bizesNm":"저팔계","indsLclsCd":"I2","indsLclsNm":"음식","indsMclsNm":"한식","indsSclsNm":"백반/한정식","adongCd":"11350560","adongNm":"월계1동","lnoCd":"1135010200100680063","lnoAdr":"서울특별시 노원구 월계동 68-63","rdnmAdr":"서울특별시 노원구 석계로7길 5","bldMngNo":"1135010200100680063019505"}},{"type":"Feature","id":"sbiz.MA010120220804367411","geometry":{"type":"Point","coordinates":[127.064107897183,37.6158497221637]},"properties":{"bizesId":"MA010120220804367411","bizesNm":"팝콘노래연습장","indsLclsCd":"R1","indsLclsNm":"예술·스포츠","indsMclsNm":"유원지·오락","indsSclsNm":"노래방","adongCd":"11350560","adongNm":"월계1동","lnoCd":"1135010200100580006","lnoAdr":"서울특별시 노원구 월계동 58-6","rdnmAdr":"서울특별시 노원구 석계로3길 10","bldMngNo":"1135010200100580006019578"}},{"type":"Feature","id":"sbiz.MA010120220804343220","geometry":{"type":"Point","coordinates":[127.064107897183,37.6158497221637]},"properties":{"bizesId":"MA010120220804343220","bizesNm":"민안경원","indsLclsCd":"G2","indsLclsNm":"소매","indsMclsNm":"안경·정밀기기 소매","indsSclsNm":"안경렌즈 소매업","adongCd":"11350560","adongNm":"월계1동","lnoCd":"1135010200100580006","lnoAdr":"서울특별시 노원구 월계동 58-6","rdnmAdr":"서울특별시 노원구 석계로3길 10","bldMngNo":"1135010200100580006019578"}},{"type":"Feature","id":"sbiz.MA010120220804366921","geometry":{"type":"Point","coordinates":[127.064107897183,37.6158497221637]},"properties":{"bizesId":"MA010120220804366921","bizesNm":"까까머리","indsLclsCd":"S2","indsLclsNm":"수리·개인","indsMclsNm":"이용·미용","indsSclsNm":"미용실","adongCd":"11350560","adongNm":"월계1동","lnoCd":"1135010200100580006","lnoAdr":"서울특별시 노원구 월계동 58-6","rdnmAdr":"서울특별시 노원구 석계로3길 10","bldMngNo":"1135010200100580006019578","flrNo":"1"}},{"type":"Feature","id":"sbiz.MA010120220800012733","geometry":{"type":"Point","coordinates":[127.064119037983,37.6156334789253]},"properties":{"bizesId":"MA010120220800012733","bizesNm":"둘둘치킨","indsLclsCd":"I2","indsLclsNm":"음식","indsMclsNm":"기타 간이","indsSclsNm":"치킨","adongCd":"11350560","adongNm":"월계1동","lnoCd":"1135010200100580002","lnoAdr":"서울특별시 노원구 월계동 58-2","rdnmAdr":"서울특별시 노원구 석계로1길 10","bldMngNo":"1135010200100580002019598","bldNm":"가운데","flrNo":"1"}},{"type":"Feature","id":"sbiz.MA010120220806963495","geometry":{"type":"Point","coordinates":[127.064119037983,37.6156334789253]},"properties":{"bizesId":"MA010120220806963495","bizesNm":"빈대주막","indsLclsCd":"I2","indsLclsNm":"음식","indsMclsNm":"주점","indsSclsNm":"요리 주점","adongCd":"11350560","adongNm":"월계1동","lnoCd":"1135010200100580002","lnoAdr":"서울특별시 노원구 월계동 58-2","rdnmAdr":"서울특별시 노원구 석계로1길 10","bldMngNo":"1135010200100580002019598","bldNm":"우측점포","flrNo":"1"}},{"type":"Feature","id":"sbiz.MA010120220814092380","geometry":{"type":"Point","coordinates":[127.064119037983,37.6156334789253]},"properties":{"bizesId":"MA010120220814092380","bizesNm":"투썸플레이스석계역점","indsLclsCd":"I2","indsLclsNm":"음식","indsMclsNm":"비알코올 ","indsSclsNm":"카페","adongCd":"11350560","adongNm":"월계1동","lnoCd":"1135010200100580002","lnoAdr":"서울특별시 노원구 월계동 58-2","rdnmAdr":"서울특별시 노원구 석계로1길 10","bldMngNo":"1135010200100580002019598","flrNo":"2"}},{"type":"Feature","id":"sbiz.MA010120220804355598","geometry":{"type":"Point","coordinates":[127.064119037983,37.6156334789253]},"properties":{"bizesId":"MA010120220804355598","bizesNm":"베스킨라빈스31아이스크림","indsLclsCd":"I2","indsLclsNm":"음식","indsMclsNm":"기타 간이","indsSclsNm":"아이스크림/빙수","adongCd":"11350560","adongNm":"월계1동","lnoCd":"1135010200100580002","lnoAdr":"서울특별시 노원구 월계동 58-2","rdnmAdr":"서울특별시 노원구 석계로1길 10","bldMngNo":"1135010200100580002019598"}},{"type":"Feature","id":"sbiz.MA010120220805415051","geometry":{"type":"Point","coordinates":[127.064119037983,37.6156334789253]},"properties":{"bizesId":"MA010120220805415051","bizesNm":"오사카부루스석계점","indsLclsCd":"I2","indsLclsNm":"음식","indsMclsNm":"주점","indsSclsNm":"요리 주점","adongCd":"11350560","adongNm":"월계1동","lnoCd":"1135010200100580002","lnoAdr":"서울특별시 노원구 월계동 58-2","rdnmAdr":"서울특별시 노원구 석계로1길 10","bldMngNo":"1135010200100580002019598","flrNo":"3"}},{"type":"Feature","id":"sbiz.MA010120220803594096","geometry":{"type":"Point","coordinates":[127.064119927704,37.616669614884]},"properties":{"bizesId":"MA010120220803594096","bizesNm":"석계3층집","indsLclsCd":"I2","indsLclsNm":"음식","indsMclsNm":"한식","indsSclsNm":"백반/한정식","adongCd":"11350560","adongNm":"월계1동","lnoCd":"1135010200100680020","lnoAdr":"서울특별시 노원구 월계동 68-20","rdnmAdr":"서울특별시 노원구 석계로 21","bldMngNo":"1135010200100680020019494","flrNo":"3"}},{"type":"Feature","id":"sbiz.MA010120220804350646","geometry":{"type":"Point","coordinates":[127.064119927704,37.616669614884]},"properties":{"bizesId":"MA010120220804350646","bizesNm":"이참치","indsLclsCd":"I2","indsLclsNm":"음식","indsMclsNm":"일식","indsSclsNm":"일식 회/초밥","adongCd":"11350560","adongNm":"월계1동","lnoCd":"1135010200100680020","lnoAdr":"서울특별시 노원구 월계동 68-20","rdnmAdr":"서울특별시 노원구 석계로 21","bldMngNo":"1135010200100680020019494","bldNm":"전체","flrNo":"2"}},{"type":"Feature","id":"sbiz.MA010120220813848128","geometry":{"type":"Point","coordinates":[127.064119927704,37.616669614884]},"properties":{"bizesId":"MA010120220813848128","bizesNm":"오디션노래방","indsLclsCd":"R1","indsLclsNm":"예술·스포츠","indsMclsNm":"유원지·오락","indsSclsNm":"노래방","adongCd":"11350560","adongNm":"월계1동","lnoCd":"1135010200100680020","lnoAdr":"서울특별시 노원구 월계동 68-20","rdnmAdr":"서울특별시 노원구 석계로 21","bldMngNo":"1135010200100680020019494","flrNo":"지"}},{"type":"Feature","id":"sbiz.MA010120220811500379","geometry":{"type":"Point","coordinates":[127.064142441594,37.6165074247829]},"properties":{"bizesId":"MA010120220811500379","bizesNm":"우리집","indsLclsCd":"I2","indsLclsNm":"음식","indsMclsNm":"한식","indsSclsNm":"돼지고기 구이/찜","adongCd":"11350560","adongNm":"월계1동","lnoCd":"1135010200100680066","lnoAdr":"서울특별시 노원구 월계동 68-66","rdnmAdr":"서울특별시 노원구 석계로 19","bldMngNo":"1135010200100680066019510","flrNo":"1"}},{"type":"Feature","id":"sbiz.MA010120220803371273","geometry":{"type":"Point","coordinates":[127.064188778023,37.6177057137129]},"properties":{"bizesId":"MA010120220803371273","bizesNm":"유진벽지","indsLclsCd":"G2","indsLclsNm":"소매","indsMclsNm":"철물·건설자재 소매","indsSclsNm":"벽지/장판/마루 소매업","adongCd":"11350560","adongNm":"월계1동","lnoCd":"1135010200100660002","lnoAdr":"서울특별시 노원구 월계동 66-2","rdnmAdr":"서울특별시 노원구 석계로 34","bldMngNo":"1135010200100660002019356","flrNo":"1"}},{"type":"Feature","id":"sbiz.MA010120220803948245","geometry":{"type":"Point","coordinates":[127.064188778023,37.6177057137129]},"properties":{"bizesId":"MA010120220803948245","bizesNm":"르노자동차서비스코너월계점","brchNm":"코리아","indsLclsCd":"S2","indsLclsNm":"수리·개인","indsMclsNm":"자동차 수리·세차","indsSclsNm":"자동차 정비소","adongCd":"11350560","adongNm":"월계1동","lnoCd":"1135010200100660002","lnoAdr":"서울특별시 노원구 월계동 66-2","rdnmAdr":"서울특별시 노원구 석계로 34","bldMngNo":"1135010200100660002019356"}},{"type":"Feature","id":"sbiz.MA0101202211A0036718","geometry":{"type":"Point","coordinates":[127.064300703324,37.6161469433806]},"properties":{"bizesId":"MA0101202211A0036718","bizesNm":"인생꼬치479","indsLclsCd":"I2","indsLclsNm":"음식","indsMclsNm":"주점","indsSclsNm":"생맥주 전문","adongCd":"11350560","adongNm":"월계1동","lnoCd":"1135010200100640018","lnoAdr":"서울특별시 노원구 월계동 64-18","rdnmAdr":"서울특별시 노원구 석계로 15","bldMngNo":"1135010200100640018019194","flrNo":"2"}},{"type":"Feature","id":"sbiz.MA010120220805132456","geometry":{"type":"Point","coordinates":[127.064300703324,37.6161469433806]},"properties":{"bizesId":"MA010120220805132456","bizesNm":"야놀자노래연습장","indsLclsCd":"R1","indsLclsNm":"예술·스포츠","indsMclsNm":"유원지·오락","indsSclsNm":"노래방","adongCd":"11350560","adongNm":"월계1동","lnoCd":"1135010200100640018","lnoAdr":"서울특별시 노원구 월계동 64-18","rdnmAdr":"서울특별시 노원구 석계로 15","bldMngNo":"1135010200100640018019194","flrNo":"지"}},{"type":"Feature","id":"sbiz.MA010120220810379744","geometry":{"type":"Point","coordinates":[127.064300703324,37.6161469433806]},"properties":{"bizesId":"MA010120220810379744","bizesNm":"캡틴페퍼스","indsLclsCd":"I2","indsLclsNm":"음식","indsMclsNm":"기타 간이","indsSclsNm":"치킨","adongCd":"11350560","adongNm":"월계1동","lnoCd":"1135010200100640018","lnoAdr":"서울특별시 노원구 월계동 64-18","rdnmAdr":"서울특별시 노원구 석계로 15","bldMngNo":"1135010200100640018019194","flrNo":"2"}},{"type":"Feature","id":"sbiz.MA010120220804530251","geometry":{"type":"Point","coordinates":[127.064323278756,37.6160568322556]},"properties":{"bizesId":"MA010120220804530251","bizesNm":"오감닭도리탕","indsLclsCd":"I2","indsLclsNm":"음식","indsMclsNm":"한식","indsSclsNm":"돼지고기 구이/찜","adongCd":"11350560","adongNm":"월계1동","lnoCd":"1135010200100630005","lnoAdr":"서울특별시 노원구 월계동 63-5","rdnmAdr":"서울특별시 노원구 석계로 13","bldMngNo":"1135010200100630005019392"}},{"type":"Feature","id":"sbiz.MA0101202301A0054902","geometry":{"type":"Point","coordinates":[127.064323278756,37.6160568322556]},"properties":{"bizesId":"MA0101202301A0054902","bizesNm":"포레스트키친","indsLclsCd":"I2","indsLclsNm":"음식","indsMclsNm":"한식","indsSclsNm":"돼지고기 구이/찜","adongCd":"11350560","adongNm":"월계1동","lnoCd":"1135010200100630005","lnoAdr":"서울특별시 노원구 월계동 63-5","rdnmAdr":"서울특별시 노원구 석계로 13","bldMngNo":"1135010200100630005019392","flrNo":"지"}},{"type":"Feature","id":"sbiz.MA010120220800370480","geometry":{"type":"Point","coordinates":[127.064323278756,37.6160568322556]},"properties":{"bizesId":"MA010120220800370480","bizesNm":"연어시장","indsLclsCd":"I2","indsLclsNm":"음식","indsMclsNm":"한식","indsSclsNm":"횟집","adongCd":"11350560","adongNm":"월계1동","lnoCd":"1135010200100630005","lnoAdr":"서울특별시 노원구 월계동 63-5","rdnmAdr":"서울특별시 노원구 석계로 13","bldMngNo":"1135010200100630005019392","flrNo":"1"}},{"type":"Feature","id":"sbiz.MA010120220813913473","geometry":{"type":"Point","coordinates":[127.064334178324,37.6155612827699]},"properties":{"bizesId":"MA010120220813913473","bizesNm":"네이처컬렉션석계점","indsLclsCd":"G2","indsLclsNm":"소매","indsMclsNm":"의약·화장품 소매","indsSclsNm":"화장품 소매업","adongCd":"11350560","adongNm":"월계1동","lnoCd":"1135010200100470003","lnoAdr":"서울특별시 노원구 월계동 47-3","rdnmAdr":"서울특별시 노원구 석계로3길 3","bldMngNo":"1135010200100470003019609","flrNo":"1"}},{"type":"Feature","id":"sbiz.MA010120220804360019","geometry":{"type":"Point","coordinates":[127.064334178324,37.6155612827699]},"properties":{"bizesId":"MA010120220804360019","bizesNm":"골드리","indsLclsCd":"G2","indsLclsNm":"소매","indsMclsNm":"시계·귀금속 소매","indsSclsNm":"시계/귀금속 소매업","adongCd":"11350560","adongNm":"월계1동","lnoCd":"1135010200100470003","lnoAdr":"서울특별시 노원구 월계동 47-3","rdnmAdr":"서울특별시 노원구 석계로3길 3","bldMngNo":"1135010200100470003019609","bldNm":"월계동","flrNo":"1"}},{"type":"Feature","id":"sbiz.MA010120220814080910","geometry":{"type":"Point","coordinates":[127.064334178324,37.6155612827699]},"properties":{"bizesId":"MA010120220814080910","bizesNm":"보그헤어석계역점","indsLclsCd":"S2","indsLclsNm":"수리·개인","indsMclsNm":"이용·미용","indsSclsNm":"미용실","adongCd":"11350560","adongNm":"월계1동","lnoCd":"1135010200100470003","lnoAdr":"서울특별시 노원구 월계동 47-3","rdnmAdr":"서울특별시 노원구 석계로3길 3","bldMngNo":"1135010200100470003019609","bldNm":"한주빌딩","flrNo":"3"}},{"type":"Feature","id":"sbiz.MA010120220804370627","geometry":{"type":"Point","coordinates":[127.064334178324,37.6155612827699]},"properties":{"bizesId":"MA010120220804370627","bizesNm":"글라스타안경콘택트석계역점","indsLclsCd":"G2","indsLclsNm":"소매","indsMclsNm":"안경·정밀기기 소매","indsSclsNm":"안경렌즈 소매업","adongCd":"11350560","adongNm":"월계1동","lnoCd":"1135010200100470003","lnoAdr":"서울특별시 노원구 월계동 47-3","rdnmAdr":"서울특별시 노원구 석계로3길 3","bldMngNo":"1135010200100470003019609","bldNm":"월계동한주빌딩","flrNo":"1"}},{"type":"Feature","id":"sbiz.MA010120220804361206","geometry":{"type":"Point","coordinates":[127.064334178324,37.6155612827699]},"properties":{"bizesId":"MA010120220804361206","bizesNm":"락노래연습장","indsLclsCd":"R1","indsLclsNm":"예술·스포츠","indsMclsNm":"유원지·오락","indsSclsNm":"노래방","adongCd":"11350560","adongNm":"월계1동","lnoCd":"1135010200100470003","lnoAdr":"서울특별시 노원구 월계동 47-3","rdnmAdr":"서울특별시 노원구 석계로3길 3","bldMngNo":"1135010200100470003019609"}},{"type":"Feature","id":"sbiz.MA010120220804347407","geometry":{"type":"Point","coordinates":[127.064368491589,37.6159486890145]},"properties":{"bizesId":"MA010120220804347407","bizesNm":"본죽&비빔밥석계역점","indsLclsCd":"I2","indsLclsNm":"음식","indsMclsNm":"한식","indsSclsNm":"백반/한정식","adongCd":"11350560","adongNm":"월계1동","lnoCd":"1135010200100630009","lnoAdr":"서울특별시 노원구 월계동 63-9","rdnmAdr":"서울특별시 노원구 석계로 11-1","bldMngNo":"1135010200100630009019424","flrNo":"1"}},{"type":"Feature","id":"sbiz.MA010120220804363562","geometry":{"type":"Point","coordinates":[127.064380649284,37.6169127397206]},"properties":{"bizesId":"MA010120220804363562","bizesNm":"지에스25월계석계역","indsLclsCd":"G2","indsLclsNm":"소매","indsMclsNm":"종합 소매","indsSclsNm":"편의점","adongCd":"11350560","adongNm":"월계1동","lnoCd":"1135010200100660004","lnoAdr":"서울특별시 노원구 월계동 66-4","rdnmAdr":"서울특별시 노원구 석계로 22","bldMngNo":"1135010200100660004000001","flrNo":"1"}},{"type":"Feature","id":"sbiz.MA0101202302A0036121","geometry":{"type":"Point","coordinates":[127.064402377816,37.6158405519361]},"properties":{"bizesId":"MA0101202302A0036121","bizesNm":"춘천집닭갈비","indsLclsCd":"I2","indsLclsNm":"음식","indsMclsNm":"한식","indsSclsNm":"닭/오리고기 구이/찜","adongCd":"11350560","adongNm":"월계1동","lnoCd":"1135010200100620003","lnoAdr":"서울특별시 노원구 월계동 62-3","rdnmAdr":"서울특별시 노원구 석계로 11","bldMngNo":"1135010200100620003019587","flrNo":"1"}},{"type":"Feature","id":"sbiz.MA010120220804941347","geometry":{"type":"Point","coordinates":[127.064402377816,37.6158405519361]},"properties":{"bizesId":"MA010120220804941347","bizesNm":"짱노래연습장","indsLclsCd":"R1","indsLclsNm":"예술·스포츠","indsMclsNm":"유원지·오락","indsSclsNm":"노래방","adongCd":"11350560","adongNm":"월계1동","lnoCd":"1135010200100620003","lnoAdr":"서울특별시 노원구 월계동 62-3","rdnmAdr":"서울특별시 노원구 석계로 11","bldMngNo":"1135010200100620003019587"}},{"type":"Feature","id":"sbiz.MA010120220804371456","geometry":{"type":"Point","coordinates":[127.064402377816,37.6158405519361]},"properties":{"bizesId":"MA010120220804371456","bizesNm":"선수의생선집","indsLclsCd":"I2","indsLclsNm":"음식","indsMclsNm":"주점","indsSclsNm":"요리 주점","adongCd":"11350560","adongNm":"월계1동","lnoCd":"1135010200100620003","lnoAdr":"서울특별시 노원구 월계동 62-3","rdnmAdr":"서울특별시 노원구 석계로 11","bldMngNo":"1135010200100620003019587","flrNo":"2"}},{"type":"Feature","id":"sbiz.MA010120220800075047","geometry":{"type":"Point","coordinates":[127.06443622507,37.6156873654536]},"properties":{"bizesId":"MA010120220800075047","bizesNm":"통큰형제들","indsLclsCd":"G2","indsLclsNm":"소매","indsMclsNm":"가전·통신 소매","indsSclsNm":"핸드폰 소매업","adongCd":"11350560","adongNm":"월계1동","lnoCd":"1135010200100590003","lnoAdr":"서울특별시 노원구 월계동 59-3","rdnmAdr":"서울특별시 노원구 석계로 9","bldMngNo":"1135010200100590003019709","bldNm":"엘지유플러스","flrNo":"1"}},{"type":"Feature","id":"sbiz.MA010120220807277097","geometry":{"type":"Point","coordinates":[127.06443622507,37.6156873654536]},"properties":{"bizesId":"MA010120220807277097","bizesNm":"세븐일레븐석계점","indsLclsCd":"G2","indsLclsNm":"소매","indsMclsNm":"종합 소매","indsSclsNm":"편의점","adongCd":"11350560","adongNm":"월계1동","lnoCd":"1135010200100590003","lnoAdr":"서울특별시 노원구 월계동 59-3","rdnmAdr":"서울특별시 노원구 석계로 9","bldMngNo":"1135010200100590003019709","flrNo":"1"}},{"type":"Feature","id":"sbiz.MA010120220812891686","geometry":{"type":"Point","coordinates":[127.06443622507,37.6156873654536]},"properties":{"bizesId":"MA010120220812891686","bizesNm":"세븐석계점","brchNm":"코리아","indsLclsCd":"G2","indsLclsNm":"소매","indsMclsNm":"종합 소매","indsSclsNm":"편의점","adongCd":"11350560","adongNm":"월계1동","lnoCd":"1135010200100590003","lnoAdr":"서울특별시 노원구 월계동 59-3","rdnmAdr":"서울특별시 노원구 석계로 9","bldMngNo":"1135010200100590003019709","bldNm":"선호빌딩","flrNo":"1"}},{"type":"Feature","id":"sbiz.MA010120220804350695","geometry":{"type":"Point","coordinates":[127.06443622507,37.6156873654536]},"properties":{"bizesId":"MA010120220804350695","bizesNm":"심포니노래연습장","indsLclsCd":"R1","indsLclsNm":"예술·스포츠","indsMclsNm":"유원지·오락","indsSclsNm":"노래방","adongCd":"11350560","adongNm":"월계1동","lnoCd":"1135010200100590003","lnoAdr":"서울특별시 노원구 월계동 59-3","rdnmAdr":"서울특별시 노원구 석계로 9","bldMngNo":"1135010200100590003019709","bldNm":"선호빌딩","flrNo":"4"}},{"type":"Feature","id":"sbiz.MA010120220805805658","geometry":{"type":"Point","coordinates":[127.06443622507,37.6156873654536]},"properties":{"bizesId":"MA010120220805805658","bizesNm":"다이소석계역점","indsLclsCd":"G2","indsLclsNm":"소매","indsMclsNm":"종합 소매","indsSclsNm":"그 외 기타 종합 소매업","adongCd":"11350560","adongNm":"월계1동","lnoCd":"1135010200100590003","lnoAdr":"서울특별시 노원구 월계동 59-3","rdnmAdr":"서울특별시 노원구 석계로 9","bldMngNo":"1135010200100590003019709","bldNm":"선호빌딩","flrNo":"1"}},{"type":"Feature","id":"sbiz.MA010120220804347467","geometry":{"type":"Point","coordinates":[127.06443622507,37.6156873654536]},"properties":{"bizesId":"MA010120220804347467","bizesNm":"성문의원","indsLclsCd":"G2","indsLclsNm":"소매","indsMclsNm":"식료품 소매","indsSclsNm":"건강보조식품 소매업","adongCd":"11350560","adongNm":"월계1동","lnoCd":"1135010200100590003","lnoAdr":"서울특별시 노원구 월계동 59-3","rdnmAdr":"서울특별시 노원구 석계로 9","bldMngNo":"1135010200100590003019709"}},{"type":"Feature","id":"sbiz.MA010120220801637113","geometry":{"type":"Point","coordinates":[127.064448196956,37.6164351791409]},"properties":{"bizesId":"MA010120220801637113","bizesNm":"대명왕십리곱창","indsLclsCd":"I2","indsLclsNm":"음식","indsMclsNm":"한식","indsSclsNm":"곱창 전골/구이","adongCd":"11350560","adongNm":"월계1동","lnoCd":"1135010200100640009","lnoAdr":"서울특별시 노원구 월계동 64-9","rdnmAdr":"서울특별시 노원구 석계로 18","bldMngNo":"1135010200100640009019522","flrNo":"1"}},{"type":"Feature","id":"sbiz.MA010120220813072228","geometry":{"type":"Point","coordinates":[127.064448196956,37.6164351791409]},"properties":{"bizesId":"MA010120220813072228","bizesNm":"더스시쟁이","indsLclsCd":"I2","indsLclsNm":"음식","indsMclsNm":"일식","indsSclsNm":"일식 회/초밥","adongCd":"11350560","adongNm":"월계1동","lnoCd":"1135010200100640009","lnoAdr":"서울특별시 노원구 월계동 64-9","rdnmAdr":"서울특별시 노원구 석계로 18","bldMngNo":"1135010200100640009019522","flrNo":"1"}},{"type":"Feature","id":"sbiz.MA010120220809692994","geometry":{"type":"Point","coordinates":[127.064504705253,37.6162909901577]},"properties":{"bizesId":"MA010120220809692994","bizesNm":"불스떡볶이석계점","indsLclsCd":"I2","indsLclsNm":"음식","indsMclsNm":"기타 간이","indsSclsNm":"김밥/만두/분식","adongCd":"11350560","adongNm":"월계1동","lnoCd":"1135010200100640010","lnoAdr":"서울특별시 노원구 월계동 64-10","rdnmAdr":"서울특별시 노원구 석계로 16","bldMngNo":"1135010200100640010019206","flrNo":"2"}},{"type":"Feature","id":"sbiz.MA010120220806839658","geometry":{"type":"Point","coordinates":[127.064538568076,37.6161558234132]},"properties":{"bizesId":"MA010120220806839658","bizesNm":"군자대한곱창석계역점","indsLclsCd":"I2","indsLclsNm":"음식","indsMclsNm":"한식","indsSclsNm":"곱창 전골/구이","adongCd":"11350560","adongNm":"월계1동","lnoCd":"1135010200100640012","lnoAdr":"서울특별시 노원구 월계동 64-12","rdnmAdr":"서울특별시 노원구 석계로 14-1","bldMngNo":"1135010200100640012019186","flrNo":"1"}},{"type":"Feature","id":"sbiz.MA010120220810402879","geometry":{"type":"Point","coordinates":[127.064538568076,37.6161558234132]},"properties":{"bizesId":"MA010120220810402879","bizesNm":"명성노래연습장","indsLclsCd":"R1","indsLclsNm":"예술·스포츠","indsMclsNm":"유원지·오락","indsSclsNm":"노래방","adongCd":"11350560","adongNm":"월계1동","lnoCd":"1135010200100640012","lnoAdr":"서울특별시 노원구 월계동 64-12","rdnmAdr":"서울특별시 노원구 석계로 14-1","bldMngNo":"1135010200100640012019186","flrNo":"2"}},{"type":"Feature","id":"sbiz.MA010120220803697981","geometry":{"type":"Point","coordinates":[127.064561633998,37.6166333345269]},"properties":{"bizesId":"MA010120220803697981","bizesNm":"마마운동화이불빨래방","indsLclsCd":"S2","indsLclsNm":"수리·개인","indsMclsNm":"세탁","indsSclsNm":"셀프 빨래방","adongCd":"11350560","adongNm":"월계1동","lnoCd":"1135010200100680065","lnoAdr":"서울특별시 노원구 월계동 68-65","rdnmAdr":"서울특별시 노원구 석계로8길 6","bldMngNo":"1135010200100680065019491","flrNo":"1"}},{"type":"Feature","id":"sbiz.MA010120220812025166","geometry":{"type":"Point","coordinates":[127.064561633998,37.6166333345269]},"properties":{"bizesId":"MA010120220812025166","bizesNm":"에그까까","indsLclsCd":"I2","indsLclsNm":"음식","indsMclsNm":"비알코올 ","indsSclsNm":"카페","adongCd":"11350560","adongNm":"월계1동","lnoCd":"1135010200100680065","lnoAdr":"서울특별시 노원구 월계동 68-65","rdnmAdr":"서울특별시 노원구 석계로8길 6","bldMngNo":"1135010200100680065019491","flrNo":"1"}},{"type":"Feature","id":"sbiz.MA0101202212A0063307","geometry":{"type":"Point","coordinates":[127.064595029223,37.6159575751118]},"properties":{"bizesId":"MA0101202212A0063307","bizesNm":"필노래연습장","indsLclsCd":"R1","indsLclsNm":"예술·스포츠","indsMclsNm":"유원지·오락","indsSclsNm":"노래방","adongCd":"11350560","adongNm":"월계1동","lnoCd":"1135010200100610009","lnoAdr":"서울특별시 노원구 월계동 61-9","rdnmAdr":"서울특별시 노원구 석계로 12-1","bldMngNo":"1135010200100610009019417"}},{"type":"Feature","id":"sbiz.MA010120220811828655","geometry":{"type":"Point","coordinates":[127.064595029223,37.6159575751118]},"properties":{"bizesId":"MA010120220811828655","bizesNm":"노랑통닭석계역점","indsLclsCd":"I2","indsLclsNm":"음식","indsMclsNm":"기타 간이","indsSclsNm":"치킨","adongCd":"11350560","adongNm":"월계1동","lnoCd":"1135010200100610009","lnoAdr":"서울특별시 노원구 월계동 61-9","rdnmAdr":"서울특별시 노원구 석계로 12-1","bldMngNo":"1135010200100610009019417"}},{"type":"Feature","id":"sbiz.MA010120220804363974","geometry":{"type":"Point","coordinates":[127.064628922924,37.6158584478471]},"properties":{"bizesId":"MA010120220804363974","bizesNm":"라이브노래연습장","indsLclsCd":"R1","indsLclsNm":"예술·스포츠","indsMclsNm":"유원지·오락","indsSclsNm":"노래방","adongCd":"11350560","adongNm":"월계1동","lnoCd":"1135010200100610010","lnoAdr":"서울특별시 노원구 월계동 61-10","rdnmAdr":"서울특별시 노원구 석계로 12","bldMngNo":"1135010200100610010019580","bldNm":"지하","flrNo":"1"}},{"type":"Feature","id":"sbiz.MA010120220805171324","geometry":{"type":"Point","coordinates":[127.064628922924,37.6158584478471]},"properties":{"bizesId":"MA010120220805171324","bizesNm":"치킨에꼬치다","indsLclsCd":"I2","indsLclsNm":"음식","indsMclsNm":"기타 간이","indsSclsNm":"치킨","adongCd":"11350560","adongNm":"월계1동","lnoCd":"1135010200100610010","lnoAdr":"서울특별시 노원구 월계동 61-10","rdnmAdr":"서울특별시 노원구 석계로 12","bldMngNo":"1135010200100610010019580","flrNo":"1"}},{"type":"Feature","id":"sbiz.MA010120220808308216","geometry":{"type":"Point","coordinates":[127.064674150802,37.6157683242426]},"properties":{"bizesId":"MA010120220808308216","bizesNm":"이자카야콤마","indsLclsCd":"I2","indsLclsNm":"음식","indsMclsNm":"일식","indsSclsNm":"일식 회/초밥","adongCd":"11350560","adongNm":"월계1동","lnoCd":"1135010200100610011","lnoAdr":"서울특별시 노원구 월계동 61-11","rdnmAdr":"서울특별시 노원구 석계로 10","bldMngNo":"1135010200100610011019593","bldNm":"지","flrNo":"2"}},{"type":"Feature","id":"sbiz.MA0101202209A0002672","geometry":{"type":"Point","coordinates":[127.064674150802,37.6157683242426]},"properties":{"bizesId":"MA0101202209A0002672","bizesNm":"한국통닭석계점","indsLclsCd":"I2","indsLclsNm":"음식","indsMclsNm":"기타 간이","indsSclsNm":"치킨","adongCd":"11350560","adongNm":"월계1동","lnoCd":"1135010200100610011","lnoAdr":"서울특별시 노원구 월계동 61-11","rdnmAdr":"서울특별시 노원구 석계로 10","bldMngNo":"1135010200100610011019593","flrNo":"1"}},{"type":"Feature","id":"sbiz.MA010120220806600090","geometry":{"type":"Point","coordinates":[127.064674150802,37.6157683242426]},"properties":{"bizesId":"MA010120220806600090","bizesNm":"한국통닭석계점","indsLclsCd":"I2","indsLclsNm":"음식","indsMclsNm":"기타 간이","indsSclsNm":"치킨","adongCd":"11350560","adongNm":"월계1동","lnoCd":"1135010200100610011","lnoAdr":"서울특별시 노원구 월계동 61-11","rdnmAdr":"서울특별시 노원구 석계로 10","bldMngNo":"1135010200100610011019593","flrNo":"1"}},{"type":"Feature","id":"sbiz.MA010120220803832509","geometry":{"type":"Point","coordinates":[127.064696717862,37.6156692031624]},"properties":{"bizesId":"MA010120220803832509","bizesNm":"춘천불타는닭갈비","indsLclsCd":"I2","indsLclsNm":"음식","indsMclsNm":"한식","indsSclsNm":"닭/오리고기 구이/찜","adongCd":"11350560","adongNm":"월계1동","lnoCd":"1135010200100470017","lnoAdr":"서울특별시 노원구 월계동 47-17","rdnmAdr":"서울특별시 노원구 석계로 8-1","bldMngNo":"1135010200100470017019602"}},{"type":"Feature","id":"sbiz.MA0101202212A0029671","geometry":{"type":"Point","coordinates":[127.064696717862,37.6156692031624]},"properties":{"bizesId":"MA0101202212A0029671","bizesNm":"25시노래연습장","indsLclsCd":"R1","indsLclsNm":"예술·스포츠","indsMclsNm":"유원지·오락","indsSclsNm":"노래방","adongCd":"11350560","adongNm":"월계1동","lnoCd":"1135010200100470017","lnoAdr":"서울특별시 노원구 월계동 47-17","rdnmAdr":"서울특별시 노원구 석계로 8-1","bldMngNo":"1135010200100470017019602","flrNo":"지"}},{"type":"Feature","id":"sbiz.MA010120220813077649","geometry":{"type":"Point","coordinates":[127.064696717862,37.6156692031624]},"properties":{"bizesId":"MA010120220813077649","bizesNm":"행운사","indsLclsCd":"R1","indsLclsNm":"예술·스포츠","indsMclsNm":"유원지·오락","indsSclsNm":"복권 발행/판매업","adongCd":"11350560","adongNm":"월계1동","lnoCd":"1135010200100470017","lnoAdr":"서울특별시 노원구 월계동 47-17","rdnmAdr":"서울특별시 노원구 석계로 8-1","bldMngNo":"1135010200100470017019602","bldNm":"좌측호","flrNo":"1"}},{"type":"Feature","id":"sbiz.MA010120220804353968","geometry":{"type":"Point","coordinates":[127.064730611298,37.6155700758639]},"properties":{"bizesId":"MA010120220804353968","bizesNm":"치킨주막","indsLclsCd":"I2","indsLclsNm":"음식","indsMclsNm":"기타 간이","indsSclsNm":"치킨","adongCd":"11350560","adongNm":"월계1동","lnoCd":"1135010200100470018","lnoAdr":"서울특별시 노원구 월계동 47-18","rdnmAdr":"서울특별시 노원구 석계로 8","bldMngNo":"1135010200100470018019614","flrNo":"1"}},{"type":"Feature","id":"sbiz.MA0101202211A0046159","geometry":{"type":"Point","coordinates":[127.064787071495,37.6153718274518]},"properties":{"bizesId":"MA0101202211A0046159","bizesNm":"악쓰는하마코인노래연습장","indsLclsCd":"R1","indsLclsNm":"예술·스포츠","indsMclsNm":"유원지·오락","indsSclsNm":"노래방","adongCd":"11350560","adongNm":"월계1동","lnoCd":"1135010200100470013","lnoAdr":"서울특별시 노원구 월계동 47-13","rdnmAdr":"서울특별시 노원구 석계로 4","bldMngNo":"1135010200100470013019751"}},{"type":"Feature","id":"sbiz.MA010120220802508139","geometry":{"type":"Point","coordinates":[127.064787071495,37.6153718274518]},"properties":{"bizesId":"MA010120220802508139","bizesNm":"악쓰는하마코인노래연습장","indsLclsCd":"R1","indsLclsNm":"예술·스포츠","indsMclsNm":"유원지·오락","indsSclsNm":"노래방","adongCd":"11350560","adongNm":"월계1동","lnoCd":"1135010200100470013","lnoAdr":"서울특별시 노원구 월계동 47-13","rdnmAdr":"서울특별시 노원구 석계로 4","bldMngNo":"1135010200100470013019751"}},{"type":"Feature","id":"sbiz.MA010120220804367260","geometry":{"type":"Point","coordinates":[127.064843554864,37.615200608644]},"properties":{"bizesId":"MA010120220804367260","bizesNm":"다오헤어","indsLclsCd":"S2","indsLclsNm":"수리·개인","indsMclsNm":"이용·미용","indsSclsNm":"미용실","adongCd":"11350560","adongNm":"월계1동","lnoCd":"1135010200100470013","lnoAdr":"서울특별시 노원구 월계동 47-13","rdnmAdr":"서울특별시 노원구 석계로 2","bldMngNo":"1135010200100470013020121","flrNo":"2"}},{"type":"Feature","id":"sbiz.MA010120220803590145","geometry":{"type":"Point","coordinates":[127.064843554864,37.615200608644]},"properties":{"bizesId":"MA010120220803590145","bizesNm":"악쓰는하마코인노래연습장","indsLclsCd":"R1","indsLclsNm":"예술·스포츠","indsMclsNm":"유원지·오락","indsSclsNm":"노래방","adongCd":"11350560","adongNm":"월계1동","lnoCd":"1135010200100470013","lnoAdr":"서울특별시 노원구 월계동 47-13","rdnmAdr":"서울특별시 노원구 석계로 2","bldMngNo":"1135010200100470013020121","flrNo":"지"}},{"type":"Feature","id":"sbiz.MA010120220813435300","geometry":{"type":"Point","coordinates":[127.064843554864,37.615200608644]},"properties":{"bizesId":"MA010120220813435300","bizesNm":"오렌즈석계역점","indsLclsCd":"G2","indsLclsNm":"소매","indsMclsNm":"안경·정밀기기 소매","indsSclsNm":"안경렌즈 소매업","adongCd":"11350560","adongNm":"월계1동","lnoCd":"1135010200100470013","lnoAdr":"서울특별시 노원구 월계동 47-13","rdnmAdr":"서울특별시 노원구 석계로 2","bldMngNo":"1135010200100470013020121"}},{"type":"Feature","id":"sbiz.MA010120220807211978","geometry":{"type":"Point","coordinates":[127.064843554864,37.615200608644]},"properties":{"bizesId":"MA010120220807211978","bizesNm":"뉴석계프라자약국","indsLclsCd":"G2","indsLclsNm":"소매","indsMclsNm":"의약·화장품 소매","indsSclsNm":"약국","adongCd":"11350560","adongNm":"월계1동","lnoCd":"1135010200100470013","lnoAdr":"서울특별시 노원구 월계동 47-13","rdnmAdr":"서울특별시 노원구 석계로 2","bldMngNo":"1135010200100470013020121","flrNo":"1"}},{"type":"Feature","id":"sbiz.MA010120220804363789","geometry":{"type":"Point","coordinates":[127.064923027515,37.6154168021489]},"properties":{"bizesId":"MA010120220804363789","bizesNm":"어촌","indsLclsCd":"I2","indsLclsNm":"음식","indsMclsNm":"한식","indsSclsNm":"횟집","adongCd":"11350560","adongNm":"월계1동","lnoCd":"1135010200100470015","lnoAdr":"서울특별시 노원구 월계동 47-15","rdnmAdr":"서울특별시 노원구 석계로8가길 29","bldMngNo":"1135010200100470015019782","flrNo":"1"}},{"type":"Feature","id":"sbiz.MA010120220813291971","geometry":{"type":"Point","coordinates":[127.064923027515,37.6154168021489]},"properties":{"bizesId":"MA010120220813291971","bizesNm":"세븐노래연습장","indsLclsCd":"R1","indsLclsNm":"예술·스포츠","indsMclsNm":"유원지·오락","indsSclsNm":"노래방","adongCd":"11350560","adongNm":"월계1동","lnoCd":"1135010200100470015","lnoAdr":"서울특별시 노원구 월계동 47-15","rdnmAdr":"서울특별시 노원구 석계로8가길 29","bldMngNo":"1135010200100470015019782"}},{"type":"Feature","id":"sbiz.MA010120220804350568","geometry":{"type":"Point","coordinates":[127.064934824022,37.6159573886251]},"properties":{"bizesId":"MA010120220804350568","bizesNm":"클라우드","indsLclsCd":"I2","indsLclsNm":"음식","indsMclsNm":"서양식","indsSclsNm":"경양식","adongCd":"11350560","adongNm":"월계1동","lnoCd":"1135010200100620006","lnoAdr":"서울특별시 노원구 월계동 62-6","rdnmAdr":"서울특별시 노원구 화랑로 337-23","bldMngNo":"1135010200100620013019416"}},{"type":"Feature","id":"sbiz.MA010120220809710746","geometry":{"type":"Point","coordinates":[127.064956607038,37.6149572796093]},"properties":{"bizesId":"MA010120220809710746","bizesNm":"믿음사","indsLclsCd":"R1","indsLclsNm":"예술·스포츠","indsMclsNm":"유원지·오락","indsSclsNm":"복권 발행/판매업","adongCd":"11350560","adongNm":"월계1동","lnoCd":"1135010200100460003","lnoAdr":"서울특별시 노원구 월계동 46-3","rdnmAdr":"서울특별시 노원구 화랑로 333-4","bldMngNo":"1135010200100460003000001"}},{"type":"Feature","id":"sbiz.MA010120220803622646","geometry":{"type":"Point","coordinates":[127.064957414307,37.615885297133]},"properties":{"bizesId":"MA010120220803622646","bizesNm":"호호커피집","indsLclsCd":"I2","indsLclsNm":"음식","indsMclsNm":"비알코올 ","indsSclsNm":"카페","adongCd":"11350560","adongNm":"월계1동","lnoCd":"1135010200100620007","lnoAdr":"서울특별시 노원구 월계동 62-7","rdnmAdr":"서울특별시 노원구 화랑로 337-21","bldMngNo":"1135010200100620007019700","bldNm":"월계동","flrNo":"1"}},{"type":"Feature","id":"sbiz.MA010120220804365611","geometry":{"type":"Point","coordinates":[127.064979385163,37.6151014252097]},"properties":{"bizesId":"MA010120220804365611","bizesNm":"팡팡노래연습장","indsLclsCd":"R1","indsLclsNm":"예술·스포츠","indsMclsNm":"유원지·오락","indsSclsNm":"노래방","adongCd":"11350560","adongNm":"월계1동","lnoCd":"1135010200100460013","lnoAdr":"서울특별시 노원구 월계동 46-13","rdnmAdr":"서울특별시 노원구 화랑로 335","bldMngNo":"1135010200100460013019265","flrNo":"4"}},{"type":"Feature","id":"sbiz.MA010120220806508307","geometry":{"type":"Point","coordinates":[127.064979385163,37.6151014252097]},"properties":{"bizesId":"MA010120220806508307","bizesNm":"휘트니스꿈&필라테스","indsLclsCd":"P1","indsLclsNm":"교육","indsMclsNm":"기타 교육","indsSclsNm":"요가/필라테스 학원","adongCd":"11350560","adongNm":"월계1동","lnoCd":"1135010200100460013","lnoAdr":"서울특별시 노원구 월계동 46-13","rdnmAdr":"서울특별시 노원구 화랑로 335","bldMngNo":"1135010200100460013019265","flrNo":"3"}},{"type":"Feature","id":"sbiz.MA010120220805834152","geometry":{"type":"Point","coordinates":[127.064979541967,37.615281622794]},"properties":{"bizesId":"MA010120220805834152","bizesNm":"블루","indsLclsCd":"I2","indsLclsNm":"음식","indsMclsNm":"한식","indsSclsNm":"백반/한정식","adongCd":"11350560","adongNm":"월계1동","lnoCd":"1135010200100460002","lnoAdr":"서울특별시 노원구 월계동 46-2","rdnmAdr":"서울특별시 노원구 화랑로 335-1","bldMngNo":"1135010200100460002019792","flrNo":"2"}},{"type":"Feature","id":"sbiz.MA010120220812406462","geometry":{"type":"Point","coordinates":[127.064979541967,37.615281622794]},"properties":{"bizesId":"MA010120220812406462","bizesNm":"석계황소곱창","indsLclsCd":"I2","indsLclsNm":"음식","indsMclsNm":"한식","indsSclsNm":"곱창 전골/구이","adongCd":"11350560","adongNm":"월계1동","lnoCd":"1135010200100460002","lnoAdr":"서울특별시 노원구 월계동 46-2","rdnmAdr":"서울특별시 노원구 화랑로 335-1","bldMngNo":"1135010200100460002019792","flrNo":"1"}},{"type":"Feature","id":"sbiz.MA010120220803940054","geometry":{"type":"Point","coordinates":[127.065047845646,37.6156780200198]},"properties":{"bizesId":"MA010120220803940054","bizesNm":"스포츠세상","indsLclsCd":"G2","indsLclsNm":"소매","indsMclsNm":"기타 상품 소매","indsSclsNm":"그 외 기타 상품 전문 소매업","adongCd":"11350560","adongNm":"월계1동","lnoCd":"1135010200100620009","lnoAdr":"서울특별시 노원구 월계동 62-9","rdnmAdr":"서울특별시 노원구 화랑로 337-17","bldMngNo":"1135010200100620009019813"}},{"type":"Feature","id":"sbiz.MA010120220805374695","geometry":{"type":"Point","coordinates":[127.06508173862,37.615578892621]},"properties":{"bizesId":"MA010120220805374695","bizesNm":"육장군","indsLclsCd":"I2","indsLclsNm":"음식","indsMclsNm":"한식","indsSclsNm":"돼지고기 구이/찜","adongCd":"11350560","adongNm":"월계1동","lnoCd":"1135010200100620010","lnoAdr":"서울특별시 노원구 월계동 62-10","rdnmAdr":"서울특별시 노원구 화랑로 337-15","bldMngNo":"1135010200100620010019812","bldNm":"전부","flrNo":"1"}},{"type":"Feature","id":"sbiz.MA010120220807008082","geometry":{"type":"Point","coordinates":[127.065172051292,37.6152364672172]},"properties":{"bizesId":"MA010120220807008082","bizesNm":"JJ안경원","indsLclsCd":"G2","indsLclsNm":"소매","indsMclsNm":"안경·정밀기기 소매","indsSclsNm":"안경렌즈 소매업","adongCd":"11350560","adongNm":"월계1동","lnoCd":"1135010200100460001","lnoAdr":"서울특별시 노원구 월계동 46-1","rdnmAdr":"서울특별시 노원구 화랑로 337","bldMngNo":"1135010200100460001019621","flrNo":"1"}},{"type":"Feature","id":"sbiz.MA010120220802271183","geometry":{"type":"Point","coordinates":[127.065172051292,37.6152364672172]},"properties":{"bizesId":"MA010120220802271183","bizesNm":"노원우태하","indsLclsCd":"G2","indsLclsNm":"소매","indsMclsNm":"의약·화장품 소매","indsSclsNm":"화장품 소매업","adongCd":"11350560","adongNm":"월계1동","lnoCd":"1135010200100460001","lnoAdr":"서울특별시 노원구 월계동 46-1","rdnmAdr":"서울특별시 노원구 화랑로 337","bldMngNo":"1135010200100460001019621"}},{"type":"Feature","id":"sbiz.MA010120220803321573","geometry":{"type":"Point","coordinates":[127.065172051292,37.6152364672172]},"properties":{"bizesId":"MA010120220803321573","bizesNm":"틈새라면석계점","indsLclsCd":"I2","indsLclsNm":"음식","indsMclsNm":"기타 간이","indsSclsNm":"김밥/만두/분식","adongCd":"11350560","adongNm":"월계1동","lnoCd":"1135010200100460001","lnoAdr":"서울특별시 노원구 월계동 46-1","rdnmAdr":"서울특별시 노원구 화랑로 337","bldMngNo":"1135010200100460001019621","bldNm":"인현빌딩","flrNo":"1"}},{"type":"Feature","id":"sbiz.MA010120220804355582","geometry":{"type":"Point","coordinates":[127.065172051292,37.6152364672172]},"properties":{"bizesId":"MA010120220804355582","bizesNm":"석계슈퍼","indsLclsCd":"G2","indsLclsNm":"소매","indsMclsNm":"종합 소매","indsSclsNm":"슈퍼마켓","adongCd":"11350560","adongNm":"월계1동","lnoCd":"1135010200100460001","lnoAdr":"서울특별시 노원구 월계동 46-1","rdnmAdr":"서울특별시 노원구 화랑로 337","bldMngNo":"1135010200100460001019621"}},{"type":"Feature","id":"sbiz.MA010120220803940971","geometry":{"type":"Point","coordinates":[127.065172051292,37.6152364672172]},"properties":{"bizesId":"MA010120220803940971","bizesNm":"주모리","indsLclsCd":"I2","indsLclsNm":"음식","indsMclsNm":"주점","indsSclsNm":"일반 유흥 주점","adongCd":"11350560","adongNm":"월계1동","lnoCd":"1135010200100460001","lnoAdr":"서울특별시 노원구 월계동 46-1","rdnmAdr":"서울특별시 노원구 화랑로 337","bldMngNo":"1135010200100460001019621","flrNo":"1"}},{"type":"Feature","id":"sbiz.MA010120220804368961","geometry":{"type":"Point","coordinates":[127.065172051292,37.6152364672172]},"properties":{"bizesId":"MA010120220804368961","bizesNm":"노원우태하피부과의원","indsLclsCd":"Q1","indsLclsNm":"보건의료","indsMclsNm":"의원","indsSclsNm":"피부/비뇨기과 의원","adongCd":"11350560","adongNm":"월계1동","lnoCd":"1135010200100460001","lnoAdr":"서울특별시 노원구 월계동 46-1","rdnmAdr":"서울특별시 노원구 화랑로 337","bldMngNo":"1135010200100460001019621","bldNm":"인현빌딩"}},{"type":"Feature","id":"sbiz.MA010120220802992514","geometry":{"type":"Point","coordinates":[127.065534384873,37.6151101281862]},"properties":{"bizesId":"MA010120220802992514","bizesNm":"문화NOT공장","indsLclsCd":"I2","indsLclsNm":"음식","indsMclsNm":"비알코올 ","indsSclsNm":"카페","adongCd":"11350560","adongNm":"월계1동","lnoCd":"1135010200100360005","lnoAdr":"서울특별시 노원구 월계동 36-5","rdnmAdr":"서울특별시 노원구 화랑로 337-4","bldMngNo":"1135010200100360005000001","flrNo":"1"}},{"type":"Feature","id":"sbiz.MA010120220812983020","geometry":{"type":"Point","coordinates":[127.065534384873,37.6151101281862]},"properties":{"bizesId":"MA010120220812983020","bizesNm":"영번지포장마차","indsLclsCd":"I2","indsLclsNm":"음식","indsMclsNm":"주점","indsSclsNm":"요리 주점","adongCd":"11350560","adongNm":"월계1동","lnoCd":"1135010200100360005","lnoAdr":"서울특별시 노원구 월계동 36-5","rdnmAdr":"서울특별시 노원구 화랑로 337-4","bldMngNo":"1135010200100360005000001","bldNm":"우측"}},{"type":"Feature","id":"sbiz.MA010120220812048933","geometry":{"type":"Point","coordinates":[127.065647814857,37.615299272693]},"properties":{"bizesId":"MA010120220812048933","bizesNm":"진이스넥","indsLclsCd":"I2","indsLclsNm":"음식","indsMclsNm":"기타 간이","indsSclsNm":"그 외 기타 간이 음식점","adongCd":"11350560","adongNm":"월계1동","lnoCd":"1135010200100360004","lnoAdr":"서울특별시 노원구 월계동 36-4","rdnmAdr":"서울특별시 노원구 화랑로 341","bldMngNo":"1135010200100360004019615","bldNm":"석계역"}},{"type":"Feature","id":"sbiz.MA010120220804358617","geometry":{"type":"Point","coordinates":[127.065647814857,37.615299272693]},"properties":{"bizesId":"MA010120220804358617","bizesNm":"석계역북편의점","indsLclsCd":"G2","indsLclsNm":"소매","indsMclsNm":"종합 소매","indsSclsNm":"편의점","adongCd":"11350560","adongNm":"월계1동","lnoCd":"1135010200100360004","lnoAdr":"서울특별시 노원구 월계동 36-4","rdnmAdr":"서울특별시 노원구 화랑로 341","bldMngNo":"1135010200100360004019615"}},{"type":"Feature","id":"sbiz.MA0101202409A0218876","geometry":{"type":"Point","coordinates":[127.051360659468,37.6251271210453]},"properties":{"bizesId":"MA0101202409A0218876","bizesNm":"월계세차장외장관리","indsLclsCd":"S2","indsLclsNm":"수리·개인","indsMclsNm":"자동차 수리·세차","indsSclsNm":"자동차 세차장","adongCd":"11350560","adongNm":"월계1동","lnoCd":"1135010200108680005","lnoAdr":"서울특별시 노원구 월계동 868-5","rdnmAdr":"서울특별시 노원구 월계로 264","bldMngNo":"1135010200108680005018519","bldNm":"마당"}},{"type":"Feature","id":"sbiz.MA0101202309A0065592","geometry":{"type":"Point","coordinates":[127.052231595498,37.6232526857191]},"properties":{"bizesId":"MA0101202309A0065592","bizesNm":"미래아이콘","indsLclsCd":"M1","indsLclsNm":"과학·기술","indsMclsNm":"광고","indsSclsNm":"광고 대행업","adongCd":"11350560","adongNm":"월계1동","lnoCd":"1135010200105340146","lnoAdr":"서울특별시 노원구 월계동 534-146","rdnmAdr":"서울특별시 노원구 월계로44길 45","bldMngNo":"1135010200105340146018500","bldNm":"성도아트빌","flrNo":"3"}},{"type":"Feature","id":"sbiz.MA0101202502A0009438","geometry":{"type":"Point","coordinates":[127.052367450885,37.6231445070439]},"properties":{"bizesId":"MA0101202502A0009438","bizesNm":"디프","indsLclsCd":"G2","indsLclsNm":"소매","indsMclsNm":"의약·화장품 소매","indsSclsNm":"화장품 소매업","adongCd":"11350560","adongNm":"월계1동","lnoCd":"1135010200105340145","lnoAdr":"서울특별시 노원구 월계동 534-145","rdnmAdr":"서울특별시 노원구 월계로44길 49","bldMngNo":"1135010200105340145018104","bldNm":"명칭없음","flrNo":"3"}},{"type":"Feature","id":"sbiz.MA0101202406A0380342","geometry":{"type":"Point","coordinates":[127.053170900931,37.6220089037793]},"properties":{"bizesId":"MA0101202406A0380342","bizesNm":"지에스25월계꿈의숲점","indsLclsCd":"G2","indsLclsNm":"소매","indsMclsNm":"종합 소매","indsSclsNm":"편의점","adongCd":"11350560","adongNm":"월계1동","lnoCd":"1135010200109490000","lnoAdr":"서울특별시 노원구 월계동 949","rdnmAdr":"서울특별시 노원구 월계로42길 97","bldMngNo":"1135010200105310000018143","bldNm":"꿈의숲SK뷰아파트","flrNo":"지","complex_id":"apt.1135010200109490000","complex_name":"꿈의숲 SK뷰 아파트"}},{"type":"Feature","id":"sbiz.MA0101202310A0033417","geometry":{"type":"Point","coordinates":[127.053329549084,37.6220989309213]},"properties":{"bizesId":"MA0101202310A0033417","bizesNm":"더봄헤어","indsLclsCd":"S2","indsLclsNm":"수리·개인","indsMclsNm":"이용·미용","indsSclsNm":"미용실","adongCd":"11350560","adongNm":"월계1동","lnoCd":"1135010200109490000","lnoAdr":"서울특별시 노원구 월계동 949","rdnmAdr":"서울특별시 노원구 월계로42길 97","bldMngNo":"1135010200105310000018143","bldNm":"꿈의숲SK뷰아파트","flrNo":"지","complex_id":"apt.1135010200109490000","complex_name":"꿈의숲 SK뷰 아파트"}},{"type":"Feature","id":"sbiz.MA0101202309A0050505","geometry":{"type":"Point","coordinates":[127.053329549084,37.6220989309213]},"properties":{"bizesId":"MA0101202309A0050505","bizesNm":"자담치킨월계","brchNm":"광운대점","indsLclsCd":"I2","indsLclsNm":"음식","indsMclsNm":"기타 간이","indsSclsNm":"치킨","adongCd":"11350560","adongNm":"월계1동","lnoCd":"1135010200109490000","lnoAdr":"서울특별시 노원구 월계동 949","rdnmAdr":"서울특별시 노원구 월계로42길 97","bldMngNo":"1135010200105310000018143","bldNm":"꿈의숲SK뷰아파트","flrNo":"지","complex_id":"apt.1135010200109490000","complex_name":"꿈의숲 SK뷰 아파트"}},{"type":"Feature","id":"sbiz.MA0101202503A0071138","geometry":{"type":"Point","coordinates":[127.053329549084,37.6220989309213]},"properties":{"bizesId":"MA0101202503A0071138","bizesNm":"꿈의숲SK공인중개사사무소","indsLclsCd":"L1","indsLclsNm":"부동산","indsMclsNm":"부동산 서비스","indsSclsNm":"부동산 중개/대리업","adongCd":"11350560","adongNm":"월계1동","lnoCd":"1135010200109490000","lnoAdr":"서울특별시 노원구 월계동 949","rdnmAdr":"서울특별시 노원구 월계로42길 97","bldMngNo":"1135010200105310000018143","bldNm":"꿈의숲SK뷰아파트","flrNo":"1","complex_id":"apt.1135010200109490000","complex_name":"꿈의숲 SK뷰 아파트"}},{"type":"Feature","id":"sbiz.MA0101202302A0089980","geometry":{"type":"Point","coordinates":[127.053807320674,37.6249007839993]},"properties":{"bizesId":"MA0101202302A0089980","bizesNm":"행복복지타운","indsLclsCd":"P1","indsLclsNm":"교육","indsMclsNm":"기타 교육","indsSclsNm":"그 외 기타 교육기관","adongCd":"11350560","adongNm":"월계1동","lnoCd":"1135010200105340039","lnoAdr":"서울특별시 노원구 월계동 534-39","rdnmAdr":"서울특별시 노원구 월계로44가길 43-44","bldMngNo":"1135010200105340039000001","bldNm":"명칭없음","flrNo":"4"}},{"type":"Feature","id":"sbiz.MA0101202504A0042037","geometry":{"type":"Point","coordinates":[127.054091940301,37.6268648050118]},"properties":{"bizesId":"MA0101202504A0042037","bizesNm":"아망프라이빗","indsLclsCd":"R1","indsLclsNm":"예술·스포츠","indsMclsNm":"유원지·오락","indsSclsNm":"기타 오락관련 서비스업","adongCd":"11350560","adongNm":"월계1동","lnoCd":"1135010200105680002","lnoAdr":"서울특별시 노원구 월계동 568-2","rdnmAdr":"서울특별시 노원구 월계로 294","bldMngNo":"1135010200105680002018510","flrNo":"2"}},{"type":"Feature","id":"sbiz.MA0101202408A0041362","geometry":{"type":"Point","coordinates":[127.056272500144,37.6192053941255]},"properties":{"bizesId":"MA0101202408A0041362","bizesNm":"이다플랜트","indsLclsCd":"G2","indsLclsNm":"소매","indsMclsNm":"식물 소매","indsSclsNm":"꽃집","adongCd":"11350560","adongNm":"월계1동","lnoCd":"1135010200105020009","lnoAdr":"서울특별시 노원구 월계동 502-9","rdnmAdr":"서울특별시 노원구 광운로1길 26","bldMngNo":"1135010200104970005018493","flrNo":"1"}},{"type":"Feature","id":"sbiz.MA0101202511A0015329","geometry":{"type":"Point","coordinates":[127.056544286439,37.6191241753054]},"properties":{"bizesId":"MA0101202511A0015329","bizesNm":"달링커피","indsLclsCd":"I2","indsLclsNm":"음식","indsMclsNm":"비알코올 ","indsSclsNm":"카페","adongCd":"11350560","adongNm":"월계1동","lnoCd":"1135010200104960059","lnoAdr":"서울특별시 노원구 월계동 496-59","rdnmAdr":"서울특별시 노원구 광운로1길 22","bldMngNo":"1135010200104960059018366","flrNo":"1"}},{"type":"Feature","id":"sbiz.MA0101202506A0015549","geometry":{"type":"Point","coordinates":[127.056807014292,37.6220252290795]},"properties":{"bizesId":"MA0101202506A0015549","bizesNm":"디어미마케팅","indsLclsCd":"M1","indsLclsNm":"과학·기술","indsMclsNm":"광고","indsSclsNm":"광고 대행업","adongCd":"11350560","adongNm":"월계1동","lnoCd":"1135010200105000008","lnoAdr":"서울특별시 노원구 월계동 500-8","rdnmAdr":"서울특별시 노원구 광운로15길 52","bldMngNo":"1135010200105000008018548","bldNm":"정경빌","flrNo":"3"}},{"type":"Feature","id":"sbiz.MA0101202307A0081015","geometry":{"type":"Point","coordinates":[127.056827618548,37.6193312663874]},"properties":{"bizesId":"MA0101202307A0081015","bizesNm":"좋아요좋아요사진관","indsLclsCd":"M1","indsLclsNm":"과학·기술","indsMclsNm":"사진 촬영","indsSclsNm":"사진촬영업","adongCd":"11350560","adongNm":"월계1동","lnoCd":"1135010200104960056","lnoAdr":"서울특별시 노원구 월계동 496-56","rdnmAdr":"서울특별시 노원구 광운로3길 17","bldMngNo":"1135010200104960056020129","flrNo":"1"}},{"type":"Feature","id":"sbiz.MA0101202505A0071583","geometry":{"type":"Point","coordinates":[127.056827618548,37.6193312663874]},"properties":{"bizesId":"MA0101202505A0071583","bizesNm":"하니스테이","indsLclsCd":"I1","indsLclsNm":"숙박","indsMclsNm":"일반 숙박","indsSclsNm":"펜션","adongCd":"11350560","adongNm":"월계1동","lnoCd":"1135010200104960056","lnoAdr":"서울특별시 노원구 월계동 496-56","rdnmAdr":"서울특별시 노원구 광운로3길 17","bldMngNo":"1135010200104960056020129","flrNo":"3"}},{"type":"Feature","id":"sbiz.MA0101202601A0009649","geometry":{"type":"Point","coordinates":[127.056827618548,37.6193312663874]},"properties":{"bizesId":"MA0101202601A0009649","bizesNm":"와이디더블유스포츠","indsLclsCd":"P1","indsLclsNm":"교육","indsMclsNm":"기타 교육","indsSclsNm":"요가/필라테스 학원","adongCd":"11350560","adongNm":"월계1동","lnoCd":"1135010200104960056","lnoAdr":"서울특별시 노원구 월계동 496-56","rdnmAdr":"서울특별시 노원구 광운로3길 17","bldMngNo":"1135010200104960056020129","flrNo":"2"}},{"type":"Feature","id":"sbiz.MA0101202601A0017450","geometry":{"type":"Point","coordinates":[127.056931409737,37.6217548729195]},"properties":{"bizesId":"MA0101202601A0017450","bizesNm":"학점은행제하루멘토","indsLclsCd":"P1","indsLclsNm":"교육","indsMclsNm":"교육 지원","indsSclsNm":"교육컨설팅업","adongCd":"11350560","adongNm":"월계1동","lnoCd":"1135010200105000017","lnoAdr":"서울특별시 노원구 월계동 500-17","rdnmAdr":"서울특별시 노원구 광운로15길 45","bldMngNo":"1135010200105000017018250"}},{"type":"Feature","id":"sbiz.MA0101202508A0037895","geometry":{"type":"Point","coordinates":[127.057045041477,37.6222233314621]},"properties":{"bizesId":"MA0101202508A0037895","bizesNm":"스튜디오뒷방","indsLclsCd":"M1","indsLclsNm":"과학·기술","indsMclsNm":"전문 디자인","indsSclsNm":"시각 디자인업","adongCd":"11350560","adongNm":"월계1동","lnoCd":"1135010200103920076","lnoAdr":"서울특별시 노원구 월계동 392-76","rdnmAdr":"서울특별시 노원구 광운로17길 47","bldMngNo":"1135010200103920076018201","flrNo":"3"}},{"type":"Feature","id":"sbiz.MA0101202411A0123074","geometry":{"type":"Point","coordinates":[127.057144974719,37.6195923995727]},"properties":{"bizesId":"MA0101202411A0123074","bizesNm":"북촌소한마리탕","brchNm":"노원점","indsLclsCd":"I2","indsLclsNm":"음식","indsMclsNm":"한식","indsSclsNm":"백반/한정식","adongCd":"11350560","adongNm":"월계1동","lnoCd":"1135010200104960043","lnoAdr":"서울특별시 노원구 월계동 496-43","rdnmAdr":"서울특별시 노원구 광운로 17-13","bldMngNo":"1135010200104960043018638","bldNm":"명칭없음","flrNo":"1"}},{"type":"Feature","id":"sbiz.MA0101202601A0044641","geometry":{"type":"Point","coordinates":[127.05721248823,37.619006724816]},"properties":{"bizesId":"MA0101202601A0044641","bizesNm":"두찜노원월계점","indsLclsCd":"I2","indsLclsNm":"음식","indsMclsNm":"한식","indsSclsNm":"백반/한정식","adongCd":"11350560","adongNm":"월계1동","lnoCd":"1135010200104960017","lnoAdr":"서울특별시 노원구 월계동 496-17","rdnmAdr":"서울특별시 노원구 광운로3길 7","bldMngNo":"1135010200104960017018523","bldNm":"명칭없음","flrNo":"1"}},{"type":"Feature","id":"sbiz.MA0101202406A0476317","geometry":{"type":"Point","coordinates":[127.05729143817,37.6185652024719]},"properties":{"bizesId":"MA0101202406A0476317","bizesNm":"빠말Pasmal","indsLclsCd":"I2","indsLclsNm":"음식","indsMclsNm":"비알코올 ","indsSclsNm":"카페","adongCd":"11350560","adongNm":"월계1동","lnoCd":"1135010200104690021","lnoAdr":"서울특별시 노원구 월계동 469-21","rdnmAdr":"서울특별시 노원구 광운로 7","bldMngNo":"1135010200104690021017853","bldNm":"일부","flrNo":"1"}},{"type":"Feature","id":"sbiz.MA0101202305A0146600","geometry":{"type":"Point","coordinates":[127.05729143817,37.6185652024719]},"properties":{"bizesId":"MA0101202305A0146600","bizesNm":"승재네전화기","indsLclsCd":"G2","indsLclsNm":"소매","indsMclsNm":"가전·통신 소매","indsSclsNm":"핸드폰 소매업","adongCd":"11350560","adongNm":"월계1동","lnoCd":"1135010200104690021","lnoAdr":"서울특별시 노원구 월계동 469-21","rdnmAdr":"서울특별시 노원구 광운로 7","bldMngNo":"1135010200104690021017853"}},{"type":"Feature","id":"sbiz.MA0101202410A1032243","geometry":{"type":"Point","coordinates":[127.057393622586,37.618880498563]},"properties":{"bizesId":"MA0101202410A1032243","bizesNm":"차오름태권도장","indsLclsCd":"P1","indsLclsNm":"교육","indsMclsNm":"기타 교육","indsSclsNm":"태권도/무술학원","adongCd":"11350560","adongNm":"월계1동","lnoCd":"1135010200104690035","lnoAdr":"서울특별시 노원구 월계동 469-35","rdnmAdr":"서울특별시 노원구 광운로3길 5","bldMngNo":"1135010200104690035018524"}},{"type":"Feature","id":"sbiz.MA0101202410A0356714","geometry":{"type":"Point","coordinates":[127.057426993578,37.6180876129912]},"properties":{"bizesId":"MA0101202410A0356714","bizesNm":"위드에임하이학원","indsLclsCd":"P1","indsLclsNm":"교육","indsMclsNm":"기타 교육","indsSclsNm":"전문자격/고시학원","adongCd":"11350560","adongNm":"월계1동","lnoCd":"1135010200104720045","lnoAdr":"서울특별시 노원구 월계동 472-45","rdnmAdr":"서울특별시 노원구 광운로2길 6","bldMngNo":"1135010200104720045019358","flrNo":"2"}},{"type":"Feature","id":"sbiz.MA0101202509A0006739","geometry":{"type":"Point","coordinates":[127.057438327327,37.6180966173545]},"properties":{"bizesId":"MA0101202509A0006739","bizesNm":"노원배터리자동차밧데리","indsLclsCd":"G2","indsLclsNm":"소매","indsMclsNm":"자동차 부품 소매","indsSclsNm":"자동차 부품 소매업","adongCd":"11350560","adongNm":"월계1동","lnoCd":"1135010200104720045","lnoAdr":"서울특별시 노원구 월계동 472-45","rdnmAdr":"서울특별시 노원구 광운로2길 6","bldMngNo":"1135010200104720045019358","flrNo":"1"}},{"type":"Feature","id":"sbiz.MA0101202511A0029910","geometry":{"type":"Point","coordinates":[127.057438327327,37.6180966173545]},"properties":{"bizesId":"MA0101202511A0029910","bizesNm":"스시덤","indsLclsCd":"I2","indsLclsNm":"음식","indsMclsNm":"일식","indsSclsNm":"일식 회/초밥","adongCd":"11350560","adongNm":"월계1동","lnoCd":"1135010200104720045","lnoAdr":"서울특별시 노원구 월계동 472-45","rdnmAdr":"서울특별시 노원구 광운로2길 6","bldMngNo":"1135010200104720045019358","bldNm":"일부호","flrNo":"1"}},{"type":"Feature","id":"sbiz.MA0101202307A0061980","geometry":{"type":"Point","coordinates":[127.057507252828,37.6193489568904]},"properties":{"bizesId":"MA0101202307A0061980","bizesNm":"노웨어","indsLclsCd":"M1","indsLclsNm":"과학·기술","indsMclsNm":"본사·경영 컨설팅","indsSclsNm":"경영 컨설팅업","adongCd":"11350560","adongNm":"월계1동","lnoCd":"1135010200104960014","lnoAdr":"서울특별시 노원구 월계동 496-14","rdnmAdr":"서울특별시 노원구 광운로 17-5","bldMngNo":"1135010200104960014018339","flrNo":"4"}},{"type":"Feature","id":"sbiz.MA0101202408A0061325","geometry":{"type":"Point","coordinates":[127.057616657162,37.6290164941326]},"properties":{"bizesId":"MA0101202408A0061325","bizesNm":"서울본튼튼정형외과의원","indsLclsCd":"Q1","indsLclsNm":"보건의료","indsMclsNm":"의원","indsSclsNm":"이비인후과 의원","adongCd":"11350560","adongNm":"월계1동","lnoCd":"1135010200106350004","lnoAdr":"서울특별시 노원구 월계동 635-4","rdnmAdr":"서울특별시 노원구 월계로 334","bldMngNo":"1135010200106350004018503","bldNm":"그랑디오피스텔"}},{"type":"Feature","id":"sbiz.MA0101202310A0078744","geometry":{"type":"Point","coordinates":[127.057616657162,37.6290164941326]},"properties":{"bizesId":"MA0101202310A0078744","bizesNm":"지에스25월계대양점","indsLclsCd":"G2","indsLclsNm":"소매","indsMclsNm":"종합 소매","indsSclsNm":"편의점","adongCd":"11350560","adongNm":"월계1동","lnoCd":"1135010200106350004","lnoAdr":"서울특별시 노원구 월계동 635-4","rdnmAdr":"서울특별시 노원구 월계로 334","bldMngNo":"1135010200106350004018503","bldNm":"그랑디오피스텔","flrNo":"1"}},{"type":"Feature","id":"sbiz.MA0101202512A0023514","geometry":{"type":"Point","coordinates":[127.057616657162,37.6290164941326]},"properties":{"bizesId":"MA0101202512A0023514","bizesNm":"케이스터디","indsLclsCd":"P1","indsLclsNm":"교육","indsMclsNm":"교육 지원","indsSclsNm":"기타 교육지원 서비스업","adongCd":"11350560","adongNm":"월계1동","lnoCd":"1135010200106350004","lnoAdr":"서울특별시 노원구 월계동 635-4","rdnmAdr":"서울특별시 노원구 월계로 334","bldMngNo":"1135010200106350004018503","bldNm":"그랑디오피스텔"}},{"type":"Feature","id":"sbiz.MA0101202603A0021553","geometry":{"type":"Point","coordinates":[127.057616657162,37.6290164941326]},"properties":{"bizesId":"MA0101202603A0021553","bizesNm":"웰투어","indsLclsCd":"M1","indsLclsNm":"과학·기술","indsMclsNm":"기타 전문 과학","indsSclsNm":"사업/무형 재산권 중개업","adongCd":"11350560","adongNm":"월계1동","lnoCd":"1135010200106350004","lnoAdr":"서울특별시 노원구 월계동 635-4","rdnmAdr":"서울특별시 노원구 월계로 334","bldMngNo":"1135010200106350004018503","bldNm":"그랑디오피스텔"}},{"type":"Feature","id":"sbiz.MA0101202410A0283097","geometry":{"type":"Point","coordinates":[127.057616657162,37.6290164941326]},"properties":{"bizesId":"MA0101202410A0283097","bizesNm":"노원이서진내과","indsLclsCd":"Q1","indsLclsNm":"보건의료","indsMclsNm":"의원","indsSclsNm":"내과/소아과 의원","adongCd":"11350560","adongNm":"월계1동","lnoCd":"1135010200106350004","lnoAdr":"서울특별시 노원구 월계동 635-4","rdnmAdr":"서울특별시 노원구 월계로 334","bldMngNo":"1135010200106350004018503"}},{"type":"Feature","id":"sbiz.MA0101202411A0103532","geometry":{"type":"Point","coordinates":[127.057616657162,37.6290164941326]},"properties":{"bizesId":"MA0101202411A0103532","bizesNm":"휴베이스월계우리약국","indsLclsCd":"G2","indsLclsNm":"소매","indsMclsNm":"의약·화장품 소매","indsSclsNm":"약국","adongCd":"11350560","adongNm":"월계1동","lnoCd":"1135010200106350004","lnoAdr":"서울특별시 노원구 월계동 635-4","rdnmAdr":"서울특별시 노원구 월계로 334","bldMngNo":"1135010200106350004018503","flrNo":"1"}},{"type":"Feature","id":"sbiz.MA0101202501A0033476","geometry":{"type":"Point","coordinates":[127.057616657162,37.6290164941326]},"properties":{"bizesId":"MA0101202501A0033476","bizesNm":"지태에너지","indsLclsCd":"M1","indsLclsNm":"과학·기술","indsMclsNm":"본사·경영 컨설팅","indsSclsNm":"경영 컨설팅업","adongCd":"11350560","adongNm":"월계1동","lnoCd":"1135010200106350004","lnoAdr":"서울특별시 노원구 월계동 635-4","rdnmAdr":"서울특별시 노원구 월계로 334","bldMngNo":"1135010200106350004018503","bldNm":"그랑디오피스텔"}},{"type":"Feature","id":"sbiz.MA0101202409A0076753","geometry":{"type":"Point","coordinates":[127.057616657162,37.6290164941326]},"properties":{"bizesId":"MA0101202409A0076753","bizesNm":"쓰리팝PCcafe","indsLclsCd":"R1","indsLclsNm":"예술·스포츠","indsMclsNm":"유원지·오락","indsSclsNm":"PC방","adongCd":"11350560","adongNm":"월계1동","lnoCd":"1135010200106350004","lnoAdr":"서울특별시 노원구 월계동 635-4","rdnmAdr":"서울특별시 노원구 월계로 334","bldMngNo":"1135010200106350004018503","bldNm":"그랑디오피스텔","flrNo":"1"}},{"type":"Feature","id":"sbiz.MA0101202510A0006911","geometry":{"type":"Point","coordinates":[127.057620300415,37.6190605856575]},"properties":{"bizesId":"MA0101202510A0006911","bizesNm":"파파존스피자","brchNm":"광운대점","indsLclsCd":"I2","indsLclsNm":"음식","indsMclsNm":"기타 간이","indsSclsNm":"버거","adongCd":"11350560","adongNm":"월계1동","lnoCd":"1135010200104690003","lnoAdr":"서울특별시 노원구 월계동 469-3","rdnmAdr":"서울특별시 노원구 광운로 15","bldMngNo":"1135010200104690003018417"}},{"type":"Feature","id":"sbiz.MA0101202508A0004547","geometry":{"type":"Point","coordinates":[127.057620300415,37.6190605856575]},"properties":{"bizesId":"MA0101202508A0004547","bizesNm":"제로스토어","brchNm":"광운대점","indsLclsCd":"G2","indsLclsNm":"소매","indsMclsNm":"종합 소매","indsSclsNm":"슈퍼마켓","adongCd":"11350560","adongNm":"월계1동","lnoCd":"1135010200104690003","lnoAdr":"서울특별시 노원구 월계동 469-3","rdnmAdr":"서울특별시 노원구 광운로 15","bldMngNo":"1135010200104690003018417","bldNm":"금혁빌딩","flrNo":"1"}},{"type":"Feature","id":"sbiz.MA0101202410A0315268","geometry":{"type":"Point","coordinates":[127.057665733535,37.6192227412647]},"properties":{"bizesId":"MA0101202410A0315268","bizesNm":"꽃사랑","indsLclsCd":"G2","indsLclsNm":"소매","indsMclsNm":"식물 소매","indsSclsNm":"꽃집","adongCd":"11350560","adongNm":"월계1동","lnoCd":"1135010200104960022","lnoAdr":"서울특별시 노원구 월계동 496-22","rdnmAdr":"서울특별시 노원구 광운로 17-1","bldMngNo":"1135010200104960022018357"}},{"type":"Feature","id":"sbiz.MA0101202406A0213314","geometry":{"type":"Point","coordinates":[127.057832023875,37.6291785662976]},"properties":{"bizesId":"MA0101202406A0213314","bizesNm":"노원연세제일치과의원","indsLclsCd":"Q1","indsLclsNm":"보건의료","indsMclsNm":"의원","indsSclsNm":"치과의원","adongCd":"11350560","adongNm":"월계1동","lnoCd":"1135010200102920059","lnoAdr":"서울특별시 노원구 월계동 292-59","rdnmAdr":"서울특별시 노원구 월계로 336","bldMngNo":"1135010200102920059017741","flrNo":"2"}},{"type":"Feature","id":"sbiz.MA0101202406A0464643","geometry":{"type":"Point","coordinates":[127.057832023875,37.6291785662976]},"properties":{"bizesId":"MA0101202406A0464643","bizesNm":"씨케이하우스원룸텔","brchNm":"노원점","indsLclsCd":"I1","indsLclsNm":"숙박","indsMclsNm":"기타 숙박","indsSclsNm":"기숙사/고시원","adongCd":"11350560","adongNm":"월계1동","lnoCd":"1135010200102920059","lnoAdr":"서울특별시 노원구 월계동 292-59","rdnmAdr":"서울특별시 노원구 월계로 336","bldMngNo":"1135010200102920059017741","bldNm":"상천빌딩","flrNo":"5"}},{"type":"Feature","id":"sbiz.MA0101202412A0045320","geometry":{"type":"Point","coordinates":[127.057832023875,37.6291785662976]},"properties":{"bizesId":"MA0101202412A0045320","bizesNm":"폭스빌리어즈","indsLclsCd":"R1","indsLclsNm":"예술·스포츠","indsMclsNm":"스포츠 서비스","indsSclsNm":"당구장","adongCd":"11350560","adongNm":"월계1동","lnoCd":"1135010200102920059","lnoAdr":"서울특별시 노원구 월계동 292-59","rdnmAdr":"서울특별시 노원구 월계로 336","bldMngNo":"1135010200102920059017741","bldNm":"상천빌딩","flrNo":"지"}},{"type":"Feature","id":"sbiz.MA0101202412A0064445","geometry":{"type":"Point","coordinates":[127.057832023875,37.6291785662976]},"properties":{"bizesId":"MA0101202412A0064445","bizesNm":"라이온당구장","indsLclsCd":"R1","indsLclsNm":"예술·스포츠","indsMclsNm":"스포츠 서비스","indsSclsNm":"당구장","adongCd":"11350560","adongNm":"월계1동","lnoCd":"1135010200102920059","lnoAdr":"서울특별시 노원구 월계동 292-59","rdnmAdr":"서울특별시 노원구 월계로 336","bldMngNo":"1135010200102920059017741","bldNm":"상천빌딩","flrNo":"3"}},{"type":"Feature","id":"sbiz.MA0101202406A0329110","geometry":{"type":"Point","coordinates":[127.058002070419,37.6293316504894]},"properties":{"bizesId":"MA0101202406A0329110","bizesNm":"팝스타코인노래연습장","indsLclsCd":"R1","indsLclsNm":"예술·스포츠","indsMclsNm":"유원지·오락","indsSclsNm":"노래방","adongCd":"11350560","adongNm":"월계1동","lnoCd":"1135010200109420000","lnoAdr":"서울특별시 노원구 월계동 942","rdnmAdr":"서울특별시 노원구 월계로 338","bldMngNo":"1135010200109420000018688","bldNm":"월계역신도브래뉴","flrNo":"2","complex_id":"apt.1135010200109420000","complex_name":"월계역신도브래뉴"}},{"type":"Feature","id":"sbiz.MA0101202601A0043172","geometry":{"type":"Point","coordinates":[127.058129059884,37.6178349926144]},"properties":{"bizesId":"MA0101202601A0043172","bizesNm":"만능홈수리","indsLclsCd":"S2","indsLclsNm":"수리·개인","indsMclsNm":"기타 가정용품 수리","indsSclsNm":"그 외 기타 개인/가정용품 수리업","adongCd":"11350560","adongNm":"월계1동","lnoCd":"1135010200104720026","lnoAdr":"서울특별시 노원구 월계동 472-26","rdnmAdr":"서울특별시 노원구 광운로2길 15","bldMngNo":"1135010200104720026019372","bldNm":"명칭없음","flrNo":"1"}},{"type":"Feature","id":"sbiz.MA0101202506A0032974","geometry":{"type":"Point","coordinates":[127.058206082223,37.6294576880957]},"properties":{"bizesId":"MA0101202506A0032974","bizesNm":"블렌디드","indsLclsCd":"I2","indsLclsNm":"음식","indsMclsNm":"기타 간이","indsSclsNm":"김밥/만두/분식","adongCd":"11350560","adongNm":"월계1동","lnoCd":"1135010200102920006","lnoAdr":"서울특별시 노원구 월계동 292-6","rdnmAdr":"서울특별시 노원구 월계로 340","bldMngNo":"1135010200102920006018614","bldNm":"목화빌라","flrNo":"1"}},{"type":"Feature","id":"sbiz.MA0101202507A0020218","geometry":{"type":"Point","coordinates":[127.058206082223,37.6294576880957]},"properties":{"bizesId":"MA0101202507A0020218","bizesNm":"매튜스도넛","indsLclsCd":"I2","indsLclsNm":"음식","indsMclsNm":"기타 간이","indsSclsNm":"빵/도넛","adongCd":"11350560","adongNm":"월계1동","lnoCd":"1135010200102920006","lnoAdr":"서울특별시 노원구 월계동 292-6","rdnmAdr":"서울특별시 노원구 월계로 340","bldMngNo":"1135010200102920006018614","bldNm":"목화빌라","flrNo":"1"}},{"type":"Feature","id":"sbiz.MA0101202502A0079515","geometry":{"type":"Point","coordinates":[127.058210089362,37.6200694024342]},"properties":{"bizesId":"MA0101202502A0079515","bizesNm":"설빙서울","brchNm":"광운대점","indsLclsCd":"I2","indsLclsNm":"음식","indsMclsNm":"비알코올 ","indsSclsNm":"카페","adongCd":"11350560","adongNm":"월계1동","lnoCd":"1135010200104650021","lnoAdr":"서울특별시 노원구 월계동 465-21","rdnmAdr":"서울특별시 노원구 광운로 25","bldMngNo":"1135010200104650021018627","flrNo":"2"}},{"type":"Feature","id":"sbiz.MA0101202501A0017064","geometry":{"type":"Point","coordinates":[127.058243487341,37.6193215661688]},"properties":{"bizesId":"MA0101202501A0017064","bizesNm":"공차","brchNm":"광운대점","indsLclsCd":"I2","indsLclsNm":"음식","indsMclsNm":"비알코올 ","indsSclsNm":"카페","adongCd":"11350560","adongNm":"월계1동","lnoCd":"1135010200104470001","lnoAdr":"서울특별시 노원구 월계동 447-1","rdnmAdr":"서울특별시 노원구 광운로 20","bldMngNo":"1135010200104470001019117","bldNm":"내복지매장광운대학교","flrNo":"1"}},{"type":"Feature","id":"sbiz.MA0101202502A0090400","geometry":{"type":"Point","coordinates":[127.058243487341,37.6193215661688]},"properties":{"bizesId":"MA0101202502A0090400","bizesNm":"광운대동문참빛교육회","indsLclsCd":"I2","indsLclsNm":"음식","indsMclsNm":"한식","indsSclsNm":"소고기 구이/찜","adongCd":"11350560","adongNm":"월계1동","lnoCd":"1135010200104470001","lnoAdr":"서울특별시 노원구 월계동 447-1","rdnmAdr":"서울특별시 노원구 광운로 20","bldMngNo":"1135010200104470001019117","bldNm":"화도관광운대학교"}},{"type":"Feature","id":"sbiz.MA0106202408A0426240","geometry":{"type":"Point","coordinates":[127.058323480199,37.6202225143408]},"properties":{"bizesId":"MA0106202408A0426240","bizesNm":"매머드익스프레스광운대","brchNm":"정문점","indsLclsCd":"I2","indsLclsNm":"음식","indsMclsNm":"비알코올 ","indsSclsNm":"카페","adongCd":"11350560","adongNm":"월계1동","lnoCd":"1135010200104650011","lnoAdr":"서울특별시 노원구 월계동 465-11","rdnmAdr":"서울특별시 노원구 광운로 27","bldMngNo":"1135010200104650011018349"}},{"type":"Feature","id":"sbiz.MA0101202409A0027599","geometry":{"type":"Point","coordinates":[127.058334096341,37.6193125115343]},"properties":{"bizesId":"MA0101202409A0027599","bizesNm":"마켓블루","indsLclsCd":"I2","indsLclsNm":"음식","indsMclsNm":"기타 간이","indsSclsNm":"김밥/만두/분식","adongCd":"11350560","adongNm":"월계1동","lnoCd":"1135010200104470001","lnoAdr":"서울특별시 노원구 월계동 447-1","rdnmAdr":"서울특별시 노원구 광운로 20","bldMngNo":"1135010200104470001019117","bldNm":"광운대학교","flrNo":"1"}},{"type":"Feature","id":"sbiz.MA0101202406A0557683","geometry":{"type":"Point","coordinates":[127.058334096341,37.6193125115343]},"properties":{"bizesId":"MA0101202406A0557683","bizesNm":"세븐광운스퀘어점","brchNm":"코리아","indsLclsCd":"G2","indsLclsNm":"소매","indsMclsNm":"종합 소매","indsSclsNm":"편의점","adongCd":"11350560","adongNm":"월계1동","lnoCd":"1135010200104470001","lnoAdr":"서울특별시 노원구 월계동 447-1","rdnmAdr":"서울특별시 노원구 광운로 20","bldMngNo":"1135010200104470001019117","bldNm":"내복지매장광운대학교","flrNo":"1"}},{"type":"Feature","id":"sbiz.MA0101202409A0152383","geometry":{"type":"Point","coordinates":[127.058334096341,37.6193125115343]},"properties":{"bizesId":"MA0101202409A0152383","bizesNm":"카페그랑블루","brchNm":"광운대점","indsLclsCd":"I2","indsLclsNm":"음식","indsMclsNm":"비알코올 ","indsSclsNm":"카페","adongCd":"11350560","adongNm":"월계1동","lnoCd":"1135010200104470001","lnoAdr":"서울특별시 노원구 월계동 447-1","rdnmAdr":"서울특별시 노원구 광운로 20","bldMngNo":"1135010200104470001019117","bldNm":"광운대학교","flrNo":"1"}},{"type":"Feature","id":"sbiz.MA0101202410A0282664","geometry":{"type":"Point","coordinates":[127.058334096341,37.6193125115343]},"properties":{"bizesId":"MA0101202410A0282664","bizesNm":"광운대구내서적","indsLclsCd":"G2","indsLclsNm":"소매","indsMclsNm":"오락용품 소매","indsSclsNm":"서점","adongCd":"11350560","adongNm":"월계1동","lnoCd":"1135010200104470001","lnoAdr":"서울특별시 노원구 월계동 447-1","rdnmAdr":"서울특별시 노원구 광운로 20","bldMngNo":"1135010200104470001019117","bldNm":"복지관내","flrNo":"2"}},{"type":"Feature","id":"sbiz.MA0101202409A0117902","geometry":{"type":"Point","coordinates":[127.058493556738,37.6204386671799]},"properties":{"bizesId":"MA0101202409A0117902","bizesNm":"일심텐동","brchNm":"광운대점","indsLclsCd":"I2","indsLclsNm":"음식","indsMclsNm":"중식","indsSclsNm":"중국집","adongCd":"11350560","adongNm":"월계1동","lnoCd":"1135010200104650009","lnoAdr":"서울특별시 노원구 월계동 465-9","rdnmAdr":"서울특별시 노원구 광운로 31","bldMngNo":"1135010200104650009018346","bldNm":"전체","flrNo":"2"}},{"type":"Feature","id":"sbiz.MA0101202406A0466904","geometry":{"type":"Point","coordinates":[127.058550524707,37.6208621030739]},"properties":{"bizesId":"MA0101202406A0466904","bizesNm":"부리또잇","indsLclsCd":"I2","indsLclsNm":"음식","indsMclsNm":"서양식","indsSclsNm":"기타 서양식 음식점","adongCd":"11350560","adongNm":"월계1동","lnoCd":"1135010200104020011","lnoAdr":"서울특별시 노원구 월계동 402-11","rdnmAdr":"서울특별시 노원구 광운로 35-1","bldMngNo":"1135010200104020011018418"}},{"type":"Feature","id":"sbiz.MA0101202406A0013025","geometry":{"type":"Point","coordinates":[127.058572952988,37.6205737759318]},"properties":{"bizesId":"MA0101202406A0013025","bizesNm":"민들레뜨락이","indsLclsCd":"I2","indsLclsNm":"음식","indsMclsNm":"한식","indsSclsNm":"백반/한정식","adongCd":"11350560","adongNm":"월계1동","lnoCd":"1135010200104020019","lnoAdr":"서울특별시 노원구 월계동 402-19","rdnmAdr":"서울특별시 노원구 광운로 33","bldMngNo":"1135010200104020019017759","flrNo":"3"}},{"type":"Feature","id":"sbiz.MA0101202406A0258042","geometry":{"type":"Point","coordinates":[127.058572952988,37.6205737759318]},"properties":{"bizesId":"MA0101202406A0258042","bizesNm":"김밥천국","indsLclsCd":"I2","indsLclsNm":"음식","indsMclsNm":"기타 간이","indsSclsNm":"김밥/만두/분식","adongCd":"11350560","adongNm":"월계1동","lnoCd":"1135010200104020019","lnoAdr":"서울특별시 노원구 월계동 402-19","rdnmAdr":"서울특별시 노원구 광운로 33","bldMngNo":"1135010200104020019017759","bldNm":"좌측","flrNo":"1"}},{"type":"Feature","id":"sbiz.MA0101202509A0009389","geometry":{"type":"Point","coordinates":[127.058572952988,37.6205737759318]},"properties":{"bizesId":"MA0101202509A0009389","bizesNm":"맘스터치","brchNm":"광운대점","indsLclsCd":"I2","indsLclsNm":"음식","indsMclsNm":"기타 간이","indsSclsNm":"버거","adongCd":"11350560","adongNm":"월계1동","lnoCd":"1135010200104020019","lnoAdr":"서울특별시 노원구 월계동 402-19","rdnmAdr":"서울특별시 노원구 광운로 33","bldMngNo":"1135010200104020019017759","flrNo":"2"}},{"type":"Feature","id":"sbiz.MA0101202406A0120083","geometry":{"type":"Point","coordinates":[127.05860265905,37.6295566002781]},"properties":{"bizesId":"MA0101202406A0120083","bizesNm":"바른공조","indsLclsCd":"G2","indsLclsNm":"소매","indsMclsNm":"가전·통신 소매","indsSclsNm":"가전제품 소매업","adongCd":"11350560","adongNm":"월계1동","lnoCd":"1135010200102890012","lnoAdr":"서울특별시 노원구 월계동 289-12","rdnmAdr":"서울특별시 노원구 월계로 344","bldMngNo":"1135010200102890012020150","flrNo":"2"}},{"type":"Feature","id":"sbiz.MA0101202406A0318408","geometry":{"type":"Point","coordinates":[127.058618382027,37.6207269212562]},"properties":{"bizesId":"MA0101202406A0318408","bizesNm":"메가엠지씨커피","brchNm":"광운대점","indsLclsCd":"I2","indsLclsNm":"음식","indsMclsNm":"비알코올 ","indsSclsNm":"카페","adongCd":"11350560","adongNm":"월계1동","lnoCd":"1135010200104020018","lnoAdr":"서울특별시 노원구 월계동 402-18","rdnmAdr":"서울특별시 노원구 광운로7길 2","bldMngNo":"1135010200104020018018563","bldNm":"일부","flrNo":"1"}},{"type":"Feature","id":"sbiz.MA0101202406A0383662","geometry":{"type":"Point","coordinates":[127.058762919904,37.6172760661027]},"properties":{"bizesId":"MA0101202406A0383662","bizesNm":"에스테윤","indsLclsCd":"S2","indsLclsNm":"수리·개인","indsMclsNm":"이용·미용","indsSclsNm":"피부 관리실","adongCd":"11350560","adongNm":"월계1동","lnoCd":"1135010200104760001","lnoAdr":"서울특별시 노원구 월계동 476-1","rdnmAdr":"서울특별시 노원구 광운로2길 33","bldMngNo":"1135010200104760001019149","flrNo":"1"}},{"type":"Feature","id":"sbiz.MA0101202406A0280430","geometry":{"type":"Point","coordinates":[127.058788425097,37.6208980242925]},"properties":{"bizesId":"MA0101202406A0280430","bizesNm":"더진국","brchNm":"광운대점","indsLclsCd":"I2","indsLclsNm":"음식","indsMclsNm":"한식","indsSclsNm":"백반/한정식","adongCd":"11350560","adongNm":"월계1동","lnoCd":"1135010200104020053","lnoAdr":"서울특별시 노원구 월계동 402-53","rdnmAdr":"서울특별시 노원구 광운로 37-1","bldMngNo":"1135010200104020053018287","bldNm":"태경빌딩","flrNo":"2"}},{"type":"Feature","id":"sbiz.MA0101202409A0238950","geometry":{"type":"Point","coordinates":[127.058788425097,37.6208980242925]},"properties":{"bizesId":"MA0101202409A0238950","bizesNm":"고씨네","brchNm":"광운대점","indsLclsCd":"I2","indsLclsNm":"음식","indsMclsNm":"일식","indsSclsNm":"일식 회/초밥","adongCd":"11350560","adongNm":"월계1동","lnoCd":"1135010200104020053","lnoAdr":"서울특별시 노원구 월계동 402-53","rdnmAdr":"서울특별시 노원구 광운로 37-1","bldMngNo":"1135010200104020053018287","bldNm":"우측호실태경빌딩","flrNo":"1"}},{"type":"Feature","id":"sbiz.MA0106202605A2281159","geometry":{"type":"Point","coordinates":[127.058788425097,37.6208980242925]},"properties":{"bizesId":"MA0106202605A2281159","bizesNm":"팀알앤디","indsLclsCd":"R1","indsLclsNm":"예술·스포츠","indsMclsNm":"스포츠 서비스","indsSclsNm":"헬스장","adongCd":"11350560","adongNm":"월계1동","lnoCd":"1135010200104020053","lnoAdr":"서울특별시 노원구 월계동 402-53","rdnmAdr":"서울특별시 노원구 광운로 37-1","bldMngNo":"1135010200104020053018287"}},{"type":"Feature","id":"sbiz.MA0101202505A0034846","geometry":{"type":"Point","coordinates":[127.058788425097,37.6208980242925]},"properties":{"bizesId":"MA0101202505A0034846","bizesNm":"이삭토스트","brchNm":"광운대점","indsLclsCd":"I2","indsLclsNm":"음식","indsMclsNm":"기타 간이","indsSclsNm":"토스트/샌드위치/샐러드","adongCd":"11350560","adongNm":"월계1동","lnoCd":"1135010200104020053","lnoAdr":"서울특별시 노원구 월계동 402-53","rdnmAdr":"서울특별시 노원구 광운로 37-1","bldMngNo":"1135010200104020053018287","bldNm":"태경빌딩","flrNo":"1"}},{"type":"Feature","id":"sbiz.MA0101202306A0045732","geometry":{"type":"Point","coordinates":[127.058854257841,37.6181950283349]},"properties":{"bizesId":"MA0101202306A0045732","bizesNm":"에어컨가스충전","indsLclsCd":"S2","indsLclsNm":"수리·개인","indsMclsNm":"가전제품 수리","indsSclsNm":"가전제품 수리업","adongCd":"11350560","adongNm":"월계1동","lnoCd":"1135010200104730008","lnoAdr":"서울특별시 노원구 월계동 473-8","rdnmAdr":"서울특별시 노원구 광운로2가길 17-10","bldMngNo":"1135010200104730008019724","bldNm":"명칭없음","flrNo":"3"}},{"type":"Feature","id":"sbiz.MA0101202502A0012234","geometry":{"type":"Point","coordinates":[127.05886999643,37.6237901528122]},"properties":{"bizesId":"MA0101202502A0012234","bizesNm":"성북종합전기","indsLclsCd":"S2","indsLclsNm":"수리·개인","indsMclsNm":"기타 가정용품 수리","indsSclsNm":"그 외 기타 개인/가정용품 수리업","adongCd":"11350560","adongNm":"월계1동","lnoCd":"1135010200201270007","lnoAdr":"서울특별시 노원구 월계동 산 127-7","rdnmAdr":"서울특별시 노원구 광운로19가길 3-13","bldMngNo":"1135010200201260002017995"}},{"type":"Feature","id":"sbiz.MA0101202307A0002235","geometry":{"type":"Point","coordinates":[127.058913159867,37.6210691497077]},"properties":{"bizesId":"MA0101202307A0002235","bizesNm":"모닝글로리","brchNm":"광운대점","indsLclsCd":"G2","indsLclsNm":"소매","indsMclsNm":"오락용품 소매","indsSclsNm":"문구/회화용품 소매업","adongCd":"11350560","adongNm":"월계1동","lnoCd":"1135010200104020007","lnoAdr":"서울특별시 노원구 월계동 402-7","rdnmAdr":"서울특별시 노원구 광운로 39","bldMngNo":"1135010200104020007018317"}},{"type":"Feature","id":"sbiz.MA0101202410A0282585","geometry":{"type":"Point","coordinates":[127.059015326082,37.6213484047685]},"properties":{"bizesId":"MA0101202410A0282585","bizesNm":"숙명피아노학원","indsLclsCd":"P1","indsLclsNm":"교육","indsMclsNm":"기타 교육","indsSclsNm":"음악학원","adongCd":"11350560","adongNm":"월계1동","lnoCd":"1135010200103930014","lnoAdr":"서울특별시 노원구 월계동 393-14","rdnmAdr":"서울특별시 노원구 광운로 43","bldMngNo":"1135010200103930014018576"}},{"type":"Feature","id":"sbiz.MA0101202410A0330204","geometry":{"type":"Point","coordinates":[127.059060756502,37.6215015499013]},"properties":{"bizesId":"MA0101202410A0330204","bizesNm":"예원내과의원","indsLclsCd":"Q1","indsLclsNm":"보건의료","indsMclsNm":"의원","indsSclsNm":"내과/소아과 의원","adongCd":"11350560","adongNm":"월계1동","lnoCd":"1135010200103930001","lnoAdr":"서울특별시 노원구 월계동 393-1","rdnmAdr":"서울특별시 노원구 광운로 45","bldMngNo":"1135010200103930001018260"}},{"type":"Feature","id":"sbiz.MA0101202601A0040758","geometry":{"type":"Point","coordinates":[127.059091144488,37.6169605563719]},"properties":{"bizesId":"MA0101202601A0040758","bizesNm":"장수생고기집","indsLclsCd":"I2","indsLclsNm":"음식","indsMclsNm":"한식","indsSclsNm":"돼지고기 구이/찜","adongCd":"11350560","adongNm":"월계1동","lnoCd":"1135010200104760012","lnoAdr":"서울특별시 노원구 월계동 476-12","rdnmAdr":"서울특별시 노원구 광운로2길 45","bldMngNo":"1135010200104760012019474","bldNm":"명칭없음","flrNo":"1"}},{"type":"Feature","id":"sbiz.MA0101202303A0050221","geometry":{"type":"Point","coordinates":[127.059106194242,37.6216637048827]},"properties":{"bizesId":"MA0101202303A0050221","bizesNm":"그랜드정육","indsLclsCd":"G2","indsLclsNm":"소매","indsMclsNm":"식료품 소매","indsSclsNm":"정육점","adongCd":"11350560","adongNm":"월계1동","lnoCd":"1135010200103920000","lnoAdr":"서울특별시 노원구 월계동 392","rdnmAdr":"서울특별시 노원구 광운로 47","bldMngNo":"1135010200103920000018557","flrNo":"1"}},{"type":"Feature","id":"sbiz.MA0101202406A0586757","geometry":{"type":"Point","coordinates":[127.059262359969,37.6186182883974]},"properties":{"bizesId":"MA0101202406A0586757","bizesNm":"에어벌룬","indsLclsCd":"M1","indsLclsNm":"과학·기술","indsMclsNm":"기타 전문 과학","indsSclsNm":"사업/무형 재산권 중개업","adongCd":"11350560","adongNm":"월계1동","lnoCd":"1135010200104470004","lnoAdr":"서울특별시 노원구 월계동 447-4","rdnmAdr":"서울특별시 노원구 광운로6길 33","bldMngNo":"1135010200104470004019120","flrNo":"2"}},{"type":"Feature","id":"sbiz.MA0101202512A0025575","geometry":{"type":"Point","coordinates":[127.059295961433,37.6181407479358]},"properties":{"bizesId":"MA0101202512A0025575","bizesNm":"달콤몬스터","indsLclsCd":"G2","indsLclsNm":"소매","indsMclsNm":"종합 소매","indsSclsNm":"슈퍼마켓","adongCd":"11350560","adongNm":"월계1동","lnoCd":"1135010200104450000","lnoAdr":"서울특별시 노원구 월계동 445","rdnmAdr":"서울특별시 노원구 광운로2가길 23","bldMngNo":"1135010200104450000019703","flrNo":"1"}},{"type":"Feature","id":"sbiz.MA0101202509A0038475","geometry":{"type":"Point","coordinates":[127.059295961433,37.6181407479358]},"properties":{"bizesId":"MA0101202509A0038475","bizesNm":"콜라보샵에프앤비","indsLclsCd":"M1","indsLclsNm":"과학·기술","indsMclsNm":"본사·경영 컨설팅","indsSclsNm":"경영 컨설팅업","adongCd":"11350560","adongNm":"월계1동","lnoCd":"1135010200104450000","lnoAdr":"서울특별시 노원구 월계동 445","rdnmAdr":"서울특별시 노원구 광운로2가길 23","bldMngNo":"1135010200104450000019703","bldNm":"삼창아파트","flrNo":"2"}},{"type":"Feature","id":"sbiz.MA0101202506A0001091","geometry":{"type":"Point","coordinates":[127.059295961433,37.6181407479358]},"properties":{"bizesId":"MA0101202506A0001091","bizesNm":"콜라보샵스튜디오","indsLclsCd":"M1","indsLclsNm":"과학·기술","indsMclsNm":"사진 촬영","indsSclsNm":"사진촬영업","adongCd":"11350560","adongNm":"월계1동","lnoCd":"1135010200104450000","lnoAdr":"서울특별시 노원구 월계동 445","rdnmAdr":"서울특별시 노원구 광운로2가길 23","bldMngNo":"1135010200104450000019703","bldNm":"스튜디오삼창아파트","flrNo":"2"}},{"type":"Feature","id":"sbiz.MA0101202504A0043555","geometry":{"type":"Point","coordinates":[127.059295961433,37.6181407479358]},"properties":{"bizesId":"MA0101202504A0043555","bizesNm":"세븐일레븐광운대원룸점","indsLclsCd":"G2","indsLclsNm":"소매","indsMclsNm":"종합 소매","indsSclsNm":"편의점","adongCd":"11350560","adongNm":"월계1동","lnoCd":"1135010200104450000","lnoAdr":"서울특별시 노원구 월계동 445","rdnmAdr":"서울특별시 노원구 광운로2가길 23","bldMngNo":"1135010200104450000019703","bldNm":"삼창아파트","flrNo":"1"}},{"type":"Feature","id":"sbiz.MA0101202410A0315332","geometry":{"type":"Point","coordinates":[127.059309478321,37.6208977635542]},"properties":{"bizesId":"MA0101202410A0315332","bizesNm":"제이스보습학원","indsLclsCd":"P1","indsLclsNm":"교육","indsMclsNm":"기타 교육","indsSclsNm":"외국어학원","adongCd":"11350560","adongNm":"월계1동","lnoCd":"1135010200104030008","lnoAdr":"서울특별시 노원구 월계동 403-8","rdnmAdr":"서울특별시 노원구 광운로10길 3","bldMngNo":"1135010200104030008019695","flrNo":"2"}},{"type":"Feature","id":"sbiz.MA0101202406A0019454","geometry":{"type":"Point","coordinates":[127.05932198683,37.6223843864621]},"properties":{"bizesId":"MA0101202406A0019454","bizesNm":"샐러리아","brchNm":"광운대점","indsLclsCd":"I2","indsLclsNm":"음식","indsMclsNm":"기타 간이","indsSclsNm":"김밥/만두/분식","adongCd":"11350560","adongNm":"월계1동","lnoCd":"1135010200103910001","lnoAdr":"서울특별시 노원구 월계동 391-1","rdnmAdr":"서울특별시 노원구 광운로 53","bldMngNo":"1135010200103910001018184","flrNo":"1"}},{"type":"Feature","id":"sbiz.MA0101202311A0076398","geometry":{"type":"Point","coordinates":[127.05932198683,37.6223843864621]},"properties":{"bizesId":"MA0101202311A0076398","bizesNm":"로레인플라워","indsLclsCd":"G2","indsLclsNm":"소매","indsMclsNm":"식물 소매","indsSclsNm":"꽃집","adongCd":"11350560","adongNm":"월계1동","lnoCd":"1135010200103910001","lnoAdr":"서울특별시 노원구 월계동 391-1","rdnmAdr":"서울특별시 노원구 광운로 53","bldMngNo":"1135010200103910001018184","flrNo":"1"}},{"type":"Feature","id":"sbiz.MA0101202410A0319265","geometry":{"type":"Point","coordinates":[127.05932198683,37.6223843864621]},"properties":{"bizesId":"MA0101202410A0319265","bizesNm":"덕성정육점","indsLclsCd":"G2","indsLclsNm":"소매","indsMclsNm":"식료품 소매","indsSclsNm":"정육점","adongCd":"11350560","adongNm":"월계1동","lnoCd":"1135010200103910001","lnoAdr":"서울특별시 노원구 월계동 391-1","rdnmAdr":"서울특별시 노원구 광운로 53","bldMngNo":"1135010200103910001018184"}},{"type":"Feature","id":"sbiz.MA0101202406A0027021","geometry":{"type":"Point","coordinates":[127.059333937303,37.6231682393329]},"properties":{"bizesId":"MA0101202406A0027021","bizesNm":"에스디지","indsLclsCd":"M1","indsLclsNm":"과학·기술","indsMclsNm":"전문 디자인","indsSclsNm":"패션/섬유/기타 전문 디자인업","adongCd":"11350560","adongNm":"월계1동","lnoCd":"1135010200103770038","lnoAdr":"서울특별시 노원구 월계동 377-38","rdnmAdr":"서울특별시 노원구 광운로19길 22","bldMngNo":"1135010200103770038018468","flrNo":"1"}},{"type":"Feature","id":"sbiz.MA0101202406A0331579","geometry":{"type":"Point","coordinates":[127.059405961166,37.6282677881955]},"properties":{"bizesId":"MA0101202406A0331579","bizesNm":"한울퀼트","indsLclsCd":"G2","indsLclsNm":"소매","indsMclsNm":"섬유·의복·신발 소매","indsSclsNm":"침구류/커튼 소매업","adongCd":"11350560","adongNm":"월계1동","lnoCd":"1135010200102980008","lnoAdr":"서울특별시 노원구 월계동 298-8","rdnmAdr":"서울특별시 노원구 광운로 122","bldMngNo":"1135010200102980008017785","flrNo":"3"}},{"type":"Feature","id":"sbiz.MA0106202308A0624809","geometry":{"type":"Point","coordinates":[127.059456997981,37.6212310546837]},"properties":{"bizesId":"MA0106202308A0624809","bizesNm":"메타킹","brchNm":"광운대점","indsLclsCd":"I2","indsLclsNm":"음식","indsMclsNm":"비알코올 ","indsSclsNm":"카페","adongCd":"11350560","adongNm":"월계1동","lnoCd":"1135010200104050006","lnoAdr":"서울특별시 노원구 월계동 405-6","rdnmAdr":"서울특별시 노원구 광운로12길 5","bldMngNo":"1135010200104050006019799"}},{"type":"Feature","id":"sbiz.MA0101202307A0085509","geometry":{"type":"Point","coordinates":[127.059479408513,37.6209247076475]},"properties":{"bizesId":"MA0101202307A0085509","bizesNm":"하이레","indsLclsCd":"I2","indsLclsNm":"음식","indsMclsNm":"일식","indsSclsNm":"일식 회/초밥","adongCd":"11350560","adongNm":"월계1동","lnoCd":"1135010200104050020","lnoAdr":"서울특별시 노원구 월계동 405-20","rdnmAdr":"서울특별시 노원구 광운로12길 6","bldMngNo":"1135010200104050020019740","bldNm":"월계아랑빌딩","flrNo":"1"}},{"type":"Feature","id":"sbiz.MA0101202309A0032877","geometry":{"type":"Point","coordinates":[127.059491080378,37.6213571757479]},"properties":{"bizesId":"MA0101202309A0032877","bizesNm":"카츠백월계점","indsLclsCd":"I2","indsLclsNm":"음식","indsMclsNm":"일식","indsSclsNm":"일식 카레/돈가스/덮밥","adongCd":"11350560","adongNm":"월계1동","lnoCd":"1135010200104060000","lnoAdr":"서울특별시 노원구 월계동 406","rdnmAdr":"서울특별시 노원구 광운로 44","bldMngNo":"1135010200104060000019197","bldNm":"준빌딩","flrNo":"2"}},{"type":"Feature","id":"sbiz.MA0101202411A0105592","geometry":{"type":"Point","coordinates":[127.059491080378,37.6213571757479]},"properties":{"bizesId":"MA0101202411A0105592","bizesNm":"4층당구장","indsLclsCd":"R1","indsLclsNm":"예술·스포츠","indsMclsNm":"스포츠 서비스","indsSclsNm":"당구장","adongCd":"11350560","adongNm":"월계1동","lnoCd":"1135010200104060000","lnoAdr":"서울특별시 노원구 월계동 406","rdnmAdr":"서울특별시 노원구 광운로 44","bldMngNo":"1135010200104060000019197","bldNm":"준빌딩","flrNo":"4"}},{"type":"Feature","id":"sbiz.MA0101202502A0094805","geometry":{"type":"Point","coordinates":[127.059491080378,37.6213571757479]},"properties":{"bizesId":"MA0101202502A0094805","bizesNm":"레드포스PC아레나","brchNm":"광운대점","indsLclsCd":"R1","indsLclsNm":"예술·스포츠","indsMclsNm":"유원지·오락","indsSclsNm":"PC방","adongCd":"11350560","adongNm":"월계1동","lnoCd":"1135010200104060000","lnoAdr":"서울특별시 노원구 월계동 406","rdnmAdr":"서울특별시 노원구 광운로 44","bldMngNo":"1135010200104060000019197","bldNm":"준빌딩","flrNo":"1"}},{"type":"Feature","id":"sbiz.MA0101202501A0007591","geometry":{"type":"Point","coordinates":[127.059491977852,37.6224834094802]},"properties":{"bizesId":"MA0101202501A0007591","bizesNm":"그옛날1947왕만두","indsLclsCd":"I2","indsLclsNm":"음식","indsMclsNm":"기타 간이","indsSclsNm":"김밥/만두/분식","adongCd":"11350560","adongNm":"월계1동","lnoCd":"1135010200103830039","lnoAdr":"서울특별시 노원구 월계동 383-39","rdnmAdr":"서울특별시 노원구 광운로 55","bldMngNo":"1135010200103830039018174","flrNo":"1"}},{"type":"Feature","id":"sbiz.MA0101202511A0002890","geometry":{"type":"Point","coordinates":[127.059504849402,37.6244205252837]},"properties":{"bizesId":"MA0101202511A0002890","bizesNm":"3hour컨설팅","indsLclsCd":"M1","indsLclsNm":"과학·기술","indsMclsNm":"본사·경영 컨설팅","indsSclsNm":"경영 컨설팅업","adongCd":"11350560","adongNm":"월계1동","lnoCd":"1135010200103760004","lnoAdr":"서울특별시 노원구 월계동 376-4","rdnmAdr":"서울특별시 노원구 광운로19가길 19","bldMngNo":"1135010200103760004018469"}},{"type":"Feature","id":"sbiz.MA0101202410A0316088","geometry":{"type":"Point","coordinates":[127.059560072146,37.6226455528344]},"properties":{"bizesId":"MA0101202410A0316088","bizesNm":"고려가정의학과의원","indsLclsCd":"Q1","indsLclsNm":"보건의료","indsMclsNm":"의원","indsSclsNm":"내과/소아과 의원","adongCd":"11350560","adongNm":"월계1동","lnoCd":"1135010200103830016","lnoAdr":"서울특별시 노원구 월계동 383-16","rdnmAdr":"서울특별시 노원구 광운로 57","bldMngNo":"1135010200103830016020203","bldNm":"월계동"}},{"type":"Feature","id":"sbiz.MA0101202406A0196557","geometry":{"type":"Point","coordinates":[127.059650317865,37.6221769938673]},"properties":{"bizesId":"MA0101202406A0196557","bizesNm":"마켓모아모아월계점","indsLclsCd":"G2","indsLclsNm":"소매","indsMclsNm":"종합 소매","indsSclsNm":"슈퍼마켓","adongCd":"11350560","adongNm":"월계1동","lnoCd":"1135010200104090012","lnoAdr":"서울특별시 노원구 월계동 409-12","rdnmAdr":"서울특별시 노원구 광운로 54","bldMngNo":"1135010200104090012019776","bldNm":"좌측에서두번째","flrNo":"1"}},{"type":"Feature","id":"sbiz.MA0101202410A0283047","geometry":{"type":"Point","coordinates":[127.059650317865,37.6221769938673]},"properties":{"bizesId":"MA0101202410A0283047","bizesNm":"화비꽃방","indsLclsCd":"G2","indsLclsNm":"소매","indsMclsNm":"식물 소매","indsSclsNm":"꽃집","adongCd":"11350560","adongNm":"월계1동","lnoCd":"1135010200104090012","lnoAdr":"서울특별시 노원구 월계동 409-12","rdnmAdr":"서울특별시 노원구 광운로 54","bldMngNo":"1135010200104090012019776","flrNo":"1"}},{"type":"Feature","id":"sbiz.MA0101202408A0026929","geometry":{"type":"Point","coordinates":[127.059662120536,37.6227716394935]},"properties":{"bizesId":"MA0101202408A0026929","bizesNm":"칼렌잉글리시","indsLclsCd":"P1","indsLclsNm":"교육","indsMclsNm":"일반 교육","indsSclsNm":"입시·교과학원","adongCd":"11350560","adongNm":"월계1동","lnoCd":"1135010200103830019","lnoAdr":"서울특별시 노원구 월계동 383-19","rdnmAdr":"서울특별시 노원구 광운로 59","bldMngNo":"1135010200103830019018139"}},{"type":"Feature","id":"sbiz.MA0101202409A0208680","geometry":{"type":"Point","coordinates":[127.059662120536,37.6227716394935]},"properties":{"bizesId":"MA0101202409A0208680","bizesNm":"맨오브맨","indsLclsCd":"S2","indsLclsNm":"수리·개인","indsMclsNm":"이용·미용","indsSclsNm":"미용실","adongCd":"11350560","adongNm":"월계1동","lnoCd":"1135010200103830019","lnoAdr":"서울특별시 노원구 월계동 383-19","rdnmAdr":"서울특별시 노원구 광운로 59","bldMngNo":"1135010200103830019018139","flrNo":"1"}},{"type":"Feature","id":"sbiz.MA0101202309A0005719","geometry":{"type":"Point","coordinates":[127.059684076884,37.621897670725]},"properties":{"bizesId":"MA0101202309A0005719","bizesNm":"그래스테이","indsLclsCd":"I1","indsLclsNm":"숙박","indsMclsNm":"기타 숙박","indsSclsNm":"기숙사/고시원","adongCd":"11350560","adongNm":"월계1동","lnoCd":"1135010200104090016","lnoAdr":"서울특별시 노원구 월계동 409-16","rdnmAdr":"서울특별시 노원구 광운로 52","bldMngNo":"1135010200104090016019195","flrNo":"5"}},{"type":"Feature","id":"sbiz.MA0101202410A0314507","geometry":{"type":"Point","coordinates":[127.059684076884,37.621897670725]},"properties":{"bizesId":"MA0101202410A0314507","bizesNm":"선진한의원","indsLclsCd":"Q1","indsLclsNm":"보건의료","indsMclsNm":"의원","indsSclsNm":"한의원","adongCd":"11350560","adongNm":"월계1동","lnoCd":"1135010200104090016","lnoAdr":"서울특별시 노원구 월계동 409-16","rdnmAdr":"서울특별시 노원구 광운로 52","bldMngNo":"1135010200104090016019195"}},{"type":"Feature","id":"sbiz.MA0101202410A0511276","geometry":{"type":"Point","coordinates":[127.059775078393,37.6223751479381]},"properties":{"bizesId":"MA0101202410A0511276","bizesNm":"국가대표유도체육관","indsLclsCd":"P1","indsLclsNm":"교육","indsMclsNm":"기타 교육","indsSclsNm":"태권도/무술학원","adongCd":"11350560","adongNm":"월계1동","lnoCd":"1135010200103830030","lnoAdr":"서울특별시 노원구 월계동 383-30","rdnmAdr":"서울특별시 노원구 광운로 56","bldMngNo":"1135010200103830030019163","flrNo":"3"}},{"type":"Feature","id":"sbiz.MA0101202406A0290166","geometry":{"type":"Point","coordinates":[127.059878189102,37.6238256849971]},"properties":{"bizesId":"MA0101202406A0290166","bizesNm":"최환기쌈밥칼국수","indsLclsCd":"I2","indsLclsNm":"음식","indsMclsNm":"한식","indsSclsNm":"백반/한정식","adongCd":"11350560","adongNm":"월계1동","lnoCd":"1135010200103770069","lnoAdr":"서울특별시 노원구 월계동 377-69","rdnmAdr":"서울특별시 노원구 광운로19가길 2","bldMngNo":"1135010200103770000017994","flrNo":"1"}},{"type":"Feature","id":"sbiz.MA0101202409A0135881","geometry":{"type":"Point","coordinates":[127.059889950495,37.6243662712361]},"properties":{"bizesId":"MA0101202409A0135881","bizesNm":"베이스캠프","brchNm":"광운대점","indsLclsCd":"I1","indsLclsNm":"숙박","indsMclsNm":"기타 숙박","indsSclsNm":"기숙사/고시원","adongCd":"11350560","adongNm":"월계1동","lnoCd":"1135010200103750002","lnoAdr":"서울특별시 노원구 월계동 375-2","rdnmAdr":"서울특별시 노원구 광운로 79","bldMngNo":"1135010200103750002000001","flrNo":"1"}},{"type":"Feature","id":"sbiz.MA0101202406A0597534","geometry":{"type":"Point","coordinates":[127.059959241488,37.626015041974]},"properties":{"bizesId":"MA0101202406A0597534","bizesNm":"코어에이노원지점","indsLclsCd":"S2","indsLclsNm":"수리·개인","indsMclsNm":"자동차 수리·세차","indsSclsNm":"자동차 세차장","adongCd":"11350560","adongNm":"월계1동","lnoCd":"1135010200103640002","lnoAdr":"서울특별시 노원구 월계동 364-2","rdnmAdr":"서울특별시 노원구 광운로 95","bldMngNo":"1135010200103630004018464"}},{"type":"Feature","id":"sbiz.MA0101202509A0025835","geometry":{"type":"Point","coordinates":[127.059959241488,37.626015041974]},"properties":{"bizesId":"MA0101202509A0025835","bizesNm":"광운대역주유소","indsLclsCd":"G2","indsLclsNm":"소매","indsMclsNm":"연료 소매","indsSclsNm":"주유소","adongCd":"11350560","adongNm":"월계1동","lnoCd":"1135010200103640002","lnoAdr":"서울특별시 노원구 월계동 364-2","rdnmAdr":"서울특별시 노원구 광운로 95","bldMngNo":"1135010200103630004018464"}},{"type":"Feature","id":"sbiz.MA0101202603A0020662","geometry":{"type":"Point","coordinates":[127.060001844997,37.6226453290244]},"properties":{"bizesId":"MA0101202603A0020662","bizesNm":"죠스아이스크림","brchNm":"광운대점","indsLclsCd":"G2","indsLclsNm":"소매","indsMclsNm":"종합 소매","indsSclsNm":"슈퍼마켓","adongCd":"11350560","adongNm":"월계1동","lnoCd":"1135010200103830027","lnoAdr":"서울특별시 노원구 월계동 383-27","rdnmAdr":"서울특별시 노원구 광운로 60","bldMngNo":"1135010200103830027019765","flrNo":"1"}},{"type":"Feature","id":"sbiz.MA0101202507A0029759","geometry":{"type":"Point","coordinates":[127.060002265014,37.6231679013838]},"properties":{"bizesId":"MA0101202507A0029759","bizesNm":"배스킨라빈스광운대역","indsLclsCd":"I2","indsLclsNm":"음식","indsMclsNm":"기타 간이","indsSclsNm":"아이스크림/빙수","adongCd":"11350560","adongNm":"월계1동","lnoCd":"1135010200103830025","lnoAdr":"서울특별시 노원구 월계동 383-25","rdnmAdr":"서울특별시 노원구 광운로 65","bldMngNo":"1135010200103830025018096","bldNm":"좌측","flrNo":"1"}},{"type":"Feature","id":"sbiz.MA0101202406A0136010","geometry":{"type":"Point","coordinates":[127.060036697028,37.6237264958795]},"properties":{"bizesId":"MA0101202406A0136010","bizesNm":"세븐일레븐성북역점","indsLclsCd":"G2","indsLclsNm":"소매","indsMclsNm":"종합 소매","indsSclsNm":"편의점","adongCd":"11350560","adongNm":"월계1동","lnoCd":"1135010200103790050","lnoAdr":"서울특별시 노원구 월계동 379-50","rdnmAdr":"서울특별시 노원구 광운로 71","bldMngNo":"1135010200103790050018008","flrNo":"1"}},{"type":"Feature","id":"sbiz.MA0101202409A0032908","geometry":{"type":"Point","coordinates":[127.060047829021,37.6234832237015]},"properties":{"bizesId":"MA0101202409A0032908","bizesNm":"더모스트","indsLclsCd":"S2","indsLclsNm":"수리·개인","indsMclsNm":"이용·미용","indsSclsNm":"미용실","adongCd":"11350560","adongNm":"월계1동","lnoCd":"1135010200103830003","lnoAdr":"서울특별시 노원구 월계동 383-3","rdnmAdr":"서울특별시 노원구 광운로 69","bldMngNo":"1135010200103830003017710","bldNm":"대화빌딩","flrNo":"1"}},{"type":"Feature","id":"sbiz.MA0101202504A0084765","geometry":{"type":"Point","coordinates":[127.060069875299,37.6227263832626]},"properties":{"bizesId":"MA0101202504A0084765","bizesNm":"오쎄","indsLclsCd":"I2","indsLclsNm":"음식","indsMclsNm":"비알코올 ","indsSclsNm":"카페","adongCd":"11350560","adongNm":"월계1동","lnoCd":"1135010200103830026","lnoAdr":"서울특별시 노원구 월계동 383-26","rdnmAdr":"서울특별시 노원구 광운로 62","bldMngNo":"1135010200103830026019127","flrNo":"2"}},{"type":"Feature","id":"sbiz.MA0101202311A0096438","geometry":{"type":"Point","coordinates":[127.060099187021,37.6169240077689]},"properties":{"bizesId":"MA0101202311A0096438","bizesNm":"웰라수학교습소","indsLclsCd":"P1","indsLclsNm":"교육","indsMclsNm":"일반 교육","indsSclsNm":"입시·교과학원","adongCd":"11350560","adongNm":"월계1동","lnoCd":"1135010200104750035","lnoAdr":"서울특별시 노원구 월계동 475-35","rdnmAdr":"서울특별시 노원구 광운로2나길 11","bldMngNo":"1135010200104800000019463","bldNm":"일부"}},{"type":"Feature","id":"sbiz.MA0101202410A0317467","geometry":{"type":"Point","coordinates":[127.060171910135,37.6228344497416]},"properties":{"bizesId":"MA0101202410A0317467","bizesNm":"성북치과의원","indsLclsCd":"Q1","indsLclsNm":"보건의료","indsMclsNm":"의원","indsSclsNm":"치과의원","adongCd":"11350560","adongNm":"월계1동","lnoCd":"1135010200103830004","lnoAdr":"서울특별시 노원구 월계동 383-4","rdnmAdr":"서울특별시 노원구 광운로 64","bldMngNo":"1135010200103830004019140"}},{"type":"Feature","id":"sbiz.MA0101202409A0050312","geometry":{"type":"Point","coordinates":[127.060274243524,37.6233119207132]},"properties":{"bizesId":"MA0101202409A0050312","bizesNm":"여우곱창","indsLclsCd":"I2","indsLclsNm":"음식","indsMclsNm":"한식","indsSclsNm":"곱창 전골/구이","adongCd":"11350560","adongNm":"월계1동","lnoCd":"1135010200103790043","lnoAdr":"서울특별시 노원구 월계동 379-43","rdnmAdr":"서울특별시 노원구 광운로 68","bldMngNo":"1135010200103790043018073","bldNm":"여우곱창","flrNo":"1"}},{"type":"Feature","id":"sbiz.MA0101202406A0225027","geometry":{"type":"Point","coordinates":[127.060410050897,37.6231586834502]},"properties":{"bizesId":"MA0101202406A0225027","bizesNm":"헤어아뜰리에","indsLclsCd":"S2","indsLclsNm":"수리·개인","indsMclsNm":"이용·미용","indsSclsNm":"미용실","adongCd":"11350560","adongNm":"월계1동","lnoCd":"1135010200103790036","lnoAdr":"서울특별시 노원구 월계동 379-36","rdnmAdr":"서울특별시 노원구 석계로 106","bldMngNo":"1135010200103790036017749","flrNo":"2"}},{"type":"Feature","id":"sbiz.MA0101202511A0026330","geometry":{"type":"Point","coordinates":[127.060557075646,37.6228702921929]},"properties":{"bizesId":"MA0101202511A0026330","bizesNm":"해피","indsLclsCd":"R1","indsLclsNm":"예술·스포츠","indsMclsNm":"스포츠 서비스","indsSclsNm":"기타 스포츠시설 운영업","adongCd":"11350560","adongNm":"월계1동","lnoCd":"1135010200103830042","lnoAdr":"서울특별시 노원구 월계동 383-42","rdnmAdr":"서울특별시 노원구 석계로 105","bldMngNo":"1135010200103830042019108","flrNo":"1"}},{"type":"Feature","id":"sbiz.MA0101202410A0259846","geometry":{"type":"Point","coordinates":[127.060557075646,37.6228702921929]},"properties":{"bizesId":"MA0101202410A0259846","bizesNm":"나철한의원","indsLclsCd":"Q1","indsLclsNm":"보건의료","indsMclsNm":"의원","indsSclsNm":"한의원","adongCd":"11350560","adongNm":"월계1동","lnoCd":"1135010200103830042","lnoAdr":"서울특별시 노원구 월계동 383-42","rdnmAdr":"서울특별시 노원구 석계로 105","bldMngNo":"1135010200103830042019108"}},{"type":"Feature","id":"sbiz.MA0101202307A0094127","geometry":{"type":"Point","coordinates":[127.060557375303,37.6232396967786]},"properties":{"bizesId":"MA0101202307A0094127","bizesNm":"마포","indsLclsCd":"I2","indsLclsNm":"음식","indsMclsNm":"한식","indsSclsNm":"돼지고기 구이/찜","adongCd":"11350560","adongNm":"월계1동","lnoCd":"1135010200103790025","lnoAdr":"서울특별시 노원구 월계동 379-25","rdnmAdr":"서울특별시 노원구 석계로18길 4","bldMngNo":"1135010200103790025018093","flrNo":"1"}},{"type":"Feature","id":"sbiz.MA0101202406A0060819","geometry":{"type":"Point","coordinates":[127.060602846613,37.6234378906017]},"properties":{"bizesId":"MA0101202406A0060819","bizesNm":"잘사냥","indsLclsCd":"S2","indsLclsNm":"수리·개인","indsMclsNm":"세탁","indsSclsNm":"세탁소","adongCd":"11350560","adongNm":"월계1동","lnoCd":"1135010200103790017","lnoAdr":"서울특별시 노원구 월계동 379-17","rdnmAdr":"서울특별시 노원구 석계로18길 8","bldMngNo":"1135010200103790017018052","bldNm":"모두스타빌","flrNo":"1"}},{"type":"Feature","id":"sbiz.MA0101202509A0027819","geometry":{"type":"Point","coordinates":[127.060602846613,37.6234378906017]},"properties":{"bizesId":"MA0101202509A0027819","bizesNm":"현인사노무컨설팅","indsLclsCd":"M1","indsLclsNm":"과학·기술","indsMclsNm":"법무관련 ","indsSclsNm":"공인노무사","adongCd":"11350560","adongNm":"월계1동","lnoCd":"1135010200103790017","lnoAdr":"서울특별시 노원구 월계동 379-17","rdnmAdr":"서울특별시 노원구 석계로18길 8","bldMngNo":"1135010200103790017018052","bldNm":"모두스타빌","flrNo":"2"}},{"type":"Feature","id":"sbiz.MA0101202505A0025701","geometry":{"type":"Point","coordinates":[127.060602846613,37.6234378906017]},"properties":{"bizesId":"MA0101202505A0025701","bizesNm":"아르모스튜디오artmoment","indsLclsCd":"M1","indsLclsNm":"과학·기술","indsMclsNm":"사진 촬영","indsSclsNm":"사진촬영업","adongCd":"11350560","adongNm":"월계1동","lnoCd":"1135010200103790017","lnoAdr":"서울특별시 노원구 월계동 379-17","rdnmAdr":"서울특별시 노원구 석계로18길 8","bldMngNo":"1135010200103790017018052","bldNm":"모두스타빌","flrNo":"2"}},{"type":"Feature","id":"sbiz.MA0101202502A0058320","geometry":{"type":"Point","coordinates":[127.060602846613,37.6234378906017]},"properties":{"bizesId":"MA0101202502A0058320","bizesNm":"노트북수리","indsLclsCd":"S2","indsLclsNm":"수리·개인","indsMclsNm":"컴퓨터 수리","indsSclsNm":"컴퓨터/노트북/프린터 수리업","adongCd":"11350560","adongNm":"월계1동","lnoCd":"1135010200103790017","lnoAdr":"서울특별시 노원구 월계동 379-17","rdnmAdr":"서울특별시 노원구 석계로18길 8","bldMngNo":"1135010200103790017018052","bldNm":"모두스타빌","flrNo":"2"}},{"type":"Feature","id":"sbiz.MA0101202502A0067727","geometry":{"type":"Point","coordinates":[127.060602846613,37.6234378906017]},"properties":{"bizesId":"MA0101202502A0067727","bizesNm":"에스포미디어","indsLclsCd":"G2","indsLclsNm":"소매","indsMclsNm":"가전·통신 소매","indsSclsNm":"가전제품 소매업","adongCd":"11350560","adongNm":"월계1동","lnoCd":"1135010200103790017","lnoAdr":"서울특별시 노원구 월계동 379-17","rdnmAdr":"서울특별시 노원구 석계로18길 8","bldMngNo":"1135010200103790017018052","bldNm":"모두스타빌","flrNo":"2"}},{"type":"Feature","id":"sbiz.MA0101202504A0072103","geometry":{"type":"Point","coordinates":[127.060602846613,37.6234378906017]},"properties":{"bizesId":"MA0101202504A0072103","bizesNm":"피엔케이파트너스","indsLclsCd":"M1","indsLclsNm":"과학·기술","indsMclsNm":"광고","indsSclsNm":"광고 대행업","adongCd":"11350560","adongNm":"월계1동","lnoCd":"1135010200103790017","lnoAdr":"서울특별시 노원구 월계동 379-17","rdnmAdr":"서울특별시 노원구 석계로18길 8","bldMngNo":"1135010200103790017018052","bldNm":"모두스타빌","flrNo":"2"}},{"type":"Feature","id":"sbiz.MA0101202306A0079345","geometry":{"type":"Point","coordinates":[127.060715639264,37.6228431810961]},"properties":{"bizesId":"MA0101202306A0079345","bizesNm":"드림풋볼아카데미","indsLclsCd":"P1","indsLclsNm":"교육","indsMclsNm":"기타 교육","indsSclsNm":"요가/필라테스 학원","adongCd":"11350560","adongNm":"월계1동","lnoCd":"1135010200104100007","lnoAdr":"서울특별시 노원구 월계동 410-7","rdnmAdr":"서울특별시 노원구 석계로 103","bldMngNo":"1135010200104100007019107","bldNm":"동우빌딩"}},{"type":"Feature","id":"sbiz.MA0101202311A0002924","geometry":{"type":"Point","coordinates":[127.060727245312,37.6231855502503]},"properties":{"bizesId":"MA0101202311A0002924","bizesNm":"월계365약국","indsLclsCd":"G2","indsLclsNm":"소매","indsMclsNm":"의약·화장품 소매","indsSclsNm":"약국","adongCd":"11350560","adongNm":"월계1동","lnoCd":"1135010200104100001","lnoAdr":"서울특별시 노원구 월계동 410-1","rdnmAdr":"서울특별시 노원구 석계로 104","bldMngNo":"1135010200104100001018401","bldNm":"그린빌딩","flrNo":"1"}},{"type":"Feature","id":"sbiz.MA0101202410A0530712","geometry":{"type":"Point","coordinates":[127.060727245312,37.6231855502503]},"properties":{"bizesId":"MA0101202410A0530712","bizesNm":"홍익치과의원","indsLclsCd":"Q1","indsLclsNm":"보건의료","indsMclsNm":"의원","indsSclsNm":"치과의원","adongCd":"11350560","adongNm":"월계1동","lnoCd":"1135010200104100001","lnoAdr":"서울특별시 노원구 월계동 410-1","rdnmAdr":"서울특별시 노원구 석계로 104","bldMngNo":"1135010200104100001018401","bldNm":"그린빌딩","flrNo":"2"}},{"type":"Feature","id":"sbiz.MA0106202301A2415867","geometry":{"type":"Point","coordinates":[127.060738558242,37.6231675246847]},"properties":{"bizesId":"MA0106202301A2415867","bizesNm":"스타벅스","brchNm":"광운대","indsLclsCd":"I2","indsLclsNm":"음식","indsMclsNm":"비알코올 ","indsSclsNm":"카페","adongCd":"11350560","adongNm":"월계1동","lnoCd":"1135010200104100001","lnoAdr":"서울특별시 노원구 월계동 410-1","rdnmAdr":"서울특별시 노원구 석계로 104","bldMngNo":"1135010200104100001018401"}},{"type":"Feature","id":"sbiz.MA0101202507A0036219","geometry":{"type":"Point","coordinates":[127.060750149783,37.6234918740832]},"properties":{"bizesId":"MA0101202507A0036219","bizesNm":"야타이","indsLclsCd":"I2","indsLclsNm":"음식","indsMclsNm":"일식","indsSclsNm":"일식 회/초밥","adongCd":"11350560","adongNm":"월계1동","lnoCd":"1135010200103790013","lnoAdr":"서울특별시 노원구 월계동 379-13","rdnmAdr":"서울특별시 노원구 석계로18길 10-6","bldMngNo":"1135010200103790013018050","flrNo":"1"}},{"type":"Feature","id":"sbiz.MA0101202604A0022812","geometry":{"type":"Point","coordinates":[127.060771917566,37.6224016683802]},"properties":{"bizesId":"MA0101202604A0022812","bizesNm":"서선생김치찜","indsLclsCd":"I2","indsLclsNm":"음식","indsMclsNm":"한식","indsSclsNm":"국/탕/찌개류","adongCd":"11350560","adongNm":"월계1동","lnoCd":"1135010200104100003","lnoAdr":"서울특별시 노원구 월계동 410-3","rdnmAdr":"서울특별시 노원구 석계로15길 14","bldMngNo":"1135010200104100003019728","bldNm":"광운대역다움하우스","complex_id":"apt.1135010200104100003","complex_name":"광운대역 현대프라힐스"}},{"type":"Feature","id":"sbiz.MA0101202409A0096390","geometry":{"type":"Point","coordinates":[127.060816625592,37.6216628357399]},"properties":{"bizesId":"MA0101202409A0096390","bizesNm":"가락홈마트","indsLclsCd":"G2","indsLclsNm":"소매","indsMclsNm":"종합 소매","indsSclsNm":"슈퍼마켓","adongCd":"11350560","adongNm":"월계1동","lnoCd":"1135010200109250000","lnoAdr":"서울특별시 노원구 월계동 925","rdnmAdr":"서울특별시 노원구 광운로 46","bldMngNo":"1135010200109250000019115","bldNm":"대동아파트","flrNo":"1","complex_id":"apt.1135010200109250000","complex_name":"대동아파트"}},{"type":"Feature","id":"sbiz.MA0101202406A0468837","geometry":{"type":"Point","coordinates":[127.060816625592,37.6216628357399]},"properties":{"bizesId":"MA0101202406A0468837","bizesNm":"남자머리","indsLclsCd":"S2","indsLclsNm":"수리·개인","indsMclsNm":"이용·미용","indsSclsNm":"미용실","adongCd":"11350560","adongNm":"월계1동","lnoCd":"1135010200109250000","lnoAdr":"서울특별시 노원구 월계동 925","rdnmAdr":"서울특별시 노원구 광운로 46","bldMngNo":"1135010200109250000019115","bldNm":"대동아파트","flrNo":"1","complex_id":"apt.1135010200109250000","complex_name":"대동아파트"}},{"type":"Feature","id":"sbiz.MA0101202509A0028908","geometry":{"type":"Point","coordinates":[127.060816625592,37.6216628357399]},"properties":{"bizesId":"MA0101202509A0028908","bizesNm":"국수천왕광운대","brchNm":"본점","indsLclsCd":"I2","indsLclsNm":"음식","indsMclsNm":"한식","indsSclsNm":"국수/칼국수","adongCd":"11350560","adongNm":"월계1동","lnoCd":"1135010200109250000","lnoAdr":"서울특별시 노원구 월계동 925","rdnmAdr":"서울특별시 노원구 광운로 46","bldMngNo":"1135010200109250000019115","bldNm":"대동아파트","flrNo":"1","complex_id":"apt.1135010200109250000","complex_name":"대동아파트"}},{"type":"Feature","id":"sbiz.MA0101202502A0083762","geometry":{"type":"Point","coordinates":[127.060895873015,37.6216087356268]},"properties":{"bizesId":"MA0101202502A0083762","bizesNm":"포레오","indsLclsCd":"I2","indsLclsNm":"음식","indsMclsNm":"서양식","indsSclsNm":"경양식","adongCd":"11350560","adongNm":"월계1동","lnoCd":"1135010200109250000","lnoAdr":"서울특별시 노원구 월계동 925","rdnmAdr":"서울특별시 노원구 광운로 46","bldMngNo":"1135010200109250000019115","bldNm":"대동아파트","flrNo":"1","complex_id":"apt.1135010200109250000","complex_name":"대동아파트"}},{"type":"Feature","id":"sbiz.MA0101202501A0040853","geometry":{"type":"Point","coordinates":[127.060895873015,37.6216087356268]},"properties":{"bizesId":"MA0101202501A0040853","bizesNm":"한강O.A","indsLclsCd":"G2","indsLclsNm":"소매","indsMclsNm":"안경·정밀기기 소매","indsSclsNm":"사무기기 소매업","adongCd":"11350560","adongNm":"월계1동","lnoCd":"1135010200109250000","lnoAdr":"서울특별시 노원구 월계동 925","rdnmAdr":"서울특별시 노원구 광운로 46","bldMngNo":"1135010200109250000019115","bldNm":"대동아파트","complex_id":"apt.1135010200109250000","complex_name":"대동아파트"}},{"type":"Feature","id":"sbiz.MA0101202309A0061981","geometry":{"type":"Point","coordinates":[127.060919608486,37.6229331746889]},"properties":{"bizesId":"MA0101202309A0061981","bizesNm":"스타노래연습장","indsLclsCd":"R1","indsLclsNm":"예술·스포츠","indsMclsNm":"유원지·오락","indsSclsNm":"노래방","adongCd":"11350560","adongNm":"월계1동","lnoCd":"1135010200104110004","lnoAdr":"서울특별시 노원구 월계동 411-4","rdnmAdr":"서울특별시 노원구 석계로 101","bldMngNo":"1135010200104110004019125","bldNm":"북부농협","flrNo":"2"}},{"type":"Feature","id":"sbiz.MA0101202406A0271083","geometry":{"type":"Point","coordinates":[127.060919608486,37.6229331746889]},"properties":{"bizesId":"MA0101202406A0271083","bizesNm":"원데이피티","indsLclsCd":"R1","indsLclsNm":"예술·스포츠","indsMclsNm":"스포츠 서비스","indsSclsNm":"헬스장","adongCd":"11350560","adongNm":"월계1동","lnoCd":"1135010200104110004","lnoAdr":"서울특별시 노원구 월계동 411-4","rdnmAdr":"서울특별시 노원구 석계로 101","bldMngNo":"1135010200104110004019125","bldNm":"북부농협","flrNo":"3"}},{"type":"Feature","id":"sbiz.MA0101202305A0058262","geometry":{"type":"Point","coordinates":[127.060940454325,37.6207167350287]},"properties":{"bizesId":"MA0101202305A0058262","bizesNm":"죠스아이스크림할인점광운대","brchNm":"후문점","indsLclsCd":"G2","indsLclsNm":"소매","indsMclsNm":"종합 소매","indsSclsNm":"슈퍼마켓","adongCd":"11350560","adongNm":"월계1동","lnoCd":"1135010200109430000","lnoAdr":"서울특별시 노원구 월계동 943","rdnmAdr":"서울특별시 노원구 석계로13길 35","bldMngNo":"1135010200109430000019864","bldNm":"세양청마루","flrNo":"1","complex_id":"apt.1135010200109430000","complex_name":"세양청마루아파트"}},{"type":"Feature","id":"sbiz.MA0101202602A0012117","geometry":{"type":"Point","coordinates":[127.060940888237,37.6212483174209]},"properties":{"bizesId":"MA0101202602A0012117","bizesNm":"우우즈","indsLclsCd":"I2","indsLclsNm":"음식","indsMclsNm":"기타 간이","indsSclsNm":"빵/도넛","adongCd":"11350560","adongNm":"월계1동","lnoCd":"1135010200104110016","lnoAdr":"서울특별시 노원구 월계동 411-16","rdnmAdr":"서울특별시 노원구 광운로12길 32","bldMngNo":"1135010200104110016019744","bldNm":"일부","flrNo":"1"}},{"type":"Feature","id":"sbiz.MA0106202201A2214778","geometry":{"type":"Point","coordinates":[127.060953885406,37.6232935518514]},"properties":{"bizesId":"MA0106202201A2214778","bizesNm":"씨제이올리브영광운대역점","indsLclsCd":"G2","indsLclsNm":"소매","indsMclsNm":"기타 상품 소매","indsSclsNm":"그 외 기타 상품 전문 소매업","adongCd":"11350560","adongNm":"월계1동","lnoCd":"1135010200104130001","lnoAdr":"서울특별시 노원구 월계동 413-1","rdnmAdr":"서울특별시 노원구 석계로 102","bldMngNo":"1135010200104130001018696"}},{"type":"Feature","id":"sbiz.MA0101202510A0017488","geometry":{"type":"Point","coordinates":[127.060953885406,37.6232935518514]},"properties":{"bizesId":"MA0101202510A0017488","bizesNm":"맨투맨당구클럽","indsLclsCd":"R1","indsLclsNm":"예술·스포츠","indsMclsNm":"스포츠 서비스","indsSclsNm":"당구장","adongCd":"11350560","adongNm":"월계1동","lnoCd":"1135010200104130001","lnoAdr":"서울특별시 노원구 월계동 413-1","rdnmAdr":"서울특별시 노원구 석계로 102","bldMngNo":"1135010200104130001018696","flrNo":"5"}},{"type":"Feature","id":"sbiz.MA0101202501A0030029","geometry":{"type":"Point","coordinates":[127.060953885406,37.6232935518514]},"properties":{"bizesId":"MA0101202501A0030029","bizesNm":"제로백피씨","brchNm":"광운대점","indsLclsCd":"R1","indsLclsNm":"예술·스포츠","indsMclsNm":"유원지·오락","indsSclsNm":"PC방","adongCd":"11350560","adongNm":"월계1동","lnoCd":"1135010200104130001","lnoAdr":"서울특별시 노원구 월계동 413-1","rdnmAdr":"서울특별시 노원구 석계로 102","bldMngNo":"1135010200104130001018696","bldNm":"주원21빌딩","flrNo":"1"}},{"type":"Feature","id":"sbiz.MA0101202410A0315431","geometry":{"type":"Point","coordinates":[127.060953885406,37.6232935518514]},"properties":{"bizesId":"MA0101202410A0315431","bizesNm":"라임치과","indsLclsCd":"Q1","indsLclsNm":"보건의료","indsMclsNm":"의원","indsSclsNm":"치과의원","adongCd":"11350560","adongNm":"월계1동","lnoCd":"1135010200104130001","lnoAdr":"서울특별시 노원구 월계동 413-1","rdnmAdr":"서울특별시 노원구 석계로 102","bldMngNo":"1135010200104130001018696","bldNm":"주원타워","flrNo":"3"}},{"type":"Feature","id":"sbiz.MA0101202410A0283268","geometry":{"type":"Point","coordinates":[127.060953885406,37.6232935518514]},"properties":{"bizesId":"MA0101202410A0283268","bizesNm":"월계수한의원","indsLclsCd":"Q1","indsLclsNm":"보건의료","indsMclsNm":"의원","indsSclsNm":"한의원","adongCd":"11350560","adongNm":"월계1동","lnoCd":"1135010200104130001","lnoAdr":"서울특별시 노원구 월계동 413-1","rdnmAdr":"서울특별시 노원구 석계로 102","bldMngNo":"1135010200104130001018696","flrNo":"2"}},{"type":"Feature","id":"sbiz.MA0101202311A0063344","geometry":{"type":"Point","coordinates":[127.061056003356,37.6235007260936]},"properties":{"bizesId":"MA0101202311A0063344","bizesNm":"꽃님맥주","indsLclsCd":"I2","indsLclsNm":"음식","indsMclsNm":"주점","indsSclsNm":"생맥주 전문","adongCd":"11350560","adongNm":"월계1동","lnoCd":"1135010200104140002","lnoAdr":"서울특별시 노원구 월계동 414-2","rdnmAdr":"서울특별시 노원구 석계로 98-1","bldMngNo":"1135010200104140002018027","flrNo":"2"}},{"type":"Feature","id":"sbiz.MA0101202504A0072181","geometry":{"type":"Point","coordinates":[127.061056003356,37.6235007260936]},"properties":{"bizesId":"MA0101202504A0072181","bizesNm":"광운케어약국","indsLclsCd":"G2","indsLclsNm":"소매","indsMclsNm":"의약·화장품 소매","indsSclsNm":"약국","adongCd":"11350560","adongNm":"월계1동","lnoCd":"1135010200104140002","lnoAdr":"서울특별시 노원구 월계동 414-2","rdnmAdr":"서울특별시 노원구 석계로 98-1","bldMngNo":"1135010200104140002018027","flrNo":"1"}},{"type":"Feature","id":"sbiz.MA0101202504A0072250","geometry":{"type":"Point","coordinates":[127.061056003356,37.6235007260936]},"properties":{"bizesId":"MA0101202504A0072250","bizesNm":"노원뉴하트내과의원","indsLclsCd":"Q1","indsLclsNm":"보건의료","indsMclsNm":"의원","indsSclsNm":"내과/소아과 의원","adongCd":"11350560","adongNm":"월계1동","lnoCd":"1135010200104140002","lnoAdr":"서울특별시 노원구 월계동 414-2","rdnmAdr":"서울특별시 노원구 석계로 98-1","bldMngNo":"1135010200104140002018027","flrNo":"4"}},{"type":"Feature","id":"sbiz.MA0101202501A0020611","geometry":{"type":"Point","coordinates":[127.061056003356,37.6235007260936]},"properties":{"bizesId":"MA0101202501A0020611","bizesNm":"수유리닭집광운대역점","indsLclsCd":"I2","indsLclsNm":"음식","indsMclsNm":"기타 간이","indsSclsNm":"치킨","adongCd":"11350560","adongNm":"월계1동","lnoCd":"1135010200104140002","lnoAdr":"서울특별시 노원구 월계동 414-2","rdnmAdr":"서울특별시 노원구 석계로 98-1","bldMngNo":"1135010200104140002018027","bldNm":"우남빌딩","flrNo":"1"}},{"type":"Feature","id":"sbiz.MA0101202409A0227365","geometry":{"type":"Point","coordinates":[127.061099477765,37.6212572452866]},"properties":{"bizesId":"MA0101202409A0227365","bizesNm":"세븐일레븐광운대","brchNm":"후문점","indsLclsCd":"G2","indsLclsNm":"소매","indsMclsNm":"종합 소매","indsSclsNm":"편의점","adongCd":"11350560","adongNm":"월계1동","lnoCd":"1135010200104110013","lnoAdr":"서울특별시 노원구 월계동 411-13","rdnmAdr":"서울특별시 노원구 석계로13길 48","bldMngNo":"1135010200104110013019224","flrNo":"1"}},{"type":"Feature","id":"sbiz.MA0101202406A0002390","geometry":{"type":"Point","coordinates":[127.061168799873,37.6229150260324]},"properties":{"bizesId":"MA0101202406A0002390","bizesNm":"아리랑캐롬클럽","indsLclsCd":"R1","indsLclsNm":"예술·스포츠","indsMclsNm":"스포츠 서비스","indsSclsNm":"당구장","adongCd":"11350560","adongNm":"월계1동","lnoCd":"1135010200104110053","lnoAdr":"서울특별시 노원구 월계동 411-53","rdnmAdr":"서울특별시 노원구 석계로 95","bldMngNo":"1135010200104110053019706","flrNo":"5"}},{"type":"Feature","id":"sbiz.MA0101202406A0453559","geometry":{"type":"Point","coordinates":[127.061168799873,37.6229150260324]},"properties":{"bizesId":"MA0101202406A0453559","bizesNm":"마따리아","indsLclsCd":"G2","indsLclsNm":"소매","indsMclsNm":"음료 소매","indsSclsNm":"생수/음료 소매업","adongCd":"11350560","adongNm":"월계1동","lnoCd":"1135010200104110053","lnoAdr":"서울특별시 노원구 월계동 411-53","rdnmAdr":"서울특별시 노원구 석계로 95","bldMngNo":"1135010200104110053019706","bldNm":"성북빌딩","flrNo":"2"}},{"type":"Feature","id":"sbiz.MA0101202510A0024755","geometry":{"type":"Point","coordinates":[127.061168799873,37.6229150260324]},"properties":{"bizesId":"MA0101202510A0024755","bizesNm":"포커스앤케어","indsLclsCd":"M1","indsLclsNm":"과학·기술","indsMclsNm":"본사·경영 컨설팅","indsSclsNm":"경영 컨설팅업","adongCd":"11350560","adongNm":"월계1동","lnoCd":"1135010200104110053","lnoAdr":"서울특별시 노원구 월계동 411-53","rdnmAdr":"서울특별시 노원구 석계로 95","bldMngNo":"1135010200104110053019706","bldNm":"성북빌딩"}},{"type":"Feature","id":"sbiz.MA0101202510A0022197","geometry":{"type":"Point","coordinates":[127.061168799873,37.6229150260324]},"properties":{"bizesId":"MA0101202510A0022197","bizesNm":"포토이즘박스","brchNm":"광운대점","indsLclsCd":"M1","indsLclsNm":"과학·기술","indsMclsNm":"사진 촬영","indsSclsNm":"사진촬영업","adongCd":"11350560","adongNm":"월계1동","lnoCd":"1135010200104110053","lnoAdr":"서울특별시 노원구 월계동 411-53","rdnmAdr":"서울특별시 노원구 석계로 95","bldMngNo":"1135010200104110053019706","bldNm":"성북빌딩","flrNo":"1"}},{"type":"Feature","id":"sbiz.MA0101202410A0314365","geometry":{"type":"Point","coordinates":[127.061168799873,37.6229150260324]},"properties":{"bizesId":"MA0101202410A0314365","bizesNm":"김희섭의원","indsLclsCd":"Q1","indsLclsNm":"보건의료","indsMclsNm":"의원","indsSclsNm":"내과/소아과 의원","adongCd":"11350560","adongNm":"월계1동","lnoCd":"1135010200104110053","lnoAdr":"서울특별시 노원구 월계동 411-53","rdnmAdr":"서울특별시 노원구 석계로 95","bldMngNo":"1135010200104110053019706","bldNm":"성북빌딩","flrNo":"4"}},{"type":"Feature","id":"sbiz.MA0101202410A0283086","geometry":{"type":"Point","coordinates":[127.061168799873,37.6229150260324]},"properties":{"bizesId":"MA0101202410A0283086","bizesNm":"행운인력공사","indsLclsCd":"N1","indsLclsNm":"시설관리·임대","indsMclsNm":"고용 알선","indsSclsNm":"고용 알선업","adongCd":"11350560","adongNm":"월계1동","lnoCd":"1135010200104110053","lnoAdr":"서울특별시 노원구 월계동 411-53","rdnmAdr":"서울특별시 노원구 석계로 95","bldMngNo":"1135010200104110053019706","bldNm":"성북빌딩"}},{"type":"Feature","id":"sbiz.MA0101202307A0058355","geometry":{"type":"Point","coordinates":[127.061180156958,37.6229510596319]},"properties":{"bizesId":"MA0101202307A0058355","bizesNm":"스마일돈까스","indsLclsCd":"I2","indsLclsNm":"음식","indsMclsNm":"서양식","indsSclsNm":"경양식","adongCd":"11350560","adongNm":"월계1동","lnoCd":"1135010200104110053","lnoAdr":"서울특별시 노원구 월계동 411-53","rdnmAdr":"서울특별시 노원구 석계로 95","bldMngNo":"1135010200104110053019706","bldNm":"성북빌딩","flrNo":"1"}},{"type":"Feature","id":"sbiz.MA0101202303A0109466","geometry":{"type":"Point","coordinates":[127.061180156958,37.6229510596319]},"properties":{"bizesId":"MA0101202303A0109466","bizesNm":"젠틀M헤어","indsLclsCd":"S2","indsLclsNm":"수리·개인","indsMclsNm":"이용·미용","indsSclsNm":"미용실","adongCd":"11350560","adongNm":"월계1동","lnoCd":"1135010200104110053","lnoAdr":"서울특별시 노원구 월계동 411-53","rdnmAdr":"서울특별시 노원구 석계로 95","bldMngNo":"1135010200104110053019706","bldNm":"성북빌딩","flrNo":"1"}},{"type":"Feature","id":"sbiz.MA0101202502A0000154","geometry":{"type":"Point","coordinates":[127.061180156958,37.6229510596319]},"properties":{"bizesId":"MA0101202502A0000154","bizesNm":"파이트포왓광운대주짓수","indsLclsCd":"P1","indsLclsNm":"교육","indsMclsNm":"기타 교육","indsSclsNm":"태권도/무술학원","adongCd":"11350560","adongNm":"월계1동","lnoCd":"1135010200104110053","lnoAdr":"서울특별시 노원구 월계동 411-53","rdnmAdr":"서울특별시 노원구 석계로 95","bldMngNo":"1135010200104110053019706","bldNm":"성북빌딩","flrNo":"3"}},{"type":"Feature","id":"sbiz.MA0101202505A0039420","geometry":{"type":"Point","coordinates":[127.061231370852,37.6163377834323]},"properties":{"bizesId":"MA0101202505A0039420","bizesNm":"한국기업","indsLclsCd":"M1","indsLclsNm":"과학·기술","indsMclsNm":"본사·경영 컨설팅","indsSclsNm":"경영 컨설팅업","adongCd":"11350560","adongNm":"월계1동","lnoCd":"1135010200104360000","lnoAdr":"서울특별시 노원구 월계동 436","rdnmAdr":"서울특별시 노원구 광운로2나길 30","bldMngNo":"1135010200104830000019245","bldNm":"동신아파트","flrNo":"3","complex_id":"apt.1135010200104830000","complex_name":"동신아파트"}},{"type":"Feature","id":"sbiz.MA0101202601A0000022","geometry":{"type":"Point","coordinates":[127.061347789896,37.620175931424]},"properties":{"bizesId":"MA0101202601A0000022","bizesNm":"후문식당","indsLclsCd":"I2","indsLclsNm":"음식","indsMclsNm":"기타 간이","indsSclsNm":"김밥/만두/분식","adongCd":"11350560","adongNm":"월계1동","lnoCd":"1135010200104290005","lnoAdr":"서울특별시 노원구 월계동 429-5","rdnmAdr":"서울특별시 노원구 석계로13길 25-1","bldMngNo":"1135010200104290005019271","bldNm":"명칭없음","flrNo":"1"}},{"type":"Feature","id":"sbiz.MA0101202406A0438602","geometry":{"type":"Point","coordinates":[127.061551559461,37.6200316672927]},"properties":{"bizesId":"MA0101202406A0438602","bizesNm":"반올림피자월계점","indsLclsCd":"I2","indsLclsNm":"음식","indsMclsNm":"기타 간이","indsSclsNm":"피자","adongCd":"11350560","adongNm":"월계1동","lnoCd":"1135010200104290043","lnoAdr":"서울특별시 노원구 월계동 429-43","rdnmAdr":"서울특별시 노원구 석계로13길 23-5","bldMngNo":"1135010200104290043019276","bldNm":"상가전체조경빌","flrNo":"1"}},{"type":"Feature","id":"sbiz.MA0106202408A0426243","geometry":{"type":"Point","coordinates":[127.061563035159,37.6202118588292]},"properties":{"bizesId":"MA0106202408A0426243","bizesNm":"매머드익스프레스광운대","brchNm":"후문점","indsLclsCd":"I2","indsLclsNm":"음식","indsMclsNm":"비알코올 ","indsSclsNm":"카페","adongCd":"11350560","adongNm":"월계1동","lnoCd":"1135010200104290006","lnoAdr":"서울특별시 노원구 월계동 429-6","rdnmAdr":"서울특별시 노원구 석계로13길 23","bldMngNo":"1135010200104290006019750"}},{"type":"Feature","id":"sbiz.MA0101202406A0552120","geometry":{"type":"Point","coordinates":[127.061769256913,37.6230318415724]},"properties":{"bizesId":"MA0101202406A0552120","bizesNm":"페달링노원지점","indsLclsCd":"S2","indsLclsNm":"수리·개인","indsMclsNm":"기타 가정용품 수리","indsSclsNm":"그 외 기타 개인/가정용품 수리업","adongCd":"11350560","adongNm":"월계1동","lnoCd":"1135010200100850000","lnoAdr":"서울특별시 노원구 월계동 85","rdnmAdr":"서울특별시 노원구 석계로 98-2","bldMngNo":"1135010200100850000000039","bldNm":"스타트업스테이션","flrNo":"3"}},{"type":"Feature","id":"sbiz.MA0101202406A0348186","geometry":{"type":"Point","coordinates":[127.061779719566,37.6219866908876]},"properties":{"bizesId":"MA0101202406A0348186","bizesNm":"용기사식당","indsLclsCd":"I2","indsLclsNm":"음식","indsMclsNm":"한식","indsSclsNm":"백반/한정식","adongCd":"11350560","adongNm":"월계1동","lnoCd":"1135010200109260000","lnoAdr":"서울특별시 노원구 월계동 926","rdnmAdr":"서울특별시 노원구 석계로15길 25","bldMngNo":"1135010200109260000019688","bldNm":"월계한일1차","complex_id":"apt.1135010200109260000","complex_name":"월계1차한일아파트"}},{"type":"Feature","id":"sbiz.MA0101202406A0118260","geometry":{"type":"Point","coordinates":[127.061779719566,37.6219866908876]},"properties":{"bizesId":"MA0101202406A0118260","bizesNm":"광운스테이","indsLclsCd":"I1","indsLclsNm":"숙박","indsMclsNm":"기타 숙박","indsSclsNm":"기숙사/고시원","adongCd":"11350560","adongNm":"월계1동","lnoCd":"1135010200109260000","lnoAdr":"서울특별시 노원구 월계동 926","rdnmAdr":"서울특별시 노원구 석계로15길 25","bldMngNo":"1135010200109260000019688","bldNm":"월계한일1차","flrNo":"2","complex_id":"apt.1135010200109260000","complex_name":"월계1차한일아파트"}},{"type":"Feature","id":"sbiz.MA0101202406A0014591","geometry":{"type":"Point","coordinates":[127.062545990437,37.6172200623395]},"properties":{"bizesId":"MA0101202406A0014591","bizesNm":"디픽트","indsLclsCd":"S2","indsLclsNm":"수리·개인","indsMclsNm":"이용·미용","indsSclsNm":"피부 관리실","adongCd":"11350560","adongNm":"월계1동","lnoCd":"1135010200109290000","lnoAdr":"서울특별시 노원구 월계동 929","rdnmAdr":"서울특별시 노원구 석계로 49","bldMngNo":"1135010200109290000019672","bldNm":"현대아파트","flrNo":"2","complex_id":"apt.1135010200109290000","complex_name":"현대아파트"}},{"type":"Feature","id":"sbiz.MA0101202305A0070349","geometry":{"type":"Point","coordinates":[127.062545990437,37.6172200623395]},"properties":{"bizesId":"MA0101202305A0070349","bizesNm":"김선생수학교습소","indsLclsCd":"P1","indsLclsNm":"교육","indsMclsNm":"일반 교육","indsSclsNm":"입시·교과학원","adongCd":"11350560","adongNm":"월계1동","lnoCd":"1135010200109290000","lnoAdr":"서울특별시 노원구 월계동 929","rdnmAdr":"서울특별시 노원구 석계로 49","bldMngNo":"1135010200109290000019672","bldNm":"현대아파트","flrNo":"3","complex_id":"apt.1135010200109290000","complex_name":"현대아파트"}},{"type":"Feature","id":"sbiz.MA0101202603A0009228","geometry":{"type":"Point","coordinates":[127.062545990437,37.6172200623395]},"properties":{"bizesId":"MA0101202603A0009228","bizesNm":"철수네이발관","indsLclsCd":"S2","indsLclsNm":"수리·개인","indsMclsNm":"이용·미용","indsSclsNm":"미용실","adongCd":"11350560","adongNm":"월계1동","lnoCd":"1135010200109290000","lnoAdr":"서울특별시 노원구 월계동 929","rdnmAdr":"서울특별시 노원구 석계로 49","bldMngNo":"1135010200109290000019672","bldNm":"현대아파트","complex_id":"apt.1135010200109290000","complex_name":"현대아파트"}},{"type":"Feature","id":"sbiz.MA0101202511A0010632","geometry":{"type":"Point","coordinates":[127.062545990437,37.6172200623395]},"properties":{"bizesId":"MA0101202511A0010632","bizesNm":"두랩스노원월계점","indsLclsCd":"S2","indsLclsNm":"수리·개인","indsMclsNm":"이용·미용","indsSclsNm":"미용실","adongCd":"11350560","adongNm":"월계1동","lnoCd":"1135010200109290000","lnoAdr":"서울특별시 노원구 월계동 929","rdnmAdr":"서울특별시 노원구 석계로 49","bldMngNo":"1135010200109290000019672","bldNm":"현대아파트","complex_id":"apt.1135010200109290000","complex_name":"현대아파트"}},{"type":"Feature","id":"sbiz.MA0101202410A0521841","geometry":{"type":"Point","coordinates":[127.062545990437,37.6172200623395]},"properties":{"bizesId":"MA0101202410A0521841","bizesNm":"포커스독서실","indsLclsCd":"R1","indsLclsNm":"예술·스포츠","indsMclsNm":"도서관·사적지","indsSclsNm":"독서실/스터디 카페","adongCd":"11350560","adongNm":"월계1동","lnoCd":"1135010200109290000","lnoAdr":"서울특별시 노원구 월계동 929","rdnmAdr":"서울특별시 노원구 석계로 49","bldMngNo":"1135010200109290000019672","bldNm":"현대아파트","complex_id":"apt.1135010200109290000","complex_name":"현대아파트"}},{"type":"Feature","id":"sbiz.MA0101202410A0316220","geometry":{"type":"Point","coordinates":[127.062545990437,37.6172200623395]},"properties":{"bizesId":"MA0101202410A0316220","bizesNm":"예원음악교습소","indsLclsCd":"P1","indsLclsNm":"교육","indsMclsNm":"기타 교육","indsSclsNm":"음악학원","adongCd":"11350560","adongNm":"월계1동","lnoCd":"1135010200109290000","lnoAdr":"서울특별시 노원구 월계동 929","rdnmAdr":"서울특별시 노원구 석계로 49","bldMngNo":"1135010200109290000019672","bldNm":"현대아파트","flrNo":"2","complex_id":"apt.1135010200109290000","complex_name":"현대아파트"}},{"type":"Feature","id":"sbiz.MA0101202410A0744684","geometry":{"type":"Point","coordinates":[127.062545990437,37.6172200623395]},"properties":{"bizesId":"MA0101202410A0744684","bizesNm":"아트앤아트미술교습소","indsLclsCd":"P1","indsLclsNm":"교육","indsMclsNm":"기타 교육","indsSclsNm":"미술학원","adongCd":"11350560","adongNm":"월계1동","lnoCd":"1135010200109290000","lnoAdr":"서울특별시 노원구 월계동 929","rdnmAdr":"서울특별시 노원구 석계로 49","bldMngNo":"1135010200109290000019672","bldNm":"현대아파트","flrNo":"2","complex_id":"apt.1135010200109290000","complex_name":"현대아파트"}},{"type":"Feature","id":"sbiz.MA0101202305A0170091","geometry":{"type":"Point","coordinates":[127.062546005531,37.6172380820926]},"properties":{"bizesId":"MA0101202305A0170091","bizesNm":"매일농산","indsLclsCd":"G2","indsLclsNm":"소매","indsMclsNm":"종합 소매","indsSclsNm":"슈퍼마켓","adongCd":"11350560","adongNm":"월계1동","lnoCd":"1135010200109290000","lnoAdr":"서울특별시 노원구 월계동 929","rdnmAdr":"서울특별시 노원구 석계로 49","bldMngNo":"1135010200109290000019672","bldNm":"현대아파트","flrNo":"1","complex_id":"apt.1135010200109290000","complex_name":"현대아파트"}},{"type":"Feature","id":"sbiz.MA0101202305A0198795","geometry":{"type":"Point","coordinates":[127.062546005531,37.6172380820926]},"properties":{"bizesId":"MA0101202305A0198795","bizesNm":"새별행정사사무소","indsLclsCd":"M1","indsLclsNm":"과학·기술","indsMclsNm":"법무관련 ","indsSclsNm":"행정사","adongCd":"11350560","adongNm":"월계1동","lnoCd":"1135010200109290000","lnoAdr":"서울특별시 노원구 월계동 929","rdnmAdr":"서울특별시 노원구 석계로 49","bldMngNo":"1135010200109290000019672","bldNm":"현대아파트","complex_id":"apt.1135010200109290000","complex_name":"현대아파트"}},{"type":"Feature","id":"sbiz.MA0101202507A0025921","geometry":{"type":"Point","coordinates":[127.062546005531,37.6172380820926]},"properties":{"bizesId":"MA0101202507A0025921","bizesNm":"아이스짱월계점","indsLclsCd":"G2","indsLclsNm":"소매","indsMclsNm":"종합 소매","indsSclsNm":"슈퍼마켓","adongCd":"11350560","adongNm":"월계1동","lnoCd":"1135010200109290000","lnoAdr":"서울특별시 노원구 월계동 929","rdnmAdr":"서울특별시 노원구 석계로 49","bldMngNo":"1135010200109290000019672","bldNm":"현대아파트","flrNo":"1","complex_id":"apt.1135010200109290000","complex_name":"현대아파트"}},{"type":"Feature","id":"sbiz.MA0101202507A0016794","geometry":{"type":"Point","coordinates":[127.062605547504,37.6207068534933]},"properties":{"bizesId":"MA0101202507A0016794","bizesNm":"빨래하는날","indsLclsCd":"S2","indsLclsNm":"수리·개인","indsMclsNm":"세탁","indsSclsNm":"세탁소","adongCd":"11350560","adongNm":"월계1동","lnoCd":"1135010200104280002","lnoAdr":"서울특별시 노원구 월계동 428-2","rdnmAdr":"서울특별시 노원구 석계로 67","bldMngNo":"1135010200104280002019175","flrNo":"1"}},{"type":"Feature","id":"sbiz.MA0101202409A0041510","geometry":{"type":"Point","coordinates":[127.062636173115,37.6167064512931]},"properties":{"bizesId":"MA0101202409A0041510","bizesNm":"모모","indsLclsCd":"I2","indsLclsNm":"음식","indsMclsNm":"비알코올 ","indsSclsNm":"카페","adongCd":"11350560","adongNm":"월계1동","lnoCd":"1135010200104350011","lnoAdr":"서울특별시 노원구 월계동 435-11","rdnmAdr":"서울특별시 노원구 석계로9길 33","bldMngNo":"1135010200104350011020201","bldNm":"가운데상가","flrNo":"1"}},{"type":"Feature","id":"sbiz.MA0101202409A0251809","geometry":{"type":"Point","coordinates":[127.062704019268,37.6165712670405]},"properties":{"bizesId":"MA0101202409A0251809","bizesNm":"윤가네야채과일","indsLclsCd":"G2","indsLclsNm":"소매","indsMclsNm":"식료품 소매","indsSclsNm":"채소/과일 소매업","adongCd":"11350560","adongNm":"월계1동","lnoCd":"1135010200104850013","lnoAdr":"서울특별시 노원구 월계동 485-13","rdnmAdr":"서울특별시 노원구 석계로11길 45","bldMngNo":"1135010200104850013020001","bldNm":"중앙상가","flrNo":"1"}},{"type":"Feature","id":"sbiz.MA0101202505A0072495","geometry":{"type":"Point","coordinates":[127.062707333513,37.6205175920651]},"properties":{"bizesId":"MA0101202505A0072495","bizesNm":"지에스25광운","brchNm":"로드점","indsLclsCd":"G2","indsLclsNm":"소매","indsMclsNm":"종합 소매","indsSclsNm":"편의점","adongCd":"11350560","adongNm":"월계1동","lnoCd":"1135010200104290009","lnoAdr":"서울특별시 노원구 월계동 429-9","rdnmAdr":"서울특별시 노원구 석계로 65","bldMngNo":"1135010200104290009019129"}},{"type":"Feature","id":"sbiz.MA0101202410A0315242","geometry":{"type":"Point","coordinates":[127.06278352507,37.6168325113258]},"properties":{"bizesId":"MA0101202410A0315242","bizesNm":"김경미논술국어교습소","indsLclsCd":"P1","indsLclsNm":"교육","indsMclsNm":"일반 교육","indsSclsNm":"입시·교과학원","adongCd":"11350560","adongNm":"월계1동","lnoCd":"1135010200104350010","lnoAdr":"서울특별시 노원구 월계동 435-10","rdnmAdr":"서울특별시 노원구 석계로9길 29","bldMngNo":"1135010200104350010019483","flrNo":"2"}},{"type":"Feature","id":"sbiz.MA0101202406A0179655","geometry":{"type":"Point","coordinates":[127.062831780904,37.6203373283549]},"properties":{"bizesId":"MA0101202406A0179655","bizesNm":"월계돈","indsLclsCd":"I2","indsLclsNm":"음식","indsMclsNm":"한식","indsSclsNm":"백반/한정식","adongCd":"11350560","adongNm":"월계1동","lnoCd":"1135010200104290075","lnoAdr":"서울특별시 노원구 월계동 429-75","rdnmAdr":"서울특별시 노원구 석계로 63","bldMngNo":"1135010200104290075019793","flrNo":"1"}},{"type":"Feature","id":"sbiz.MA0101202410A0318632","geometry":{"type":"Point","coordinates":[127.062873849792,37.6164900877429]},"properties":{"bizesId":"MA0101202410A0318632","bizesNm":"하나로축산","indsLclsCd":"G2","indsLclsNm":"소매","indsMclsNm":"식료품 소매","indsSclsNm":"정육점","adongCd":"11350560","adongNm":"월계1동","lnoCd":"1135010200104860009","lnoAdr":"서울특별시 노원구 월계동 486-9","rdnmAdr":"서울특별시 노원구 석계로3길 38","bldMngNo":"1135010200104860009019516","flrNo":"1"}},{"type":"Feature","id":"sbiz.MA0101202410A0023950","geometry":{"type":"Point","coordinates":[127.062930869929,37.6169495612946]},"properties":{"bizesId":"MA0101202410A0023950","bizesNm":"연세미치과이미금","indsLclsCd":"Q1","indsLclsNm":"보건의료","indsMclsNm":"의원","indsSclsNm":"치과의원","adongCd":"11350560","adongNm":"월계1동","lnoCd":"1135010200104350009","lnoAdr":"서울특별시 노원구 월계동 435-9","rdnmAdr":"서울특별시 노원구 석계로9길 25","bldMngNo":"1135010200104350009019471","bldNm":"연세미치과","flrNo":"2"}},{"type":"Feature","id":"sbiz.MA0101202410A0316259","geometry":{"type":"Point","coordinates":[127.06307821525,37.6170666110766]},"properties":{"bizesId":"MA0101202410A0316259","bizesNm":"경희김영환한의원","indsLclsCd":"Q1","indsLclsNm":"보건의료","indsMclsNm":"의원","indsSclsNm":"한의원","adongCd":"11350560","adongNm":"월계1동","lnoCd":"1135010200104350008","lnoAdr":"서울특별시 노원구 월계동 435-8","rdnmAdr":"서울특별시 노원구 석계로9길 21","bldMngNo":"1135010200104350008020000","bldNm":"제","flrNo":"1"}},{"type":"Feature","id":"sbiz.MA0101202409A0109030","geometry":{"type":"Point","coordinates":[127.063122920182,37.6163548065495]},"properties":{"bizesId":"MA0101202409A0109030","bizesNm":"미남떡볶이","indsLclsCd":"I2","indsLclsNm":"음식","indsMclsNm":"기타 간이","indsSclsNm":"김밥/만두/분식","adongCd":"11350560","adongNm":"월계1동","lnoCd":"1135010200100680027","lnoAdr":"서울특별시 노원구 월계동 68-27","rdnmAdr":"서울특별시 노원구 석계로3길 32","bldMngNo":"1135010200100680027019787","flrNo":"1"}},{"type":"Feature","id":"sbiz.MA0101202406A0516902","geometry":{"type":"Point","coordinates":[127.063236880082,37.6171746447262]},"properties":{"bizesId":"MA0101202406A0516902","bizesNm":"하남돼지집석계점","indsLclsCd":"I2","indsLclsNm":"음식","indsMclsNm":"한식","indsSclsNm":"돼지고기 구이/찜","adongCd":"11350560","adongNm":"월계1동","lnoCd":"1135010200100740010","lnoAdr":"서울특별시 노원구 월계동 74-10","rdnmAdr":"서울특별시 노원구 석계로9길 17","bldMngNo":"1135010200100740010019999","flrNo":"1"}},{"type":"Feature","id":"sbiz.MA0101202410A0500327","geometry":{"type":"Point","coordinates":[127.063236880082,37.6171746447262]},"properties":{"bizesId":"MA0101202410A0500327","bizesNm":"피아올린음악학원","indsLclsCd":"P1","indsLclsNm":"교육","indsMclsNm":"기타 교육","indsSclsNm":"음악학원","adongCd":"11350560","adongNm":"월계1동","lnoCd":"1135010200100740010","lnoAdr":"서울특별시 노원구 월계동 74-10","rdnmAdr":"서울특별시 노원구 석계로9길 17","bldMngNo":"1135010200100740010019999","flrNo":"2"}},{"type":"Feature","id":"sbiz.MA0101202311A0034382","geometry":{"type":"Point","coordinates":[127.06329274212,37.6162646167691]},"properties":{"bizesId":"MA0101202311A0034382","bizesNm":"남송닭집","indsLclsCd":"G2","indsLclsNm":"소매","indsMclsNm":"식료품 소매","indsSclsNm":"정육점","adongCd":"11350560","adongNm":"월계1동","lnoCd":"1135010200100680030","lnoAdr":"서울특별시 노원구 월계동 68-30","rdnmAdr":"서울특별시 노원구 석계로3길 30","bldMngNo":"1135010200100680030019531","flrNo":"1"}},{"type":"Feature","id":"sbiz.MA0101202309A0087991","geometry":{"type":"Point","coordinates":[127.06329274212,37.6162646167691]},"properties":{"bizesId":"MA0101202309A0087991","bizesNm":"데이롱카페석계역점","indsLclsCd":"I2","indsLclsNm":"음식","indsMclsNm":"비알코올 ","indsSclsNm":"카페","adongCd":"11350560","adongNm":"월계1동","lnoCd":"1135010200100680030","lnoAdr":"서울특별시 노원구 월계동 68-30","rdnmAdr":"서울특별시 노원구 석계로3길 30","bldMngNo":"1135010200100680030019531","bldNm":"좌측호","flrNo":"1"}},{"type":"Feature","id":"sbiz.MA0101202406A0019733","geometry":{"type":"Point","coordinates":[127.063394130243,37.615615850809]},"properties":{"bizesId":"MA0101202406A0019733","bizesNm":"빛나리노래연습장","indsLclsCd":"R1","indsLclsNm":"예술·스포츠","indsMclsNm":"유원지·오락","indsSclsNm":"노래방","adongCd":"11350560","adongNm":"월계1동","lnoCd":"1135010200100540001","lnoAdr":"서울특별시 노원구 월계동 54-1","rdnmAdr":"서울특별시 노원구 석계로1길 22","bldMngNo":"1135010200100540001019608","bldNm":"흥우빌딩"}},{"type":"Feature","id":"sbiz.MA0101202311A0005253","geometry":{"type":"Point","coordinates":[127.063394130243,37.615615850809]},"properties":{"bizesId":"MA0101202311A0005253","bizesNm":"김태희한의원","indsLclsCd":"Q1","indsLclsNm":"보건의료","indsMclsNm":"의원","indsSclsNm":"한의원","adongCd":"11350560","adongNm":"월계1동","lnoCd":"1135010200100540001","lnoAdr":"서울특별시 노원구 월계동 54-1","rdnmAdr":"서울특별시 노원구 석계로1길 22","bldMngNo":"1135010200100540001019608"}},{"type":"Feature","id":"sbiz.MA0101202307A0055346","geometry":{"type":"Point","coordinates":[127.063394130243,37.615615850809]},"properties":{"bizesId":"MA0101202307A0055346","bizesNm":"행복한밥상","indsLclsCd":"I2","indsLclsNm":"음식","indsMclsNm":"한식","indsSclsNm":"백반/한정식","adongCd":"11350560","adongNm":"월계1동","lnoCd":"1135010200100540001","lnoAdr":"서울특별시 노원구 월계동 54-1","rdnmAdr":"서울특별시 노원구 석계로1길 22","bldMngNo":"1135010200100540001019608","bldNm":"흥우빌딩","flrNo":"2"}},{"type":"Feature","id":"sbiz.MA0101202305A0104327","geometry":{"type":"Point","coordinates":[127.063394130243,37.615615850809]},"properties":{"bizesId":"MA0101202305A0104327","bizesNm":"준스터디카페","indsLclsCd":"R1","indsLclsNm":"예술·스포츠","indsMclsNm":"도서관·사적지","indsSclsNm":"독서실/스터디 카페","adongCd":"11350560","adongNm":"월계1동","lnoCd":"1135010200100540001","lnoAdr":"서울특별시 노원구 월계동 54-1","rdnmAdr":"서울특별시 노원구 석계로1길 22","bldMngNo":"1135010200100540001019608","bldNm":"흥우빌딩","flrNo":"8"}},{"type":"Feature","id":"sbiz.MA0101202601A0003872","geometry":{"type":"Point","coordinates":[127.063394130243,37.615615850809]},"properties":{"bizesId":"MA0101202601A0003872","bizesNm":"사이버케이에이비","indsLclsCd":"P1","indsLclsNm":"교육","indsMclsNm":"교육 지원","indsSclsNm":"교육컨설팅업","adongCd":"11350560","adongNm":"월계1동","lnoCd":"1135010200100540001","lnoAdr":"서울특별시 노원구 월계동 54-1","rdnmAdr":"서울특별시 노원구 석계로1길 22","bldMngNo":"1135010200100540001019608","bldNm":"흥우빌딩"}},{"type":"Feature","id":"sbiz.MA0101202603A0015830","geometry":{"type":"Point","coordinates":[127.063394130243,37.615615850809]},"properties":{"bizesId":"MA0101202603A0015830","bizesNm":"다온","indsLclsCd":"G2","indsLclsNm":"소매","indsMclsNm":"식료품 소매","indsSclsNm":"수산물 소매업","adongCd":"11350560","adongNm":"월계1동","lnoCd":"1135010200100540001","lnoAdr":"서울특별시 노원구 월계동 54-1","rdnmAdr":"서울특별시 노원구 석계로1길 22","bldMngNo":"1135010200100540001019608","flrNo":"1"}},{"type":"Feature","id":"sbiz.MA0101202503A0027575","geometry":{"type":"Point","coordinates":[127.063394130243,37.615615850809]},"properties":{"bizesId":"MA0101202503A0027575","bizesNm":"썬파닭","brchNm":"노원점","indsLclsCd":"I2","indsLclsNm":"음식","indsMclsNm":"기타 간이","indsSclsNm":"치킨","adongCd":"11350560","adongNm":"월계1동","lnoCd":"1135010200100540001","lnoAdr":"서울특별시 노원구 월계동 54-1","rdnmAdr":"서울특별시 노원구 석계로1길 22","bldMngNo":"1135010200100540001019608","bldNm":"흥우빌딩","flrNo":"1"}},{"type":"Feature","id":"sbiz.MA0101202410A0315635","geometry":{"type":"Point","coordinates":[127.063394130243,37.615615850809]},"properties":{"bizesId":"MA0101202410A0315635","bizesNm":"뮤직피플실용음악학원","indsLclsCd":"P1","indsLclsNm":"교육","indsMclsNm":"기타 교육","indsSclsNm":"음악학원","adongCd":"11350560","adongNm":"월계1동","lnoCd":"1135010200100540001","lnoAdr":"서울특별시 노원구 월계동 54-1","rdnmAdr":"서울특별시 노원구 석계로1길 22","bldMngNo":"1135010200100540001019608","bldNm":"흥우빌딩"}},{"type":"Feature","id":"sbiz.MA0101202410A0314641","geometry":{"type":"Point","coordinates":[127.063394130243,37.615615850809]},"properties":{"bizesId":"MA0101202410A0314641","bizesNm":"한국UPi학원","indsLclsCd":"P1","indsLclsNm":"교육","indsMclsNm":"일반 교육","indsSclsNm":"입시·교과학원","adongCd":"11350560","adongNm":"월계1동","lnoCd":"1135010200100540001","lnoAdr":"서울특별시 노원구 월계동 54-1","rdnmAdr":"서울특별시 노원구 석계로1길 22","bldMngNo":"1135010200100540001019608","bldNm":"월계동흥우빌딩"}},{"type":"Feature","id":"sbiz.MA0101202504A0110499","geometry":{"type":"Point","coordinates":[127.063418252329,37.6173457351216]},"properties":{"bizesId":"MA0101202504A0110499","bizesNm":"츄댄스학원","indsLclsCd":"P1","indsLclsNm":"교육","indsMclsNm":"기타 교육","indsSclsNm":"기타 예술/스포츠 교육기관","adongCd":"11350560","adongNm":"월계1동","lnoCd":"1135010200100740003","lnoAdr":"서울특별시 노원구 월계동 74-3","rdnmAdr":"서울특별시 노원구 석계로9길 13","bldMngNo":"1135010200100740003019699","flrNo":"3"}},{"type":"Feature","id":"sbiz.MA0101202505A0046659","geometry":{"type":"Point","coordinates":[127.06347392081,37.6162104601632]},"properties":{"bizesId":"MA0101202505A0046659","bizesNm":"우리네축산","indsLclsCd":"G2","indsLclsNm":"소매","indsMclsNm":"식료품 소매","indsSclsNm":"정육점","adongCd":"11350560","adongNm":"월계1동","lnoCd":"1135010200100680131","lnoAdr":"서울특별시 노원구 월계동 68-131","rdnmAdr":"서울특별시 노원구 석계로7길 18","bldMngNo":"1135010200100680006019537","flrNo":"1"}},{"type":"Feature","id":"sbiz.MA0101202604A0052219","geometry":{"type":"Point","coordinates":[127.063473928469,37.6162194700411]},"properties":{"bizesId":"MA0101202604A0052219","bizesNm":"씨유월계코스모스점","indsLclsCd":"G2","indsLclsNm":"소매","indsMclsNm":"종합 소매","indsSclsNm":"편의점","adongCd":"11350560","adongNm":"월계1동","lnoCd":"1135010200100680131","lnoAdr":"서울특별시 노원구 월계동 68-131","rdnmAdr":"서울특별시 노원구 석계로7길 18","bldMngNo":"1135010200100680006019537","bldNm":"일부","flrNo":"1"}},{"type":"Feature","id":"sbiz.MA0101202410A0282818","geometry":{"type":"Point","coordinates":[127.063495271458,37.6146787685305]},"properties":{"bizesId":"MA0101202410A0282818","bizesNm":"다사랑산부인과의원","indsLclsCd":"Q1","indsLclsNm":"보건의료","indsMclsNm":"의원","indsSclsNm":"산부인과 의원","adongCd":"11350560","adongNm":"월계1동","lnoCd":"1135010200104930001","lnoAdr":"서울특별시 노원구 월계동 493-1","rdnmAdr":"서울특별시 노원구 화랑로 321","bldMngNo":"1135010200104930001019561","bldNm":"건안빌딩","flrNo":"2"}},{"type":"Feature","id":"sbiz.MA0101202410A0292331","geometry":{"type":"Point","coordinates":[127.063495271458,37.6146787685305]},"properties":{"bizesId":"MA0101202410A0292331","bizesNm":"석계정신과의원","indsLclsCd":"Q1","indsLclsNm":"보건의료","indsMclsNm":"의원","indsSclsNm":"신경/정신과 의원","adongCd":"11350560","adongNm":"월계1동","lnoCd":"1135010200104930001","lnoAdr":"서울특별시 노원구 월계동 493-1","rdnmAdr":"서울특별시 노원구 화랑로 321","bldMngNo":"1135010200104930001019561","bldNm":"석계정신과건안빌딩","flrNo":"4"}},{"type":"Feature","id":"sbiz.MA0101202410A0098372","geometry":{"type":"Point","coordinates":[127.063495271458,37.6146787685305]},"properties":{"bizesId":"MA0101202410A0098372","bizesNm":"석계항맥외과의원","indsLclsCd":"Q1","indsLclsNm":"보건의료","indsMclsNm":"의원","indsSclsNm":"외과 의원","adongCd":"11350560","adongNm":"월계1동","lnoCd":"1135010200104930001","lnoAdr":"서울특별시 노원구 월계동 493-1","rdnmAdr":"서울특별시 노원구 화랑로 321","bldMngNo":"1135010200104930001019561","bldNm":"월계동건안빌딩","flrNo":"3"}},{"type":"Feature","id":"sbiz.MA0101202411A0056746","geometry":{"type":"Point","coordinates":[127.063507693508,37.6159671751725]},"properties":{"bizesId":"MA0101202411A0056746","bizesNm":"썬더치킨","indsLclsCd":"I2","indsLclsNm":"음식","indsMclsNm":"기타 간이","indsSclsNm":"치킨","adongCd":"11350560","adongNm":"월계1동","lnoCd":"1135010200100550007","lnoAdr":"서울특별시 노원구 월계동 55-7","rdnmAdr":"서울특별시 노원구 석계로3길 21","bldMngNo":"1135010200100550007019415","flrNo":"1"}},{"type":"Feature","id":"sbiz.MA0101202411A0014825","geometry":{"type":"Point","coordinates":[127.063530752779,37.616444686509]},"properties":{"bizesId":"MA0101202411A0014825","bizesNm":"성연마케팅","indsLclsCd":"M1","indsLclsNm":"과학·기술","indsMclsNm":"광고","indsSclsNm":"광고 대행업","adongCd":"11350560","adongNm":"월계1동","lnoCd":"1135010200100680023","lnoAdr":"서울특별시 노원구 월계동 68-23","rdnmAdr":"서울특별시 노원구 석계로7길 12-4","bldMngNo":"1135010200100680023019520"}},{"type":"Feature","id":"sbiz.MA0101202502A0091083","geometry":{"type":"Point","coordinates":[127.06362088937,37.6158860252576]},"properties":{"bizesId":"MA0101202502A0091083","bizesNm":"백채김치찌개석계점","indsLclsCd":"I2","indsLclsNm":"음식","indsMclsNm":"한식","indsSclsNm":"백반/한정식","adongCd":"11350560","adongNm":"월계1동","lnoCd":"1135010200100550008","lnoAdr":"서울특별시 노원구 월계동 55-8","rdnmAdr":"서울특별시 노원구 석계로3길 17","bldMngNo":"1135010200100550008019566","flrNo":"1"}},{"type":"Feature","id":"sbiz.MA0101202406A0461790","geometry":{"type":"Point","coordinates":[127.063623015885,37.618381761044]},"properties":{"bizesId":"MA0101202406A0461790","bizesNm":"정육식당","indsLclsCd":"I2","indsLclsNm":"음식","indsMclsNm":"한식","indsSclsNm":"소고기 구이/찜","adongCd":"11350560","adongNm":"월계1동","lnoCd":"1135010200100760002","lnoAdr":"서울특별시 노원구 월계동 76-2","rdnmAdr":"서울특별시 노원구 석계로 39-1","bldMngNo":"1135010200100760002019112","flrNo":"1"}},{"type":"Feature","id":"sbiz.MA0101202409A0174210","geometry":{"type":"Point","coordinates":[127.063654031656,37.614903930107]},"properties":{"bizesId":"MA0101202409A0174210","bizesNm":"제일차제이더블유와이","indsLclsCd":"M1","indsLclsNm":"과학·기술","indsMclsNm":"본사·경영 컨설팅","indsSclsNm":"경영 컨설팅업","adongCd":"11350560","adongNm":"월계1동","lnoCd":"1135010200100500001","lnoAdr":"서울특별시 노원구 월계동 50-1","rdnmAdr":"서울특별시 노원구 화랑로 323","bldMngNo":"1135010200100500001019160","bldNm":"일부","flrNo":"1"}},{"type":"Feature","id":"sbiz.MA0101202410A0951644","geometry":{"type":"Point","coordinates":[127.063654031656,37.614903930107]},"properties":{"bizesId":"MA0101202410A0951644","bizesNm":"더조은요양병원","indsLclsCd":"Q1","indsLclsNm":"보건의료","indsMclsNm":"병원","indsSclsNm":"요양병원","adongCd":"11350560","adongNm":"월계1동","lnoCd":"1135010200100500001","lnoAdr":"서울특별시 노원구 월계동 50-1","rdnmAdr":"서울특별시 노원구 화랑로 323","bldMngNo":"1135010200100500001019160"}},{"type":"Feature","id":"sbiz.MA0101202409A0137395","geometry":{"type":"Point","coordinates":[127.063654031656,37.614903930107]},"properties":{"bizesId":"MA0101202409A0137395","bizesNm":"제일차제이더블유에이치","indsLclsCd":"M1","indsLclsNm":"과학·기술","indsMclsNm":"본사·경영 컨설팅","indsSclsNm":"경영 컨설팅업","adongCd":"11350560","adongNm":"월계1동","lnoCd":"1135010200100500001","lnoAdr":"서울특별시 노원구 월계동 50-1","rdnmAdr":"서울특별시 노원구 화랑로 323","bldMngNo":"1135010200100500001019160","bldNm":"일부","flrNo":"1"}},{"type":"Feature","id":"sbiz.MA0101202602A0035474","geometry":{"type":"Point","coordinates":[127.063733854284,37.615534578872]},"properties":{"bizesId":"MA0101202602A0035474","bizesNm":"맘스터치석계역점","indsLclsCd":"I2","indsLclsNm":"음식","indsMclsNm":"기타 간이","indsSclsNm":"버거","adongCd":"11350560","adongNm":"월계1동","lnoCd":"1135010200100560000","lnoAdr":"서울특별시 노원구 월계동 56","rdnmAdr":"서울특별시 노원구 석계로1길 18","bldMngNo":"1135010200100560000019613"}},{"type":"Feature","id":"sbiz.MA0101202311A0031195","geometry":{"type":"Point","coordinates":[127.063734008085,37.6157147764475]},"properties":{"bizesId":"MA0101202311A0031195","bizesNm":"라무야끼","indsLclsCd":"I2","indsLclsNm":"음식","indsMclsNm":"한식","indsSclsNm":"돼지고기 구이/찜","adongCd":"11350560","adongNm":"월계1동","lnoCd":"1135010200100550010","lnoAdr":"서울특별시 노원구 월계동 55-10","rdnmAdr":"서울특별시 노원구 석계로3길 15-1","bldMngNo":"1135010200100550010019815","flrNo":"1"}},{"type":"Feature","id":"sbiz.MA0106202605A1729361","geometry":{"type":"Point","coordinates":[127.06374600371,37.6164986297189]},"properties":{"bizesId":"MA0106202605A1729361","bizesNm":"연선네아구찜","indsLclsCd":"I2","indsLclsNm":"음식","indsMclsNm":"한식","indsSclsNm":"해산물 구이/찜","adongCd":"11350560","adongNm":"월계1동","lnoCd":"1135010200100680021","lnoAdr":"서울특별시 노원구 월계동 68-21","rdnmAdr":"서울특별시 노원구 석계로7길 10","bldMngNo":"1135010200100680021019513"}},{"type":"Feature","id":"sbiz.MA0101202503A0038522","geometry":{"type":"Point","coordinates":[127.06384895215,37.6176788684318]},"properties":{"bizesId":"MA0101202503A0038522","bizesNm":"아따통닭","indsLclsCd":"I2","indsLclsNm":"음식","indsMclsNm":"기타 간이","indsSclsNm":"치킨","adongCd":"11350560","adongNm":"월계1동","lnoCd":"1135010200100730006","lnoAdr":"서울특별시 노원구 월계동 73-6","rdnmAdr":"서울특별시 노원구 석계로 33","bldMngNo":"1135010200100730006019794","flrNo":"1"}},{"type":"Feature","id":"sbiz.MA0101202307A0024017","geometry":{"type":"Point","coordinates":[127.063858976663,37.6161561931277]},"properties":{"bizesId":"MA0101202307A0024017","bizesNm":"읍천리382석계역점","indsLclsCd":"I2","indsLclsNm":"음식","indsMclsNm":"비알코올 ","indsSclsNm":"카페","adongCd":"11350560","adongNm":"월계1동","lnoCd":"1135010200100550000","lnoAdr":"서울특별시 노원구 월계동 55","rdnmAdr":"서울특별시 노원구 석계로5길 11","bldMngNo":"1135010200100550000019743","flrNo":"1"}},{"type":"Feature","id":"sbiz.MA0101202406A0194305","geometry":{"type":"Point","coordinates":[127.063881837828,37.6163994475662]},"properties":{"bizesId":"MA0101202406A0194305","bizesNm":"지원이네전집","indsLclsCd":"I2","indsLclsNm":"음식","indsMclsNm":"한식","indsSclsNm":"전/부침개","adongCd":"11350560","adongNm":"월계1동","lnoCd":"1135010200100680068","lnoAdr":"서울특별시 노원구 월계동 68-68","rdnmAdr":"서울특별시 노원구 석계로7길 11","bldMngNo":"1135010200100680068019772","flrNo":"1"}},{"type":"Feature","id":"sbiz.MA0101202508A0035064","geometry":{"type":"Point","coordinates":[127.063904768542,37.6167237908842]},"properties":{"bizesId":"MA0101202508A0035064","bizesNm":"썸노래연습장","indsLclsCd":"R1","indsLclsNm":"예술·스포츠","indsMclsNm":"유원지·오락","indsSclsNm":"노래방","adongCd":"11350560","adongNm":"월계1동","lnoCd":"1135010200100680079","lnoAdr":"서울특별시 노원구 월계동 68-79","rdnmAdr":"서울특별시 노원구 석계로7길 4","bldMngNo":"1135010200100680079019489","flrNo":"1"}},{"type":"Feature","id":"sbiz.MA0101202409A0184664","geometry":{"type":"Point","coordinates":[127.06391510029,37.6155615104942]},"properties":{"bizesId":"MA0101202409A0184664","bizesNm":"언니마음산부인과의원","indsLclsCd":"Q1","indsLclsNm":"보건의료","indsMclsNm":"의원","indsSclsNm":"산부인과 의원","adongCd":"11350560","adongNm":"월계1동","lnoCd":"1135010200100550014","lnoAdr":"서울특별시 노원구 월계동 55-14","rdnmAdr":"서울특별시 노원구 석계로1길 14","bldMngNo":"1135010200100560008019734","flrNo":"7"}},{"type":"Feature","id":"sbiz.MA0106202201A0521568","geometry":{"type":"Point","coordinates":[127.06391510029,37.6155615104942]},"properties":{"bizesId":"MA0106202201A0521568","bizesNm":"케이에프씨KFC석계역","brchNm":"코리아","indsLclsCd":"I2","indsLclsNm":"음식","indsMclsNm":"기타 간이","indsSclsNm":"피자","adongCd":"11350560","adongNm":"월계1동","lnoCd":"1135010200100550014","lnoAdr":"서울특별시 노원구 월계동 55-14","rdnmAdr":"서울특별시 노원구 석계로1길 14","bldMngNo":"1135010200100560008019734"}},{"type":"Feature","id":"sbiz.MA0106202201A2046266","geometry":{"type":"Point","coordinates":[127.06391510029,37.6155615104942]},"properties":{"bizesId":"MA0106202201A2046266","bizesNm":"하마벌떡석계집","indsLclsCd":"I2","indsLclsNm":"음식","indsMclsNm":"한식","indsSclsNm":"백반/한정식","adongCd":"11350560","adongNm":"월계1동","lnoCd":"1135010200100550014","lnoAdr":"서울특별시 노원구 월계동 55-14","rdnmAdr":"서울특별시 노원구 석계로1길 14","bldMngNo":"1135010200100560008019734"}},{"type":"Feature","id":"sbiz.MA0106202201A2214559","geometry":{"type":"Point","coordinates":[127.06391510029,37.6155615104942]},"properties":{"bizesId":"MA0106202201A2214559","bizesNm":"씨제이올리브영석계역점","indsLclsCd":"G2","indsLclsNm":"소매","indsMclsNm":"기타 상품 소매","indsSclsNm":"그 외 기타 상품 전문 소매업","adongCd":"11350560","adongNm":"월계1동","lnoCd":"1135010200100550014","lnoAdr":"서울특별시 노원구 월계동 55-14","rdnmAdr":"서울특별시 노원구 석계로1길 14","bldMngNo":"1135010200100560008019734"}},{"type":"Feature","id":"sbiz.MA0101202501A0047077","geometry":{"type":"Point","coordinates":[127.06391510029,37.6155615104942]},"properties":{"bizesId":"MA0101202501A0047077","bizesNm":"연세큰약국","indsLclsCd":"G2","indsLclsNm":"소매","indsMclsNm":"의약·화장품 소매","indsSclsNm":"약국","adongCd":"11350560","adongNm":"월계1동","lnoCd":"1135010200100550014","lnoAdr":"서울특별시 노원구 월계동 55-14","rdnmAdr":"서울특별시 노원구 석계로1길 14","bldMngNo":"1135010200100560008019734","bldNm":"엔터빌딩","flrNo":"1"}},{"type":"Feature","id":"sbiz.MA0101202408A0009056","geometry":{"type":"Point","coordinates":[127.06391510029,37.6155615104942]},"properties":{"bizesId":"MA0101202408A0009056","bizesNm":"석계역정형외과의원","indsLclsCd":"Q1","indsLclsNm":"보건의료","indsMclsNm":"의원","indsSclsNm":"외과 의원","adongCd":"11350560","adongNm":"월계1동","lnoCd":"1135010200100550014","lnoAdr":"서울특별시 노원구 월계동 55-14","rdnmAdr":"서울특별시 노원구 석계로1길 14","bldMngNo":"1135010200100560008019734","bldNm":"엔터빌딩","flrNo":"4"}},{"type":"Feature","id":"sbiz.MA0101202511A0026673","geometry":{"type":"Point","coordinates":[127.063916588747,37.6173004168536]},"properties":{"bizesId":"MA0101202511A0026673","bizesNm":"향원","indsLclsCd":"I2","indsLclsNm":"음식","indsMclsNm":"중식","indsSclsNm":"중국집","adongCd":"11350560","adongNm":"월계1동","lnoCd":"1135010200100730017","lnoAdr":"서울특별시 노원구 월계동 73-17","rdnmAdr":"서울특별시 노원구 석계로 27","bldMngNo":"1135010200100730017019783"}},{"type":"Feature","id":"sbiz.MA0101202406A0405426","geometry":{"type":"Point","coordinates":[127.063926750683,37.6159399192581]},"properties":{"bizesId":"MA0101202406A0405426","bizesNm":"주앤유석계점","indsLclsCd":"S2","indsLclsNm":"수리·개인","indsMclsNm":"이용·미용","indsSclsNm":"피부 관리실","adongCd":"11350560","adongNm":"월계1동","lnoCd":"1135010200100550003","lnoAdr":"서울특별시 노원구 월계동 55-3","rdnmAdr":"서울특별시 노원구 석계로3길 16","bldMngNo":"1135010200100550003019710","flrNo":"3"}},{"type":"Feature","id":"sbiz.MA0101202406A0246885","geometry":{"type":"Point","coordinates":[127.063926750683,37.6159399192581]},"properties":{"bizesId":"MA0101202406A0246885","bizesNm":"네일도드림","indsLclsCd":"S2","indsLclsNm":"수리·개인","indsMclsNm":"이용·미용","indsSclsNm":"네일숍","adongCd":"11350560","adongNm":"월계1동","lnoCd":"1135010200100550003","lnoAdr":"서울특별시 노원구 월계동 55-3","rdnmAdr":"서울특별시 노원구 석계로3길 16","bldMngNo":"1135010200100550003019710","bldNm":"네일도드림","flrNo":"2"}},{"type":"Feature","id":"sbiz.MA0101202406A0190314","geometry":{"type":"Point","coordinates":[127.06394923391,37.6157416896595]},"properties":{"bizesId":"MA0101202406A0190314","bizesNm":"김영희아구찜&코다리냉면석계점","indsLclsCd":"I2","indsLclsNm":"음식","indsMclsNm":"한식","indsSclsNm":"백반/한정식","adongCd":"11350560","adongNm":"월계1동","lnoCd":"1135010200100550013","lnoAdr":"서울특별시 노원구 월계동 55-13","rdnmAdr":"서울특별시 노원구 석계로3길 11","bldMngNo":"1135010200100550013019594","flrNo":"2"}},{"type":"Feature","id":"sbiz.MA0101202406A0071722","geometry":{"type":"Point","coordinates":[127.06394923391,37.6157416896595]},"properties":{"bizesId":"MA0101202406A0071722","bizesNm":"36524PRINT석계역센터","indsLclsCd":"N1","indsLclsNm":"시설관리·임대","indsMclsNm":"사무 지원","indsSclsNm":"복사업","adongCd":"11350560","adongNm":"월계1동","lnoCd":"1135010200100550013","lnoAdr":"서울특별시 노원구 월계동 55-13","rdnmAdr":"서울특별시 노원구 석계로3길 11","bldMngNo":"1135010200100550013019594","bldNm":"우측","flrNo":"1"}},{"type":"Feature","id":"sbiz.MA0101202507A0042013","geometry":{"type":"Point","coordinates":[127.063995443195,37.6167958207952]},"properties":{"bizesId":"MA0101202507A0042013","bizesNm":"굴다리","indsLclsCd":"I2","indsLclsNm":"음식","indsMclsNm":"한식","indsSclsNm":"백반/한정식","adongCd":"11350560","adongNm":"월계1동","lnoCd":"1135010200100680078","lnoAdr":"서울특별시 노원구 월계동 68-78","rdnmAdr":"서울특별시 노원구 석계로7길 2","bldMngNo":"1135010200100680078019769","flrNo":"1"}},{"type":"Feature","id":"sbiz.MA0101202406A0527390","geometry":{"type":"Point","coordinates":[127.064039173361,37.614957781036]},"properties":{"bizesId":"MA0101202406A0527390","bizesNm":"더캠프PC방석계역점","indsLclsCd":"R1","indsLclsNm":"예술·스포츠","indsMclsNm":"유원지·오락","indsSclsNm":"PC방","adongCd":"11350560","adongNm":"월계1동","lnoCd":"1135010200100500029","lnoAdr":"서울특별시 노원구 월계동 50-29","rdnmAdr":"서울특별시 노원구 화랑로 325","bldMngNo":"1135010200100500029019708","flrNo":"1"}},{"type":"Feature","id":"sbiz.MA0101202509A0008372","geometry":{"type":"Point","coordinates":[127.064039173361,37.614957781036]},"properties":{"bizesId":"MA0101202509A0008372","bizesNm":"엘리트당구장","indsLclsCd":"R1","indsLclsNm":"예술·스포츠","indsMclsNm":"스포츠 서비스","indsSclsNm":"당구장","adongCd":"11350560","adongNm":"월계1동","lnoCd":"1135010200100500029","lnoAdr":"서울특별시 노원구 월계동 50-29","rdnmAdr":"서울특별시 노원구 화랑로 325","bldMngNo":"1135010200100500029019708","bldNm":"우현빌딩","flrNo":"3"}},{"type":"Feature","id":"sbiz.MA0101202410A0491847","geometry":{"type":"Point","coordinates":[127.064039173361,37.614957781036]},"properties":{"bizesId":"MA0101202410A0491847","bizesNm":"위대한내과의원","indsLclsCd":"Q1","indsLclsNm":"보건의료","indsMclsNm":"의원","indsSclsNm":"내과/소아과 의원","adongCd":"11350560","adongNm":"월계1동","lnoCd":"1135010200100500029","lnoAdr":"서울특별시 노원구 월계동 50-29","rdnmAdr":"서울특별시 노원구 화랑로 325","bldMngNo":"1135010200100500029019708","bldNm":"우현빌딩","flrNo":"2"}},{"type":"Feature","id":"sbiz.MA0101202410A0907975","geometry":{"type":"Point","coordinates":[127.064039173361,37.614957781036]},"properties":{"bizesId":"MA0101202410A0907975","bizesNm":"서울더바른치과교정과치과의원","indsLclsCd":"Q1","indsLclsNm":"보건의료","indsMclsNm":"의원","indsSclsNm":"치과의원","adongCd":"11350560","adongNm":"월계1동","lnoCd":"1135010200100500029","lnoAdr":"서울특별시 노원구 월계동 50-29","rdnmAdr":"서울특별시 노원구 화랑로 325","bldMngNo":"1135010200100500029019708","bldNm":"우현빌딩","flrNo":"2"}},{"type":"Feature","id":"sbiz.MA0101202410A0316236","geometry":{"type":"Point","coordinates":[127.064039173361,37.614957781036]},"properties":{"bizesId":"MA0101202410A0316236","bizesNm":"세화소아청소년과의원","indsLclsCd":"Q1","indsLclsNm":"보건의료","indsMclsNm":"의원","indsSclsNm":"내과/소아과 의원","adongCd":"11350560","adongNm":"월계1동","lnoCd":"1135010200100500029","lnoAdr":"서울특별시 노원구 월계동 50-29","rdnmAdr":"서울특별시 노원구 화랑로 325","bldMngNo":"1135010200100500029019708","bldNm":"우현빌딩","flrNo":"2"}},{"type":"Feature","id":"sbiz.MA0101202512A0029612","geometry":{"type":"Point","coordinates":[127.064107897183,37.6158497221637]},"properties":{"bizesId":"MA0101202512A0029612","bizesNm":"카공족석계역점","indsLclsCd":"R1","indsLclsNm":"예술·스포츠","indsMclsNm":"도서관·사적지","indsSclsNm":"독서실/스터디 카페","adongCd":"11350560","adongNm":"월계1동","lnoCd":"1135010200100580006","lnoAdr":"서울특별시 노원구 월계동 58-6","rdnmAdr":"서울특별시 노원구 석계로3길 10","bldMngNo":"1135010200100580006019578","flrNo":"2"}},{"type":"Feature","id":"sbiz.MA0101202604A0020714","geometry":{"type":"Point","coordinates":[127.064119037983,37.6156334789253]},"properties":{"bizesId":"MA0101202604A0020714","bizesNm":"제로백피씨석계역점","indsLclsCd":"S2","indsLclsNm":"수리·개인","indsMclsNm":"컴퓨터 수리","indsSclsNm":"컴퓨터/노트북/프린터 수리업","adongCd":"11350560","adongNm":"월계1동","lnoCd":"1135010200100580002","lnoAdr":"서울특별시 노원구 월계동 58-2","rdnmAdr":"서울특별시 노원구 석계로1길 10","bldMngNo":"1135010200100580002019598","bldNm":"장수회관","flrNo":"B2"}},{"type":"Feature","id":"sbiz.MA0101202505A0033505","geometry":{"type":"Point","coordinates":[127.064142580907,37.616669602573]},"properties":{"bizesId":"MA0101202505A0033505","bizesNm":"한식부페&쭈꾸미","indsLclsCd":"I2","indsLclsNm":"음식","indsMclsNm":"한식","indsSclsNm":"백반/한정식","adongCd":"11350560","adongNm":"월계1동","lnoCd":"1135010200100680020","lnoAdr":"서울특별시 노원구 월계동 68-20","rdnmAdr":"서울특별시 노원구 석계로 21","bldMngNo":"1135010200100680020019494","flrNo":"1"}},{"type":"Feature","id":"sbiz.MA0101202409A0227723","geometry":{"type":"Point","coordinates":[127.064255536792,37.6163091458583]},"properties":{"bizesId":"MA0101202409A0227723","bizesNm":"만점노래연습장","indsLclsCd":"R1","indsLclsNm":"예술·스포츠","indsMclsNm":"유원지·오락","indsSclsNm":"노래방","adongCd":"11350560","adongNm":"월계1동","lnoCd":"1135010200100640004","lnoAdr":"서울특별시 노원구 월계동 64-4","rdnmAdr":"서울특별시 노원구 석계로 17","bldMngNo":"1135010200100640004019711","bldNm":"월계빌딩","flrNo":"지"}},{"type":"Feature","id":"sbiz.MA0101202406A0399931","geometry":{"type":"Point","coordinates":[127.064255536792,37.6163091458583]},"properties":{"bizesId":"MA0101202406A0399931","bizesNm":"다윗복싱다이어트","indsLclsCd":"P1","indsLclsNm":"교육","indsMclsNm":"기타 교육","indsSclsNm":"태권도/무술학원","adongCd":"11350560","adongNm":"월계1동","lnoCd":"1135010200100640004","lnoAdr":"서울특별시 노원구 월계동 64-4","rdnmAdr":"서울특별시 노원구 석계로 17","bldMngNo":"1135010200100640004019711","bldNm":"월계빌딩","flrNo":"3"}},{"type":"Feature","id":"sbiz.MA0101202501A0048458","geometry":{"type":"Point","coordinates":[127.064255536792,37.6163091458583]},"properties":{"bizesId":"MA0101202501A0048458","bizesNm":"아메리카요가석계점","indsLclsCd":"P1","indsLclsNm":"교육","indsMclsNm":"기타 교육","indsSclsNm":"요가/필라테스 학원","adongCd":"11350560","adongNm":"월계1동","lnoCd":"1135010200100640004","lnoAdr":"서울특별시 노원구 월계동 64-4","rdnmAdr":"서울특별시 노원구 석계로 17","bldMngNo":"1135010200100640004019711","bldNm":"월계빌딩","flrNo":"4"}},{"type":"Feature","id":"sbiz.MA0101202311A0057160","geometry":{"type":"Point","coordinates":[127.064334178324,37.6155612827699]},"properties":{"bizesId":"MA0101202311A0057160","bizesNm":"빽다방석계역문화공원점","indsLclsCd":"I2","indsLclsNm":"음식","indsMclsNm":"비알코올 ","indsSclsNm":"카페","adongCd":"11350560","adongNm":"월계1동","lnoCd":"1135010200100470003","lnoAdr":"서울특별시 노원구 월계동 47-3","rdnmAdr":"서울특별시 노원구 석계로3길 3","bldMngNo":"1135010200100470003019609","bldNm":"한주빌딩","flrNo":"2"}},{"type":"Feature","id":"sbiz.MA0101202509A0009951","geometry":{"type":"Point","coordinates":[127.064334178324,37.6155612827699]},"properties":{"bizesId":"MA0101202509A0009951","bizesNm":"육회바른연어석계역점","indsLclsCd":"I2","indsLclsNm":"음식","indsMclsNm":"한식","indsSclsNm":"소고기 구이/찜","adongCd":"11350560","adongNm":"월계1동","lnoCd":"1135010200100470003","lnoAdr":"서울특별시 노원구 월계동 47-3","rdnmAdr":"서울특별시 노원구 석계로3길 3","bldMngNo":"1135010200100470003019609","bldNm":"한주빌딩","flrNo":"1"}},{"type":"Feature","id":"sbiz.MA0101202411A0099740","geometry":{"type":"Point","coordinates":[127.064368491589,37.6159486890145]},"properties":{"bizesId":"MA0101202411A0099740","bizesNm":"엠씨엠씨노래연습장","indsLclsCd":"R1","indsLclsNm":"예술·스포츠","indsMclsNm":"유원지·오락","indsSclsNm":"노래방","adongCd":"11350560","adongNm":"월계1동","lnoCd":"1135010200100630009","lnoAdr":"서울특별시 노원구 월계동 63-9","rdnmAdr":"서울특별시 노원구 석계로 11-1","bldMngNo":"1135010200100630009019424","flrNo":"지"}},{"type":"Feature","id":"sbiz.MA0106202201A0646387","geometry":{"type":"Point","coordinates":[127.064380649284,37.6169127397206]},"properties":{"bizesId":"MA0106202201A0646387","bizesNm":"GS25월계석계역","indsLclsCd":"G2","indsLclsNm":"소매","indsMclsNm":"종합 소매","indsSclsNm":"편의점","adongCd":"11350560","adongNm":"월계1동","lnoCd":"1135010200100660004","lnoAdr":"서울특별시 노원구 월계동 66-4","rdnmAdr":"서울특별시 노원구 석계로 22","bldMngNo":"1135010200100660004000001"}},{"type":"Feature","id":"sbiz.MA0101202410A0317425","geometry":{"type":"Point","coordinates":[127.06443622507,37.6156873654536]},"properties":{"bizesId":"MA0101202410A0317425","bizesNm":"성문의원","indsLclsCd":"Q1","indsLclsNm":"보건의료","indsMclsNm":"의원","indsSclsNm":"외과 의원","adongCd":"11350560","adongNm":"월계1동","lnoCd":"1135010200100590003","lnoAdr":"서울특별시 노원구 월계동 59-3","rdnmAdr":"서울특별시 노원구 석계로 9","bldMngNo":"1135010200100590003019709"}},{"type":"Feature","id":"sbiz.MA0101202410A0314337","geometry":{"type":"Point","coordinates":[127.06443622507,37.6156873654536]},"properties":{"bizesId":"MA0101202410A0314337","bizesNm":"조인치과의원","indsLclsCd":"Q1","indsLclsNm":"보건의료","indsMclsNm":"의원","indsSclsNm":"치과의원","adongCd":"11350560","adongNm":"월계1동","lnoCd":"1135010200100590003","lnoAdr":"서울특별시 노원구 월계동 59-3","rdnmAdr":"서울특별시 노원구 석계로 9","bldMngNo":"1135010200100590003019709"}},{"type":"Feature","id":"sbiz.MA0101202504A0032756","geometry":{"type":"Point","coordinates":[127.064447567075,37.6157053790255]},"properties":{"bizesId":"MA0101202504A0032756","bizesNm":"으뜸플러스안경석계역점","indsLclsCd":"G2","indsLclsNm":"소매","indsMclsNm":"안경·정밀기기 소매","indsSclsNm":"안경렌즈 소매업","adongCd":"11350560","adongNm":"월계1동","lnoCd":"1135010200100590003","lnoAdr":"서울특별시 노원구 월계동 59-3","rdnmAdr":"서울특별시 노원구 석계로 9","bldMngNo":"1135010200100590003019709","bldNm":"우측","flrNo":"2"}},{"type":"Feature","id":"sbiz.MA0101202406A0070856","geometry":{"type":"Point","coordinates":[127.064448196956,37.6164351791409]},"properties":{"bizesId":"MA0101202406A0070856","bizesNm":"엄마마늘보쌈","indsLclsCd":"I2","indsLclsNm":"음식","indsMclsNm":"한식","indsSclsNm":"족발/보쌈","adongCd":"11350560","adongNm":"월계1동","lnoCd":"1135010200100640009","lnoAdr":"서울특별시 노원구 월계동 64-9","rdnmAdr":"서울특별시 노원구 석계로 18","bldMngNo":"1135010200100640009019522","bldNm":"정면에서우측상가"}},{"type":"Feature","id":"sbiz.MA0101202603A0035686","geometry":{"type":"Point","coordinates":[127.064448196956,37.6164351791409]},"properties":{"bizesId":"MA0101202603A0035686","bizesNm":"꽁꽁삼겹살차돌박이","indsLclsCd":"I2","indsLclsNm":"음식","indsMclsNm":"한식","indsSclsNm":"돼지고기 구이/찜","adongCd":"11350560","adongNm":"월계1동","lnoCd":"1135010200100640009","lnoAdr":"서울특별시 노원구 월계동 64-9","rdnmAdr":"서울특별시 노원구 석계로 18","bldMngNo":"1135010200100640009019522"}},{"type":"Feature","id":"sbiz.MA0101202311A0018637","geometry":{"type":"Point","coordinates":[127.064504705253,37.6162909901577]},"properties":{"bizesId":"MA0101202311A0018637","bizesNm":"유일","indsLclsCd":"G2","indsLclsNm":"소매","indsMclsNm":"기타 생활용품 소매","indsSclsNm":"주방/가정용품 소매업","adongCd":"11350560","adongNm":"월계1동","lnoCd":"1135010200100640010","lnoAdr":"서울특별시 노원구 월계동 64-10","rdnmAdr":"서울특별시 노원구 석계로 16","bldMngNo":"1135010200100640010019206"}},{"type":"Feature","id":"sbiz.MA0101202409A0223016","geometry":{"type":"Point","coordinates":[127.064538568076,37.6161558234132]},"properties":{"bizesId":"MA0101202409A0223016","bizesNm":"명성노래연습장","indsLclsCd":"R1","indsLclsNm":"예술·스포츠","indsMclsNm":"유원지·오락","indsSclsNm":"노래방","adongCd":"11350560","adongNm":"월계1동","lnoCd":"1135010200100640012","lnoAdr":"서울특별시 노원구 월계동 64-12","rdnmAdr":"서울특별시 노원구 석계로 14-1","bldMngNo":"1135010200100640012019186","bldNm":"전부","flrNo":"2"}},{"type":"Feature","id":"sbiz.MA0101202501A0017936","geometry":{"type":"Point","coordinates":[127.064538568076,37.6161558234132]},"properties":{"bizesId":"MA0101202501A0017936","bizesNm":"케이지CAGE","indsLclsCd":"I2","indsLclsNm":"음식","indsMclsNm":"주점","indsSclsNm":"생맥주 전문","adongCd":"11350560","adongNm":"월계1동","lnoCd":"1135010200100640012","lnoAdr":"서울특별시 노원구 월계동 64-12","rdnmAdr":"서울특별시 노원구 석계로 14-1","bldMngNo":"1135010200100640012019186","flrNo":"지"}},{"type":"Feature","id":"sbiz.MA0101202508A0011829","geometry":{"type":"Point","coordinates":[127.064561665159,37.6166693740351]},"properties":{"bizesId":"MA0101202508A0011829","bizesNm":"금수저함바식당","indsLclsCd":"I2","indsLclsNm":"음식","indsMclsNm":"한식","indsSclsNm":"백반/한정식","adongCd":"11350560","adongNm":"월계1동","lnoCd":"1135010200100680065","lnoAdr":"서울특별시 노원구 월계동 68-65","rdnmAdr":"서울특별시 노원구 석계로8길 6","bldMngNo":"1135010200100680065019491","flrNo":"1"}},{"type":"Feature","id":"sbiz.MA0101202509A0008255","geometry":{"type":"Point","coordinates":[127.064561665159,37.6166693740351]},"properties":{"bizesId":"MA0101202509A0008255","bizesNm":"푸라닭석계역","indsLclsCd":"I2","indsLclsNm":"음식","indsMclsNm":"기타 간이","indsSclsNm":"치킨","adongCd":"11350560","adongNm":"월계1동","lnoCd":"1135010200100680065","lnoAdr":"서울특별시 노원구 월계동 68-65","rdnmAdr":"서울특별시 노원구 석계로8길 6","bldMngNo":"1135010200100680065019491","flrNo":"1"}},{"type":"Feature","id":"sbiz.MA0101202411A0048621","geometry":{"type":"Point","coordinates":[127.06457245415,37.6160476862899]},"properties":{"bizesId":"MA0101202411A0048621","bizesNm":"생마차월계점","indsLclsCd":"I2","indsLclsNm":"음식","indsMclsNm":"한식","indsSclsNm":"백반/한정식","adongCd":"11350560","adongNm":"월계1동","lnoCd":"1135010200100610008","lnoAdr":"서울특별시 노원구 월계동 61-8","rdnmAdr":"서울특별시 노원구 석계로 14","bldMngNo":"1135010200100610008019393","flrNo":"1"}},{"type":"Feature","id":"sbiz.MA0101202409A0075245","geometry":{"type":"Point","coordinates":[127.06457245415,37.6160476862899]},"properties":{"bizesId":"MA0101202409A0075245","bizesNm":"생마차석계점","indsLclsCd":"I2","indsLclsNm":"음식","indsMclsNm":"한식","indsSclsNm":"백반/한정식","adongCd":"11350560","adongNm":"월계1동","lnoCd":"1135010200100610008","lnoAdr":"서울특별시 노원구 월계동 61-8","rdnmAdr":"서울특별시 노원구 석계로 14","bldMngNo":"1135010200100610008019393","flrNo":"1"}},{"type":"Feature","id":"sbiz.MA0101202504A0091485","geometry":{"type":"Point","coordinates":[127.064674150802,37.6157683242426]},"properties":{"bizesId":"MA0101202504A0091485","bizesNm":"자유우집라석계역점","indsLclsCd":"G2","indsLclsNm":"소매","indsMclsNm":"종합 소매","indsSclsNm":"슈퍼마켓","adongCd":"11350560","adongNm":"월계1동","lnoCd":"1135010200100610011","lnoAdr":"서울특별시 노원구 월계동 61-11","rdnmAdr":"서울특별시 노원구 석계로 10","bldMngNo":"1135010200100610011019593","flrNo":"2"}},{"type":"Feature","id":"sbiz.MA0101202412A0058748","geometry":{"type":"Point","coordinates":[127.064753178224,37.6154709547696]},"properties":{"bizesId":"MA0101202412A0058748","bizesNm":"성신한의원","indsLclsCd":"Q1","indsLclsNm":"보건의료","indsMclsNm":"의원","indsSclsNm":"한의원","adongCd":"11350560","adongNm":"월계1동","lnoCd":"1135010200100470019","lnoAdr":"서울특별시 노원구 월계동 47-19","rdnmAdr":"서울특별시 노원구 석계로 6","bldMngNo":"1135010200100470019019620","flrNo":"2"}},{"type":"Feature","id":"sbiz.MA0101202307A0008759","geometry":{"type":"Point","coordinates":[127.064843554864,37.615200608644]},"properties":{"bizesId":"MA0101202307A0008759","bizesNm":"진로포차1924","indsLclsCd":"I2","indsLclsNm":"음식","indsMclsNm":"주점","indsSclsNm":"요리 주점","adongCd":"11350560","adongNm":"월계1동","lnoCd":"1135010200100470013","lnoAdr":"서울특별시 노원구 월계동 47-13","rdnmAdr":"서울특별시 노원구 석계로 2","bldMngNo":"1135010200100470013020121","flrNo":"3"}},{"type":"Feature","id":"sbiz.MA0101202511A0024245","geometry":{"type":"Point","coordinates":[127.064843554864,37.615200608644]},"properties":{"bizesId":"MA0101202511A0024245","bizesNm":"진로포차1924","indsLclsCd":"I2","indsLclsNm":"음식","indsMclsNm":"주점","indsSclsNm":"요리 주점","adongCd":"11350560","adongNm":"월계1동","lnoCd":"1135010200100470013","lnoAdr":"서울특별시 노원구 월계동 47-13","rdnmAdr":"서울특별시 노원구 석계로 2","bldMngNo":"1135010200100470013020121"}},{"type":"Feature","id":"sbiz.MA0101202505A0043023","geometry":{"type":"Point","coordinates":[127.064843554864,37.615200608644]},"properties":{"bizesId":"MA0101202505A0043023","bizesNm":"캐칭덕석계점","indsLclsCd":"G2","indsLclsNm":"소매","indsMclsNm":"오락용품 소매","indsSclsNm":"장난감 소매업","adongCd":"11350560","adongNm":"월계1동","lnoCd":"1135010200100470013","lnoAdr":"서울특별시 노원구 월계동 47-13","rdnmAdr":"서울특별시 노원구 석계로 2","bldMngNo":"1135010200100470013020121","flrNo":"1"}},{"type":"Feature","id":"sbiz.MA0101202508A0012689","geometry":{"type":"Point","coordinates":[127.064843554864,37.615200608644]},"properties":{"bizesId":"MA0101202508A0012689","bizesNm":"뉴석계프라자약국","indsLclsCd":"G2","indsLclsNm":"소매","indsMclsNm":"의약·화장품 소매","indsSclsNm":"약국","adongCd":"11350560","adongNm":"월계1동","lnoCd":"1135010200100470013","lnoAdr":"서울특별시 노원구 월계동 47-13","rdnmAdr":"서울특별시 노원구 석계로 2","bldMngNo":"1135010200100470013020121","flrNo":"1"}},{"type":"Feature","id":"sbiz.MA0101202408A0044909","geometry":{"type":"Point","coordinates":[127.064843554864,37.615200608644]},"properties":{"bizesId":"MA0101202408A0044909","bizesNm":"석계치과의원","indsLclsCd":"Q1","indsLclsNm":"보건의료","indsMclsNm":"의원","indsSclsNm":"치과의원","adongCd":"11350560","adongNm":"월계1동","lnoCd":"1135010200100470013","lnoAdr":"서울특별시 노원구 월계동 47-13","rdnmAdr":"서울특별시 노원구 석계로 2","bldMngNo":"1135010200100470013020121","flrNo":"2"}},{"type":"Feature","id":"sbiz.MA0101202410A0317465","geometry":{"type":"Point","coordinates":[127.064843554864,37.615200608644]},"properties":{"bizesId":"MA0101202410A0317465","bizesNm":"이관철이비인후과","indsLclsCd":"Q1","indsLclsNm":"보건의료","indsMclsNm":"의원","indsSclsNm":"이비인후과 의원","adongCd":"11350560","adongNm":"월계1동","lnoCd":"1135010200100470013","lnoAdr":"서울특별시 노원구 월계동 47-13","rdnmAdr":"서울특별시 노원구 석계로 2","bldMngNo":"1135010200100470013020121","bldNm":"이관철이비인후과"}},{"type":"Feature","id":"sbiz.MA0101202509A0003890","geometry":{"type":"Point","coordinates":[127.064934369596,37.6154348156748]},"properties":{"bizesId":"MA0101202509A0003890","bizesNm":"국립밥물관","indsLclsCd":"I2","indsLclsNm":"음식","indsMclsNm":"한식","indsSclsNm":"백반/한정식","adongCd":"11350560","adongNm":"월계1동","lnoCd":"1135010200100470015","lnoAdr":"서울특별시 노원구 월계동 47-15","rdnmAdr":"서울특별시 노원구 석계로8가길 29","bldMngNo":"1135010200100470015019782","flrNo":"2"}},{"type":"Feature","id":"sbiz.MA0101202406A0360834","geometry":{"type":"Point","coordinates":[127.064979385163,37.6151014252097]},"properties":{"bizesId":"MA0101202406A0360834","bizesNm":"지지게임존","indsLclsCd":"R1","indsLclsNm":"예술·스포츠","indsMclsNm":"유원지·오락","indsSclsNm":"전자 게임장","adongCd":"11350560","adongNm":"월계1동","lnoCd":"1135010200100460013","lnoAdr":"서울특별시 노원구 월계동 46-13","rdnmAdr":"서울특별시 노원구 화랑로 335","bldMngNo":"1135010200100460013019265","flrNo":"1"}},{"type":"Feature","id":"sbiz.MA0106202201A0144744","geometry":{"type":"Point","coordinates":[127.064979385163,37.6151014252097]},"properties":{"bizesId":"MA0106202201A0144744","bizesNm":"에이블씨엔씨nunc석계점","indsLclsCd":"G2","indsLclsNm":"소매","indsMclsNm":"의약·화장품 소매","indsSclsNm":"화장품 소매업","adongCd":"11350560","adongNm":"월계1동","lnoCd":"1135010200100460013","lnoAdr":"서울특별시 노원구 월계동 46-13","rdnmAdr":"서울특별시 노원구 화랑로 335","bldMngNo":"1135010200100460013019265"}},{"type":"Feature","id":"sbiz.MA0101202411A0138388","geometry":{"type":"Point","coordinates":[127.064979385163,37.6151014252097]},"properties":{"bizesId":"MA0101202411A0138388","bizesNm":"보드게임아카이브","indsLclsCd":"R1","indsLclsNm":"예술·스포츠","indsMclsNm":"유원지·오락","indsSclsNm":"기타 오락장","adongCd":"11350560","adongNm":"월계1동","lnoCd":"1135010200100460013","lnoAdr":"서울특별시 노원구 월계동 46-13","rdnmAdr":"서울특별시 노원구 화랑로 335","bldMngNo":"1135010200100460013019265","flrNo":"1"}},{"type":"Feature","id":"sbiz.MA0101202410A0315113","geometry":{"type":"Point","coordinates":[127.064979385163,37.6151014252097]},"properties":{"bizesId":"MA0101202410A0315113","bizesNm":"연세스타일치과","indsLclsCd":"Q1","indsLclsNm":"보건의료","indsMclsNm":"의원","indsSclsNm":"치과의원","adongCd":"11350560","adongNm":"월계1동","lnoCd":"1135010200100460013","lnoAdr":"서울특별시 노원구 월계동 46-13","rdnmAdr":"서울특별시 노원구 화랑로 335","bldMngNo":"1135010200100460013019265","flrNo":"2"}},{"type":"Feature","id":"sbiz.MA0101202406A0380350","geometry":{"type":"Point","coordinates":[127.064979541967,37.615281622794]},"properties":{"bizesId":"MA0101202406A0380350","bizesNm":"로마","indsLclsCd":"I2","indsLclsNm":"음식","indsMclsNm":"한식","indsSclsNm":"백반/한정식","adongCd":"11350560","adongNm":"월계1동","lnoCd":"1135010200100460002","lnoAdr":"서울특별시 노원구 월계동 46-2","rdnmAdr":"서울특별시 노원구 화랑로 335-1","bldMngNo":"1135010200100460002019792"}},{"type":"Feature","id":"sbiz.MA0101202310A0097217","geometry":{"type":"Point","coordinates":[127.065013952584,37.6157771474072]},"properties":{"bizesId":"MA0101202310A0097217","bizesNm":"오진당포차","indsLclsCd":"I2","indsLclsNm":"음식","indsMclsNm":"중식","indsSclsNm":"중국집","adongCd":"11350560","adongNm":"월계1동","lnoCd":"1135010200100620008","lnoAdr":"서울특별시 노원구 월계동 62-8","rdnmAdr":"서울특별시 노원구 화랑로 337-19","bldMngNo":"1135010200100620008019814","flrNo":"1"}},{"type":"Feature","id":"sbiz.MA0101202311A0081372","geometry":{"type":"Point","coordinates":[127.065047845646,37.6156780200198]},"properties":{"bizesId":"MA0101202311A0081372","bizesNm":"대창간","indsLclsCd":"I2","indsLclsNm":"음식","indsMclsNm":"한식","indsSclsNm":"곱창 전골/구이","adongCd":"11350560","adongNm":"월계1동","lnoCd":"1135010200100620009","lnoAdr":"서울특별시 노원구 월계동 62-9","rdnmAdr":"서울특별시 노원구 화랑로 337-17","bldMngNo":"1135010200100620009019813","flrNo":"1"}},{"type":"Feature","id":"sbiz.MA0101202406A0426295","geometry":{"type":"Point","coordinates":[127.06508173862,37.615578892621]},"properties":{"bizesId":"MA0101202406A0426295","bizesNm":"이자카야마침","indsLclsCd":"I2","indsLclsNm":"음식","indsMclsNm":"한식","indsSclsNm":"백반/한정식","adongCd":"11350560","adongNm":"월계1동","lnoCd":"1135010200100620010","lnoAdr":"서울특별시 노원구 월계동 62-10","rdnmAdr":"서울특별시 노원구 화랑로 337-15","bldMngNo":"1135010200100620010019812","flrNo":"2"}},{"type":"Feature","id":"sbiz.MA0101202406A0382949","geometry":{"type":"Point","coordinates":[127.065172051292,37.6152364672172]},"properties":{"bizesId":"MA0101202406A0382949","bizesNm":"레벨업PC방석계점","indsLclsCd":"R1","indsLclsNm":"예술·스포츠","indsMclsNm":"유원지·오락","indsSclsNm":"PC방","adongCd":"11350560","adongNm":"월계1동","lnoCd":"1135010200100460001","lnoAdr":"서울특별시 노원구 월계동 46-1","rdnmAdr":"서울특별시 노원구 화랑로 337","bldMngNo":"1135010200100460001019621","flrNo":"지"}},{"type":"Feature","id":"sbiz.MA0101202410A0707349","geometry":{"type":"Point","coordinates":[127.065172051292,37.6152364672172]},"properties":{"bizesId":"MA0101202410A0707349","bizesNm":"성모나무정신건강의학과의원","indsLclsCd":"Q1","indsLclsNm":"보건의료","indsMclsNm":"의원","indsSclsNm":"신경/정신과 의원","adongCd":"11350560","adongNm":"월계1동","lnoCd":"1135010200100460001","lnoAdr":"서울특별시 노원구 월계동 46-1","rdnmAdr":"서울특별시 노원구 화랑로 337","bldMngNo":"1135010200100460001019621","bldNm":"외","flrNo":"3"}},{"type":"Feature","id":"sbiz.MA0101202406A0117698","geometry":{"type":"Point","coordinates":[127.065172051292,37.6152364672172]},"properties":{"bizesId":"MA0101202406A0117698","bizesNm":"아티유헤어석계점","indsLclsCd":"S2","indsLclsNm":"수리·개인","indsMclsNm":"이용·미용","indsSclsNm":"미용실","adongCd":"11350560","adongNm":"월계1동","lnoCd":"1135010200100460001","lnoAdr":"서울특별시 노원구 월계동 46-1","rdnmAdr":"서울특별시 노원구 화랑로 337","bldMngNo":"1135010200100460001019621"}},{"type":"Feature","id":"sbiz.MA0101202306A0110798","geometry":{"type":"Point","coordinates":[127.065172051292,37.6152364672172]},"properties":{"bizesId":"MA0101202306A0110798","bizesNm":"1번출구새싹약국","indsLclsCd":"G2","indsLclsNm":"소매","indsMclsNm":"의약·화장품 소매","indsSclsNm":"약국","adongCd":"11350560","adongNm":"월계1동","lnoCd":"1135010200100460001","lnoAdr":"서울특별시 노원구 월계동 46-1","rdnmAdr":"서울특별시 노원구 화랑로 337","bldMngNo":"1135010200100460001019621"}},{"type":"Feature","id":"sbiz.MA0101202308A0051217","geometry":{"type":"Point","coordinates":[127.065172051292,37.6152364672172]},"properties":{"bizesId":"MA0101202308A0051217","bizesNm":"석계이화약국","indsLclsCd":"G2","indsLclsNm":"소매","indsMclsNm":"의약·화장품 소매","indsSclsNm":"약국","adongCd":"11350560","adongNm":"월계1동","lnoCd":"1135010200100460001","lnoAdr":"서울특별시 노원구 월계동 46-1","rdnmAdr":"서울특별시 노원구 화랑로 337","bldMngNo":"1135010200100460001019621","bldNm":"인현빌딩"}},{"type":"Feature","id":"sbiz.MA0101202504A0111712","geometry":{"type":"Point","coordinates":[127.065172051292,37.6152364672172]},"properties":{"bizesId":"MA0101202504A0111712","bizesNm":"메가엠지씨커피석계역점","indsLclsCd":"I2","indsLclsNm":"음식","indsMclsNm":"비알코올 ","indsSclsNm":"카페","adongCd":"11350560","adongNm":"월계1동","lnoCd":"1135010200100460001","lnoAdr":"서울특별시 노원구 월계동 46-1","rdnmAdr":"서울특별시 노원구 화랑로 337","bldMngNo":"1135010200100460001019621","flrNo":"1"}},{"type":"Feature","id":"sbiz.MA0101202410A0283128","geometry":{"type":"Point","coordinates":[127.065172051292,37.6152364672172]},"properties":{"bizesId":"MA0101202410A0283128","bizesNm":"평화내과","indsLclsCd":"Q1","indsLclsNm":"보건의료","indsMclsNm":"의원","indsSclsNm":"내과/소아과 의원","adongCd":"11350560","adongNm":"월계1동","lnoCd":"1135010200100460001","lnoAdr":"서울특별시 노원구 월계동 46-1","rdnmAdr":"서울특별시 노원구 화랑로 337","bldMngNo":"1135010200100460001019621","bldNm":"월계동인현빌딩"}},{"type":"Feature","id":"sbiz.MA0101202410A0343716","geometry":{"type":"Point","coordinates":[127.065172051292,37.6152364672172]},"properties":{"bizesId":"MA0101202410A0343716","bizesNm":"조아한의원","indsLclsCd":"Q1","indsLclsNm":"보건의료","indsMclsNm":"의원","indsSclsNm":"한의원","adongCd":"11350560","adongNm":"월계1동","lnoCd":"1135010200100460001","lnoAdr":"서울특별시 노원구 월계동 46-1","rdnmAdr":"서울특별시 노원구 화랑로 337","bldMngNo":"1135010200100460001019621","bldNm":"인현빌딩"}},{"type":"Feature","id":"sbiz.MA0101202412A0071687","geometry":{"type":"Point","coordinates":[127.065172051292,37.6152364672172]},"properties":{"bizesId":"MA0101202412A0071687","bizesNm":"달리자맥주석계역점","indsLclsCd":"I2","indsLclsNm":"음식","indsMclsNm":"주점","indsSclsNm":"생맥주 전문","adongCd":"11350560","adongNm":"월계1동","lnoCd":"1135010200100460001","lnoAdr":"서울특별시 노원구 월계동 46-1","rdnmAdr":"서울특별시 노원구 화랑로 337","bldMngNo":"1135010200100460001019621","flrNo":"지"}},{"type":"Feature","id":"sbiz.MA0101202411A0072169","geometry":{"type":"Point","coordinates":[127.065172051292,37.6152364672172]},"properties":{"bizesId":"MA0101202411A0072169","bizesNm":"틈새라면석계점","indsLclsCd":"I2","indsLclsNm":"음식","indsMclsNm":"기타 간이","indsSclsNm":"김밥/만두/분식","adongCd":"11350560","adongNm":"월계1동","lnoCd":"1135010200100460001","lnoAdr":"서울특별시 노원구 월계동 46-1","rdnmAdr":"서울특별시 노원구 화랑로 337","bldMngNo":"1135010200100460001019621","flrNo":"1"}},{"type":"Feature","id":"sbiz.MA0101202410A0314646","geometry":{"type":"Point","coordinates":[127.065172051292,37.6152364672172]},"properties":{"bizesId":"MA0101202410A0314646","bizesNm":"서울리더스치과의원","indsLclsCd":"Q1","indsLclsNm":"보건의료","indsMclsNm":"의원","indsSclsNm":"치과의원","adongCd":"11350560","adongNm":"월계1동","lnoCd":"1135010200100460001","lnoAdr":"서울특별시 노원구 월계동 46-1","rdnmAdr":"서울특별시 노원구 화랑로 337","bldMngNo":"1135010200100460001019621","bldNm":"인현빌딩","flrNo":"2"}},{"type":"Feature","id":"sbiz.MA0101202410A0296695","geometry":{"type":"Point","coordinates":[127.065172051292,37.6152364672172]},"properties":{"bizesId":"MA0101202410A0296695","bizesNm":"우리들이비인후과","indsLclsCd":"Q1","indsLclsNm":"보건의료","indsMclsNm":"의원","indsSclsNm":"이비인후과 의원","adongCd":"11350560","adongNm":"월계1동","lnoCd":"1135010200100460001","lnoAdr":"서울특별시 노원구 월계동 46-1","rdnmAdr":"서울특별시 노원구 화랑로 337","bldMngNo":"1135010200100460001019621","flrNo":"2"}},{"type":"Feature","id":"sbiz.MA0101202406A0279097","geometry":{"type":"Point","coordinates":[127.065534384873,37.6151101281862]},"properties":{"bizesId":"MA0101202406A0279097","bizesNm":"각자의연유체형교정센터","indsLclsCd":"S2","indsLclsNm":"수리·개인","indsMclsNm":"욕탕·신체관리","indsSclsNm":"체형/비만 관리","adongCd":"11350560","adongNm":"월계1동","lnoCd":"1135010200100360005","lnoAdr":"서울특별시 노원구 월계동 36-5","rdnmAdr":"서울특별시 노원구 화랑로 337-4","bldMngNo":"1135010200100360005000001","bldNm":"노원구청년가게"}},{"type":"Feature","id":"sbiz.MA0101202406A0520390","geometry":{"type":"Point","coordinates":[127.065534384873,37.6151101281862]},"properties":{"bizesId":"MA0101202406A0520390","bizesNm":"땡땡섬","indsLclsCd":"G2","indsLclsNm":"소매","indsMclsNm":"중고 상품 소매","indsSclsNm":"중고 상품 소매업","adongCd":"11350560","adongNm":"월계1동","lnoCd":"1135010200100360005","lnoAdr":"서울특별시 노원구 월계동 36-5","rdnmAdr":"서울특별시 노원구 화랑로 337-4","bldMngNo":"1135010200100360005000001","bldNm":"땡땡섬","flrNo":"1"}},{"type":"Feature","id":"sbiz.MA0101202604A0044270","geometry":{"type":"Point","coordinates":[127.065534384873,37.6151101281862]},"properties":{"bizesId":"MA0101202604A0044270","bizesNm":"네이브네일","indsLclsCd":"S2","indsLclsNm":"수리·개인","indsMclsNm":"이용·미용","indsSclsNm":"네일숍","adongCd":"11350560","adongNm":"월계1동","lnoCd":"1135010200100360005","lnoAdr":"서울특별시 노원구 월계동 36-5","rdnmAdr":"서울특별시 노원구 화랑로 337-4","bldMngNo":"1135010200100360005000001","bldNm":"노원구청년가게","flrNo":"1"}},{"type":"Feature","id":"sbiz.MA0101202406A0015162","geometry":{"type":"Point","coordinates":[127.065647814857,37.615299272693]},"properties":{"bizesId":"MA0101202406A0015162","bizesNm":"빈이스낵","indsLclsCd":"I2","indsLclsNm":"음식","indsMclsNm":"기타 간이","indsSclsNm":"그 외 기타 간이 음식점","adongCd":"11350560","adongNm":"월계1동","lnoCd":"1135010200100360004","lnoAdr":"서울특별시 노원구 월계동 36-4","rdnmAdr":"서울특별시 노원구 화랑로 341","bldMngNo":"1135010200100360004019615","bldNm":"석계역"}},{"type":"Feature","id":"sbiz.MA0106202209A0056520","geometry":{"type":"Point","coordinates":[127.065647814857,37.615299272693]},"properties":{"bizesId":"MA0106202209A0056520","bizesNm":"코레일유통석계역","indsLclsCd":"G2","indsLclsNm":"소매","indsMclsNm":"종합 소매","indsSclsNm":"슈퍼마켓","adongCd":"11350560","adongNm":"월계1동","lnoCd":"1135010200100360004","lnoAdr":"서울특별시 노원구 월계동 36-4","rdnmAdr":"서울특별시 노원구 화랑로 341","bldMngNo":"1135010200100360004019615"}},{"type":"Feature","id":"sbiz.MA0101202502A0081038","geometry":{"type":"Point","coordinates":[127.065647814857,37.615299272693]},"properties":{"bizesId":"MA0101202502A0081038","bizesNm":"챠밍","indsLclsCd":"G2","indsLclsNm":"소매","indsMclsNm":"섬유·의복·신발 소매","indsSclsNm":"기타 의류 소매업","adongCd":"11350560","adongNm":"월계1동","lnoCd":"1135010200100360004","lnoAdr":"서울특별시 노원구 월계동 36-4","rdnmAdr":"서울특별시 노원구 화랑로 341","bldMngNo":"1135010200100360004019615","bldNm":"석계역"}}]}